section_type,valid,d,b,t_f,t_w,r,n_r,A,ksx,ksy,Ixx,Iyy,Ixy,elastic_modulus,poissons_ratio,yield_strength,n,mxx,myy,vx,vy,mzz,utilization
i_section,True,137.7656003757808,116.21887098183991,9.613608379865054,18.67007004963032,12.51988660548654,8,4586.36100191193,0.523805431983462,0.4939691733495219,12225434.321211012,2600844.201963903,-2.3547513985339505e-08,51840.0,0.1492991999999999,1245.0900000000004,1464997.6208455982,-155236001.27881572,-9535544.590946162,-328968.16245007294,-401440.589393066,3293465.4508286477,1.1303084656448066
i_section,True,293.81501312548596,76.13955624394099,14.967101119210623,21.234865252839192,6.536572432237992,8,7920.451014337417,0.3208699757307166,0.715586645349085,77506501.92506647,1317235.456113955,-8.7890625e-08,100000.0,0.288,1050.0,766282.6630667886,-218797585.09134063,25662511.632230736,-575579.1552013314,-1065589.2528539405,-3026881.54906844,1.193884139605215
i_section,True,231.13842886374903,121.03065375889764,22.68097663238131,19.022509540969132,10.967357525129213,8,9130.536781026676,0.5579854071527713,0.4453024921064753,70912540.08048984,6824265.728671624,5.154079861111111e-07,144000.0,0.20736,1617.0000000000002,-6013545.590991798,285148329.61864245,-48863506.62573588,1133333.2382158043,-1775774.6065319565,-1072746.0970538133,0.9626767600317834
i_section,True,395.437967406385,149.7059042033191,8.558277174356746,24.062618811549783,17.59166019569914,8,11939.640359225908,0.2813394122034582,0.7271036690736349,213868009.16567332,5298583.98146544,3.995941767209128e-07,34214.4,0.1074954239999999,1307.3445000000004,-3823101.0370576056,417441145.4459179,-31512027.847205687,1521980.3378791069,-1475171.6114409952,2619598.8776676245,1.1791562173374368
i_section,True,395.1620415708589,73.54125535764828,28.17693384915855,20.073407307949484,7.373886637149446,8,10993.473883120096,0.3948068130417488,0.6640510896801424,206223440.31111276,2102890.551825547,-1.5698342656893005e-08,31104.0,0.0895795199999999,871.5630000000002,-8382048.393136568,-93312328.64864977,-729012.3304727847,-139766.0965689507,1282804.3426401555,-5929132.564011784,1.1232717066570976
i_section,True,285.146117916775,223.47868352921375,14.186404663449707,25.05614628538532,9.803294164627763,8,12859.492042908632,0.461527058157153,0.483549832156352,153191843.40170452,26744817.97503531,-4.069010416666667e-07,86400.0,0.1244159999999999,1778.7000000000005,9203391.979438601,-316212895.1897495,-85118037.59798586,32343.097042427875,-2611722.2433277387,15384156.52667455,0.8313563492830223
i_section,True,304.4003652568068,154.92925348549818,22.941587376278605,26.833390002332745,14.55835146516727,8,14233.048344712171,0.4862881161572877,0.526142997976869,182706013.5212632,14689313.498211397,-7.6171875e-07,100000.0,0.36,700.0,822635.7680939412,392321127.5478816,-40815372.56699465,-710156.364220268,-1546274.4735777925,-4664569.240597538,0.9573734275681675
i_section,True,272.69555960330445,100.66785648177,28.738332444172617,9.350920726021382,15.780166441511946,8,8018.851578315115,0.641858156336296,0.3167267149935618,96641441.13846847,4918103.863882385,-1.0571274516426264e-08,46189.44,0.0993257717759999,2447.348904000001,-13868530.752037046,-332596882.2662648,-18676313.627985545,1356368.8832776267,2531996.961514262,9707450.149186473,1.1814035226885966
i_section,True,278.7129474532086,91.34074355103884,17.313054641173093,9.879247705828028,16.248038920731666,8,5807.730442970741,0.5247865234685062,0.4617303197140915,69352790.27538384,2238299.979930308,1.5416442003121638e-07,27713.664,0.0695280402431999,2202.614013600001,-5780828.696592154,-15328000.546499964,35878946.40521472,688351.7044220353,1931569.0629350995,5458033.650092268,0.8840068372721385
i_section,True,153.38194992214125,253.81325390389733,16.115426680799175,26.759602983009813,18.22865331007505,8,11716.54679284537,0.6627937395718083,0.2671819348602074,43617076.34487613,44204513.81856347,-4.376507649800473e-07,51321.600000000006,0.1418939596799999,1882.5760800000005,319618.3228248237,-753405967.3642328,-3941469.9184456975,40584.57356343657,-2695030.428712787,-3789565.3092027563,0.9605590136123074
i_section,True,356.02899340037743,141.4571753096501,17.703430019121097,27.23920790077954,9.902849184860852,8,13828.80739843254,0.3802509364983155,0.6405226848728439,220439482.52180183,8914000.627116723,1.953125e-07,120000.0,0.2304,1470.0,12372723.256099474,-112644222.08835734,-50883726.06639799,445743.86953750666,-2707059.062379413,-17970829.01174059,0.9765046952178607
i_section,True,250.63632135855937,153.9227932476275,17.78570458064776,12.787537784968372,7.539189995262141,8,8275.687546998503,0.5784139023753845,0.3589289299353188,85523926.70178947,10850962.807190748,1.761879086071044e-07,13856.832,0.0417168241459199,2422.8754149600013,-4682306.164306565,-241954083.47814083,58476045.01880464,-360813.6833210416,-2922960.8962684367,-6585032.904158764,0.9762994569991117
i_section,True,291.1730026007102,174.5947897644802,19.08262176270879,22.790286234307867,13.24236571347037,8,12584.714345658973,0.5012692028902237,0.4810542271047883,156657116.6281662,17209828.4196299,2.2199676484495157e-07,30792.960000000003,0.1418939596799999,2447.348904000001,-2471283.1859206455,1102937948.3904102,149535310.87974995,-2197017.092976569,4585782.428718188,-8189456.301730304,0.8653551544878737
i_section,True,306.13562946906836,107.75300187259066,28.06072097047357,12.761568662637918,18.704079925882574,8,9547.335235269822,0.5896734437697233,0.4005562996185108,138435140.4504203,5933453.794898606,4.0784238103496394e-08,11972.302848,0.057819518266245,2035.215348566401,4148935.781820048,178602015.85366046,-91836843.20521021,1145394.6102152723,3712200.4102893407,-12071634.15300735,1.0444182279953615
i_section,True,313.16968692599505,81.69401357850671,14.762967867619246,8.234297220491843,17.75475727880292,8,5026.586554681732,0.4836084455542487,0.5019012472969605,74697602.28225036,1376556.8003500802,-5.602230508722032e-08,21789.591183360004,0.0515171907752243,976.9033673118724,2154127.774932507,-98432847.1677684,12981044.06451916,318436.8153724763,292070.08694868535,1375939.4614626563,1.0443477566243882
i_section,True,333.62061292069177,281.8917235209518,20.500665950615986,14.42977124741,18.64097067291766,8,16087.788486504352,0.633977029843532,0.2801056321280803,320039609.8777417,76653256.11955601,1.8267162364384584e-06,34214.4,0.1289945087999999,1568.8134000000005,11268608.075860864,-383364194.5598627,-252186245.9746473,-2261021.399754445,2543404.8899395824,-28836329.89443813,1.1592513028749645
i_section,True,246.24729535229895,227.6659074853445,21.26877341400293,10.384725817500534,17.882551597511817,8,12082.735665970466,0.7039574118616521,0.204766592292448,132933440.36297438,41876412.985714436,5.383519429661524e-07,9976.91904,0.0642439091847167,1453.7252489760008,-12960367.323080929,9936489.046550961,-87132730.0537668,-1477688.8799568762,971813.8518529221,-19540624.793996345,1.1862174095131186
i_section,True,277.6857405849179,135.06147451676298,20.95291246914179,10.660427422878268,16.991331603499795,8,8428.796807546121,0.6101242587585314,0.3435816176858168,108437790.8727648,8651917.173757661,3.249293695058778e-07,21789.591183360004,0.1159136792442548,2198.032576451713,-8317402.800812409,-181691117.71304435,70340656.26012065,-1446840.6923784912,1546583.3446738261,16250223.430544315,0.9342237904336455
i_section,True,331.815285345908,229.6405278812426,28.682619681817023,8.366610158084486,19.87785077571959,8,15819.173711573676,0.7229149746821676,0.1764753121878169,324100951.65449405,57936353.208585456,6.274498169768675e-08,15563.993702400005,0.0572413230835826,1221.1292091398404,-1837796.330685765,202894290.263166,3731321.582492313,1116753.7830057382,1905077.0371010948,-9070719.327127637,1.135764559038171
i_section,True,160.61642092893123,178.77716043413602,29.352393212803623,27.736968623350972,18.228403006447564,8,13615.760536512193,0.7238866993107077,0.291480799182629,49055941.98704058,28233302.391989164,-4.894108572419567e-07,11972.302848,0.0520375664396205,1017.6076742832004,1870663.9435462097,359795531.72477347,-30419355.917064022,456593.0715162358,-415725.32449811633,-844115.3396628347,0.8084763393658709
i_section,True,173.1107365365654,234.1087174435079,12.37181259867297,13.428749486337708,8.938828750517235,8,7855.773566133107,0.6444808256740828,0.2453009071786717,41513400.0258024,26492212.061581083,3.314929295101793e-07,18412.204549939204,0.2347252004696161,1230.898242812959,2788487.026340313,-259416197.94637644,-25351864.878729787,330871.18075944384,1083943.5448468616,-3064953.8375004483,1.1796775609730594
i_section,True,324.2133842510566,195.84767329564116,16.736197302659562,9.37933555812596,13.879075789838115,8,9452.86788986065,0.6081952653222527,0.3094698076688413,177752744.9098655,20985420.833038412,-4.826537053668211e-07,28326.468538368004,0.1738705188663823,1099.0162882258564,7848092.913438714,-87556041.23890592,6023138.415064501,719598.5419000399,1553728.2356193988,-487335.2569953952,1.1889711588274623
i_section,True,190.20852171521392,60.51895795199967,15.663970714619133,11.746831923256444,17.06371651312494,8,4019.878330480907,0.4781954629179817,0.5359979690822883,19878494.9543709,627454.0855251347,-3.5911734030269436e-08,11047.322729963522,0.2581977205165778,1550.9317859443288,-2745641.07084114,-141351013.0727447,-3104594.3735984075,-521543.7111307255,71497.87421718518,579513.7470211155,1.0492870112847128
i_section,True,333.928656627941,237.76092140934696,23.225261067538607,24.407451336192405,9.525789055302225,8,18141.00640833876,0.5424108377572071,0.4023704329591857,316969321.55006397,52392422.611115254,1.1158567545116613e-06,8314.0992,0.0584035538042879,1453.7252489760008,-15163176.153835783,-1253042779.2819905,-104478773.04227458,-1202253.7704240074,329539.0162397712,-29662975.806794934,1.1921999156023788
i_section,True,274.5472971955197,95.2957902747416,8.800379182340967,24.396708299109456,13.116172767338243,8,8098.127594626608,0.3315349527796511,0.7467137937914903,66510311.50129776,1616312.272180569,6.629858590203587e-08,22094.645459927044,0.2581977205165778,1723.257539938143,5523191.503612674,197175643.64112386,23375229.13343584,-881604.451252414,-628353.8560133621,733573.1701281301,1.0319925786021764
i_section,True,145.86565876749978,292.44592822366025,20.188288594948204,21.659665249607613,8.088576720119923,8,14150.705804695326,0.7242690473789684,0.1613579987680642,49296103.617643625,84254742.87121797,-4.4817844069776246e-08,21789.591183360004,0.0772757861628365,1465.355050967809,4588266.976326958,-507280326.7427361,-4519130.946503482,799082.2504139243,-1092180.5315214477,3612993.6618761946,0.826496442520425
i_section,True,138.58960131550043,100.7579693382698,23.78805596236935,29.565395977265737,17.665254103028126,8,7760.604986433528,0.6927362510050358,0.4861382574193336,18356346.143805884,4352357.126855293,7.980385340059874e-08,9942.59045696717,0.1549186323099466,1085.65225016103,-3932966.8407568885,-58401134.46233538,23217921.511577845,-642130.1879627671,884432.574221166,-2333208.3857707623,0.9174199115767048
i_section,True,320.5604527804952,152.729467917852,14.656258265383851,11.98780936053456,17.896370226579506,8,8251.663782831809,0.5123210145203944,0.4478496598674651,135174951.49654788,8776352.298324406,1.2755860683412386e-07,7655.79465186472,0.1084430426169626,1693.6175102512068,-6109504.275848389,180523500.15286204,74812005.9028519,-1397013.6651900185,428386.6464552213,-7956221.625744306,0.9551614716958287
i_section,True,280.6105724124999,75.77771321618583,15.779439291131954,25.485630830292184,17.65882063714096,8,9014.580828863429,0.475296270161185,0.7211826792610244,78798995.0580109,1568648.9999175842,2.0442084428545493e-08,8957.279742681723,0.0585592430131598,609.7023036904344,867140.5178563152,-99466340.00307389,14458408.338093057,350358.52810991334,-453532.9598039033,3783648.828165824,1.0211558969504249
i_section,True,137.6869836121515,287.76992347342946,13.625493734488956,24.416136035606904,17.23038090107123,8,10801.09200660174,0.6762363091779295,0.2149625961703179,33730493.33383954,54322641.14098308,2.8210076511392777e-07,9952.533047424136,0.0975987383552664,1016.170506150724,-1867642.9942775809,-376370576.23550135,1269885.653182604,161247.4183409719,-433148.37185416825,-10128722.848360475,1.0151227129341158
i_section,True,333.26787638619135,250.1240278589752,22.534079559938434,22.612240896010647,9.27732122881734,8,17865.61648555294,0.5552714723355567,0.3773454042720983,319227881.8666671,59061513.97342162,2.0685158801435193e-07,14163.234269184002,0.2608057782995735,1538.622803516199,1753494.736030891,93870312.66226853,-38758531.152497485,2578773.560640186,260127.3089986795,26092895.20079262,0.8429010466376481
i_section,True,109.6951491424914,161.1411044842802,11.665402741547016,14.98226993700602,13.176292648012309,8,5207.0837903312595,0.6760717170137981,0.2615081525984719,10128083.690373266,8177289.794433954,-3.766257051744492e-08,10533.760977393706,0.0623480260361112,354.91990502427575,-127490.57705975599,21402321.89882659,5145487.92152902,-75131.64473761168,-159865.09702917718,-844544.9853481026,0.8780257287150552
i_section,True,225.4132062019302,169.77679411428116,29.415593254126794,21.907570374279175,8.10005529791309,8,13695.62397270954,0.6441497085297322,0.3236106384983671,105468592.40762326,24147325.123989616,-2.0090480576374506e-07,10936.849502663888,0.1084430426169626,1302.782700193236,-3956181.773882676,-740915866.6151255,-31020580.913939547,476513.349090318,-2509873.6267116047,-5527903.685010107,1.1484134075974197
i_section,True,349.7397559887423,126.0209829337965,28.210080518261027,19.684059589677815,6.732195927240129,8,12923.94163293949,0.5001851511812924,0.4956026418195521,226475483.65547016,9601507.784586992,-5.840595551012997e-07,12540.191639754412,0.0532889111419754,256.07496754998243,901867.2914460606,-93454106.33905457,19929021.18536763,-157037.3754595078,-321380.7335422136,-3231497.7133489577,1.0652118578167902
i_section,True,342.9050341909234,160.18633248293077,18.6731120973128,12.540077454972655,14.918262933297768,8,10010.981398476606,0.5403717387211263,0.4113101193043551,191607950.22324023,12862346.102981098,7.13850567346033e-07,15048.229967705294,0.0415653506907408,394.355450026973,38926.030299341845,-232976777.66148803,-7761615.501148859,120757.76844341005,-205314.3393931986,4798951.63098489,0.9399256538660805
i_section,True,376.05932415711374,146.76301914179237,21.538674908126097,18.401877500471446,19.393196460799576,8,12782.39021388059,0.4812026504703718,0.5143573584322269,264256349.0165089,11587227.386102851,3.270733508567279e-07,8957.279742681723,0.0761270159171078,365.8213822142606,888316.590030723,-80675849.38834849,47029714.21524086,608373.0582444321,-748595.4663494007,-2254142.1181477504,1.161063075018784
i_section,True,322.26836141403794,125.5837979069978,21.64520380631346,13.026888708379737,14.692207145986664,8,9261.762235142509,0.5373526275291031,0.435139078814959,150155751.92101705,7216641.500552185,9.657069363447417e-08,6320.256586436223,0.0872872364505557,390.41189552670335,664311.5294387086,-113686438.41028412,-19238510.55947253,-224829.9402473685,-305221.5760801874,-575334.7141524649,0.9249830475539581
i_section,True,377.55617596179906,80.83919211698746,23.10400953914542,21.185733088322618,10.026853510289058,8,10844.219022820218,0.3797527433085151,0.6785983900257592,184093943.3727211,2311880.6818109336,-3.540925433264053e-07,3792.1539518617337,0.1178377692082503,234.247137316022,92971.65855880248,-942373.7364105894,10670750.597920291,-272.93229731005187,34439.22390126021,268193.884201277,0.8371586410089878
i_section,True,269.3927438853357,225.3366821048195,11.055748258050697,9.961350508802155,15.362173092044028,8,7654.574056351233,0.5848140622589519,0.3270155357101864,98749375.4674436,21120224.821931586,-3.832170382320404e-07,6370.818639127712,0.0777729276774452,491.9189883636462,-2406577.5907166237,89805201.576009,-4234278.845634186,-142428.639653993,217732.2392388968,1911009.2612496426,1.0644104807766461
i_section,True,218.59954625700095,257.07162302011346,9.753343219738046,17.435320696822203,11.109972750263438,8,8595.06410001607,0.5287312180507671,0.3629384194735969,67214504.77113421,27718499.17769218,5.661160792064233e-07,8409.48060364858,0.080883844784543,172.17164592727616,-522455.3445633209,59699886.97335049,1467638.1473629195,-50709.742674877685,-170450.76376352194,177706.53502504344,1.0445193517992615
i_section,True,193.54982260226768,189.63873925205857,13.189856292564444,16.421107003840227,9.9973842738244,8,7836.158116403831,0.5763090408667343,0.3514358993862771,47733764.02254836,15064098.536819672,1.935439587030507e-07,7568.532543283723,0.0970606137414516,172.17164592727616,361521.19990682736,-20277842.051779997,3460467.9328098297,-69685.37481602933,-46748.594686708726,1255926.5313948332,0.9441563281328867
i_section,True,269.5826535926244,283.84465115540473,29.731120597563375,25.04738032145449,9.339129130152376,8,22218.168539355363,0.6598915909041421,0.2617314288685156,264167853.5680734,113610817.129347,-3.893730367341998e-07,12540.191639754412,0.0692755844845681,281.6824643049807,-593728.9756705307,-362355193.0339292,24695095.440123945,-376862.5355269139,161103.63997150568,-7216639.136717345,0.9600894379195296
i_section,True,140.26104413498547,82.31161098263243,22.93161305882141,18.89922704486971,14.924962252152708,8,5756.194268924785,0.6661322722318203,0.4392724022341199,14862093.931501294,2218676.081924829,6.384262526663132e-08,2270.559762985117,0.1249170098852482,108.46813693418396,66635.85951256317,15600830.791170454,-435659.4119834604,4793.670395558295,-9376.61364845671,371801.82283064275,0.8599663840732684
i_section,True,193.32466943069613,277.9541009737991,12.570981090645844,18.44859037641636,15.780911628152303,8,10311.370279650298,0.6170986526822476,0.2796705458775842,65915712.20361077,45118437.37768652,-6.793392950477079e-07,7007.900503040484,0.1011048059806787,344.3432918545523,1188528.17043558,-71895382.50792277,11310042.618681379,334500.1036533755,215434.90406152682,-2121514.6036065132,1.0563381847618718
i_section,True,275.98736179165235,186.6492306128167,26.958382446388377,13.3043782080472,8.525257860443986,8,13082.33441277715,0.6594096231842478,0.2627711317265587,169540265.7114785,29264532.137039214,5.79424161806845e-07,3792.1539518617337,0.1309308546758336,468.494274632044,-2081749.7655978235,-216200965.29802746,41477085.70362844,394061.9210188597,-285186.55890195083,-3927102.019018081,0.9976649130317231
i_section,True,265.21169789063174,127.17571543602564,26.451761751681495,26.603708966890224,17.216684627069466,8,12638.468054751938,0.5473333869372774,0.5168025475402052,120237314.93635105,9481892.223351965,2.688110537542371e-07,4541.119525970234,0.1067666751155968,154.95448133454855,737405.7689878993,-31885577.284463655,4545113.831154098,28155.098790478824,-107942.46479578211,-1057620.9991157572,0.8002136107398368
i_section,True,379.8823950515583,101.56241463867798,16.19950372170586,15.063411182146895,13.109731916993663,8,8676.85679271142,0.3739636382295602,0.6209653862830999,165979575.84610552,2945221.4853685135,3.192131263331565e-07,1816.4478103880936,0.1623921128508227,108.46813693418396,384723.1265253007,17343327.27337485,2716984.971150487,14286.781745556096,44293.514658201355,-356239.7234538473,1.023786648171516
i_section,True,190.69537867642453,298.370691929954,19.979189597381488,24.039108172781532,13.263755633442088,8,15701.636308935467,0.6746020783514154,0.2289132621238728,94940210.88067272,88660165.23393852,-5.058464904662933e-07,5309.015532606427,0.1296215461290753,351.370705974033,1841980.9908764088,37953354.131592974,-18862417.036045082,63937.14944669073,554837.0483556321,1936212.0620691304,1.0062552039038972
i_section,True,389.8375426097107,169.5770235792148,11.530756799588998,29.78515682323212,6.793439048366723,8,14876.01432327535,0.2967398348248607,0.7017932281922845,263782242.54586467,10190213.87879696,2.258012851535591e-06,2270.559762985117,0.1387966776502758,108.46813693418396,-563132.0242420541,-50500875.30781789,-3026510.993616696,111378.79390079994,115872.64826343372,318168.5075840494,1.1037892689012325
i_section,True,160.4344436522175,286.0957471964688,24.36409905004555,9.918267198794371,10.449547794305772,8,15145.46648280667,0.7809785028286023,0.0949851903716778,66647921.11471046,95104341.99495454,3.4462955609517565e-07,2125.24393815407,0.0584611606262961,126.90772021299526,539581.2781482702,-64172766.99731146,-4821672.541459908,-4755.8939241087155,-6992.611742468464,2303896.5126166614,0.9740852750869482
i_section,True,372.32819120556223,155.1603489620471,9.274658763482506,8.791472137418733,6.278854241803893,8,6023.234386409342,0.418390046703088,0.5132565436264838,128373782.33989184,5795428.892441594,2.83226130913195e-07,2370.4970886170495,0.0257813718361966,256.98813343131536,-904495.8501489712,65226223.525461674,-1450610.113774748,28963.393525239073,-25471.42481184765,-46131.30157401792,1.027971301327723
i_section,True,161.49906322782175,276.41297129763393,21.09741222509794,27.193483335136385,19.200413237590265,8,15233.647028326774,0.7057084066215531,0.2245839972507513,62760093.07600456,74569407.0135067,1.0827111887323436e-06,1634.8030293492843,0.0811960564254113,65.08088216051038,258518.90769121767,-22559972.244180016,1335817.4665065636,-52089.25367077932,-45141.23531254097,583559.7069927915,0.8526212132389975
i_section,True,376.7030509805237,171.3271652287968,21.974502250151623,27.2103955899132,16.33149567414994,8,16819.994635722353,0.4486426323511345,0.5627729842841221,326962928.7586526,19049986.49665104,-1.232050663040253e-06,1634.8030293492843,0.0974352677104936,84.6051468086635,647107.7948106448,36431641.5808739,-8732138.672399823,31216.926361744223,-17030.03403454396,418497.6978576029,1.1669079675970773
i_section,True,201.2640813330555,63.945559024070135,25.741841517143207,22.676390278742808,13.10309839064818,8,6840.528042592392,0.589236035298787,0.6143815621628217,32674172.541377667,1299480.1981830068,5.06612397466784e-08,1280.068427853207,0.0324845285136077,701.5776042674909,480422.1033626931,-110266171.10049358,-13557670.497839669,17441.026405394572,378376.343700597,2362784.0111967013,1.0596632021815875
i_section,True,114.70999442916003,119.71150796930073,10.181997756320554,8.85281774677353,7.41105772918845,8,3321.623990185196,0.6518919918835955,0.2723943539423917,7400165.583363278,2918687.3283841694,1.8011429774190767e-08,1164.862269346418,0.012993811405443,420.9465625604945,264208.218825051,-30046782.53105379,-2498068.438740064,-5275.794601317443,-90390.79982373552,-285400.5839620092,0.8640296155397643
i_section,True,190.4156757793108,290.8617866770086,8.974655091352513,19.709231806876645,17.32967585038037,8,8885.641125673552,0.5543629323629251,0.3235525865667017,53230836.10714845,36970279.72139906,-4.2913050138362874e-07,2133.4473797553446,0.0232032346525769,467.71840284499393,228238.520824047,30914615.40037004,1750596.5859428234,-527232.2883955237,-275928.32133326714,4731994.2413385315,1.1698352358312047
i_section,True,319.665931806756,230.51059252502924,29.846350931866223,11.012379474190654,17.08631035454183,8,16881.007047632578,0.7049317514966115,0.2038697193882221,310195602.77641445,60981953.651154466,-2.209163821122921e-07,1657.6902717601745,0.0409228124384073,285.5423704792393,1033496.9074321404,-162803005.42830026,6947139.949527953,-410494.9668143731,-476272.6574189603,2838190.399287767,1.123503772766546
i_section,True,238.36422158351823,154.4434352984207,8.048717243596515,23.87444954722535,11.150692135250043,8,7902.64290841895,0.3548483466594312,0.6363044419292938,56126908.48467992,5217398.025189481,-9.169455157769845e-08,1664.0889562091688,0.0162422642568038,841.893125120989,3426265.8042128636,92536388.08857773,-19415377.85708516,448380.8999689986,-608702.3363833837,-7469417.938914178,1.0900972187116793
i_section,True,242.06052137296484,181.85277724685977,14.166558063218028,27.242269662159995,7.851185247460064,8,11029.409780241816,0.4572121529877112,0.5178666210380304,89751189.18370889,14572655.847059287,1.8409698509357674e-07,2154.997353288227,0.0368305311945665,256.98813343131536,-1349786.4557805015,89631950.87714198,7054945.924232044,-60347.767107122025,-215921.5389125898,-2269180.30312661,1.117939681648391
i_section,True,263.41872095391955,222.5277526062424,23.422467664340417,10.355776482966832,16.49622544709129,8,12907.839169199113,0.703466541708991,0.2047361846481302,161981315.88434651,43058092.893119216,-5.149566016603545e-07,2370.4970886170495,0.0257813718361966,359.7833868038415,1736361.3163179103,-43462937.5952653,-8585775.880112927,-110612.60616376867,412294.2240354059,468946.45447292534,0.9425995772554715
i_section,True,159.89614076877092,254.64144802896072,29.792319201490457,29.63824275698176,17.541323964999822,8,18417.997854031382,0.7457890923363709,0.2091042327321446,68405704.59822826,82303220.69235289,1.196630403108249e-07,1275.146362892442,0.0818456248768146,190.36158031949287,-1038132.6591634522,43217787.0955064,-18970903.77868976,-464474.6432762119,-53012.16226979477,-4598518.545108991,0.899267628785817
i_section,True,182.8382151483338,130.7171617969363,22.280585034101406,13.469655163351986,11.136678680430649,8,7797.180109695873,0.6648973976200766,0.2966192184015295,41235702.49543167,8332272.078064139,-1.4232903346608524e-07,308.22255646906217,0.0104351740139744,52.372487527526474,21663.971103375607,19562255.117220353,2003764.8202123719,42275.988293263115,-297.1189598917205,-104676.59331648693,1.181275657174517
i_section,True,137.22784328471013,178.69377661999062,27.232021330577336,26.143974337058076,19.155574303474296,8,12220.790996537851,0.7501953450345581,0.2606878023502304,31724235.680786997,26123790.580852788,0.0,733.8632296882433,0.0130439675174681,54.55467450784008,-186504.0358099539,-13498605.120607194,-729371.244412889,-35914.49324765764,-54056.48872185003,112616.23357792074,0.8717398392113502
i_section,True,107.18957344592042,279.43972223598485,19.47995474752922,13.193463438593028,19.879635571526727,8,12136.76796178827,0.7940670688958118,0.1001477950349181,21943075.101620395,70905154.17306145,2.120826363021597e-07,611.5526914068695,0.0118581522886073,90.9244575130668,383864.5050390494,-11242505.703781024,1281745.1838949875,-48455.99070885137,55476.60549171005,-469972.6029283463,1.1601838702613363
i_section,True,234.27995354667428,230.88521375051377,24.96146220773003,13.745906632289746,14.883329509443996,8,14256.594109102729,0.703782983919941,0.2109504227311375,135578436.1696696,51266540.67914037,0.0,436.8233510049068,0.0131757247651192,151.540762521778,142992.51940869394,-117947215.07320128,-15271850.227428313,-158777.95860227576,65130.037543737766,2205019.7923900015,0.9657636058066077
i_section,True,381.38631415539504,162.72591382703143,25.213302047189636,14.131530171521518,16.445092414035436,8,13121.943443204878,0.5624714562913902,0.3951330778622237,309629323.0814625,18215294.92330779,-1.7028988150143998e-06,582.431134673209,0.0077962868432658,420.9465625604945,-3535911.459333541,7400385.870402948,-5747895.181712175,-78825.35012342737,-157079.09621059074,6414030.075329312,0.8628134348207278
i_section,True,233.27512474910424,280.1642168989697,10.082242200262158,16.010967513689824,19.459179308910443,8,9396.477343408367,0.5617690930806754,0.3403728369760549,86816296.83164673,37081938.43783687,-6.029546568239955e-07,240.41359404586848,0.0114786914153719,37.70819101981906,-116568.91784060033,-7315916.597842939,1396258.4628802026,-18271.878397383167,-45299.05667646351,64498.662581726036,0.8427238009554597
i_section,True,252.31982664770615,121.20078906675742,22.228864391122105,14.772400460732996,19.5153688011523,8,8795.874254359229,0.5905742790974153,0.4104226923127774,85934552.99457079,6703806.269409397,1.0818564416698485e-07,158.6729720702732,0.0123969867286016,26.39573371387334,-109720.22511519116,660645.0474529938,-71435.95049643409,1155.8885391126903,-36239.13517913716,54475.82504499875,0.93047087722262
i_section,True,336.06786025998053,155.34622273565316,27.843930685461903,9.177149810606512,6.137558987574941,8,11257.314752699387,0.6516800952703374,0.2631736463932785,223520610.33990675,17416581.067960143,1.0313698077252557e-06,144.24815642752108,0.0103308222738347,18.85409550990953,97891.08187513104,578614.4545069641,1398994.6670183567,7945.8180118362125,28941.792507914597,-48902.22659007706,1.1907504653488576
i_section,True,355.3519498120651,92.50502774096655,26.17653704044089,13.495773461799688,12.24260386679952,8,9064.727823944144,0.498377031273419,0.5045462999368431,165685569.6476229,3528343.305338899,2.704641104174621e-07,190.40756648432784,0.0109093483211694,48.040235359249486,-294118.5737516171,751230.9786296501,1192343.5649216918,-43108.50141653478,48318.35870155839,236940.94868141034,1.1938913502899577
i_section,True,273.06557461328555,186.46570466694288,25.07560627827647,13.883110071763134,7.600940097405039,8,12497.33912901963,0.643066563637413,0.2814395762722007,157697301.77189735,27149155.989071347,-5.775670923261431e-07,184.93353388143728,0.0104351740139744,47.135238774773825,152129.6257134074,-18220622.46785654,1576438.0341592464,9820.863889262218,-69516.17126732491,-221745.07099176847,1.0832320798968103
i_section,True,365.05734590842707,161.43236479835474,25.880155169709877,29.480598847407837,7.811324645855814,8,17645.955505520902,0.4599393448490844,0.5557967097870078,317624363.06838787,18830060.35336115,-4.505023320143915e-07,440.317937812946,0.0130439675174681,65.46560940940809,421333.6776260047,5876285.264286358,-1113456.2125127155,-98242.9306854578,-94939.78812241151,-534360.0727022543,1.0342052211151687
i_section,True,302.07021094027493,84.95455660453884,25.218303221543273,8.446463559897296,15.734645042117128,8,6629.268511835771,0.5934479672432111,0.3806274919456308,96821491.17062852,2605067.8360410356,-2.8457924075911412e-08,201.07039020745023,0.0086402038703662,69.7313624286578,244284.18341833746,2135884.251610704,1717254.8908212439,50257.956436909386,11977.010382576422,126931.11899576617,0.977794513171245
i_section,True,158.9451437073673,143.27985181621852,13.84670707118572,20.39500350942218,6.354274607538194,8,6680.5093993742485,0.5553066687061649,0.4121411933376357,24938123.505079854,6885822.985043168,-4.695557472525383e-08,182.7912638249547,0.0072001698919718,49.80811602046987,111661.85667626775,-5801180.049999153,465376.5243557851,-4029.7496061582697,45485.49663647043,215339.59740716865,1.1653405887653394
i_section,True,340.4510941189303,240.8420585326395,29.26316503713813,20.87013139845611,8.287213642287906,8,20040.168506043265,0.6090291001286445,0.3225526232957326,382399667.9309798,68357438.2111668,-3.493125774388513e-07,873.6467020098136,0.0101351728962456,252.56793753629668,-826229.1788747319,139920805.44530722,-19601907.724823404,-298558.631446229,489753.70321890194,5669077.184266225,1.1673037407284699
i_section,True,263.28478198951143,74.14864905915049,12.951781002691352,28.70431388837109,9.824169060325644,8,8819.966045669977,0.5041514401225585,0.7635792557799279,63273002.7222945,1371664.0366465629,-2.253867586812184e-07,228.48907978119345,0.0096002265226291,51.88345418798944,-111991.92291987316,-4559511.493972624,-954851.5225921127,5013.367868309361,7432.12959451797,-170731.80822389052,0.9250135977519314
i_section,True,195.5696859274235,166.23969556000765,24.808738027214925,19.89138171228666,7.218169340669913,8,11197.680204513335,0.6495627429224679,0.3070717025546357,65940710.57493681,19097806.452781565,-1.3356252366294424e-07,285.61134972649177,0.0120002831532864,43.23621182332454,-73568.30679953465,-16391829.175526155,1798655.8858334199,9120.134575646136,21546.796507121915,-139463.0511926669,0.8952346899974033
i_section,True,209.94770110549933,77.30385419144702,27.595358876405196,12.750181685587457,10.718989178854926,8,6341.284784520728,0.6176817804658962,0.4059718121012876,40247572.39750182,2159720.319118746,-9.169775535571457e-08,301.60558531117533,0.0103682446444394,41.83881745719468,-99052.25160176684,-6460833.135466252,494893.289409024,-18592.20997362194,31853.904373779187,162019.99983188763,0.9878956932681902
i_section,True,226.39167320250775,141.32839083771967,21.221945693435348,9.39551749267316,19.274332001206304,8,8055.479983486822,0.6794993655584468,0.2652069565694609,70750848.00558487,10028814.406747578,-9.21326213283845e-09,207.0220737575908,0.0101899108365551,100.5135750591645,41702.23811180034,35909772.383527115,3191847.7632627618,89861.93448560177,-28908.163099718087,-239220.14544117628,0.8468912208826974
i_section,True,146.0115397308645,68.31156544893354,21.68079681640257,22.445496631559873,9.467445814305904,8,5345.425880971048,0.6238575917144557,0.5584872637881413,13778278.96379921,1263066.1616347358,-5.9596276034094865e-08,296.04156547335486,0.0066234420437608,70.35950254141514,35135.135185185594,7575994.899545388,1152189.6944530956,19346.191709388993,14093.83318560887,42405.82709395378,1.1067833516446308
i_section,True,121.89075890993765,289.2201796519275,10.967417089961724,23.011767608023252,10.240765854425051,8,8736.941314783555,0.6582885440471057,0.1936623555559251,21703824.272283357,44341681.00437186,3.1619915639901566e-08,241.28446824894027,0.0124418935733273,46.022699202914154,-158159.45309097832,5138207.345398447,-501341.80479911645,8986.036249269266,-12155.478814655806,-327275.34391671483,0.9493941258865778
i_section,True,366.38247569651656,196.38930913519496,27.53188443949316,24.395203844439557,13.456030279917533,8,18568.808080844192,0.5319292670591265,0.4445191700463179,376166903.44651425,35171711.878828764,1.2020627129664985e-07,126.93837765621856,0.0099175893828813,34.31445382803535,-2561.36308168678,16082243.376679014,-878689.742917942,-40083.36540103105,106629.13289526047,375385.42677925533,1.0020793934725123
i_section,True,139.17528917596223,127.37375553643194,26.724262088186208,17.779870308214026,14.299287834266586,8,8513.04571566476,0.7313431812095733,0.2763743096447649,23145829.518085588,9272592.289973384,1.5201882519183443e-08,188.20188523417343,0.014557015480793,71.79541075654608,79867.35864133408,-11141571.269807694,-1863696.8444143427,-47332.09122762572,-70287.37695868382,-201638.762486175,1.0931336255239859
i_section,True,386.6323589074554,267.86266351744734,29.213785589875144,13.467577857747736,18.296914648066902,8,20366.867976937418,0.6671761044954327,0.2460381920109533,548202792.9032053,93683562.30232978,4.674688328203048e-07,228.48907978119345,0.0048001132613145,62.26014502558733,-555391.0527096466,80925275.26809865,-9445531.327287225,-8636.527607407366,-126454.27893044977,-51658.33084847916,1.1132322235189693
i_section,True,141.9205801428648,143.8759394908081,14.53848737391634,29.139606464423267,16.981113319690653,8,7726.807817413573,0.606895604212731,0.4581614907609946,21240881.275257166,7538718.307608318,1.6269799627107524e-07,152.4021979056831,0.012875971333071,24.82283249661125,41348.941652911264,-5270623.952697589,-182326.1482430375,-1797.2763143836667,-18357.463843532823,48577.29940949728,0.9950152812855342
i_section,True,148.08171197845996,212.51912557075093,27.57995222510461,10.104403762591511,19.41208792114624,8,12994.837486938932,0.7891263338222396,0.1208705827406683,44567443.8797224,44162674.5904007,-6.608041694702133e-08,230.9124210692168,0.0071533174072616,59.101982134788706,-197994.09630741956,9328036.216044884,-1844765.9997569642,689.9971286657817,-33522.693408733336,217399.8313404277,0.9408126134519028
i_section,True,309.6078050100701,231.4402681142881,15.788947543907431,27.584193218015898,15.102383023154154,8,15179.41296216445,0.4659515271454582,0.4974694054814241,210998289.52875304,33170516.161977828,-5.102729796648988e-07,269.128695884868,0.0050949554182775,140.71900508283028,-48951.654983270564,92746489.7769375,-4703098.441955293,-172378.55516399935,-243006.33135305476,-1900217.2685919907,1.0461245516716977
i_section,True,369.9567873858395,62.64330829303237,12.341280130108068,18.776235554708727,6.434627758221831,8,8065.77824113459,0.3464781550727405,0.7741099830809747,114933342.38440748,700463.2779486552,-2.1231194568340867e-07,85.34523082718253,0.0106226763497836,31.624288600682732,-89123.90008317372,-6071853.515378028,376559.4543162895,-5941.966548076397,23599.982681878413,134242.72338222573,1.1910043296290622
i_section,True,143.23369398087613,73.1354904708887,26.18472160305578,12.327448904310778,13.966541682924122,8,5122.764048303276,0.7028980389948231,0.3490496156721656,14417300.878818683,1737695.016470894,2.327981860563691e-08,51.20713849630952,0.0076483269718442,56.923719481228915,-7915.908852029268,4464629.531117508,638071.747274074,-22745.44638138642,29939.896113327963,-168733.80017246676,0.8572211716997268
i_section,True,357.24116267033503,185.62637089053788,14.171092080756615,21.071096892994873,9.04928900244074,8,12263.76735717666,0.4024791319578396,0.5601630190802145,219274676.9340003,15374881.038093302,-6.758224460490818e-07,76.20109895284155,0.0141635684663781,34.75196549525575,21265.976817160135,-1470043.870095723,1178595.3919752797,28660.86221421943,-56787.44000098989,345183.0953324207,1.0403085159066259
i_section,True,263.88736650898073,244.27951415975627,16.219422725994175,24.857301833869883,12.035724318671672,8,13805.488613312982,0.5284004862279225,0.4076130725710089,149008455.18490165,39730864.23166087,-1.2911465552959806e-06,144.77068094936416,0.0111977042159946,59.8295089637884,-370661.84829645685,-18566605.790311813,2502299.441277804,-4776.835719139184,24869.335856853577,-713338.8742718108,0.8543719315868923
i_section,True,117.37668388281368,63.35165055593829,23.87544454002822,11.546797545599793,8.27068699149459,8,3889.570320698489,0.7077097415161931,0.3427256153865955,7145980.623989922,1024386.2342659184,-1.4549886628523072e-08,30.724283097785708,0.0061186615774753,56.35448228641663,-42348.02524269541,4325981.292796555,-529971.0095857551,-2077.8697353533653,-20133.565465656444,54840.44044013424,1.1144538645280986
i_section,True,369.1581517776626,229.88410142507465,16.512292250033042,17.99840552771918,13.043696385285308,8,13792.217468431716,0.4955069500411129,0.4434997398972767,297266937.51339734,33619418.2708011,9.019976913268412e-07,177.62493928401292,0.0059610978393847,98.50330355798118,411611.4589910222,36334299.71852475,5948828.228518056,115860.40603567529,210900.88040266346,342987.49144832266,1.025195360197855
i_section,True,368.7745121566065,149.87695281054857,16.131012411459825,20.154386780882007,6.964938447909864,8,11660.45425639351,0.3918986513793823,0.5878870845212694,215626338.86080313,9286875.14224779,5.944734479135441e-07,60.96087916227325,0.007081784233189,24.326375846679024,150604.90666234578,-9659473.313459795,-77094.01335547728,-6369.200078981193,-11733.364531076539,-297122.2825640072,0.9753988965653178
i_section,True,182.3310926477948,255.75792926460448,13.877645693716032,8.714960275568426,12.74030247420205,8,8589.359295125536,0.7163119616971374,0.1673112731013054,53950475.79649004,38711695.61147564,-2.069317209389948e-07,27.65185478800714,0.0066081545036733,39.44813760049164,-69708.48208305557,-4654413.218199382,73470.13461687566,4415.311287981753,-20768.04050284862,130611.70596941611,0.8487207722578205
i_section,True,141.28871629071864,283.76085648582773,26.876249851361408,14.321096076691935,14.875293103408028,8,16702.23286702852,0.7868396484231933,0.1066700300157702,51955281.904554375,102391763.22346064,2.257747579023229e-06,138.54745264153007,0.008583980888714,35.46118928087322,-76262.555021854,-7407600.331843376,870129.1200787991,9136.64122571766,28870.079305603806,-34113.204767776675,0.961126262367669
i_section,True,390.8959297073645,242.8364188133822,24.233700691239832,10.462554479426773,11.63345293502508,8,15472.061095874811,0.6506571913281048,0.2532774902273291,434568183.39219713,57878278.819440514,0.0,51.20713849630952,0.0127472116197403,47.4364329010241,385675.77563670196,-14707207.847795883,2805931.8405685173,-74140.93748560242,6505.064695984252,694296.4236512578,1.014853420102079
i_section,True,209.05586166550071,287.6505535223152,19.39184514622705,12.208762154253822,7.158805172539218,8,13280.302317348676,0.7135971880923425,0.166282887997391,106016859.76992816,76952915.20556816,7.759939535212305e-07,30.724283097785708,0.0073423938929704,56.35448228641663,162996.7323259982,-15189335.965229675,-2370291.1100099515,51336.11335309412,-37648.24745797983,-334317.4078412276,0.9535709540844127
i_section,True,284.9180569620672,212.58597055903508,19.674266869334726,18.799884116368787,6.824323170627349,8,13022.826842356852,0.5623772930547958,0.3681390552595995,171203364.1210557,31643931.248443685,1.2317364341606834e-07,38.71259670320999,0.0046257081525713,19.72406880024582,-6800.011646301628,6025995.957911367,61523.85412822991,7304.533290965048,-18045.428073840234,-256880.5540037805,0.9312056058758285
i_section,True,133.74839424295303,238.7542634079083,20.17054751538327,19.515194198554468,17.134791423130608,8,11714.220918823608,0.7415318436090285,0.1822823920652385,33192453.161959965,45862183.4593769,-6.207951628169845e-08,30.724283097785708,0.0061186615774753,62.61609142935181,-176376.13692386146,8615313.792734403,-896366.4321952008,21486.77519874188,-62259.95362960582,-122475.45814834836,1.0186706729857875
i_section,True,100.32084182503388,129.64651221067265,9.774247323923928,17.77926546412604,12.891867790554636,8,4117.50566927121,0.6269143455459875,0.357488882946206,6202782.893065636,3609186.646231607,-1.283058785584045e-08,46.455116043851994,0.0065277993449087,19.09289859863796,37525.79975371401,904279.0013042373,31030.722694099666,-8481.03881352097,5860.9344772376,17974.86582677832,1.050060710790199
i_section,True,209.78325249452809,54.86981036231679,14.82730575339774,15.70988631082695,10.429248639523456,8,4553.17226946233,0.465372380224651,0.6664181891768352,23882600.61558283,476895.1039406895,-4.704548880474833e-08,27.873069626311196,0.0146875485260446,24.05705223428383,17989.434611226854,1139912.6066598985,-224921.28954728067,-1729.6070694614662,-1057.6244418789172,37418.095286368145,0.9102378975209696
i_section,True,389.1111663046708,81.61996785659535,12.46539260607485,8.363102164295471,15.07284793547508,8,5281.524846172281,0.3902383892967462,0.5929566678424346,112272452.22597083,1160757.7072762426,2.5849169672938636e-07,25.36449335994319,0.00660939683672,33.67987312799736,-46846.28377299791,-5276345.578648488,270683.14652941364,6174.192569818531,-205.41660349844054,-51027.08378096177,0.8180325419992149
i_section,True,364.46479576680065,171.69228952513498,23.645852549612385,12.475963898019906,11.051661618617567,8,12184.71857033579,0.5806285308239982,0.3560708226537043,271972527.2515497,20006112.41118845,1.148643103284764e-06,19.511148738417837,0.0132187936734401,24.05705223428383,-156990.43907653444,-5248707.639637642,-1039906.216368941,-10686.937270217393,-9092.294137624884,266604.8583560108,0.8800886094066613
i_section,True,330.2232141559182,89.8082084089525,16.6021327861906,17.12353728773573,16.329827151691713,8,8303.949471889602,0.4105512123469589,0.6382805141987606,115734126.90122366,2166486.3994512386,-1.1749622578608474e-07,30.437392031931825,0.007270336520392,30.311885815197627,-14232.786709625016,-9334352.082999153,520469.4766185284,6837.349394915952,1391.7172391186145,-13753.435502229777,0.8517600096190763
i_section,True,185.9937403513033,76.69591212189312,8.543569352451915,9.115273167294117,14.847230197961071,8,3045.1685131098493,0.4743609343295973,0.5363851449764061,15268446.935221048,666953.730135157,-4.029363024214153e-09,14.792572527518868,0.0109055047805881,21.82455778694229,2202.226115941381,1538312.7403698836,247922.45380704378,3891.02350799906,5806.751842825463,9189.323273476219,1.1156737823723448
i_section,True,342.83409271057997,51.93914067842815,27.325581302079193,23.22776645388149,6.7115554152258134,8,9572.231821511612,0.5378734284489967,0.743813602091975,117954232.57801992,946029.7797497164,1.82771906778354e-07,27.39365282873864,0.007270336520392,36.37426297823715,42863.60660424231,7631314.313814995,548585.8011286497,12645.092904403215,-25462.011250768275,-134915.49131826224,0.8420417317721876
i_section,True,153.96788929688284,155.26660113352494,29.285058740195304,27.262960343690768,12.47546593665916,8,11832.502092181405,0.7122823640440704,0.3111784281230891,38243608.169283114,18468846.30054862,7.736377006491175e-08,24.65428754586478,0.0109055047805881,43.64911557388458,247316.21043506675,-11410341.963203954,-1785453.8496199732,41131.188374102116,22780.582971967615,-97157.33729554413,1.1770110508637335
i_section,True,289.1962117848808,206.95465406838585,29.59837678910974,12.241586849438278,13.678878403233387,8,15232.141031091956,0.693887164479844,0.223231762742616,221782375.38217425,43776685.36564959,3.448862015649914e-07,38.71259670320999,0.0051807931308799,17.357180544216323,-34500.19930507512,8089288.702140595,-691848.2345274554,-17214.32410846979,-31741.959491832607,41387.01568339776,1.1465145532371201
i_section,True,125.51846508864158,166.344000600617,16.089514503411117,14.12699751918608,13.204665734006616,8,6825.654730321615,0.7090165348535964,0.2281052800822213,17392435.443262797,12381358.892023278,-2.7981687668153844e-08,4.260260887925433,0.0130866057367057,9.428208963959069,-15720.080179988285,300981.0836553945,81004.74325069592,-4654.629197093408,6877.038712547249,-30671.635267012036,1.1407898963615066
i_section,True,324.0937284554131,201.0919274478524,26.71885276741469,25.19884327320009,6.002912314840567,8,17597.990282244147,0.5436833111427194,0.417624025209167,280415534.02284473,36578983.13891032,-2.167856124122803e-06,38.71259670320999,0.0064759914135999,21.696475680270403,58132.04060152688,-30327.64317657731,-971132.7373711327,37489.47634118523,-10462.315413265726,-150682.4535011056,0.8543307029837828
i_section,True,372.5810911491452,128.34748221230635,26.844259393939577,9.816797376602732,9.198739247011066,8,10096.15105010902,0.5897034468234161,0.350060042240932,234717386.08848903,9488418.249131618,-1.0073407560535384e-07,11.834058022015094,0.0130866057367057,19.64210200824806,3913.717056956593,-2664729.2118008197,345853.52659348276,-23098.07215397002,-31661.137410052117,4738.706412245983,0.9497645584195715
i_section,True,211.7169741990413,56.03878043859338,15.890207762926895,15.572187722376311,13.227096932095955,8,4737.7264648799965,0.4852808787385688,0.6459094252925236,25842901.34460344,541740.6187978433,4.9285927142770985e-08,2.3431434883589883,0.0176669177445527,17.159340314405505,-5841.424690322432,1786053.795290098,9898.66719295999,-7007.918028665808,-15006.36600279538,47566.10957880404,0.978556516016676
i_section,True,379.61693351115093,199.1878819590138,13.400183053850592,23.84505065851524,19.72068562851268,8,14095.30442087244,0.3924872890851085,0.5916802147185511,276510585.4712741,18146435.057628974,0.0,58.06889505481499,0.0072531103832319,17.357180544216323,-86469.90880510677,-8558652.75589654,409984.86445936817,-6365.580593255644,39801.77989138492,-27136.754206470472,0.8215530019752024
i_section,True,233.60486379886703,224.3024123347693,26.246578864643265,28.240515248943115,9.324757346197616,8,16965.956046656607,0.6231847664034552,0.3321364630617042,141825243.86188102,49725940.58924458,5.748103359416521e-07,46.455116043851994,0.009791699017363,17.183608738774165,37112.5259153335,4865332.869380802,-201877.72549902025,-29793.967796430297,7997.836366019359,-250897.04322164765,0.9294363632708349
i_section,True,207.89652336867584,118.518763103252,24.67478804471881,29.500690305984875,7.944454248127689,8,10581.93281384137,0.5657464650764132,0.5160092234282567,59516451.955923274,7201074.415492507,-9.793590683853846e-08,2.1301304439627167,0.0196299086050586,13.199492549542695,-61078.68892167293,-2265791.6238164804,399601.51465945225,9749.064622476935,5205.707982996583,113966.83904668575,1.0440566693392601
i_section,True,195.75426495357908,80.21881626718329,13.57059115468788,17.664292496702785,6.378688594665734,8,5191.660989339876,0.4494509834948524,0.6072319549577005,25403154.94024909,1248859.724609887,5.0697341119538934e-08,1.910505474668385,0.0210193920557591,16.143507367792697,22117.786565429476,-1010555.1823762291,-162567.65429248413,-1972.3844390751476,6439.424622125168,-27040.83709545438,0.828580465822292
i_section,True,225.3588796718961,71.19032730330758,9.26903230089525,9.826969743374317,10.27393528285512,8,3445.5369087437475,0.3994191403233639,0.6070021360456207,23614658.23367809,579008.8304960955,1.7999056018771222e-08,2.4836571170689004,0.0252232704669109,20.986559578130507,-10288.690464970634,1088279.2924654996,160885.4392555936,1993.6968753336898,9283.602886641307,11883.467445256412,0.861080641701059
i_section,True,149.1572019548831,59.14692094233102,29.482958240121825,22.149191116805294,6.197496180580223,8,5519.297091310488,0.6648589717346267,0.5503384615228896,14159168.056312812,1103769.3130786915,-4.999737782992005e-09,1.4901942702413402,0.0327902516069842,31.47983936719576,91872.81332739639,1779954.916555576,61497.189100454496,-13543.333252876511,-13842.179510645772,-132940.84126435724,1.0770723066308763
i_section,True,395.0620729039698,168.9638816601293,21.574818871642393,11.312374894170862,19.122403806746377,8,11595.203213694444,0.5699227035905533,0.376177831510314,305149252.2927816,17424416.080824398,1.271894894006993e-07,1.8745147906871908,0.0141335341956422,10.295604188643305,7954.022611152932,4609497.930499556,14493.63696276412,-10940.370809167742,-24905.442185706685,9428.351677841676,1.086997983718405
i_section,True,326.91176560093584,221.18438931562017,21.00754584142294,22.322980197952965,10.074561845720917,8,15742.620124832449,0.5288313647907255,0.4184575127298021,262527910.3603657,38167453.64930051,-3.022022268160615e-07,7.1004348132090565,0.0130866057367057,11.785261204948837,-59805.20577992417,-6428708.79506614,381785.6760731969,-17021.995432691187,24607.77307907877,106309.0670599697,1.1064984851394657
i_section,True,102.25293768965902,212.49387410270143,20.24287732526103,10.409216907766831,15.5765352105547,8,9460.57792678162,0.795602685885756,0.1064659197054328,15125724.996234795,32395495.601149235,7.861987668999268e-08,3.4116169190506875,0.0202109538997683,14.413845864100622,-12639.949915251187,623098.1551824522,101148.34330154813,7528.002516585722,-5695.486195685683,-44095.10022166565,0.9375870071478247
i_section,True,309.20303723779494,177.48074100288233,17.2553458016173,8.072580674355416,15.551453444855644,8,8556.423577676182,0.6330577436443394,0.2856855365544628,148441648.75128663,16104040.379052725,5.625688954261699e-07,2.4368692278933484,0.0183735944543348,10.295604188643305,21681.267749653223,-1845771.1248937335,264185.79494109505,2238.78147760543,10777.647722055699,-55024.310358157745,0.9744163509005718
i_section,True,166.41878354387228,122.36957804039916,22.831684090636305,8.38959747248004,8.597791185148346,8,6666.295740775354,0.7216060604143507,0.2030250078944166,30498500.845470227,6981395.993093023,-1.666579260997335e-08,1.341174843217206,0.0262322012855873,47.21975905079364,-88632.99127654954,814193.1708635577,780478.2069334319,-22367.367251544114,-24282.946194831726,-364.18377364693436,0.8721051721593944
i_section,True,246.12916022811777,63.4358426920462,10.052701237316311,11.2345133408476,13.744215066651096,8,3981.794258821424,0.3886304916976994,0.6535805099701028,30610332.67737187,468367.6067100865,4.0507134815907454e-08,1.931291774232777,0.0409222340055163,25.45145012837777,21769.351773368395,2166675.8048343537,111270.7612211046,-3263.1123852266787,-8937.600748269417,72524.81399586526,0.8618935684874162
i_section,True,343.082106491882,182.7934120024812,8.698306669932336,18.546406745497436,18.58077405047877,8,9525.72272434488,0.3535548278675841,0.6157925693672701,149990727.27267197,9087290.81808926,1.777684545063824e-07,2.0117622648258093,0.0341018616712636,51.94173495587301,292745.12815671886,-3493743.0803124923,-175520.61559723085,-42632.04225893797,9013.306777639347,-109489.91696841162,0.9426931245215081
i_section,True,224.46285475482892,170.2114954098269,14.240605015398568,10.14268533189262,18.99011650402976,8,7154.6565179938925,0.6294844933031958,0.3087758839983078,62808405.20309984,11753756.673356827,-5.9379661197418115e-08,2.0075777993149715,0.0433120924714384,19.45508847813197,-43434.7244433804,-4730282.60655029,-812608.5408438498,-3011.715975872594,14719.959546566117,-48739.24029923614,1.0490566797261165
i_section,True,176.16839835984237,102.74542053913268,22.573989550194916,28.798070806378007,17.495002942657315,8,8682.670195237335,0.6201598697765721,0.5353526645657447,33981279.701299585,4436142.628748726,6.613409765862441e-08,2.0278563629444157,0.0441960127259576,21.379218107837325,78816.80105378265,1919084.629274451,-753105.3025412003,3320.7093767689908,31199.98370015455,-20053.9901443106,1.0652103053397837
i_section,True,291.7686096886837,157.78399404360297,11.066656752736089,20.88516866444173,8.09648774724277,8,9181.656538730727,0.3749634316586538,0.5989860812735969,103971915.62489678,7458852.111016988,2.538480516189624e-07,2.2306419992388573,0.0309372089081703,14.965452675486128,-63269.45597863571,-3671016.6487849345,26076.469593348913,5482.8631526010695,23637.14548826441,50446.41368642334,1.1003249551303698
i_section,True,282.7389083507489,245.1143463214451,19.394353221336974,26.556284209032807,15.3235840818684,8,16193.819324152988,0.5457508225134492,0.4063020586025758,200184876.6404342,48043504.600664854,-2.49586910126961e-07,2.388131843335481,0.0262742400696989,11.531076691280498,-79213.5621516324,-6474530.47716452,-831921.8325621568,11558.709372494743,-2532.5433846851824,-58150.6551918116,1.0047854178504454
i_section,True,200.16647675212607,128.86173043025332,27.03534244198432,25.813156679162596,12.265790240927249,8,10871.939397335673,0.6184026824795212,0.430732385914312,60002538.19827977,9884626.721459135,2.865810898540391e-07,1.351904241962944,0.0491066808066196,30.54174015405332,114842.63354297767,4875905.288065568,735369.2801246301,-1368.0412402928173,-39964.25317516015,-152672.17731545086,0.8598317154938162
i_section,True,213.5352189764709,62.84547688267168,22.140157957966856,24.02304307374366,16.465224595294323,8,7088.682647680388,0.5644495583548541,0.6624378136655059,36876880.99331108,1173447.947667503,-1.2852740518921666e-07,2.5506275940296717,0.0733706846466168,53.9295052613818,-56318.845703493585,7133414.412784,-719743.1123719739,-14236.811977874406,34922.88161957779,113169.03446348866,0.887664632594434
i_section,True,257.5498557061833,291.64429907124367,10.189957575237935,15.066735835155534,7.407524461927544,8,9565.608035630976,0.5417145537442506,0.3367838442753043,108383959.84828396,42200867.59740322,-4.24140437124415e-07,1.5458349054725282,0.0476433017185823,29.960836256323223,-178822.74450802364,588039.1718124702,582518.0106524441,10502.768724350999,-22040.94140070707,176469.84543055744,1.059853716702761
i_section,True,189.64212951496515,173.05072134444453,16.60578612732653,29.8565106096302,13.760287140664897,8,10585.272405098409,0.5544626401991477,0.4570884462541803,53622416.07521357,14745383.739141127,-4.135369261963047e-07,1.40530445952048,0.0433120924714384,27.23712386938475,-51780.67065392102,-7253208.148331204,-864569.2910833405,-4867.906575640514,-32256.018541187528,-106156.26954189403,0.8367827627040911
i_section,True,267.8836378191079,60.71648880106659,28.805438994582204,26.800417164024697,14.912185514439734,8,9330.06308777067,0.5621414088414136,0.6961161850550652,73027967.33915359,1469022.6312217726,-1.2210103492975586e-07,2.3187523582087923,0.0667006224060152,44.94125438448483,-133903.78319034586,4573066.651263909,956666.0661582408,-8166.315290251488,41555.64995567848,175432.02798485334,0.9458935921796336
i_section,True,253.5660792349216,288.9219406542093,19.807787930586017,21.91534400435925,15.64929992348474,8,16351.273185414644,0.6256146076689513,0.2916940897746359,176937240.57448125,79856078.89046791,2.9628075751063737e-06,2.414114717790971,0.0341018616712636,36.3592144691111,169174.8868107205,-22577101.545877695,855272.2718030425,50055.429947970784,-16335.603708787576,-517625.5983627604,1.0066514741863728
i_section,True,197.28311524418035,175.5013934615847,9.945582762246968,28.124866532109564,19.76190947974621,8,8825.559484893241,0.4680351014494862,0.5472155229250959,46195228.66029155,9413198.89781981,-2.12441992048292e-08,2.805690353432639,0.0880448215759401,48.53655473524362,145850.48478734834,-9444130.832727749,960741.2656399605,-6447.158970582641,25457.61020355478,-101344.56294924997,0.940500173370645
i_section,True,226.957725900434,189.12636112427305,22.72438551042589,11.698111427214595,13.707903344574882,8,10885.114942641025,0.6895682384546112,0.2317408810542942,97110165.34725696,25659815.958299484,6.776899546340515e-07,2.5506275940296717,0.0586965477172934,80.8942578920727,244009.54262043934,-20332773.97330569,616330.7946443696,-30709.557802014333,-85581.41839474213,107596.9067427316,0.9614358916192708
i_section,True,358.8675912172186,149.34080490264364,8.285293178281007,22.398691736226123,8.922491846926572,8,10212.102078092352,0.273028275170542,0.7120633228146113,152927936.74731234,4932386.97706692,-1.7703499337357665e-07,4.713559793766834,0.035217928630376,53.39021020876799,36872.13061168004,-17426657.108601492,1479704.2136345706,-15146.173989191691,-32909.41940780454,-401935.4703080897,0.8702857542065585
i_section,True,151.2262486449067,58.09706890615941,10.312734364739775,14.20935745191688,17.541413732674023,8,3326.2578218990575,0.5289969708836818,0.6105474422944849,9623159.936531918,404924.8060095985,-1.1631693365085229e-08,1.441218042542147,0.0181713946354151,39.4660433863213,15396.775172139489,-3015947.7180480105,67820.69423041194,-483.2211165003356,5037.253816641294,-15954.306030820697,0.8410342179447643
i_section,True,243.29183244045203,183.21371894607148,14.811997982711588,18.575744026753195,7.855562780553783,8,9451.156654276105,0.5184715468979942,0.4240829894085208,86635276.29786846,15303210.291897086,4.12909605536039e-07,4.619288597891496,0.0246525500412632,21.3560840835072,52593.37059613221,6861482.327971862,-855576.5847985349,-18259.561425000906,31199.30542810124,15791.646809802078,1.1266624788449124
i_section,True,395.8118007954053,299.24482955944734,26.272757841800143,10.293847338846096,12.933043109014353,8,19405.48388911286,0.6898647947951875,0.201113945054333,576626129.9605292,117378651.78297985,-4.602909827712993e-06,3.366828424119167,0.0704358572607521,48.53655473524362,-46955.354825428956,2586281.68189957,-632533.776157242,48142.32302046503,-77682.96410907754,424473.51133800147,0.8333031791725373
i_section,True,204.09458241576615,139.81252827850938,11.86194868640764,27.999391727220058,18.709556105709023,8,8676.856976994071,0.4791971062648338,0.5913411815878938,46664171.34087368,5840327.33880995,-2.929463514169613e-07,1.7294616510505765,0.0218056735624981,19.73302169316065,71224.01452658391,-1687457.2957038449,-550860.20579596,10819.380073215942,8216.914337065518,-27823.889834588295,0.9371263717503173
i_section,True,231.79504912671985,208.6139550022792,17.1317542769106,26.25191262797036,12.031342871591718,8,12461.49094444681,0.5407834073328096,0.4197679546589427,100561441.25011972,26253457.746087495,-3.096822041520292e-07,2.309644298945748,0.0172567850288842,21.3560840835072,63922.16010371201,17761.201360794887,-1554485.829430717,38098.76111127514,-26745.533608014037,-39289.994794019694,1.1434275801850933
i_section,True,204.28192520487488,147.43228047473735,26.604995457230512,10.95877526240858,15.24109189373759,8,9705.94303283502,0.712708238725302,0.2276710818060439,66594449.42186417,14244667.052161824,0.0,2.4020300709035785,0.0139779958733962,35.878221260292094,3961.8229791584454,-2778260.3712973506,-766629.5016078498,-20616.90123305289,26858.462917913504,238942.05195094855,0.8228313572844682
i_section,True,320.15813242888487,134.75433099862624,8.463534137162899,21.55557943292266,9.45232294255128,8,8896.362437728521,0.2949133208898873,0.703129404858387,107265479.93469843,3718230.776041031,5.333757098628148e-07,2.179121680323726,0.0137375743443738,44.399298809611466,-33385.913202848446,3613427.808772209,-558808.4766895081,-23250.342354133252,43570.25312466928,197831.52449210346,0.8589738181937183
i_section,True,295.9628292529171,198.1705617565763,19.370241810035836,29.719578272584215,15.365626340395496,8,15530.644528837089,0.4901709024261803,0.5070433289569902,192494207.6425594,25759623.294159465,-1.4090540288917329e-06,3.2994918556367834,0.017608964315188,42.7121681670144,-181564.39470110452,14185475.11032826,-392247.55607788294,-56048.5897844583,-63377.442958174914,355381.7293675004,1.0079460001058864
i_section,True,302.293375138348,105.70871910669374,28.558387664443934,20.80934897422135,10.550117966601537,8,11238.178879878496,0.5185880062553548,0.5210609949414556,140493722.01429334,5822977.449009736,-2.9916906803202754e-07,2.091956813110777,0.0090667990672867,19.97968446432516,-102807.67878203007,-8194155.623259512,-340655.1900491202,-4302.378145919868,1580.0204875295506,13723.739577841832,1.0538525846230486
i_section,True,375.4130582482674,196.207774063281,22.912601556955927,25.886981494596057,11.622760015460845,8,17642.809581639503,0.4752565985343798,0.5044437988857471,360077008.44272506,29351197.494240116,1.9355137759501825e-07,1.8477154391565984,0.0155311065259958,25.62730090020864,8213.941747963412,15693159.728946688,-2649974.621329977,-6896.91328940956,82127.32460851654,170111.9802632833,0.8054486696115648
i_section,True,140.6834496387151,169.20361684913166,25.14741885522435,19.482695747881703,12.993293644477156,8,10420.443522630496,0.7322047704898816,0.2331282277142466,30314174.251208328,20384239.81312338,2.649783173997958e-07,1.743297344258981,0.0082425446066243,22.199649404805733,-47873.57091573824,-5857883.059910986,489660.9318645391,4378.090302110182,23740.863655863726,10308.344737799092,1.104741486501437
i_section,True,183.91164284537143,263.5183689499373,24.54662563082853,14.08338232048875,13.8844989508439,8,15006.225642894264,0.7448362627865517,0.1546319024861334,86371511.12204947,74914398.16937469,1.418282989188871e-06,4.706902829499249,0.0059840873844092,21.578059221471175,49248.28436648877,1857644.1888918325,140846.67496141783,-4585.500099620879,-22664.909543899194,-185360.9443202873,1.0222861492526776
i_section,True,378.05011963950847,283.74900655920385,20.28746953817074,14.253790596910296,9.686042953293429,8,16406.401907210748,0.6023872162669959,0.3028615810310711,416752892.77297825,77335615.8290792,3.7989722924701907e-07,3.137935219666166,0.005440079440372,23.975621357190192,-63943.26819466773,10798764.951532833,469711.12711459625,-4285.562120526463,-51549.07418952437,-247614.48451541524,1.0270987846144457
i_section,True,294.4274179128821,84.34672853397404,17.744742499178642,19.703786867104284,10.336252911050073,8,8190.000227251954,0.4190426329733748,0.6532682914304033,87402595.88124901,1954217.1057762555,-9.497430731175477e-08,2.8241416976995493,0.0075399501043556,14.241519086170976,4403.316556507856,6373936.509941774,-39177.70359368845,-2201.9146261193578,25176.41357328988,-22152.250501104543,0.8956869321504597
i_section,True,245.42638516609549,291.5240597101074,28.98638024301123,16.185927835645934,15.33235066188607,8,20142.543099125374,0.7243232264306705,0.1797305362480541,209694129.8622311,119788197.60901403,-2.510968726431097e-06,2.421246311470807,0.0196251062062483,29.599532539740977,75181.1476576405,2000043.7309686292,-239595.01171013503,-26363.512582961917,-59171.38231497423,139006.11821329448,1.1379710269926933
i_section,True,210.28378391908132,92.3323480419398,10.73627159577568,10.320041961684517,6.5675297341434,8,3969.309832820851,0.4605056632627292,0.5108101339745271,25873747.65012458,1427568.1014588375,-2.4652156715858376e-08,1.5111417396050744,0.0147029027034935,2.871090247772069,5360.9920621399015,26846.958584464017,40891.05965953001,688.1415733991396,1609.7333932993035,-2708.861280323479,0.9707672725844734
i_section,True,108.3842118617324,279.70707179459885,13.242823294185271,27.68029527882873,13.967195522094917,8,9847.790005020252,0.7023031262775952,0.1777640625393744,18387467.461440913,48495166.12872868,1.8360926321971313e-07,3.083962733887907,0.0113099251565334,9.570300825906896,24124.176730769905,1759390.3561073255,203125.15359390393,-2012.9194952066139,617.4983844512082,-39299.95128599435,0.8590302335646112
i_section,True,301.7940794039936,124.56722459938244,26.935223911960996,29.350987115703088,13.04766068332711,8,14137.909278594812,0.5043330370479864,0.5736184453294287,166624658.13404933,9247475.742024874,-6.493969730718275e-07,4.405661048411297,0.0075399501043556,7.975250688255747,47165.72948717581,-5177770.769982943,-191796.46106571073,5159.380082654587,19698.99066046023,56822.96124825644,1.1682472187113147
i_section,True,249.9776258949973,260.134136452102,17.498413531741207,16.48141234620595,8.051966293512644,8,12704.415810139211,0.6202839512725135,0.281401970638599,137527248.14230603,51424225.88684464,2.4622968562306793e-07,3.388970037239459,0.0075399501043556,11.393215268936782,-70272.48453423235,3756775.685017669,499360.0047278304,798.9573517652232,2806.8094641757984,-1736.015808269601,0.8960281595687065
i_section,True,228.83386628496672,284.68598450828654,11.60882161811194,9.707715941666365,15.982543774105023,8,8831.792554704703,0.6610723812431345,0.2270986763281686,87304424.25099656,44675258.26892575,5.522083104352276e-07,2.2667126094076115,0.0161731929738428,3.73241732210369,17576.00079012119,744489.1790529435,87338.64125806365,1982.6613774386155,-1216.5170002338675,2976.7223299639522,0.8703274690143762
i_section,True,394.73834818729136,201.24322036945023,23.875291201967464,13.180986960585669,9.07228646939316,8,14255.939219660691,0.5805888479098971,0.345477071841724,378906287.5778167,32502961.68744766,1.7118457623492057e-06,2.158773913721535,0.0113099251565334,5.742180495544138,21450.846596678777,-1619637.9165881907,353292.13239264156,6913.13250321416,-2349.8366822901844,63736.2489676522,0.8171089075666053
i_section,True,358.62045774479765,269.57767037257986,24.398711096972793,19.342579338161656,18.456200303142772,8,19448.83093722675,0.6021705299540351,0.3307416587255761,422797464.52356225,79913640.67852151,-1.316977061389666e-06,4.706902829499249,0.0083777223381729,12.946835532882703,-84676.73490363649,8523279.132276597,1846031.030902823,-5168.484521635137,40535.08882199605,109214.77413536252,1.142856991634463
i_section,True,144.7134219932533,176.71278662587486,16.438303628737266,26.367894146397138,15.662603260366058,8,8975.651949168678,0.6403994390781867,0.3515159129991088,27700314.278800283,15352262.689673478,-2.081737678228041e-07,2.7200551312891337,0.0161731929738428,4.105659054314058,13396.21815852871,899282.9886534881,113866.96738430552,-1231.1119808356466,-1517.0858115502772,25761.84734991174,1.0953951936979895
i_section,True,203.2092776256398,297.75930950598706,10.715877790418508,13.93496112566648,6.314464783725391,8,8949.842892799323,0.6148083795291184,0.2497440507213167,66432997.865222566,47192540.87982569,-1.8831508602391817e-07,0.8704176420125228,0.013585482098028,5.764345312256938,13713.541399960222,-211521.12905572448,-7477.0937718527275,-1005.9071676978572,-3050.147944397991,-25511.590573251775,0.8237573260666997
i_section,True,101.9804429396194,269.4267522490161,19.521481941906536,8.872247320534738,6.464315840656617,8,11114.585421122663,0.7989095562319959,0.0665035057057562,18433016.75684909,63638198.743729256,4.930431343171675e-07,1.0880220525156534,0.013585482098028,6.4048281247299315,-12082.740534591074,1498640.724587899,84527.41962586917,-157.68271888931528,-245.67458660904123,-4826.3438835475345,0.8449334571020872
i_section,True,226.67909657640092,55.20741039584041,14.011007692183846,21.004969705655256,12.021956092740002,8,5847.673292305423,0.5106386700989056,0.7344907356164193,32434198.28878468,569448.7407835599,2.7712304576051617e-08,0.9409911044268984,0.0242093290986859,22.031327783446017,-38034.96814322252,-1653707.887501172,124394.3118218622,-6236.73184650153,7119.905332455082,-16099.151942790635,0.8312267616799838
i_section,True,283.66672727148455,116.69217084267542,18.7030979322491,14.534860561678048,14.811865163729887,8,8138.46973045616,0.5126331032132571,0.4816583174701361,97613805.65652798,5039794.595613196,-1.596228743580573e-07,1.4936366736934894,0.0146723206658702,11.24047335890103,-45646.22752791999,1267928.424073244,290926.01550964103,5556.3500065596,-7556.311042090679,77660.49694391766,0.9706465111837872
i_section,True,189.10359532141473,293.2440568858124,28.13354323708496,8.907589266797478,13.121700155717512,8,17835.569734099547,0.7854787035636379,0.0907915454614117,110326409.23101252,118256262.7486076,1.264213164915814e-06,1.1315429346162795,0.020378223147042,5.764345312256938,11449.182010073579,-889137.864256339,104833.22811491232,3802.67193187504,4620.920445728447,-107482.94986247666,1.1313970373254687
i_section,True,139.15158385570956,272.028979471183,28.614468770797338,18.51533367198296,8.35784624491834,8,17146.55456564925,0.7764751920775902,0.1204483798112707,49559013.653774515,96053118.73108935,2.848693664943635e-07,1.3600275656445668,0.01132123508169,4.92679086517687,10523.134533738605,-1556478.5895228588,-164024.10538752496,-53.532711142792266,4277.804609534375,-37586.9782731634,1.050522943596629
i_section,True,330.72485966372506,98.46882070076086,19.758019878499372,13.484240379729494,19.76097718032479,8,8163.302271046786,0.4870553350024183,0.5263341100688267,128827893.2882074,3252233.552011231,-1.3301906196504776e-07,1.3442730063241406,0.0220084809988053,15.73666270246144,-28612.10896274193,-5219002.677422146,489713.51243484864,5984.6617589808375,-8911.715065706903,-6632.891645677255,1.1195316716126258
i_section,True,270.9324535240992,152.753041881378,8.383697028093108,27.82891882470768,17.304206066221127,8,9899.321956936665,0.3518540056093842,0.6844691984447147,86250546.17039615,5524164.3594685625,-1.9794503268608298e-07,0.564594662656139,0.0193674632789487,13.21879667006761,8646.988082337666,930784.2922386568,-247697.4900268669,14343.415580503877,-14279.344617007724,67893.11180065425,1.1492431266710343
i_section,True,306.5680292088041,125.84841326045674,25.045057305562473,26.29660574912092,13.130760791306662,8,13200.79845411085,0.4919291498136736,0.5622810959971276,164596534.41198465,8749183.472349454,1.436605869222516e-07,1.2446972280779078,0.0183404008323378,8.646517968385407,-38326.93275546376,-2586482.437122094,403950.4522010996,3359.78462604388,5006.971380648831,-71928.32885371744,0.9503973388757304
i_section,True,194.4187620648221,157.16439650625506,14.018353929141458,17.007401715403226,6.4483102087936865,8,7272.885441938256,0.5459364300367423,0.3987030477743011,42696429.9196177,9141944.044180738,1.5835602614886637e-07,0.564594662656139,0.0193674632789487,17.184435671087893,51501.42665439207,-2221284.1222049803,-484378.4957680709,-6373.400833943954,-11028.39313180252,37138.76243888578,0.9711649475849592
i_section,True,250.42830237466865,243.53450696370157,22.94659751556381,8.058969820375843,8.22218346956253,8,12884.728875418292,0.733430084108939,0.1481929823732725,151431064.00878713,55250505.93035782,3.2990838781013825e-07,0.4516757301249112,0.029051194918423,18.90287923819669,44474.79644235974,4788857.285321371,563102.8078664669,-7513.214054946418,-17093.82718754102,114080.17004936597,1.013821369626264
i_section,True,383.74919900211233,228.68532505563337,28.647216445151653,9.842045453118962,11.59574085140047,8,16434.337415801827,0.67935765818208,0.2222985257683653,445543713.3585766,57134643.07293262,5.075513658617512e-07,0.5871784491623846,0.0261460754265807,28.354318857295027,157699.29584207683,-15782022.649558553,1022801.7526108127,16150.03416202516,31678.787370196653,-366688.5146125489,0.8795921408532907
i_section,True,326.9772424614724,83.52554142303343,21.358307890247115,27.72253950788028,8.386950643093307,8,11510.586032189336,0.45049781232138,0.7120045664106682,137737374.19363907,2594650.6715774112,-2.6291187042825745e-07,0.5667739980539919,0.0188439994814453,37.95168870411225,-177524.45675757155,-4091326.2952002753,723642.6444943142,-10042.225183208744,-23328.31022941668,-272104.61014533543,0.8412666302071413
i_section,True,329.57216987232255,221.93211671001612,15.002735715273758,11.770984114762726,9.26643605270366,8,10261.339621526788,0.5627961375925862,0.3510731757465713,192889895.39585015,27378333.86277797,-5.468566904907756e-07,0.4359799985030706,0.0235549993518066,29.19360669547096,72296.19664797836,1149530.9340317578,-623372.7421663236,5709.352756686538,-40247.32273265,-83456.93214088758,0.8249310794153311
i_section,True,173.35522696132145,222.38597119771677,28.73155232885344,17.447434470831404,7.499349892932354,8,14850.76468448781,0.7375534196775758,0.1764565788435051,70121064.37367949,52722771.596811555,5.583065024479263e-07,0.4403838368717884,0.0305909082490995,22.11636870869012,-149595.62027014632,-5059568.768986184,-1771975.1297548322,-7578.250017087516,-12934.780112227934,341764.6251843036,0.9541151468548517
i_section,True,106.28996562184145,128.79676187503566,10.57193997502038,19.481319820752564,14.982879581511586,8,4580.626318266454,0.6288146540633653,0.382908413960688,7571391.321439884,3853071.117075008,-5.134997469301904e-08,0.2267095992215967,0.0084797997666503,17.078259916850513,-5289.754246948779,1025896.1055068118,-47946.21450138647,-7401.21359118108,-10646.998669763883,-48030.630316695904,1.0706702138480522
i_section,True,360.7924863538825,288.7280120524866,21.09820782383951,8.503534367974307,17.388126036222054,8,15159.968262444065,0.6941692910332742,0.1971510855186913,381289815.5181135,84674538.39338851,-1.476513064325094e-06,0.4844222205589673,0.0336499990740094,26.539642450428143,-152071.74384399314,-2598342.4398100115,-1565945.3356731406,-37113.898722854,24942.195956115163,-339089.65940817277,0.955454677851484
i_section,True,102.8754617624664,125.76222792954916,12.966906271155311,10.39752465651553,17.64424829292586,8,4336.923254397814,0.7255614502530424,0.2427172159932527,7361676.736237996,4332489.412117398,-9.756495191673618e-08,0.136025759532958,0.0076318197899853,10.246955950110308,-9494.962547386656,-556937.0748189026,99160.47949970131,3456.5499551507837,4938.614424200134,-13549.861049905054,1.1067191480239364
i_section,True,204.18707695525413,225.68960018727591,19.908536451139224,27.92542785155225,7.532708211715529,8,13626.60172179727,0.5980928508145347,0.3415149074053305,87246904.02123696,38454427.40270031,6.428983967582182e-07,0.8807676737435769,0.0235314678839227,36.86061451448354,-292127.42506294453,6857427.702999729,1998710.3511427853,-43378.92610630979,9991.78155957559,-364573.045632058,0.9726750581572323
i_section,True,128.1537232048274,82.35283487539917,20.622173494044777,20.477164198644463,14.79373799588993,8,5369.868718567768,0.6729682458025189,0.4593196641089156,11372024.517298767,2019248.9889961544,2.925924483932708e-09,0.1591501386535609,0.0099213657269809,9.222260355099277,-12752.332243993827,888750.90468308,-35817.81685183663,5999.024530932524,5044.579553058092,32100.96507139767,1.0035907272465232
i_section,True,255.7102910609148,86.46746432025412,18.16726868299821,13.83516544056365,18.40942796028327,8,6476.688562468093,0.5125809930192639,0.524518717616225,59919259.216092095,2046684.965619223,9.67567620348118e-08,0.1155048046292083,0.0031599549840434,12.084849969322091,-24130.52949330742,-1384129.1511550958,173502.36047834795,-3631.1190440018668,2662.7678897794717,-54780.131155071256,0.8561654578636341
i_section,True,316.2781628740229,206.25705621837147,8.180364909989557,11.471910500536485,12.737826043628813,8,6958.687575570997,0.4445458936139262,0.4803377340916417,108995449.10526969,12012522.470319211,-7.740540962784943e-08,0.1925080077153473,0.0045142214057763,12.084849969322091,-5264.525991596961,-77553.69656931423,313891.94891432294,7193.992941094412,9673.359021374758,-34398.485725126746,0.9043160448160975
i_section,True,138.4818788881078,113.91885710582612,27.89549353834713,18.723824150659446,18.81373869968187,8,8217.08320172102,0.7400159402525722,0.3160071308943747,21160072.62713835,6981043.9496666975,1.4398327683751753e-07,0.1617067264808917,0.0041079414792564,16.918789957050926,-34997.61970904133,-2686439.6141629615,-292184.9888332246,1924.5819405667437,783.7792585484435,28209.619675557326,0.9122323101294086
i_section,True,149.13448390048046,168.8385333638463,17.45664469859011,29.34597645922337,15.589100695346998,8,9461.6425921004,0.6331103330383018,0.3855206512327038,29964902.352304377,14316989.812510112,-1.0449730299759673e-07,0.1782481552919882,0.0064488877225376,14.386726153954871,-39342.41459903897,-2097746.832627377,-412979.23626438424,-17449.751052460546,-12444.40726480589,-65699.62949796687,1.1213062372263438
i_section,True,158.73205169571355,222.0159745247695,24.506307107019083,20.659030701547255,7.642899187920877,8,13199.959725125167,0.7165937770039595,0.2034339205238807,51976617.85297533,44785352.97088351,2.7865947466025793e-07,0.1604233397627894,0.0032244438612688,10.07070830776841,75499.54751157163,-2254141.645416077,397396.358643619,8697.28701558856,-8570.792959314778,38560.9805357827,1.0559966791873747
i_section,True,290.04907104038307,166.99400366787788,21.8610257130887,23.20060388586091,7.603819054183211,8,13067.40806645734,0.5123914802537495,0.4660537990270174,161228826.47078538,17233206.633210935,-6.085922926580034e-07,0.1224231835796622,0.0076318197899853,10.246955950110308,40170.45717206658,2727972.237603077,-38993.32366196733,6878.862844205913,6382.798479310561,64663.526864306485,0.8063436913977629
i_section,True,195.08641114413356,203.04656408966284,27.15518366794555,16.368353751621825,11.85555197247547,8,13456.154763482487,0.7131601020491058,0.2156929169158088,82800132.60450721,37953671.38086085,-6.437033864651958e-07,0.1273201109228487,0.0049606828634904,11.98893846162906,54087.81569495822,-6463039.510433526,662254.6046580358,12279.116638748841,-12327.820765983486,31060.133014384097,1.1181068421947027
i_section,True,188.091872943785,213.14637988425267,28.33527134909012,24.009302523823493,10.75577296324222,8,15336.804280285103,0.6964307357547438,0.2522726189963066,82831061.17371254,45904321.84193384,8.939003594560754e-07,0.2833869990269959,0.0169595995333007,18.975844352056125,71839.51267527258,7694411.052900802,52118.87505970619,16518.425527306044,20054.589352115516,106584.1194228958,0.9555657509857682
i_section,True,205.43807790754573,205.02891179344013,16.37290850232372,22.342998842146756,14.861007428405312,8,10767.68933056753,0.5851665302133586,0.3688642309497301,71083203.94793531,23722571.65730979,-1.063261121261668e-07,0.2102187444251592,0.005751118070959,16.918789957050926,27048.535185284043,2284278.934203459,682522.949729343,2369.813085289237,32356.94001871649,-41267.60723869548,0.975772632753953
i_section,True,358.0086466936841,111.50465902826164,13.009040895828283,25.121134063871143,16.555310473191945,8,11483.595801790989,0.3596890618872773,0.7168897543821834,169352850.23589054,3511618.723768329,4.134904360462042e-07,0.1891968699826433,0.0074764534922467,15.226910961345832,-24610.158838911826,-3610003.3268792424,685599.6168429786,-7901.693947863892,8778.567240855918,137422.20260074807,1.1062893431699643
i_section,True,192.20667699831057,289.9155495644257,11.025609729605318,14.344257233160096,12.16488940193301,8,8964.668002757668,0.6301197792408345,0.24731868830552,59306385.64348075,44833636.809537895,0.0,0.170277182984379,0.006728808143022,13.70421986521125,43335.888965483864,-6479452.4549496425,62645.03626805145,-3211.505296946985,946.644086332562,-35090.18524497481,1.1416583342270386
i_section,True,355.83957799083856,76.28400080195384,13.629247351682476,13.173601226323562,19.696115690794617,8,6751.193720150224,0.3838547387068112,0.6561932093964513,108625441.0113566,1118011.615964102,0.0,0.137924518217347,0.0016822020357555,16.116162561488427,21605.799688420015,1802600.8512198217,-203080.93330604158,4386.866307865857,-5109.983265288899,24110.765460803927,0.8117231237566943
i_section,True,266.01731063250213,149.781840873155,28.02258115671356,26.713219224428673,8.547597583152129,8,14068.217560538762,0.5583240669183615,0.4562458069466927,140713444.0079721,16042886.381372107,5.347906874201347e-07,0.1532494646859411,0.003364404071511,19.18590781129575,111909.79743901278,-2577795.7796488386,900514.0866999147,-6618.035911819646,-41261.889723325134,121041.99031242705,1.0476548672190775
i_section,True,272.7112237224867,99.19003241141948,17.887854177791795,26.90513312096448,9.054790374463964,8,9995.911691759597,0.4415356346721913,0.6657355724978624,88507221.62688504,3311681.825911133,-1.5395489486337212e-07,0.2298741970289116,0.003364404071511,13.430135467907023,5841.740476021773,-4513491.633138233,-355751.8564537723,-354.43596824861663,-1541.7443889312162,113664.77950378647,0.9580578536837506
i_section,True,341.20838927243915,63.47269341870136,12.503907492928946,22.02509584965479,12.31789907603465,8,8685.89847584922,0.4336800731490635,0.7753109261161104,104161091.48914155,840833.549593841,-6.752407669446146e-09,0.0344811295543367,0.0015139818321799,10.153182413737708,32674.589701033954,366493.52969805046,-198801.10223567943,-1867.5378251312045,16502.191226581555,57665.596346456965,1.1691054003254304
i_section,True,396.436006293943,263.12875161656575,29.80650119038848,8.595568245911439,14.919761097838547,8,18778.015130156466,0.7124570813162316,0.1782338569418044,561010571.027745,90534475.19971491,1.29646227253366e-06,0.0689622591086735,0.0010093212214533,14.504546305339584,-154574.5318945129,1813075.364644115,709957.9026897762,27434.027839820083,26095.389595197354,36014.3456821165,1.175119692592985
i_section,True,200.78126918829264,267.74993829747143,23.528150693319688,16.933139134901438,8.098814337979785,8,15260.396690434003,0.7078493109362617,0.1893177293101271,104997550.0718205,75338987.38028352,-2.430866761000613e-07,0.0172405647771683,0.0010900669191695,5.58425032755574,3641.0469388265483,-3865525.063578727,574.883798840485,-2263.6875501898676,5762.118470905534,36934.81337760636,1.023325829726248
i_section,True,148.20132447765243,278.36191720517127,24.29438556663977,14.842767291247716,17.24283532790875,8,15266.826402641334,0.7727106818087578,0.1269696163202584,54357592.93205842,87398086.64664456,0.0,0.0344811295543367,0.0018167781986159,5.076591206868854,1742.1389035835066,576155.5547043788,-6848.581713943531,-2368.0208381019493,4271.1058118632045,24238.329326049727,0.9462860625995594
i_section,True,203.7159357801665,96.69850247433862,22.829043034735903,14.897033460839015,9.12912257074822,8,6843.393877327275,0.5914620067362938,0.4151871421508126,41645848.20638284,3490760.719765772,-5.3829780528110215e-08,0.004865977002708,0.000384575609083,4.152448543570449,-2398.3183894022686,-699689.5907020274,-106585.07919757844,393.9676462051734,-146.94047376888093,13685.286308279212,0.8520856759089794
i_section,True,124.84252008350236,214.03996113111205,11.972156114103823,15.219268053656158,10.386673513262938,8,6756.081355475581,0.6773368945984001,0.216704438453723,17907936.889970396,19605684.63753712,1.9292593341274704e-07,0.0144820744128214,0.0022891405302561,2.233700131022296,-4254.7652338970465,356447.396807026,42067.32679260616,-452.58749861228154,-25.722601585151278,4278.813618951905,0.941066245842366
i_section,True,177.63475238896646,77.31567030340284,24.469289902580716,28.82701351846391,9.145943398239702,8,7567.649621297954,0.6129102507027782,0.6083004887951587,27787672.883287437,2162110.4108379865,-5.1688403799282774e-08,0.0039414413721934,0.0002884317068122,8.097274659962377,-7142.573177787834,1811849.5104132367,-116769.03497305192,-4410.655523366604,-8493.409381956155,-21181.196078764016,1.0896106819091025
i_section,True,217.41131225680525,101.56404805787136,23.648665052489505,28.362597267091445,8.65368515107571,8,9694.835071766864,0.5429811826039314,0.5726716599585048,57404495.9123924,4470199.465168653,-6.028935419148345e-08,0.0115856595302571,0.0006867421590768,2.9038101703289847,-3876.675083134748,-738800.0947158685,-125173.35778141802,2518.672442568649,-8.938972991033415,25455.448787590398,1.1092625672004814
i_section,True,118.7135990069536,117.28855842243104,13.299187891553952,16.047042817986927,14.911964824883484,8,4794.5914380554605,0.6500071785077508,0.3602414989189835,10117574.519454982,3635358.752979417,-4.51821711532192e-08,0.0045090089297893,0.0005814783209335,6.996045306207494,15127.17172071817,-598345.6586070627,68049.51997917608,710.2940628433915,1881.0785847793538,-21691.912254867526,1.1099358734121598
i_section,True,345.92591720230195,61.66422222056454,22.046538745377383,28.729616902647525,13.33430458643647,8,11547.811328188507,0.5748474828744996,0.7654473146117033,140688351.42822692,1506686.6729991797,-1.993695575115193e-07,0.0043793793024372,0.0001922878045415,5.398183106641584,-24808.284723947992,-2525890.3310549627,28262.151420517384,-4716.985685462996,7037.123407053605,-3205.949193034146,1.0803628559536347
i_section,True,271.55604662437446,73.9397164572469,18.86571731553116,16.28024028836728,6.131160444000056,8,6629.829578321842,0.4341570500674401,0.6164610274871106,62405302.57706822,1358179.2881471785,-1.3425559428385134e-08,0.0043355855094128,0.0003461180481747,7.287547193966139,-11076.171914263135,1012002.7711260376,-8862.836036253997,-692.0328108257917,7066.64249471176,-48348.676978448944,0.9424052245811021
i_section,True,182.2512789657963,199.77158040457303,18.93766000848809,23.14144918048941,8.62587519484658,8,10973.308713278851,0.6219477446060075,0.3200778103943106,56806085.980751075,25325140.499025814,-6.316027581964932e-07,0.00810996167118,0.0004807195113537,3.1941911873618833,5432.730846987537,-705953.356065321,-57730.32162277847,-3847.5149227335755,-1556.1918473442884,31217.746070611454,1.1316617771630366
i_section,True,274.37087845026986,256.9220131668278,28.29839544622852,13.015805891428569,14.739426347195376,8,17567.66989568192,0.7127827462770484,0.1921390214831991,234434730.14835957,80046372.41857593,-1.3504815338892292e-06,0.0144820744128214,0.001144570265128,2.233700131022296,-16530.94037355762,-172818.87891482687,-104353.94561954118,3399.8556300391283,1491.4091745486103,-30963.614211713364,0.8129681069283049
i_section,True,239.0231037713531,186.1015526859478,26.29038536218683,26.73593822597398,13.466927252012304,8,14930.522565381752,0.6074671333606192,0.3817471593185546,127017894.70130946,28583358.65611793,-5.016074268731422e-07,0.0120683953440178,0.0015260936868374,4.467400262044592,-1909.1356096108805,1213521.7427869793,-206473.0626222998,8436.038390156631,9298.56846777517,19476.61237540471,1.155776718407473
i_section,True,295.1379602742427,72.14263663793432,19.7945706259556,24.577630769076546,10.047820423331252,8,9226.168406344665,0.4673674062780214,0.7122267808304271,89813190.36893436,1574190.4409873171,-1.7212255677416838e-07,0.0054108107157472,0.0003488869925601,5.596836244965996,-18081.627629445517,-1411671.8541632744,37630.42755533067,1095.9727048384634,8094.84815212667,-22233.21117864512,0.9186720016876397
i_section,True,310.1137702120253,239.92217239436155,12.577875689324609,20.23397838951005,7.360179902190884,8,11849.183477067836,0.4574238908697465,0.4637564255251513,173621223.37329835,29154721.35807878,-1.6523765450320166e-07,0.0056362611622366,0.0004153416578096,8.745056632759367,-30454.903005822365,-2284602.5650546243,308953.6824599227,8695.98169453069,-11931.953131210923,-55995.82206801857,1.0885414515317695
i_section,True,330.9374582472776,136.7839366506286,25.92245197289322,17.11377412889098,7.024417061225481,8,11911.530586315384,0.5290807999332855,0.4440009607869881,197170390.4625992,11177974.555266185,5.163676703225051e-07,0.0027054053578736,0.0001883989759824,5.372962795167356,-3676.565040484191,2107644.742755861,-195270.41794108055,-4040.469968544723,-997.7715340016734,-61307.6128903397,0.8357301125917791
i_section,True,308.9441404630014,95.9904985030929,20.128352255522707,16.511789864117986,11.47247756348441,8,8417.214742932105,0.4552836368961629,0.5684417173607602,109426051.68943793,3082286.529005295,-2.2986452560652826e-07,0.0025322594149696,0.0001978189247815,6.769933121910869,-13767.111289633884,-1337142.8354312857,-48154.6282070837,-4047.859323513419,1915.9287081986743,54102.464045626446,0.8825815881007028
i_section,True,142.85569754704045,156.25414583826358,18.63686173307582,10.528145921064787,6.653927741898517,8,6974.926433971021,0.7170144523478549,0.1940235550585737,23771466.636055492,11862072.920313032,-1.9590726614192747e-08,0.0022283882851733,0.0001523205720818,5.957541147281566,1891.5881575251208,-480384.9191289948,-78381.3270769227,820.7485275259997,-2891.984445710188,14946.456569864704,0.8749862901160539
i_section,True,127.913059597269,115.30706655527594,17.84991650897667,22.60033389106009,6.650493158936301,8,6239.622486671723,0.6316184984770595,0.3940049900098877,14130486.253746817,4656118.864910307,-4.8976816535481865e-08,0.0022283882851733,0.0002132488009145,7.744803491466035,9791.302657668495,-1169554.02292319,-23148.275455596286,-2660.900270710795,3494.4134148891862,-27316.41135835738,0.9831464411994715
i_section,True,195.41374698430803,145.31556023357587,12.933622343796248,22.76491866299982,16.220155319540687,8,7851.386074797788,0.5100610483624399,0.5084465074418726,42122889.83594644,6836494.978614669,2.938608992128912e-07,0.0026740659422079,0.0001066244004572,6.195842793172829,26970.965245355455,-167013.76991381432,-158937.19347656865,-1556.1169804073359,-4599.623161504244,-47845.716292881334,0.9327854114000212
i_section,True,323.9601280782904,264.928478228667,16.75294893522961,14.861371113082566,17.990734194602567,8,13479.564649720938,0.5897212267593361,0.3308371420276685,245698039.1894624,52039907.22574023,-1.8807097549625035e-06,0.0027854853564666,0.0001384732473471,5.4159464975286955,-22669.6230133169,466218.60293531354,31488.76626011211,468.34762695162846,-7994.2281165619315,39780.79442699559,0.8408041290654485
i_section,True,245.5202919738341,194.93069401439868,25.474372348182794,18.21768233826824,12.23735053151235,8,13608.604096354038,0.644290979146699,0.3006056243693336,133124784.6860428,31565511.534045644,3.227297939515657e-07,0.0027054053578736,0.000209332195536,6.716203493959195,-26706.120324703617,-1241344.0055186537,47359.72647939944,-28.396795753149018,10422.789893377414,46430.568969546075,0.9643136087582965
i_section,True,375.6647668006702,193.5174773821172,28.958777236080472,16.515448452117592,8.144947297966432,8,16514.488348279763,0.5864770696919032,0.3520393558095135,383199183.72818387,35102990.771185115,-1.489522125930303e-06,0.0042204323582828,0.0001412992319868,4.513288747940579,43917.33285417779,1374494.9473997238,-112088.3823561734,-3095.1492623265603,864.5748561794613,13204.65285196425,0.8069586318957473
i_section,True,247.5143165544032,138.06599430914147,28.10948213210708,23.928524821152394,10.08510566557364,8,12429.32575741939,0.5815392342388839,0.4347851924913289,108666247.95730604,12567010.894829651,3.1814000484586513e-07,0.0034762857248703,0.000117286840503,8.674179910441959,-584.2569483319924,967534.7051198053,-259486.78541721666,-17760.305555896746,-12136.830878544954,-1699.364210790847,1.1816830259199778
i_section,True,382.0837748168681,91.65492456289188,27.277846234127217,29.058903266617932,9.405529350717652,8,14596.169437502394,0.4511101834880499,0.6914846568716618,244806350.66863889,4192214.815553679,4.544857212083788e-07,0.0048668000148185,7.037210430180256e-05,12.143851874618742,-84514.12733624554,-3828381.7063256972,498679.9710725379,12612.200242581988,5451.360772723215,100565.00429555913,1.1717283547832729
i_section,True,380.8678514863683,172.81568715548917,9.230558975555368,9.233903807725492,14.168960534466615,8,6714.412970189549,0.4385727847363607,0.5001916548639929,152435386.97684804,7976139.326710584,-1.1440303181545789e-07,0.0050879474074919,4.226548584366261e-05,11.781965088755104,50748.33589554336,-2566108.240419275,-84301.32471304882,-97.01613261625974,6440.691184023328,43593.61700329394,1.101550109005067
i_section,True,369.58368122801585,232.7111874810272,19.21685265210224,18.630198270509403,15.324270254598911,8,15321.101519593449,0.5265205796419612,0.4163458503594544,336596517.43317485,40577261.48282477,7.88895051881605e-07,0.0032464864294483,9.419948799123298e-05,3.761073956617149,31603.890830118078,1980099.4896483521,-160375.36539542946,-1791.5223346237105,6496.015895445575,-41737.6049664034,1.0969414994275453
i_section,True,356.20582765734315,158.9699799256174,21.784600080051757,20.52365943641206,16.386850668893203,8,13580.211899961794,0.4876231500276709,0.5049095873239683,251722781.13694733,14860372.955772402,-1.5548195725549798e-06,0.0058401600177822,4.222326258108153e-05,10.929466687156868,-11264.922298079915,6275004.120406063,-919421.2772075328,15187.383928811885,18401.34193835825,-26013.647447388892,0.9944411448180239
i_section,True,286.67957581380836,61.619823503186325,14.755131955571438,23.485534138538313,12.6871840750928,8,8000.582439220535,0.4937886606378251,0.755773352424678,69185768.50712936,884329.2167169054,-1.1440303181545789e-07,0.0025439737037459,2.5359291506197567e-05,14.138358106506123,8140.023661852195,-2366333.145876538,-313207.66730828944,-3277.472654097948,2930.357721375258,-50988.85953949832,1.1905727058429427
i_section,True,274.59270742976867,209.85077194217527,26.5964608127611,20.894921333845716,12.111434689777262,8,15918.48164484627,0.6210668890287372,0.3273088910910253,192698330.50658864,41155834.995540984,-6.52371848624467e-07,0.0064241760195604,5.489024135540599e-05,12.022413355872557,-95005.18087988703,-4205165.7625516765,611295.897159455,4544.46643574466,23357.65375336136,-121653.39738246908,1.0854993849582848
i_section,True,195.155871388339,204.91118428082095,27.42740193982383,28.311551372619427,8.80154087056939,8,15281.039405870844,0.6611741249482007,0.3042198348741086,86594722.22028825,39613999.64537067,-6.342504083848986e-07,0.0051393408156484,6.037926549094659e-05,16.831378698221577,-103854.4526023623,5632809.96207768,977950.6327487644,-4709.892703167397,16772.436913729525,13381.795152284336,0.9311694374874017
i_section,True,320.49004644180184,110.67328400553212,28.04600989408418,27.49413454267949,19.21270385176314,8,13803.853042291688,0.5101875371332513,0.5928762071853722,180825650.7886726,6906141.008995149,-2.7685533699340805e-07,0.0046254067340835,6.037926549094659e-05,23.56393017751021,-165489.38736484718,13182298.64866347,-42166.07493482006,-4593.77423091756,-47866.57095654453,27528.183178560677,1.018865251458689
i_section,True,398.3035389403591,90.00332325993428,21.181539733625954,17.544029748948873,9.411660759233293,8,10135.814717046787,0.3891470069156927,0.6421972757429341,204060832.0524636,2743607.640125942,-1.238128049950843e-07,0.0023506317022612,2.5714321587284337e-05,24.702539283687504,-79930.68336435147,3251744.902032664,-737028.1976309993,18144.058182173223,27812.412852614136,-126618.86293873537,1.0779084777541519
i_section,True,173.44684255220585,224.93677936649928,22.87783882205345,22.539706849029237,8.077705483215318,8,13227.98272166332,0.6834817931089614,0.2416132655499055,62914966.07931744,43527456.06458505,-4.5761212726183153e-08,0.0038159605556189,3.296707895805684e-05,16.96602972780735,-150850.4574212695,-1664750.1349011268,-262725.5980467699,16277.155389447415,1805.3674046387205,-228277.85917076794,0.9377285046365921
i_section,True,143.45756737561814,72.14685809553762,11.330611288835572,13.265842863415086,18.366675980276423,8,3535.8437597330635,0.5686310896167093,0.5195018862026477,10048553.29999317,771340.0265454458,-2.5553827759766322e-08,0.0024202104006481,8.98561253546064e-06,9.393140562622175,9836.105904680666,-730465.0944964113,-8050.8607046633015,-40.426259198480416,2510.416952320851,-2217.747322777949,0.8913546156805169
i_section,True,152.3203236183877,161.17623885752732,26.787204520754557,19.142321005282568,15.574362900254558,8,10739.742944599093,0.7289238298483207,0.250994797057215,36523415.486581005,18789590.54433585,1.0101277796801745e-07,0.0020168420005401,8.640012053327537e-06,37.5725622504887,190703.32250046032,-4164189.2848021113,670631.1567947603,20381.995724225264,41390.99800276231,10086.992687692187,1.119299054191802
i_section,True,342.0428226339295,193.17206814121275,17.106701078583953,26.15812632788734,8.19484020582788,8,14720.727373831063,0.426388293577894,0.5473618076034936,239572310.87275812,21024273.402207255,-1.0400275619587078e-06,0.0033580452889446,2.1428601322736947e-05,17.644670916919647,98195.96664118096,4788493.79910974,-330374.02606176335,-3362.0019970629073,36794.04962033237,-385972.0889451077,1.1524102825036773
i_section,True,183.69772958214952,231.89190044901244,23.170735357580664,15.870534754277678,6.678687622334559,8,12965.59122971392,0.7097622872541322,0.1926254298606132,73315722.71166039,48204783.69727301,-1.1428874307238547e-06,0.0036669854555275,1.2342874361896482e-05,28.901970961914383,130112.19383412349,3531455.9402954956,817008.8534403649,-15351.831783882599,-26775.25052480382,-183665.93259149807,1.1003430618869585
i_section,True,321.86112368787633,249.33049490964677,27.982234828807307,15.41593779874868,7.1308590195833945,8,18097.681791946405,0.6568459316094473,0.2519414709775681,327113020.7287959,72371705.26500668,5.777930899770599e-07,0.0028207580427135,2.0571457269827472e-05,22.232285355318755,-140732.69680941614,-15584509.025210634,1194584.1052598008,37509.32002768253,-42143.75437556279,-99664.46233281065,1.1436677462469167
i_section,True,166.33678223146535,211.96021119572185,16.435902606954034,13.434480499693194,16.48801132885566,8,9001.058980849397,0.6960260577728669,0.2237150727686426,42915381.194590986,26141650.19047963,-1.32278637815261e-07,0.0024202104006481,6.91200964266203e-06,18.78628112524435,-89861.57317387687,5058126.606767942,460725.2507896216,-2611.7985695223797,15352.01506689593,3787.1276463638096,1.1526346419197597
i_section,True,157.7867167550541,198.26534364915344,8.73613648053615,25.24425190850818,11.648948130570057,8,7126.332322159961,0.4932047936040674,0.4331907535094829,25621172.29077815,11564442.248015516,1.2597965506215333e-07,0.0025412209206806,6.469641025531661e-06,6.105541365704414,16610.891834959042,-701968.9085324603,52873.95783400852,-405.36424017247657,3462.8527791491656,-26558.70203486906,0.8378789733394252
i_section,True,289.88399543685614,51.54700016721315,13.9683834119947,9.65086478114881,7.977471621799323,8,4024.3766032805065,0.3767854308624788,0.651715604360698,42825729.45831835,341102.38209233206,3.4781025008324863e-09,0.0041838661238085,2.2824893538075697e-06,7.314926999423146,9867.84227917625,22136.416097742564,-75897.57631447286,959.8952989859434,-3162.633592424449,-14279.346508675098,1.1446521530328084
i_section,True,389.59295261124305,292.9681539953246,21.844175671779823,23.612708079785143,9.822956481050864,8,21052.405807942356,0.5344056452574287,0.3906780976912665,517177905.18236226,91943964.67565134,-3.5083596423407076e-06,0.0030527684444951,4.2857202645473894e-05,22.055838646149557,-20842.045284898173,16417671.023353685,-2423808.974348169,17418.864130451744,-50355.88936841724,342590.9734705536,0.9043544290925062
i_section,True,181.8875541214597,73.17315177688286,24.942532905328765,18.320973714960797,18.40678618957054,8,6368.408967185736,0.6251220463963012,0.5037615721157437,27327978.022825852,1753580.109681918,-1.9477374004661924e-08,0.0029884758027203,2.853111692259462e-06,6.095772499519288,-14362.039679238971,-1076716.8778532355,-15868.197969745495,2532.322317588856,-1894.5740999846473,31088.384646140235,1.0121395932729635
i_section,True,187.7064539488499,244.19072328391655,19.894584327709204,17.318672373655893,15.019868970872396,8,12477.463629012003,0.6906730254256638,0.2260286875747928,74389750.30499302,48375255.71984944,-6.092834226642324e-07,0.0036303156009722,8.087051281914576e-06,4.696570281311088,-13822.551068092485,1899587.4271646906,259236.51180025455,650.2375339860486,-4085.6403387580112,54496.26849625473,1.0409853154740951
i_section,True,326.58762868588383,159.0014216581671,26.347094555039064,16.21448955138205,17.006943595404785,8,13075.3825032841,0.5829833223216474,0.3870580316560768,221599681.78505072,17788399.07921951,-2.726832360652669e-07,0.0021346255733717,2.037936923042473e-06,7.619715624399109,-38538.225257612496,-4176258.0998008256,558432.8963763063,2358.8790644950304,-14211.557888182355,-62550.31799808511,1.1182597807634296
i_section,True,127.95031251304096,250.17330866479065,26.96846089421639,17.199689408476154,15.527571914645398,8,14979.893211717104,0.7863256216247212,0.12702813584256,36039507.839975365,70441238.9760725,-3.4358087744223634e-07,0.0017788546444764,4.075873846084946e-06,9.524644530498886,36831.774016417425,-1437542.444043428,222232.21372694164,12055.926448885853,7050.628462772382,95126.17194308857,1.0574872466595215
i_section,True,140.29749045076807,169.46003199469715,18.94032468360504,18.5679346796096,7.810087497807517,8,8374.890150272671,0.6805588635235771,0.2595916232819183,25621132.551356323,15423017.758771082,6.18329333481331e-08,0.0037654795114276,1.1868944639799364e-06,9.73616783623221,19712.430886377286,-872856.9367662887,-139119.40224887102,-352.6127454588976,-5875.307549764447,40957.13097642013,0.865471571208016
i_section,True,339.9257503161141,286.8686202518366,13.751150679675664,19.680242943265657,9.311227359789948,8,14114.819787146704,0.4947613250627307,0.4145299080519109,261800507.2654961,54314610.85922932,-1.1544317482059139e-07,0.0040336840010803,1.7280024106655075e-05,37.5725622504887,-201059.11173465475,11531404.943199875,-235898.20393150966,-36702.18151413873,-11835.240778548732,446913.00080319046,0.9684347355750514
i_section,True,179.84914615377647,168.38119687569286,9.704589720438136,26.63414537490479,15.349920322893034,8,7749.776955285724,0.4715928485784856,0.5262845480562964,34073482.320682086,8034943.279189567,-1.7566174246628718e-07,0.0041420274625704,1.4242733567759237e-06,12.657018187101874,-33507.85428853568,1580212.1515443162,-52747.123981895005,5786.797289385133,-13969.878998173714,-45988.035418257154,0.9809510077801655
i_section,True,366.6060121665474,149.21163267350173,9.504371433551691,8.695067382820282,19.37885374418392,8,6190.950050998907,0.4515886716333853,0.5004828977378836,130413418.20985612,5311553.261976581,-1.514121416544428e-07,0.0061509107819171,7.178337718150653e-07,28.193508011769428,25402.27449178415,3694157.201126785,512881.3818887344,10692.187337830184,5160.836848409015,121326.54209059884,0.8945564558883811
i_section,True,268.71510133420566,223.93717480531032,20.68327864656962,18.612275432159727,8.996751826105822,8,13566.59323639359,0.5980865510108272,0.3288655937507621,161921183.9118106,38843700.933363214,1.3355913603196749e-06,0.0020919330619042,2.967236159949841e-06,8.046419699365462,79831.16686977317,2158071.256663967,-496881.7303926489,-7286.110397729268,-7557.388787456368,120446.35305748924,1.176163624446788
i_section,True,139.59760589643668,152.3446340860529,19.34443472077446,16.5225594773692,7.567114679268817,8,7611.971660026009,0.6841971482212037,0.260958152382065,23027151.531224377,11442599.896035727,1.990833081284588e-07,0.0024852164775422,1.993982699486293e-06,11.391316368391688,4257.90203719455,3871484.2144112224,-65178.477106785285,6853.393970250955,392.52649900796484,-30284.854444162385,1.142198066645759
i_section,True,153.6854366858284,97.28598542610312,23.42379444334194,10.2032084622442,18.96091604628072,8,5965.769275563013,0.7200419852786747,0.2759630262401087,21349991.639459196,3636595.967590075,-2.9572683916883355e-08,0.0049207286255337,1.076750657722598e-06,16.916104807061657,64678.5623533159,-1573053.149332124,-72251.1916227009,7844.090532289727,-4677.682183207715,69616.04896520656,1.0774629566516152
i_section,True,122.3507832505078,162.24863877832706,19.861851334732584,15.110916504265935,10.36141441558911,8,7788.668770945326,0.7313049131440785,0.2063161818172148,17991603.048387006,14172245.504622169,-2.2748218397602585e-08,0.0063969472131938,1.615125986583897e-06,10.149662884236994,6570.070917259496,325233.20724639675,-203142.91999134142,-1166.5429639919957,7039.415425022092,23738.694457472997,0.9897682808152124
i_section,True,202.76170409481037,83.78229918874953,11.213033174549889,21.32295409330172,10.42607942599527,8,5820.366339306945,0.4330907512094712,0.674616610433875,28417091.841735307,1261502.438091923,0.0,0.0038381683279163,2.4872940193392014e-06,10.048166255394625,451.4334433521633,-1123421.1380985256,-152536.02516611325,7263.359644540851,2791.533062649841,-25149.97704482212,1.0783360849625419
i_section,True,285.9742937304759,192.6009133415811,17.265240632532134,18.7207620427432,10.24936653047112,8,11450.7600427678,0.5238937033998886,0.4240615368973201,146432263.4279542,20709285.517548323,-1.1355910624083209e-07,0.0041006071879447,1.1963896196917756e-06,18.795672007846285,16291.420595038235,6675715.788679608,921724.7460356661,6049.6295503311085,-47166.32521717633,11303.892479389608,1.0457108272066025
i_section,True,126.17098801681028,189.45816933445985,28.36097145473099,17.582902454552496,16.0946614779346,8,12196.724076063729,0.781708502693344,0.1698251830863883,27136712.988652375,32213965.1794205,1.9163099178140417e-07,0.0027337381252965,9.969913497431465e-07,17.08697455258753,81163.28821155852,-5426817.030507385,-25589.24533495615,-6246.124900215207,3853.5796743282435,-92593.9647515561,1.1467984053884974
i_section,True,315.054901677849,202.72279208721116,25.53834868251587,24.80637966722815,11.500698027669326,8,17019.77095534852,0.5520021381689787,0.4164004585535923,257524617.1018892,35823640.026545204,0.0,0.0012706104603403,5.822676922978495e-06,7.326649638845296,-71017.47432886374,210758.4574191676,-871582.1268395716,2977.033717884462,-24789.022045002126,-32077.386151210383,1.153292812003702
i_section,True,103.64530916455756,66.38162413808212,15.4810063880072,17.341480321511547,15.34729910879973,8,3524.128154916074,0.6784508708341719,0.4873190205695705,4816589.886436157,818985.2097531275,8.724387945606951e-09,0.0058378540267606,1.566995232183697e-06,3.617339851942064,-762.8455376639664,-302638.4566466537,8524.535631602066,228.61485976975703,2649.912286208553,-1100.637452442678,1.0714959162748234
i_section,True,235.58721937094617,82.50817957175967,14.673192700950748,16.029344418606883,15.019040580920231,8,5926.786936188941,0.4628746519461456,0.597829622730365,43288947.22953679,1472167.8164249258,9.721460853676317e-08,0.004490656943662,1.1192823087026407e-06,3.617339851942064,-5466.05586536053,83080.26674713143,66120.75579625004,-481.2832291173789,-2321.0922612218583,-1224.1648380539766,0.8296765468131243
i_section,True,170.00760105158457,173.68712713395593,14.293213804485092,29.71399175987303,14.173457576404378,8,9345.008099972292,0.5550679943230558,0.4516604349617892,37996029.77395866,12850556.4201863,1.364893103856155e-07,0.0038381683279163,2.4872940193392014e-06,16.74694375899104,-33904.34663064772,-1721678.732577997,-695613.0197786195,-11851.174842665094,4293.3507016022295,-148977.59670479564,0.8209807414189834
i_section,True,277.73029460508496,263.0428006436998,17.445213426221432,8.8133827798015,10.8695379673844,8,11422.441644913071,0.6871605703205705,0.2007852251167614,167672819.27107352,52937370.8800008,-5.45957241542462e-07,0.0076763366558326,1.7766385852422867e-06,15.22449432635549,39198.53383861673,-3553610.796906124,231353.4451486703,3468.677956367224,-17285.756853275772,-73543.72682108988,1.0740397168005262
i_section,True,244.36192941518752,284.2749786280599,16.755794105185494,25.56662123219763,10.881903989278952,8,15022.0001412644,0.5711490051121919,0.3397057268319863,144684476.59677926,64473374.355794944,-7.419952001775972e-08,0.0031378995928564,2.3737889279598728e-06,8.851061669302009,15086.697031548778,-6436124.685673206,682562.1661198098,-12833.66566719385,14292.295154361866,-25538.956679024872,1.0560417462374305
i_section,True,145.0018544732846,107.90292718656131,14.759178032736898,23.059038231180914,17.376254851581272,8,6115.17873647394,0.5995570079471989,0.4982727741315182,17300573.84848523,3275428.906469112,4.909828713977937e-08,0.0077059673153241,1.0968966625285875e-06,3.3424220231944677,5563.365847980922,-240500.60505877968,-50181.135650408694,2103.796496141834,-962.0080241819355,26882.356110479926,0.9393824610783693
i_section,True,237.29016947144632,121.36559711543424,16.17514987039865,21.635835803522493,14.714574459482638,8,8551.8144105385,0.4860964969210952,0.5528441637728962,65478452.780662656,5032263.693170219,-1.8128598328533922e-08,0.0064216394294367,1.566995232183697e-06,4.340807822330477,-3987.7853397965387,848641.6754702105,-3719.607225330123,2610.393540422404,7438.753479917782,-3013.018637751234,0.881419544424754
i_section,True,109.029050386123,257.4518728829669,10.663518238697154,25.87678843349774,16.15624463916758,8,7991.061896619458,0.6654198505008024,0.2173080212972859,15163316.759724958,30520202.198937707,3.147326098703806e-08,0.0046235803891944,7.678276637700113e-07,4.010906427833361,-550.7746700439218,916464.1479790603,-128130.01238649414,-2569.8252363325714,1263.1807534765906,-1218.8189042949684,0.9733902861155151
i_section,True,103.6792659389586,53.58045366915166,19.92965392537505,25.035893419773014,13.830252162063909,8,3902.692557337696,0.7425694667325183,0.6191157893403912,4499127.610049681,637134.5266217205,3.973896589272482e-09,0.010985627004726,3.9927038516040593e-07,6.257014027420043,-7548.313190038695,-145397.4431679633,-51559.66784377546,220.35405207889553,2137.201300560569,14219.174861724046,0.9233836672886447
i_section,True,170.88098827118296,144.67828765544994,25.797304512397872,26.48736036643203,15.66179529505446,8,10841.212382066751,0.6669336191560751,0.3754849674905877,44126189.07195244,13268689.842633666,1.0499177721970423e-07,0.0049896188262911,1.2436470096696007e-06,6.028899753236774,-16597.145681266666,-1730267.9563373276,-19413.997067798722,-4830.876832828987,-390.13127818765446,-33809.969418624314,0.8272262577978615
i_section,True,122.01038041007672,98.54648438279987,19.862245633357983,13.797385952136311,7.038135637050779,8,5093.863399185138,0.687114995193328,0.3009048665864278,11049661.848373974,3189370.575556993,5.0021075948884393e-08,0.0157094466167582,2.2359141568982737e-07,1.8771042082260128,-1595.3334420709339,269951.76578179095,-17893.659678820935,-632.8184900532945,686.7549087721623,2241.8084985643245,1.1081263112579218
i_section,True,381.8797743246925,176.35073570345517,25.61545932055188,19.668719999096325,18.42004775889766,8,15838.229384749346,0.5298606642573784,0.4490658783367363,354220448.81340444,23686913.27554655,1.450287866282714e-06,0.0096324591441551,1.0968966625285875e-06,4.774888604563525,5505.463658118874,-90125.6894416064,185447.018896662,-4675.124478669332,11589.75549955514,-45333.281906510296,0.8516314251678936
i_section,True,168.37496501009144,106.28507248266452,28.52647077018863,28.344303452860448,14.908894252665595,8,9415.869585946695,0.6672158480923303,0.4659166931955782,33857381.12502132,5981948.417887913,4.816844350633312e-09,0.0120841897051986,3.194163081283248e-07,3.1285070137100215,-3567.3191024018815,-183001.7465271407,-29803.127150489945,-3187.2033900740535,4681.318238068928,-13476.07466180989,1.1050914104952798
i_section,True,342.31540290867724,153.6650314277694,22.040144223925186,16.730273201301447,15.52618340878663,8,11976.423401937162,0.5230858945412599,0.4530384329658322,215481571.3236634,13477217.487481542,-1.0491086995679355e-06,0.00998693364066,3.9927038516040593e-07,5.2141783561833694,-40685.05420129514,998930.1073121524,-109282.97643925846,-1269.4240765605216,-5311.269530264407,-47152.8606083922,0.930497246179544
i_section,True,377.463202145526,152.74720755967238,11.5095863159679,22.1756731156326,18.61059840050674,8,11682.571388150813,0.3446245252627004,0.6629625806648262,209222014.22221732,7234439.548852909,2.1614045163098194e-07,0.0075405343760439,2.4147872894501354e-07,1.3139729457582088,6534.439213052144,-136872.71607407348,-16474.894643983356,1208.5681851481459,-1236.8417518681958,1519.7999358606266,0.9295685931419551
i_section,True,286.4755634204223,236.1802635214676,19.62723710582971,18.64924446335869,11.764712000021284,8,14004.06950562107,0.585584066779794,0.3427998459425159,190615929.1897606,43248073.507168844,1.1486321143817896e-06,0.0125675572934066,2.683096988277928e-07,1.8771042082260128,-2505.6808401096364,-149520.83664756813,-209003.0148212591,-273.093497761898,-4205.582891433891,22301.709616067794,1.1665785257965393
i_section,True,213.88948992318865,97.69415407602536,11.962335659051828,20.347393792756417,18.129339703718664,8,6493.368738853711,0.4657849924307611,0.621893354030466,37881207.68045993,2055355.669748324,1.471497323922201e-07,0.006724648556556,1.369184393118227e-07,1.0301547894744356,-2948.579697693167,-135161.09895596994,-11846.414782524644,313.6818311313913,-204.4788705617887,-4755.363293625137,1.0846438018131694
i_section,True,102.84620348615276,237.56908638873583,28.519486384344052,26.687454744390376,17.787519366287924,8,15053.09264111952,0.8127729246614814,0.1425920725125668,19950142.86005722,63892933.5176413,1.6785739193086968e-07,0.0069353705837917,6.142621310160091e-07,5.2141783561833694,-17035.868696005175,-42399.89085470213,-80073.31851547759,1380.8122616058884,-3355.7814788631185,29115.612741844474,0.8177253171580525
i_section,True,272.5993461909909,160.3154840843981,17.827217336878746,15.140780535737402,11.316256768485427,8,9416.782363787264,0.5470761112094331,0.4076411317905432,111212281.70023195,12322918.77084766,-7.876838616289429e-07,0.007389723688523,1.521315992353585e-07,1.051178356606567,-5483.777849717555,-249737.13499281128,4429.607486748594,162.53433408100315,-434.7735160891089,-1590.4753962200186,0.8725826568844491
i_section,True,153.6585746027681,282.44887986708886,12.696828082585215,12.59430472016555,13.3229922145386,8,8944.854563359891,0.7040923073519093,0.1742847111359945,38527703.24414014,47719062.46886808,4.163471840038698e-07,0.0051728065819661,1.521315992353585e-07,0.7358248496245969,1546.4097208621213,-114574.36317832406,3907.882647532809,111.42023013380155,-344.7912909345072,-2325.8756159630243,0.8147437221864131
i_section,True,255.96300376145467,235.0346872694145,9.5803381724953,13.718181733313791,19.93563228349383,8,8103.529507770582,0.5294364694193017,0.3938231994560124,88122812.27576214,20833089.787795756,-6.924693289045653e-08,0.010086972834834,1.369184393118227e-07,1.44221670526421,760.1424912431593,139317.38518999863,25116.517742243104,385.40282484656706,17.566630700180028,16345.343979976771,1.0437891476410344
i_section,True,153.35001714459014,149.2831173500323,13.23363348970707,13.147629980035813,13.404469421621611,8,5778.2875361368,0.633114447083277,0.3165527545042873,22269230.031671073,7377524.496470109,-8.335278959036434e-08,0.0090782755513506,1.643021271741872e-07,1.44221670526421,-5570.554938398529,7500.402316439089,-17746.229852128305,886.3376990761373,-735.0159046976751,1755.2792490861175,1.0343915303744735
i_section,True,345.6867233618717,276.07664206167846,27.54188136174918,9.98167372219029,16.00152219631185,8,18334.572249694495,0.7112954199586624,0.1827260018246519,410730142.9487589,96632954.23226064,5.293235550146496e-07,0.0052783740632307,2.1733085605051218e-07,1.051178356606567,5418.108588805995,-119532.60847597061,-10882.515069062172,-247.5099084028906,-1570.5519452690921,-10152.091553502436,0.9328318563063125
i_section,True,179.91847312996157,176.73837620840015,8.845493308696605,14.44129704004606,11.811958813267731,8,5592.887976838327,0.5247080360470585,0.4026083879719773,28794588.85216685,8192336.484785701,-3.5948379936155203e-08,0.0129536098187111,3.105310203592138e-08,0.7424531598700154,-1576.704924097033,346.7660762450601,3158.698529786224,-343.0668951105564,978.791825028188,357.4143601965111,1.1452412917017483
i_section,True,159.26417720031682,229.17840853127444,29.149130367053385,26.592190501904373,10.869266964218484,8,16150.127629284114,0.7321406058113423,0.213213116269026,60017167.75024517,58663068.26290389,-7.553582636889135e-07,0.00832244470055,7.985407703208119e-07,5.2141783561833694,27800.80921833233,1918335.0204610657,-173368.580404586,-1772.0335636076386,-6413.328047516149,21277.00880322243,0.9814343833362371
i_section,True,151.24201667582838,278.72546964604834,12.850760458440464,12.510102982541945,7.994601554098203,8,8790.73787087774,0.701285744733711,0.1677217203635206,36671357.788802944,46401827.03063879,-5.636705973989136e-07,0.0115657230524206,6.900689341315862e-08,0.5624645150530418,-1013.2638297895128,-67975.20700582134,9468.8054194321,208.90444014401,257.8733220927195,1125.614655214611,0.8087596653617435
i_section,True,150.88921786955729,171.60446024232613,15.64247651137432,15.945729769839051,17.281146695487585,8,7540.021897818919,0.6690916479225744,0.2876233877678719,27761019.523888767,13255492.582137782,1.7282874969305385e-08,0.0101038156585947,2.4221419588018683e-08,0.8909437918440184,-1624.3502475243733,108252.44959966817,15689.757129261528,211.25021658759215,-527.0170276321287,3303.930183104663,0.8150813245815955
i_section,True,106.63462079057324,77.48462577699317,24.72723467026473,13.274652920267377,15.98534197732565,8,4817.077899331802,0.7629458266350067,0.3195522254601114,6971968.179448569,1954393.740616291,6.172455346180495e-09,0.0070726709610162,2.9065703505622413e-08,0.534566275106411,-114.41348794507587,236.31752564361418,13733.215305375152,-294.37983443476816,257.5572361175396,-1977.3998940445185,1.083621361125856
i_section,True,332.4262021367981,181.78326595808133,12.756466136920508,15.815048323532285,8.27246883512341,8,9552.216151132803,0.4382075892577576,0.5057356252025109,158038367.02056968,12878595.16292837,-5.284411850614815e-07,0.0092525784419365,3.450344670657931e-08,0.6187109665583461,-855.9547595832199,205069.70507467547,-11846.599775455286,-427.6933671320896,-708.7025023890166,-4521.119359252676,1.1123480865009565
i_section,True,285.06557627010335,147.18381925816666,19.027273448926316,19.544159599490747,19.74603944573544,8,10773.58913688309,0.519368115400361,0.4871151988541343,128710978.98697431,10340173.633335222,-5.6367059739891366e-08,0.0165224615034581,4.929063815225616e-08,1.1249290301060837,-3028.2836308393253,444726.27468072943,21719.312239824972,-1392.9647776645506,-2028.3628784877008,5604.42248166334,1.1800110459728366
i_section,True,146.15244178268333,132.77053431068785,8.729290989982434,17.05025267726419,17.4299550152681,8,4781.024996829389,0.5336252557481322,0.4687889584549752,14970015.470233869,3503280.217592722,0.0,0.0193635585570704,1.5821043732180392e-08,0.363718893582402,-449.76393439343263,38322.52261905179,6382.468339826351,66.22574086562105,-17.34384846781984,-1111.2412323048425,1.1056975417733332
i_section,True,234.33071917098536,116.54614004122658,18.070412710855855,29.78152617951562,13.681998489876507,8,10280.085765325202,0.4952037432003048,0.6137504576485313,70209744.11429684,5258819.2610949855,-2.468982138472198e-07,0.0063654038649146,3.487884420674689e-08,0.6414795301276931,2864.1776887301294,-178568.5946248303,-3366.368618063946,-183.32900055704258,-4.846335649874346,-3461.9003873076826,0.9570375939671537
i_section,True,360.61011940509377,60.35823704990366,12.89465818082598,29.321524859351857,16.146552133006217,8,11604.707126176454,0.6244297471202436,0.7998086446241776,144973499.53517717,1255746.729409285,4.2204822879866634e-07,0.0099300300292668,4.3947343700501095e-08,0.5773315771149238,-850.2081525707737,-82635.27719526117,16495.73482869653,101.12876331908733,694.5533585174145,-485.0113505608454,0.9931543397583228
i_section,True,158.81548722338206,53.899095026626085,21.67709492046644,19.179329725990417,13.151334653207584,8,4704.238680307876,0.6162664243135586,0.6015604312727252,13997904.391243936,658809.4288239634,1.7396073585995464e-08,0.0083650572966544,1.1865782799135294e-08,0.4681062160405514,-637.9613238202676,-32209.115283365867,4546.405478953203,-90.05713599210031,246.5985064314939,1661.3741124823778,1.0774314845765156
i_section,True,185.9788065789008,140.78832035718943,23.61864064551483,14.58946615179624,6.105734788864378,8,8707.604150011512,0.6630530080218242,0.2834150476753349,47536476.78086722,11023525.20739724,-1.447353322354823e-07,0.010456321620818,2.3731565598270588e-08,0.4255511054914103,-204.91316823689309,-106852.83538236054,7153.5747204709805,83.60495610909373,214.9141612967202,3289.377515528777,0.9068608115045909
i_section,True,330.79035146340914,232.38630356177111,18.192839034276624,29.57207533402003,12.236635786060202,8,17294.162226536184,0.4653958436697963,0.5006356160975505,272442828.3357582,38728398.69404598,-3.3538400545235356e-06,0.0118017582167557,9.858127630451232e-08,1.8748817168434728,3401.3722672639983,229345.5160816248,66134.9887630913,3121.655619103054,-4786.358408521007,18406.262718845133,1.1354592996851725
i_section,True,225.03771983618893,214.94414407699767,26.224673650474152,17.066911288425096,19.686515946682384,8,14562.106557949292,0.6945424014897195,0.2481415289785251,121660321.726277,43539136.120793514,1.8757699057718506e-07,0.0148950450439003,2.6368406220300652e-08,0.5195984194034314,-1308.0800323464439,72032.55396225338,32004.222358003433,174.52039342616516,-790.5898611816298,-6203.75879134706,1.0547704148940098
i_section,True,200.65716407404025,53.41834459728105,8.983550994307151,9.109960501373196,19.560700988868277,8,2962.5795637396095,0.4660795250123102,0.5957391125963076,16011360.2584277,272047.9418607586,-3.865794130221214e-09,0.0150571031339779,3.559734839740588e-09,0.4259766565969017,-480.3591503269986,-21303.972937665134,45.16032533557694,49.554892584620454,-148.51119176872166,-744.3488894100346,0.8706357596060339
i_section,True,219.55865661982403,262.17634426838475,9.948968438517962,20.616692553334907,6.211569727711112,8,9367.247199572686,0.4993646112705577,0.3803602520078663,71349613.10374069,30032381.658818163,-4.4070053084521843e-07,0.0100380687559853,5.932891399567647e-09,0.6553487024567719,-226.29742651597064,6667.534310384994,36565.20434882838,531.4412696759453,-257.0060210228212,-6300.6982977048465,1.0683887620432277
i_section,True,166.56074972295096,171.93221211865642,17.0033351407138,14.79345560828974,15.359842818808977,8,8016.49921715294,0.666870931147194,0.2800950163632228,36531329.26991574,14465424.287398765,9.277905912530914e-08,0.0100380687559853,5.932891399567647e-09,0.3276743512283859,-826.6690365619787,-58611.73061892213,-7162.731633668947,-0.3810600497988074,-301.4813656457229,1496.3219176652558,1.1242680740685391
i_section,True,258.28863417044056,234.62847630663947,13.625221901170018,29.756102394478383,11.452712981817808,8,13384.568418184424,0.4646411503074183,0.4838316331348115,127842020.62879696,29874819.30493534,2.532289372791998e-07,0.008275025024389,3.1390959786072214e-08,0.3848877180766158,734.8052829275343,-134533.18192801796,13556.36197987376,374.7193050479665,-370.66893386398027,-3107.676315988982,0.89424877397987
i_section,True,235.4533597566334,126.63219002539404,15.294279024043275,19.79940721772104,7.718259711213633,8,7982.401076681458,0.4684580645120965,0.5297363706769225,61733341.337816894,5315975.155410643,3.865794130221214e-08,0.0075285515669889,3.559734839740588e-09,0.511171987916282,1020.680462704223,-40510.19283695268,14565.11655175586,-42.42108879280364,552.6644654642175,3710.352054309762,0.9378895108330473
i_section,True,344.5209284395718,195.9477039778919,20.964768582678538,29.866855256811764,6.989401118804467,8,17296.669283592375,0.4511628555862304,0.5331643496946109,285256829.9684942,26971795.452674534,3.206444283370684e-07,0.0174272027013633,1.5821043732180392e-08,0.3273470042241618,-3306.8527844947444,-91716.0897775276,-7319.251295149477,236.13971303241624,35.73619225175768,-8096.853238091695,0.8939433038142036
i_section,True,291.415846193519,288.69362547021035,28.877765207612587,12.671483844131163,18.56881117138836,8,19939.523992574555,0.7231400300075068,0.1774895678591254,305814714.02085984,115881677.98279746,-1.161409197937322e-06,0.0168396927643245,4.03690326466978e-08,0.7424531598700154,635.4528646764901,137526.74290395,-31201.362051730743,283.0143124910017,-1186.8033743788683,-5968.615029763952,0.9144213105198638
i_section,True,355.4422515268351,86.39547049578695,8.606467555879547,21.35437859561258,19.527185732878117,8,9047.144969234398,0.3535825853092454,0.7619766597833397,122740636.92839432,1281428.8299918333,0.0,0.0027319607926289,2.309014884328052e-09,1.4727887315843913,2945.42833446528,474836.509063456,-10145.504617972461,58.75419535975303,362.3697776773565,14710.782119372678,0.9205805823043458
i_section,True,313.41674746049864,282.14513904039484,9.306274609385923,14.601698073400074,7.1223759421334885,8,9600.96180509378,0.4783213965782621,0.4116404611625325,153585445.55897987,34917266.98152085,2.4349925234449573e-07,0.0038247451096805,1.847211907462442e-09,2.061904224218148,-8264.968878034122,-839119.5230148603,87791.97792609903,2078.9269916651874,-1255.242770517118,993.1631593767843,1.1449075495526344
i_section,True,300.2105693706603,111.49374259034244,9.653389012056184,27.685284185507314,15.15553579440095,8,10132.694799636683,0.365878445589109,0.740819518524631,100402456.75753696,2789113.037815992,-1.0653092290071688e-08,0.0054639215852579,1.7761652956369635e-09,1.0519919511317082,-2120.2451157310616,94241.65294652345,29006.80583383246,222.3975755406712,-692.5531823259446,559.2248159864159,0.8839526425172195
i_section,True,314.3304273796706,104.98415132144932,25.149718367192133,20.617570624259635,14.101783898834356,8,10900.25436664577,0.4912423277486406,0.5560404680443387,145221969.7547772,5076421.385814333,1.932897065110607e-08,0.0060228412535911,4.2716818076887055e-09,0.766757981874423,6462.990261470315,108726.21684972898,7211.406582254218,-449.7994630503153,816.0906287250777,11095.068182142875,1.1236580246035035
i_section,True,391.0243076727092,112.0248707931419,21.26180439008849,18.879984763472173,12.851645140472844,8,11489.512091467572,0.4169689439949913,0.6019408213003525,233891309.3249944,5200558.061176082,-4.908944927265034e-07,0.0075887799795248,3.229391446612661e-09,0.7514228222369345,-4884.848117698628,232823.9696098768,-22787.00609179211,166.9983487170402,-4.4053907405472295,-5935.782015060244,1.1514945841427309
i_section,True,363.9183944133939,214.0673169164304,24.77067727437162,11.797381787958422,19.159813346045773,8,14638.78534778445,0.6401790526007742,0.2856602978083665,343633723.26599604,40580049.82325048,-3.016955736548302e-06,0.0045532679877149,1.6146957233063302e-09,0.7514228222369345,-3587.176403625629,125704.82497347616,-34868.91663606754,538.6121349678807,1745.0469355529783,5073.880801035816,1.1611525405427172
i_section,True,164.74367201731178,227.2783529049672,28.46754571268206,16.953860144801638,6.838001476103285,8,14809.252759525078,0.7466451203567882,0.1617577817195598,62835929.192021765,55750299.90211529,4.123513738902628e-07,0.0090342618803867,3.844513626919835e-09,0.5367305873120961,-1003.164186954558,179867.8891501779,-20390.06378489559,-292.1235094992854,428.4874020399512,-551.6444697146475,0.8762525338807474
i_section,True,227.8479188419004,233.1941715045379,11.065209443484644,24.94613301194915,11.166498176175375,8,10402.855523530572,0.4737577504470137,0.4504033955981104,79892814.42524704,23677813.68771163,7.609351635765491e-07,0.0038247451096805,2.21665428895493e-09,1.1546663655621627,-2824.921083432413,-419369.7386201235,-34383.23523723583,-182.17351351841623,1553.7930054132883,-7579.247293734659,1.008313650578427
i_section,True,183.1861698992786,138.95012969118153,8.59245095113323,12.111412482868134,8.074168832340439,8,4456.030170275963,0.4931369391429687,0.4454352629077941,23208787.50337568,3870180.465192172,-3.9632039769611935e-08,0.0022030531831759,1.946399798045545e-09,0.6546958292737463,207.54328050947584,89852.8302479277,4607.388257047242,233.32016752875342,-152.81800419488854,1143.4488377171936,0.9753897296706637
i_section,True,120.81838897996852,284.8539957642646,16.12380569305192,22.24814978113527,15.855974078538328,8,11378.822744552148,0.7310973161220068,0.1619633239095467,27028793.89541349,62244758.903075024,-2.8915536215908866e-07,0.0038247451096805,2.21665428895493e-09,1.6495233793745183,-5150.710735455682,-275287.5378974762,-28618.136064922,-868.3907382571227,-1413.7358537017753,-7632.770922433324,1.0700484317870649
i_section,True,321.21025328765984,150.4377075119168,25.020552100122092,18.695592109354756,17.39930585070139,8,12865.56929882009,0.548854121882797,0.4421076197654355,201207797.35075352,14395757.957112404,-1.0145802181020654e-06,0.0036717553052933,1.9861222429036176e-09,0.4364638861824975,2398.6843851130066,-189267.1662318452,6537.727932917095,306.0244234711532,381.4059482365837,-804.6447143494971,0.8583195841278953
i_section,True,123.97273153454574,263.108500688514,26.60636472570955,28.56651832117591,8.243298489737828,8,16082.205937812674,0.7648202898426014,0.1529096273238007,34919415.37837712,80921237.15192361,-1.3315513115206404e-06,0.0108411142564641,2.3067081761519007e-09,0.7514228222369345,7521.361327305762,-93588.31623622675,-23763.687350312226,751.6106991832845,458.8463938326337,4068.385013467313,0.9433059403593285
i_section,True,193.92944089807136,186.3900642224809,24.930254628009763,20.205823486207308,7.794580695585078,8,12258.285726137075,0.6652537154702274,0.2790918474046702,72139185.33943935,27012411.48540113,-7.926407953922387e-08,0.0044061063663519,2.780571140065064e-09,0.4364638861824975,-1798.2695410214753,51521.31893563981,2496.2992958263617,267.9501034654431,-393.33906089032973,2762.8058468766917,0.8809404263929614
i_section,True,379.8690781068544,145.3981494753871,16.616512038663856,29.5570074211228,14.16228152349905,8,15254.9904843859,0.3739280350166042,0.672660959063177,267234553.1229408,9317382.046500647,2.536450545255164e-07,0.0045896941316166,1.7733234311639443e-09,0.6927998193372976,3314.548939956643,-354733.53730514494,30756.18675080191,-658.7027587500943,581.5239402728898,12831.261952734125,1.0240099483238507
i_section,True,381.89206570241544,126.03322371563398,11.295504587274705,19.15409996321573,16.753504196786967,8,9977.62552055167,0.3311514423861202,0.6809763942223198,179509412.34733614,4026393.8875693423,-4.183381975681259e-07,0.0013218319099055,1.5765838364168915e-09,0.3142539980513982,102.56852397869332,89268.22463877639,-12240.518366013599,60.49335912831068,394.3126701395527,1948.6401964401296,0.9446928826782003
i_section,True,137.40405764194674,193.10881109436377,21.57446121595646,9.919082084602971,6.13567671964238,8,9300.66767859728,0.7600937881252406,0.1308277123767451,29033085.59051082,25902809.54146956,-1.7614239897605306e-07,0.0016522898873819,1.5765838364168915e-09,0.3928174975642477,1148.0067173912673,17339.180476350168,3082.8447574281827,122.31625228596477,-194.08046747662502,-1438.1902663457206,1.0223525387052619
i_section,True,332.05331444206337,124.98688866354668,27.574437357157525,26.406865560759776,10.319595719416316,8,14299.280605513231,0.4844139050011627,0.5639511367761589,208660200.65735197,9421304.672343774,-3.551030763357229e-07,0.0045896941316166,1.4186587449311552e-09,0.4849598735361083,-2811.758177875394,-155656.71162712603,14402.267414599322,-86.4066042279703,-210.99851917816028,-1605.7269322226819,0.8578517485061472
i_section,True,210.15365242106947,163.35390854363175,13.909490466102,29.14837313135232,10.9107587034742,8,9964.41793736219,0.4793612876775727,0.5318281792853676,59379217.731130145,10512693.886218404,1.4551915228366852e-08,0.001,1.5765838364168915e-09,0.4713809970770973,420.6221808165238,-145946.29731020823,16145.359479300889,342.8912528779488,268.91757862392905,-1788.2880083124421,0.9283178923203629
i_section,True,373.6227383318624,164.6875048073062,24.600868734389795,25.20258277069757,12.398050104303628,8,16415.148260675494,0.471335883973144,0.5300915051180412,322342660.0478635,18779817.83942925,8.454835150850545e-07,0.0011015265915879,1.7517598182409907e-09,0.3928174975642477,2798.372575401642,-59691.33666524727,-32950.05664823782,-392.7510043463295,1036.7487801208497,-2920.697230141995,0.9076035960077096
i_section,True,175.4792340141622,169.61706122331913,18.691834588944637,10.510728464156552,10.653977198166308,8,7892.813720294251,0.6990187031417135,0.2174251059414227,41905985.54759118,15222012.033840852,-1.7462298274040222e-07,0.001,1.4189254527752023e-09,0.3299666979539681,-781.6085893604554,12548.507151650736,6401.57495633115,-111.87949501436475,214.90117067394576,-175.37549049043392,0.8124415652708558
i_section,True,163.3885256133635,274.52543920475375,8.992138214887474,20.54409189066995,13.503179806384631,8,8085.653444452754,0.5687707719890651,0.2989482002583866,35502697.65202659,31141877.148904633,3.4924596548080444e-07,0.001,2.766904632911645e-09,0.2850912270322284,-1695.789174021805,32119.897986883883,-4194.932826183177,-1.4968139596239063,38.47229994991465,-2033.6257908803839,1.1006531498412973
i_section,True,189.9595149109987,90.01030807644574,20.747030964890133,27.337474428080483,10.83851487860858,8,7897.493356631123,0.560603952865825,0.5934898786969037,34859978.44623364,2801911.75241872,-1.673470251262188e-07,0.001,1.844603088607763e-09,0.3167680300358094,674.4175134111264,-54354.65115650875,1068.5120293730745,-111.12977009146297,-208.95593119000597,1360.9944395768807,0.8559651816131744
i_section,True,202.454518636202,270.33001794640177,9.942182065906287,28.34674801680906,16.169076513910156,8,10781.907602636302,0.4948966653374881,0.408185940502079,66000677.24651946,33157600.054954063,5.238689482212067e-07,0.001,1.4189254527752023e-09,0.3959600375447617,1658.5953647946674,-132798.85327806245,-2521.1811518021277,352.07315466037386,176.06090467355267,1804.8343498586387,1.0512091160770758
i_section,True,297.23397667402895,212.538850412013,9.127791068714163,10.090829188161171,19.732730570476093,8,7039.63153001417,0.5222335815379686,0.4043724796502826,105083757.48068452,14666175.383349938,-1.6007106751203537e-07,0.001,3.984342671392769e-09,0.171054736219337,764.3770639452077,-42467.56683455107,129.5230828078804,103.80879110589623,-86.0749786101987,-285.1890701821488,1.1752637510749837
i_section,True,127.813365179214,284.280719871317,29.65206358878525,24.50456229248888,13.36349239678158,8,18695.802409540145,0.7877291344952309,0.1269877953490354,42658740.81129505,113661231.4570559,-2.9103830456733704e-08,0.001,1.5765838364168915e-09,0.4713809970770973,-675.7208206497036,-305792.94046541466,8965.160720285532,805.8199172352109,406.22488028600446,-7138.779932599791,1.1871604871811643
i_section,True,366.60293529870415,83.83175343916898,17.041650487583087,16.10107519246224,8.136867328724474,8,8269.761734626476,0.3643978646918852,0.6630637145825035,138268668.33867174,1794900.6247836004,3.637978807091713e-07,0.001,3.314973102598784e-09,0.230923893896105,677.4979654920337,12769.270602158616,5649.9792906499615,-87.76271843063856,-204.1235846103263,516.3705298150273,0.9994779417260815
i_section,True,110.83403049712592,190.10449435517052,16.203367592812832,24.24254560959004,18.559896488547224,8,8366.698069717215,0.7205003750634122,0.2531992639161581,15278508.034855869,18732192.713532515,-7.275957614183427e-08,0.0011,2.549979309691372e-09,0.3848731564935084,934.2369705336586,-63207.911686691616,650.9011372273131,147.28246075823196,-237.24982419012295,3089.406413435755,1.0294595456849587
i_section,True,329.44662423426956,166.2564858550751,22.167403414128188,18.80438940861737,12.273260660231664,8,12865.56881762921,0.522060701028463,0.4487367685535673,213216122.32623044,17157056.86582854,-7.672828029502521e-07,0.0011,3.187474137114215e-09,0.2565821043290056,1898.6635518629832,-123635.33547626299,-5127.67588344861,-253.67353808215435,-236.64815842919333,1546.4108483783516,1.1459788300179123
i_section,True,291.831052295508,76.31840147191942,22.756092873817945,13.954691872758255,19.473392498741585,8,7246.213529511312,0.5114235618693551,0.5398295474539777,85133173.93283369,1790123.7192726072,1.2677804933804454e-07,0.00132,3.447572026702735e-09,0.3002010620649365,-1139.7815771483383,8047.943502954967,-6416.648030766001,19.27840117291241,403.5089605556082,-721.194388594409,1.0256541589527455
i_section,True,316.4184157478576,151.8410953839114,21.936699117124206,21.898563663192313,6.165932314406026,8,12663.7646892146,0.4828485338087462,0.5005433760644337,182250090.83082348,13043041.46481917,1.663076026099069e-07,0.0014,3.320285559493974e-09,0.2850912270322284,1917.9182393298554,-21542.17748367899,-3661.9186217862007,101.12105378311709,-478.21367967695005,-1141.0979292836373,0.9631103520603558
i_section,True,300.78498657217807,105.60154557171518,28.93710081647843,18.207969508198033,12.092051741183043,8,10663.877131791982,0.5400608186397938,0.4835605760222673,136911844.98788363,5820643.883349119,-7.882287415365379e-07,0.0012,2.651978482079027e-09,0.230923893896105,-196.84656387760685,-112195.92863890658,-6765.258991434242,-42.74372093470122,-81.24504767386502,2501.255630409893,0.8795508656483016
i_section,True,191.43718711886024,149.9708901874335,9.545041203026836,18.4271979644884,17.767105812619814,8,6318.106347541195,0.4865918518243305,0.5051962981151863,33450141.654301904,5508210.738304589,9.364936257032273e-08,0.0018646467839999,2.032964272706069e-09,0.3432649044181516,-463.930418240612,84427.09606111648,-1412.7499940273005,-119.38204684416006,-246.8227995567915,974.9492778519274,1.0693216251377518
i_section,True,267.60716281818975,106.37052927268311,27.297489503689125,27.896284401105397,14.122906281057492,8,11926.005803760669,0.5347016515623,0.5748540233791037,108554380.99832413,5914295.1244633095,9.691585233677557e-08,0.0024024,1.379028810681094e-09,0.2101407434454555,-889.1772974401889,93640.78076617135,5660.006866466776,285.35207155653524,271.7466368950408,-325.1006343913075,1.1462683350660563
i_section,True,382.3795161565211,232.01131280749223,29.990233153140736,10.538935732142347,14.46665311742758,8,17499.04464738805,0.6822230218733977,0.22392868772378,467112259.24197227,62471116.71550299,-2.7136438654297156e-07,0.001716,1.7237860133513674e-09,0.2101407434454555,2133.592538713494,90104.4991284039,12988.692811240015,-136.6680899523369,62.98237905102275,1818.168249712161,0.8705252666892809
i_section,True,348.31881230588135,93.29987870026582,18.970193708963137,24.49640924492549,18.639280335423592,8,11450.357792429726,0.4290980884840455,0.6867694843901896,164142830.86392763,3035598.343237818,-1.404740438554841e-07,0.0037292935679999,1.694136893921724e-09,0.3120590040165015,1119.7976405526392,-99238.56751248389,-7906.255179881814,260.0166403619956,-124.7006065668619,1268.5430385262841,1.0401735042820395
i_section,True,399.27674213360586,230.51966792610511,25.63101267747225,9.4452010057229,8.53187964699498,8,15168.374459862567,0.6603701878902453,0.2385611781154107,448172558.43722934,52355995.13381751,1.5575761982696076e-06,0.0020180159999999,1.6134637084968802e-09,0.3467322266850017,1389.7556195271782,-70859.23959893022,-26630.55107769399,-727.4794659598613,649.4120083077855,1286.0162446550962,1.1935512818008305
i_section,True,164.284260550876,102.8536460545786,25.67342727757368,17.70426166091969,14.321425261089075,8,7462.140831814189,0.6706717379202445,0.3713064005574903,28297406.70852734,4736008.50583137,-1.2356513116917586e-07,0.0022375761407999,2.276919985430797e-09,0.4531096738319602,-701.437148165693,83766.59955573473,9699.82325680486,-36.2470238596544,71.36078692805428,2422.9980640165463,0.9766257122128956
i_section,True,194.30813322892885,210.23877378248633,18.957524538793237,28.35294431157819,12.281957842540963,8,12538.872764514854,0.5984105682168794,0.3648321084119787,71310562.34269862,29697107.151038043,-3.371377052531618e-07,0.0031077446399999,1.129424595947816e-09,0.5200983400275025,2596.762458200086,46825.064287540285,-52721.893978334985,441.8244885784802,62.12915082373016,13332.97060761488,1.1095579392368478
i_section,True,325.93834479302484,289.0783984004824,12.010082044767511,18.453858712295418,11.483943812553294,8,12631.9420170885,0.4914399368759831,0.414766574353648,216051730.3572994,48530075.7262327,1.040548473003586e-07,0.0033563642111999,3.1876879796031153e-09,0.4531096738319602,2226.6987644568003,102286.4203406685,6293.899592111433,-559.5714898452011,840.4818350049471,3522.4804676080093,1.194565092646548
i_section,True,268.2593976251262,90.22752583095811,15.910537760558205,22.118075008321888,18.998727276977444,8,8420.033870405407,0.4597004623547338,0.6534321998006694,74278238.01357058,2240904.3569698315,2.624840343224858e-07,0.0018849341410099,3.418795358124342e-09,1.0276527402508857,-1425.5013020974093,123309.37774092717,41587.56638895932,69.09973962746014,1396.9694099219355,8709.381031723322,1.1963297211657542
i_section,True,216.10304299554713,264.85148013979045,25.839630317236058,22.36302676546311,14.739342553121231,8,17556.543121008093,0.6887410945532646,0.23702320067365,134113299.62846416,80205044.04599619,-4.532629148403621e-07,0.0028252223999999,1.6134637084968802e-09,0.3467322266850017,32.71355010606181,135630.6446459866,21257.94772368338,129.8161710153045,672.1921999322271,2456.287775806307,1.0626984170364646
i_section,True,308.59986934874996,270.86097038352233,16.3123246812243,10.03071446413784,12.506444196767484,8,11743.350839943058,0.6493659751217984,0.246179588462358,209028755.05294305,54058708.00683334,-1.2486581676043031e-06,0.0018646467839999,1.626371418164855e-09,0.4119178853017819,-1270.6945926456328,-41376.167009230834,5862.990479538967,90.35066910897866,-575.8370953091807,981.2865561385848,0.9504487562309163
i_section,True,144.96910691724486,188.74511104369805,25.330863999005352,13.846111605188664,18.19946183548944,8,11160.976961632714,0.7630318341952158,0.1747130560558635,36241370.5589706,28447790.288742356,2.2233941730845853e-07,0.0020943712677887,6.837590716248684e-09,0.8563772835424047,1825.5670570671523,5741.770986801576,5232.493741585956,-195.3025836122716,-538.2281694726881,-3370.393606381742,0.8256359071740762
i_section,True,396.8020181175974,252.1334739826619,23.86884629615448,28.647114340781204,10.13785410967198,8,22126.882633749847,0.4932511905887446,0.4622205161091334,523302440.21723425,64472792.05141913,-5.976477560767828e-06,0.0014414399999999,1.2411259296129846e-09,0.2311548177900011,-1135.9222323200206,123503.68672529036,-30341.39679051944,254.0720940072184,-673.1678453722427,6649.1773296422225,1.1204402884727314
i_section,True,149.5209086199306,71.27751350276175,25.591752628511433,22.71272041184585,6.394926426581669,8,5917.923099683415,0.6376700258158914,0.5202592634485351,16089206.36989024,1646576.0002703136,-2.7284841053187847e-08,0.001,4.786313501374079e-09,1.3359485623261516,473.2928191181808,-193824.71105372725,24003.77461438027,698.9222680604204,1002.8385761043447,4363.457635691808,1.1743217839663889
i_section,True,139.34094368607913,86.4710961007703,20.232878994348233,11.204181384262654,18.87563052054996,8,4922.1456865050395,0.7008080478008665,0.3277608536491103,14078713.495579448,2226990.5255213697,-1.653626730496233e-08,0.0011,8.623979666775818e-09,0.4617038231399179,-638.7139482898921,42081.54482919822,7570.297670372969,-42.94476533903016,80.0209157347543,702.297791500056,1.050440655359124
i_section,True,328.32433996545114,175.0019204914669,21.82304506422237,26.587893342886844,16.246058916099436,8,15440.649156262005,0.4876643108942336,0.5193190534140649,235298565.1062976,20009229.1961656,2.601371182508965e-07,0.0026850913689599,4.143994373484051e-09,0.4077987064487642,1538.4915440386628,22628.675401209635,19306.141902661802,-579.6269766951032,-763.6802199025342,-4191.961234516481,0.9969508842414696
i_section,True,149.74310038086884,256.9600315271984,20.744369741010768,14.952948017975515,19.369400222959374,8,12611.588375918604,0.7524393790140967,0.157732488290713,47139639.104603805,58742200.38801236,-8.00355337560177e-07,0.0012,4.307682151236671e-09,1.6031382747913818,-3083.378061904274,-641865.4100574485,4383.503721004256,1195.1953391136963,1295.932812677803,14638.75205239123,1.1074228327465234
i_section,True,255.2256839265522,94.52785598654022,26.537694971119187,24.68624451500557,18.83900123286001,8,10321.423939370774,0.5534131153454229,0.5697537489147929,85830458.68050711,4080309.892166009,-1.0186340659856796e-07,0.001,4.738450366360339e-09,0.961882964874829,-4853.279089539592,-6206.99083098156,-28235.035715796887,-48.37479596565414,972.1973994101644,-15457.873663746828,0.928204012562122
i_section,True,142.3579601058379,74.09251832017078,21.371439824994532,21.96175971601256,8.857975866291504,8,5424.067465552646,0.6237960142514544,0.5234053554115374,13677553.775163105,1548651.7140366917,4.678470688132347e-08,0.00171072,8.608887702358964e-09,0.1939156057187654,324.97099474214195,10788.512547263135,2485.205137878116,43.04899174466735,-28.894806152517425,593.1255340997237,0.9051101704115235
i_section,True,166.88693148260612,299.05983631082745,27.597546795908308,23.82954194746108,10.905612267627047,8,19273.42129013844,0.7433883029968777,0.1609145551216218,84178205.43182267,123173259.82149592,-1.2284252806292334e-06,0.0016110548213759,4.558393810832456e-09,0.6116980596731463,-78.30759733069368,269739.9408275876,80.9222507402208,-691.441723224139,-664.6241037678981,-3031.8846579068536,0.895668192337396
i_section,True,355.5562651713997,72.99836667244534,20.33741603995913,29.892153321368404,8.167864815427336,8,12440.702734141065,0.5021515871440511,0.7619264815035347,162715459.83252764,2036196.9625538783,-1.3229013843969864e-07,0.00198,1.4229566450180101e-08,0.1385111469419753,455.4806863082559,-25110.172419143437,-3769.8549256530127,-40.16339812273981,-117.53904577738707,346.4851341983632,0.9502652476326947
i_section,True,362.8849576595824,58.298232518939656,26.224693478871043,29.64750046904584,11.41936372439774,8,12376.712719816627,0.6110599579417967,0.769291209144357,163416306.29482394,1575743.8226818522,-4.3655745685100555e-08,0.001,6.159985476268441e-09,0.5771297789248974,2712.655744836381,-49889.453183428144,-16132.041862400456,484.5194272056728,1198.7960820001836,-6018.956208074923,0.9928482536421072
i_section,True,254.63304747646663,191.68291534080385,26.0424586471682,22.78354324403672,10.187811706087034,8,14690.3779405425,0.6074721249718917,0.3541317752116447,147663168.70761466,30786220.560464267,-1.3052626992716934e-06,0.00165,9.4863776334534e-09,0.2308519115699589,889.8401069587032,55963.42389892011,-2207.615438026639,221.75468834723844,525.2216728815927,-31.82923484268767,1.098722988048519
i_section,True,220.0334470525985,74.80246059674027,9.06791095714259,14.522764764950178,11.846158244659383,8,4412.868039584315,0.3837175609762102,0.6708886226939669,26262937.43127246,697059.0474990901,2.4875068766439057e-08,0.00117,4.640190471571481e-09,0.0670172333364053,-59.17131286850373,-3787.3760205472377,-571.0064622515046,-24.104888190620947,3.3427870983536847,28.236678604641117,0.8939989937190356
i_section,True,121.3496994111828,60.74194914562221,17.700355031775178,29.010062806370566,10.2154535828528,8,4736.017735826141,0.6994483013272444,0.6620982450133929,7519284.078087052,862522.016224277,-6.9961130905609865e-09,0.0013,6.628843530816402e-09,0.1116953888940089,212.67172592369423,-9750.294261918772,-203.89656103353028,23.157455457046442,52.661255082633275,-292.58364360961525,1.170716588296542
i_section,True,291.4060076460923,257.01569931245353,8.436401776263729,16.23532534394089,17.36267418560016,8,9060.41721192658,0.4543331470133603,0.4608421371786819,119572215.30978549,24011551.30495451,-1.2223608791828156e-06,0.001,9.46977647259486e-09,0.1163493634312592,-296.7729846350782,47690.952735495644,373.0626020317031,57.647763092133424,128.34848259449586,28.30435812627244,0.9469979187324165
i_section,True,117.71716047654157,166.89475032408905,17.528006522222814,19.12407379948546,12.34162082243344,8,7566.237098301775,0.7094910772964724,0.24623007459091,15932704.411369428,13649868.06768029,2.182787284255028e-08,0.001,3.7121523772571846e-09,0.0670172333364053,-26.64942260090068,11853.675406378801,1582.3151593008386,-7.106268136165261,45.05189124453349,-308.3205186522363,1.00441710840504
i_section,True,399.85422731903634,92.92741937619763,25.915086207983823,12.175496193706024,7.167641775783202,8,9099.26162088964,0.4741732299365588,0.5085063757713665,212761088.05253503,3521177.828867825,6.83940015733242e-07,0.001,5.197013328160058e-09,0.0589751653360367,100.75314257616036,-974.0083466211559,-1025.8206339047206,-30.695715192733992,49.7440596204082,-303.61131078083093,0.8000569168876934
i_section,True,160.25584080420566,269.4290513513264,26.86052847301331,28.08248605028066,19.251105925515887,8,17793.651872127637,0.7394268163097675,0.2036590992180164,68876771.73035488,87870588.71433057,-1.7148721649590565e-07,0.001188,1.5652523095198114e-08,0.1385111469419753,1639.8620940762505,-18144.041939882707,-7119.865163274802,-190.42070848150797,-93.90075855411354,-2950.9691367566643,1.0342807781037227
i_section,True,379.38332430231975,52.31595266175119,8.55558602638097,22.614539062162446,13.659187019056615,8,9252.867775381204,0.5729200322384204,0.811100658437437,125613802.66812548,588783.5776812307,-1.4551915228366854e-07,0.001,3.7121523772571846e-09,0.0737189566700459,-439.9298459941696,-1419.878848244745,574.3361258253846,-10.386631269497036,116.42095613175687,668.5508873497048,1.0517673310496725
i_section,True,350.2821092085875,248.30435042427496,29.96219095916204,10.950832978522364,15.392929152536029,8,18268.76816752487,0.6993649342229995,0.2037108363599672,409338558.8082008,76500149.39567505,6.402842700481415e-07,0.001,4.73488823629743e-09,0.0930794907450074,-699.6132489872955,7415.181975240458,1904.546674721592,125.2655852787992,-145.22568144170168,1194.7760437762854,0.9793966392244589
i_section,True,230.2114001477902,259.6710634986607,9.058062144989096,21.534798499602505,17.27957943035917,8,9535.821502367611,0.4799033149882459,0.4296520880025845,77431181.27991551,26670048.039074797,-6.444419601133891e-07,0.0014,7.27581865942408e-09,0.088462748004055,161.0922099934171,-29855.6821901347,1318.5838349936967,-55.018931379577374,-30.20224905427153,803.2664944082151,0.9432543548462352
i_section,True,364.5381084513877,157.2645320469603,23.606931895742388,17.309578422383836,9.388618207088562,8,12995.798604470529,0.5103778454662814,0.454885108013013,264107991.1145124,15449628.09713128,-1.1059455573558807e-06,0.001,6.628843530816402e-09,0.0744635925960059,-386.32441162349517,-23468.962323230448,-1855.9440677891598,60.36517596624269,72.35922801545496,-1040.681817231522,0.9884811894936414
i_section,True,168.76989034300112,115.27834773812155,8.137024554532129,13.116656404600956,14.989598630628716,8,4075.064133745554,0.4883428015836776,0.5037170608554542,17044759.001882356,2127687.42376904,-9.039504722100398e-09,0.00120736,6.1116876739162285e-09,0.0398082366018247,-48.94867959936485,3901.4646324292744,-594.9262906597976,-5.383817581806358,20.431365953505605,-118.06757090911354,1.1931171353854215
i_section,True,349.48456717992576,193.29276627982009,15.131459273680676,26.440757072135685,18.805486650541468,8,14602.938660770717,0.4173485697355875,0.5790092814837873,242824751.35064045,18804483.09017896,8.574360824795283e-07,0.0014256,7.826261547599057e-09,0.1939156057187654,-1314.075202593051,97508.5382504635,6723.958241993597,190.0782008449603,-172.94290322101813,-1080.5900739357637,1.0646158013697855
i_section,True,169.43009933195793,179.798097688978,29.336981820594687,8.498691636801109,14.328517030941894,8,11672.385284695629,0.7778576345880291,0.1269326458512344,53974780.90023023,28437005.031936985,5.34152551760478e-07,0.0010624768,2.933610083479789e-09,0.0382159071377517,-62.555533715427316,2849.857258678657,269.17179048263074,-8.33532578908815,22.338971745087626,-28.356608093144352,0.8985547880339153
i_section,True,304.2445030714141,80.9073238703938,28.613703848782773,20.823814892542977,6.884922273242977,8,9815.8916927209,0.4878804360525426,0.5947282959370715,115035090.48266631,2717695.967284712,2.3623239007089042e-07,0.0017248,7.639609592395284e-09,0.0265388244012165,-77.32783974948632,5609.109782357237,-880.4793755875171,0.283115431012724,-31.629989545327742,89.15121159003496,1.0701995929423063
i_section,True,262.4665419405277,193.54288676307257,18.570735118759643,13.362427590400472,16.503889036187417,8,10440.332338623191,0.6195143676544752,0.3173029179762129,122707898.6157247,22512818.4542805,6.574185252436652e-08,0.001328096,3.6670126043497356e-09,0.0318465892814598,-96.25572077801166,-8815.168381076212,42.215084969629416,-17.24990003804421,36.41292735175649,71.78101871818176,0.8248188089081371
i_section,True,255.64368360824065,92.36819550696872,19.939209410279023,20.902726982564037,17.701860559576936,8,8470.808113945734,0.501021818434778,0.5896099848505014,71773158.76239558,2844523.1804935676,1.956602753701385e-07,0.00148746752,2.64024907513181e-09,0.0382159071377517,-89.39664597867905,-13885.505911194205,-208.87663958928442,10.123538614158191,49.56468645940071,-214.50738401205132,1.0120482515829565
i_section,True,112.12060059384736,203.04269292944895,26.279483313488186,27.336953900067293,17.06829159133219,8,12557.68640423967,0.7847687931986896,0.1972526135758002,20930347.100109037,36846592.1855627,2.598556290779795e-07,0.001232,5.4568639945680606e-09,0.053077648802433,-83.40967395490054,-4113.890009490256,1800.985758185354,31.590732713235372,56.39775233613992,-130.5856372994127,1.0381666412828627
i_section,True,120.36876298830752,177.89531579376666,26.818225009429835,24.211656600479703,12.460001499928405,8,11294.725258579523,0.7628829679206025,0.2161103186738366,22176765.80109498,25273962.78213195,1.397573395500989e-07,0.0022906999808,9.240871762961335e-10,0.0321013619957115,-98.07044164979116,6696.512380452536,-229.60455409891821,-28.044313614978172,21.173577261233717,-207.9896023511462,0.9348556717580407
i_section,True,179.63963038230133,241.86227651065585,8.183986733782508,14.169476339345303,10.661921668901252,8,6372.839656165769,0.5601983480511831,0.3192313114875206,34887044.698324874,19346489.515327822,1.885930008133437e-07,0.001466047987712,8.316784586665203e-10,0.0500781247133099,-3.8748065453670466,-1685.6127349190288,963.0033073021494,23.62491259778325,36.34946581736671,-227.2978159491842,1.1680481149523967
i_section,True,146.12970699197746,262.7156355233507,18.198603484840906,21.979118098894432,15.66393604121125,8,12191.00964862734,0.708780136097434,0.2031064422880436,42381584.254915826,55142773.921142586,-7.826411014805538e-07,0.001636214272,1.848174352592267e-09,0.0267511349964262,22.671328069369498,-1408.940485512767,-122.95072468329546,3.3849676165473177,-24.1664890842728,-129.86776727420647,0.8078406803910838
i_section,True,310.9712562260762,51.33732217845359,27.61232399938448,20.74269404391226,8.954061018832483,8,8210.890756076476,0.5217561545929459,0.7104425387686417,87126752.12417787,824001.7720489845,3.5240049980693306e-08,0.0037164316488499,2.7944396211195075e-10,0.0350546872993169,149.44882948033592,5654.709532094443,367.59050824503964,34.34704669111306,2.4044268058437437,-178.19082387369673,1.1641729031094046
i_section,True,344.3127069827576,183.98815382796255,9.31343327397114,12.713203331403829,10.20804537468116,8,7659.823268158111,0.4079961490252971,0.5292711158201089,135151459.38995177,9730883.54827606,-2.03609177666228e-07,0.0028587935760384,3.9920566015992964e-10,0.0701093745986339,-275.8733198148405,-1795.8380445007724,1166.5475870856767,-37.022741938348034,35.86896921025277,319.8495963212823,0.9996340809114724
i_section,True,339.8839095535211,111.83431103852712,19.875026236499465,22.64844024556433,17.674247324437026,8,11519.347340579594,0.4367765121753481,0.6225959047244476,170880466.10686395,4992095.164282308,-2.2234122201152098e-07,0.00183255998464,1.3861307644442002e-09,0.0385216343948538,60.31853459403006,-12170.291232825919,-1354.7648837327736,8.650562197029055,42.0987132877494,211.62726209076354,0.8441015604851655
i_section,True,368.1306144910771,109.4026603463828,8.048580761955396,20.91572200487459,14.923662745485077,8,9321.144264046325,0.2845692568821421,0.7518403149646181,139007452.11535937,2064400.3158585315,-7.458211636125567e-08,0.0031218025850339,3.353327545343409e-10,0.0122691405547609,-10.195017856425313,-713.3471745839294,85.33763680988477,7.521055587696174,14.577704154053485,111.13629547161221,0.9914054330557079
i_section,True,266.53923861972424,67.65615081167913,10.565679347102334,20.99556441975205,17.56047886149693,8,6854.960786774699,0.4478963142616272,0.7420075246031294,53138694.79459232,795078.0593803645,-4.661382272578479e-08,0.0034339828435373,4.225192707132695e-10,0.0077295585494993,-4.3928035706439665,-171.89391404109557,-132.85562116146102,1.4457883040727986,-2.6324804272654383,22.261778364299627,0.8700053396346717
i_section,True,111.24865634433134,118.77448289845933,20.21058195904975,18.732535857520364,8.35121014202132,8,6189.483243316717,0.70896971993593,0.2913014306456803,10735129.94543197,5690921.721586949,7.680686699134994e-08,0.0027471862748298,5.070231248559234e-10,0.0100484261143492,12.37910979066032,-1525.1540064085375,60.19619271376862,-0.14647750114650812,-3.9513114381151304,10.089796466775976,1.0480111686420126
i_section,True,310.21011360313054,123.52090366261328,26.343133702376463,17.489775721656574,15.161443319762288,8,11215.256691111705,0.5448336360577873,0.4589325445219802,159564824.36358184,8421228.734557096,-1.7899707926701366e-07,0.0026015021541949,4.1916594316792604e-10,0.0245382811095218,-23.844542111955285,-1529.6021908709217,-1302.3413000173434,45.97575898626929,17.84881354345793,-127.68346704799823,1.123093242458817
i_section,True,247.48006334815872,160.52325275788814,10.59831114972774,25.77640840688361,9.949604339778002,8,9322.906382755406,0.3905826436240227,0.6040346904186177,73729229.14581408,7649715.298483403,-7.847444903330772e-07,0.0022252208826121,2.7379248742219856e-10,0.0211016948401333,-41.249312935014004,6376.68521607401,291.22313848374415,-12.83349272310125,14.425082524572208,-59.06208996619558,0.934003631247827
i_section,True,123.60048935425178,205.29329088993677,9.64762906546004,29.06175220423871,16.304282206427107,8,7227.661127733245,0.5836036083976461,0.3563573298977457,16192480.319047317,14206074.73451114,7.084498871062502e-08,0.0026702650591346,4.5175760424662776e-10,0.01899152535612,25.76366971638949,-1975.1095855245276,-593.7320035771904,5.590193287998905,6.514734114279693,57.595644652596896,0.810539638918534
i_section,True,281.36209385323264,196.8145457548288,27.482638275758234,12.04439137863913,13.83730973204,8,13714.173655205625,0.6836673916936371,0.2372616730588443,188698060.47071552,34968789.98003252,-1.0170288594716683e-06,0.0034339828435373,4.694658563480772e-10,0.0085883983883326,-50.389630846406774,5877.199412138749,-144.03909683877873,3.583788071987867,3.1948490251247557,104.87360041919969,1.0065614653446249
i_section,True,343.6503312540944,273.0382086631533,28.43819111818088,16.992094609195693,7.60234160592078,8,20453.447759886574,0.6477603114879528,0.2608151987265442,421213869.7150166,96599083.3023236,2.494614039148603e-06,0.00112,1.091372798913612e-08,0.088462748004055,850.7951177368881,36590.6402801551,-1200.8478841210879,144.35315594156526,-98.51502157043892,-454.6841445133245,0.8264091736264307
i_section,True,289.9931990658886,114.9125145393983,18.68491193342332,17.331336097355432,19.53734443799599,8,9010.260608391647,0.4957933271958845,0.5302739542346221,107452950.35073206,4897914.713404039,-1.2456261751318686e-07,0.0037383710827884,4.969333646712906e-10,0.024688982962956,46.49190655275163,-8105.82218698233,324.471219010708,7.592256771752834,-42.268465864002636,-145.22664371494258,1.001835073621221
i_section,True,191.21537714517257,281.25377358892933,16.01866361995632,11.739889717757944,15.298993105582396,8,11086.425719505924,0.7106505962705495,0.1789912127418916,74482447.19412374,59439152.81940911,-4.002196900698694e-07,0.0024724676473468,3.04213874913554e-10,0.0140677965600888,-42.63848626386464,3189.57658120004,-85.86154915885868,-9.618651470242673,-11.981123752663711,-94.03149781462444,1.0452995669887573
i_section,True,138.53753338560608,248.23672066700996,15.722253652919251,12.288243695716533,10.299647435206763,8,9215.518711432764,0.7326893521002003,0.151709759717593,31099390.62784727,40106823.92960271,-1.5694889806661545e-07,0.0033378313239182,3.0117173616441846e-10,0.01899152535612,120.40629652524851,1746.2367115808427,-212.56973059019163,-2.1428164024066865,-5.824266974157728,20.811249682969788,0.9274145078302753
i_section,True,346.47144657754063,79.82908971622192,10.972714918827007,13.863970840549392,7.384473170261519,8,6299.346381863767,0.3053726089216221,0.705237443306727,90046535.93985792,1006093.1211458883,2.288407876124097e-08,0.0025435876847292,2.1427766684626048e-10,0.0149318968959957,-21.207255825009238,806.6195763371591,239.97509331097774,6.151859973300406,5.787519688468012,-69.56040963886504,1.069144541413241
i_section,True,228.61653107585232,124.64030710614364,29.69536100089214,16.44083769190385,6.005002396381222,8,10216.594469107378,0.6340220177911976,0.3408366173282057,80633033.99068813,9648896.477264993,9.268051898302596e-09,0.0031402317095423,2.782826842159227e-10,0.041477491377766,242.08188204988065,-11293.089250647334,183.88543948442984,-19.09885556652968,30.853672561937035,-159.73535692252327,0.9896182405799995
i_section,True,391.4951214782802,217.8347056696178,19.768325808848193,27.583063809578658,19.95989805499554,8,18673.012854651726,0.4554177621790465,0.5319718373042226,408379563.6805625,34795734.45382252,-2.0768136121955257e-06,0.0019058623840256,4.990070751999121e-10,0.0701093745986339,65.76807817217421,-65589.9391051185,2246.968448588486,-23.957750798282085,252.9613551656817,-1982.2401076527194,1.1420499685904941
i_section,True,207.52211742260343,73.84995786383159,16.177642554383453,16.02548403077133,11.2566158621212,8,5308.672169518443,0.4883461532406552,0.5830542772351388,29911640.1886718,1159105.8128718804,3.7669265450602417e-08,0.003090459036946,1.0713883342313024e-10,0.0232937591577534,46.027755059580926,3428.112196354542,89.00706491842564,7.757705989464386,12.853395533336437,35.406400959408046,1.0044837964812972
i_section,True,134.3469509803186,242.742147108561,13.039810312906877,21.63906969193134,8.906199008453205,8,8743.60270352456,0.6517300255680506,0.2350734653233716,25858388.509860024,31188545.125206288,-2.034140334332531e-07,0.0034338433743845,1.0713883342313024e-10,0.0232937591577534,53.25706711035439,1037.881735547275,-611.4474280901375,2.1744683916679857,-23.24031531364145,-115.88479687637283,1.1450409270232693
i_section,True,328.9288414350614,185.0891594643518,11.370697693554504,9.08898065769164,15.652026384901845,8,7208.858280666826,0.5316711373554589,0.3982057696801527,132752362.19485106,12051912.81871868,2.23583009559606e-08,0.0052068053854467,1.4039472731766986e-10,0.0129140600770585,33.49009275521183,5227.692060079283,454.8213852883556,-9.905437039030462,8.953778157539691,-16.617265601988407,1.1711534457447665
i_section,True,213.2392199787163,269.47169806756176,15.48525955640842,14.183340310502592,11.80951939821684,8,11054.242816362186,0.6588096313356733,0.2356797740817729,89882520.75493355,50557565.41345834,1.0454362541285326e-06,0.0052337195159038,3.975466917370325e-10,0.0345645761481384,-40.73161138464112,7451.7420141026105,-420.7918323546625,-14.007721660991335,-26.05458547667714,202.0428898951019,0.8305764193429045
i_section,True,373.60155016320823,227.40690629407257,23.946092644793975,16.13073300575848,10.989271075781216,8,16251.785311357751,0.5826082554753131,0.3461536161364295,382596723.9406091,47061068.08605134,-9.153631504496388e-07,0.0022892289162563,1.0713883342313024e-10,0.0194114659647945,-64.0765739447438,5581.601448010365,1102.9287409423175,30.891468146105325,29.54725354345021,283.6875370957947,1.0844773066128481
i_section,True,364.3105467076303,257.5912363888052,20.019165436691964,10.985498268256414,13.945148365987045,8,14047.86146378088,0.6351728423066205,0.270874136538922,341540856.33091,57077977.187994085,-6.90603199927711e-07,0.0037085508443352,1.499943667923823e-10,0.013976255494652,70.03381644583588,6183.314152851733,102.30737787364349,-0.8831490995226731,-6.586886501019041,-297.60504799944744,0.9620342362275233
i_section,True,273.53253489664814,238.623849019474,12.525983018270868,24.65112405766017,8.448998517574118,8,12166.477203393524,0.4557200510055088,0.471116043512431,134351245.5772358,28689437.512810912,3.622044754865618e-07,0.005785339317163,1.1699560609805822e-10,0.0117400546155077,17.446940270090074,2393.7939047025625,-167.39055454785336,3.5483279031372077,26.60344571095865,100.92394751715182,1.075565701980104
i_section,True,307.37365809264884,227.47632201348415,25.59310127998732,19.497264299826384,6.2228817739973445,8,16672.86324582598,0.6034022241487035,0.3239527718325936,259631709.7658412,50371401.53702366,8.209968111028732e-07,0.0048211160976358,8.99966200754294e-11,0.0097833788462564,1.6408721761687948,3150.0284985195244,69.43433614131493,-18.90644289066323,4.902898622034419,45.70786752008157,0.8548327957178072
i_section,True,348.0459401694277,273.03499109615404,28.143649330867685,18.087901112532236,16.937189313074853,8,20899.49798910594,0.6435323406095451,0.2805866064330448,436762336.08491147,95662605.13372818,-1.6476536708093504e-07,0.002826208538588,3.06110952637515e-10,0.0248864948266596,-280.04169061301627,-9454.890586251746,1428.5467657811569,29.897619601037327,61.871571622177434,-362.82010902584574,1.097437504088331
i_section,True,307.6082270436251,64.52165055396415,9.110904793054011,11.38670015775086,13.82727492661053,8,4640.007837499643,0.330106910275829,0.7041413641687764,52583217.55630004,457907.7703617698,1.663564059223259e-08,0.0043737165237752,1.3758683277131642e-10,0.0174339811040289,10.373556444430484,-868.6006591945095,-196.61595708715822,-3.267807450705671,-1.0255874507394283,43.75992667346292,1.0737369187156953
i_section,True,367.03147657274246,123.30209649421832,14.865812120545195,9.137006766604069,7.73709264532036,8,6800.843493281045,0.4739210349856703,0.4717649176955247,144426139.1679187,4668286.260796893,0.0,0.0028457586561943,8.451271202978113e-11,0.0058839686226097,22.45748300013985,-1308.3278260233722,-150.27543612435878,-3.4473523417574463,3.047427368158421,-18.78876951597699,1.1832992956404123
i_section,True,208.2451662632903,259.951477696997,12.749772040452472,11.79808800525797,16.21124228743561,8,9017.197949223675,0.6557877437114071,0.2426512869130366,71214085.76404732,37376099.12412954,-2.23583009559606e-07,0.0036447637698127,1.9655261824473778e-10,0.0116226540693526,-13.527277490148325,-3290.7968199022516,502.0097012120636,-9.56660320822797,-2.320507461060763,-108.7940783545583,1.121361181575241
i_section,True,237.65214448718885,67.65417729732785,26.29805244104075,18.550428077176917,16.12235596228859,8,7221.17714876188,0.5547885294851831,0.5741639211460725,51558169.23711177,1496450.791075342,6.912159733474256e-08,0.001,4.0566101774294936e-11,0.0032361827424353,6.229978854739333,-566.2602503781607,-1.8984802022458194,2.3258788773543033,-1.1047745077095652,-36.291240342411136,1.1521833129396781
i_section,True,317.6874604245172,165.65913512912226,27.995503892638233,10.38141817550072,17.11820889440816,8,12251.450625868492,0.6660351862308834,0.2655199655418901,214893520.63907033,21260726.998924863,8.59075576575755e-07,0.0014228793280971,6.761016962382489e-11,0.0029419843113048,-3.5636447301192025,-1916.4248605341245,62.86227288043434,-1.6062994218490385,2.046284219572296,-72.7281817939085,1.0436151133180316
i_section,True,387.7337602236147,143.8564240515356,12.880617003940952,28.34338312197192,14.923581140780389,8,14162.480969457964,0.3336806173529448,0.7073312713728593,248471687.47605616,7140349.214271135,-9.436945208684668e-07,0.0024055440880763,1.4446617440988226e-10,0.0052301943312086,0.5623015464427469,765.2021899290256,-37.700455511177175,-6.820690079896972,-7.08746459690216,1.6546242180064648,0.9881606694484432
i_section,True,182.01895524685773,190.309435047534,15.251480605774905,26.17395525845141,10.030918052411264,8,9859.792770743688,0.5606878078329579,0.3992758402850093,48541613.32247619,17768075.89679485,3.80243213536745e-07,0.0016838808616534,1.878060267328469e-10,0.007845291496813,32.580936547683535,2381.30305653203,-31.94778707302189,-3.472495686160993,-3.08388898235506,20.783495409066074,1.0393469924274412
i_section,True,313.641632476272,134.37993326185455,23.170198069707784,26.548154490258995,12.361638534593704,8,13458.766018294262,0.4738277101645594,0.5679559558820716,176199813.11004555,9823466.20615776,-2.6590434513059084e-08,0.0021890451201495,9.390301336642348e-11,0.0039226457484065,-27.07951286368966,622.9659523964783,-87.00492972557903,-3.5404619513902515,8.624808464381621,-46.795629075406666,1.0923625777743124
i_section,True,198.88824956452729,54.39644808110998,13.23610300352782,24.40143447373987,9.038954939192198,8,5719.475718849579,0.5842006754874527,0.754621023215285,23363462.320675425,578748.0203197558,-3.498056545280493e-08,0.00156,4.7705735686570845e-11,0.0041649671895143,5.626616948653508,230.0209813282156,36.161198111773885,-0.2451115331546868,-1.1287248440221125,9.589921392952618,0.8793259156277915
i_section,True,317.1847893113412,283.9448568985798,18.30380227506095,9.89504637175888,17.025435847828042,8,13427.31127426058,0.6739738882250423,0.2228338059012605,255414349.2402361,69883443.08863027,-1.451837724413026e-07,0.0048110881761527,2.0638024915697468e-10,0.0087169905520144,-48.21100145704208,2739.0631102811226,13.207722048457473,0.7924161978918781,9.636726744508778,34.820132058856956,0.9083765643097858
i_section,True,214.9901513882398,76.15387485240458,16.32787358166582,23.000231506082283,12.963250047661523,8,6829.266520122705,0.4991186223233276,0.6611832278822797,37368925.84070484,1418718.2000980177,2.546585164964199e-08,0.001,9.932715815829543e-11,0.0014169218378727,0.279703853403834,-480.62311755226887,-7.543639517737073,-0.054477323987906376,0.2071577625034495,-5.979694298953449,1.147583238805208
i_section,True,357.96693728770344,212.5983128656306,11.77255780091691,11.327708899467746,17.448022549354537,8,9063.219316330966,0.5075359483504662,0.424877161055771,192526171.06615287,18922385.481239367,-2.9103830456733704e-08,0.001,6.945955115964714e-11,0.0015743575976364,-2.014431940939394,-498.8505371947153,-73.53503577451121,1.1798346209426267,3.0318258566369383,-8.180689415484643,1.1580821969629866
i_section,True,344.4346608690189,152.16572078754183,25.747307829557556,21.865585926628107,13.253771316396175,8,14396.43082787725,0.5099170594827734,0.487558850383369,248389423.19084975,15405739.30607996,2.425319204727809e-07,0.0012,3.407552549040775e-11,0.003203820915011,6.6933675373348525,-681.0957143688032,101.54222438704936,-7.9095278225144146,1.515602479480679,-9.757536504990775,1.0910197374863353
i_section,True,180.63363683603816,165.47279557633618,22.654966367233797,28.23234479477645,14.667114291830092,8,11508.38861628916,0.632444415281966,0.3863946119511558,53719584.32230033,17420993.272248846,-1.7462298274040222e-07,0.001,8.682443894955894e-11,0.002623929329394,-17.192459730967013,-93.96499051161665,180.64133104280182,2.326206105592169,-0.609310805070171,-34.13823569376758,0.9598537504381811
i_section,True,217.81822066611343,273.6975917512715,29.70776418597569,8.476939696387811,6.761352151686221,8,17645.10225653862,0.7745550350872328,0.0985208991418583,148106605.5085313,101524793.44347864,-1.0477378964424131e-06,0.001,6.201745639254209e-11,0.00291547703266,-9.71075608656062,453.40660824854945,63.81760719111329,1.7412526091629164,2.746346625299422,9.358372514079186,1.1726224220297405
i_section,True,157.2881793613631,184.33742373065405,14.786197073493984,13.70090899298224,9.990334128150348,8,7289.421046635999,0.6613728208103189,0.2561173271480724,30487661.59375937,15471444.395515062,-6.23653509787151e-08,0.0021,1.1621277504520568e-10,0.001,-1.538802666170963,127.37645259640715,-22.33454082478101,-0.0999148647221314,0.5878479362947778,-3.737363715863168,0.9124056115655507
i_section,True,376.7702907195851,83.38295534912159,26.827798369094225,22.10262881640496,16.154948951054294,8,11846.539288152731,0.452717386703246,0.6516908631359221,205130505.71094608,2935263.2956187907,-1.9749027809926446e-07,0.0014,1.291253056057841e-10,0.001,3.7450357268611985,328.30002862596797,-11.272210347488377,0.9842766647394612,-0.04449147343350462,4.431667776117984,0.8912352504257407
i_section,True,239.72628939186228,211.5456561286444,27.450593024535763,11.259512942812432,10.087473786887838,8,13785.173303476564,0.7191627477272845,0.1847933862672142,138220572.91995707,43340439.92901589,-7.853414567690048e-07,0.0025199999999999,1.2783405254972624e-10,0.001,2.0978046381010915,278.7383782638811,-17.19571984454913,0.684578745281787,0.8801302675294245,6.715537720286171,0.8722934278095678
i_section,True,269.5203460311743,150.30443498186327,12.117369020608669,14.339393222573344,13.930663776684336,8,7331.524620854358,0.4739377864270457,0.4919012642029359,80467173.2446795,6937476.459240541,2.3283064365386966e-07,0.001,4.454761063252861e-11,0.00132,-3.6124697110046236,234.11543686948855,48.65662813612812,-0.8931652739732492,-0.9543334787555374,3.1789248445181544,1.0697363894247331
i_section,True,374.86718088407656,242.77781837030037,26.287536282042858,23.79894438935431,8.654719366495602,8,20500.54161630807,0.5479043332358525,0.3947573070662019,456540910.148534,63068912.16241289,1.164153218269348e-06,0.001,2.4339661064576964e-11,0.0029125644681918,-23.483820392084834,360.2743198409211,-171.93258367954704,-4.751519840390934,-5.41118970870702,1.4613387846278778,0.8925762279034013
i_section,True,105.53491605117728,171.614641987261,27.142233543893475,22.45587211343673,15.978995179302215,8,10692.773615922972,0.794791430557931,0.1974466023144313,15247897.395449786,22964702.67688775,1.4035412064397048e-07,0.0014515199999999,5.0622284809691587e-11,0.001,0.7730042294162195,21.250273507590084,12.273277706295865,1.385870098286247,0.458872847514414,-14.132894887462346,1.0899342439690194
i_section,True,188.88524764229635,184.2881084869772,28.619167916474375,21.05467578197466,13.802848022472435,8,13488.68082609906,0.6988307605609079,0.2661763961999395,73120693.31784084,29988754.44487147,1.4035412064397048e-07,0.0014515199999999,4.0497827847753275e-11,0.0012,-5.169907909500794,533.326349853895,52.440441839930436,0.057510300006110494,-0.49526535714592684,-15.405089962275234,1.027750618734541
i_section,True,231.4957743711356,191.3843592321941,9.229167557879602,10.257635038747583,13.522186022715978,8,5879.665172028481,0.5482513665933849,0.3714719154275708,53652178.58715903,10813938.92366641,1.852061938155781e-07,0.00165,2.0046424784637875e-11,0.0020591999999999,-5.505132445011292,-110.53496786767182,-26.301727614026074,-1.2218021763381084,-0.19466588019187,11.885216968360304,1.185794490795732
i_section,True,156.5551586034375,266.4603596412187,14.007422900173156,26.97826635402178,9.026640815196124,8,11004.726819730393,0.6190032958896166,0.2696984748426988,43097211.26662487,44395668.6563701,-1.1228329651517637e-07,0.0018143999999999,8.437047468281931e-11,0.00156,4.390657940293429,481.1443553459927,-18.410324437503057,1.4512013089807403,1.2241109206751308,-12.932521863517435,1.0610581002051793
i_section,True,378.3904632802325,214.2446150124823,13.678006294468537,8.238625629009626,8.782699639056723,8,8821.162395376474,0.5707522480585213,0.3364231088081186,226740406.48449236,22437338.182173435,-1.940255363782247e-07,0.0015,2.2273805316264304e-11,0.001584,5.757832917593656,-863.3061019943959,70.47373562283406,-0.34384385336795,1.961318718784888,-2.461229177850906,1.1094864825875477
i_section,True,253.19372356292695,227.2418087063111,25.306480237710876,14.743259005942855,16.38249096060679,8,14725.524303818276,0.6855903445503071,0.2379677224878953,162414672.31588537,49578904.04764896,5.004626930390717e-07,0.0015119999999999,7.670043152983573e-11,0.0013,-0.061003014665066406,327.13994457834025,119.25348567787236,-2.187631441208135,0.794419587190727,-15.526395552437636,0.8730203862431186
i_section,True,387.05602896804544,238.23227066720355,14.302612076429195,25.138115175924433,18.403296328601133,8,16125.098824514482,0.4150815741871747,0.5486571481461398,342497698.6712656,32792862.938614912,-2.910383045673371e-07,0.001,7.640550627561188e-11,0.0023615363964546,-1.147144623244948,-756.5597941747224,83.62570846245335,-3.1629119746423533,-0.26643317307665754,-43.58154135121807,0.8328607252302228
i_section,True,102.28304982745686,127.09592077761523,15.117183528943968,8.805144001722756,12.792277118982796,8,4621.839270916403,0.7471593397550825,0.1885497890230499,7806278.269520608,5185396.747457777,1.1024178203308222e-08,0.00198,2.8064994698493025e-11,0.0012355199999999,-1.8134714274723416,-73.65189924695318,15.52291138023505,0.1987287155014979,-0.5252510629492178,1.3661841881803072,1.1841112222531749
i_section,True,130.17727200479374,149.71457091753874,12.57357766717918,13.83180319380773,16.652899591062663,8,5462.997570834762,0.6623830815289172,0.299152784570994,14987848.161310948,7086168.853497617,1.3780222754135277e-08,0.001584,1.6838996819095813e-11,0.0013590719999999,-2.361556021383405,-224.23778747563077,16.666531346340083,0.5715128314791141,0.2518186265325386,-1.7853409249728176,1.1641832352300538
i_section,True,128.71675694965344,177.140482612765,18.32432833255781,24.609780753643317,8.54234514729958,8,8822.29502462192,0.6758999936857724,0.2806866491136414,21686375.715899978,17103439.05134903,-2.6248043341210052e-08,0.0011088,2.0206796182914975e-11,0.0014270256,5.066585736745255,129.3684917709766,-52.15735792329319,0.505723604347065,-0.37097320007641243,2.8317462884521603,0.8607715399694941
i_section,True,209.06997903564644,66.87063045685761,17.16885489579152,24.667908959362485,17.639553806479082,8,6881.74398541027,0.5620348722431472,0.6837234505924223,34078543.40125724,1150999.8206639749,-4.001776687800884e-08,0.001,2.4248155419497977e-11,0.0018551332799999,-1.436385535934038,262.83252903344345,-22.020498425625142,0.4851806275139703,1.7662344069875622,9.646577688995471,0.8919637197471021
i_section,True,381.2328971481245,129.95619265061558,16.01943835782098,9.872966028106225,7.468032457688761,8,7660.572575736572,0.476278397011658,0.4691040219505929,175434115.22057763,5890136.818785133,-2.9103830456733704e-08,0.001,1.891356122720842e-11,0.0014284526255999,4.792271535078473,396.19023219044317,-29.189471717390468,0.2602010957900249,-0.40932000597931856,11.599746121034345,1.1161557309785137
i_section,True,141.84406038615748,127.68993839046897,15.684805700080643,12.865818577084353,12.12398563835155,8,5556.971945190876,0.660545430756946,0.3025618786771832,17824926.209949397,5473803.448437422,-1.2026376221790785e-08,0.00121,1.588739143085507e-11,0.0012856073630399,2.8492320147819403,-169.62817017989585,-27.067923539330984,-0.4023814333953328,0.4945882213827855,3.2242037838524453,1.1695654054511941
i_section,True,158.15781007261126,66.92187851847243,21.19003565538143,16.670466445047474,15.0305472256716,8,4966.093536825141,0.6180406112398501,0.5061765340371753,16158443.52771848,1132496.028894462,-3.4691469870550344e-08,0.001573,1.9223743631334634e-11,0.0015427288356479,1.4778232038672072,-164.4915608207963,-6.551114475946372,0.0399453560623212,-0.2146512055714625,3.1709873407358744,0.8402275886054587
i_section,True,358.77279054617446,65.13889756778217,23.94705624407227,24.699502100868695,11.927713180816388,8,10924.185805764371,0.485801628390378,0.7325163360632023,152365074.58304963,1522719.8989648568,2.6921043172478676e-07,0.001,1.1348136736325052e-11,0.0021426789383999,7.999783184890448,-325.70644527081635,-62.498722936058705,0.41032972840293797,2.067358067827289,-10.541380305206198,1.1446438288446692
i_section,True,291.11161152757836,184.1909411758868,9.288476988908805,16.515212463655576,17.797408030394358,8,8202.903322885597,0.4200312095750541,0.5394878001866875,100727539.02669723,9821899.559050296,2.035232899072287e-07,0.001573,1.747613057394058e-11,0.0012856073630399,7.758349412800603,104.40987542456875,10.707914401751696,0.6635000680480864,1.5686939933153923,-0.7738574185861384,1.0327637052930179
i_section,True,288.5252228666493,298.52889998037347,17.166356037728427,16.953954835798882,18.984536846009085,8,14877.734674449614,0.6172515644850647,0.295104724193979,216945840.28886443,76277513.23966588,-2.9103830456733704e-06,0.001,3.152260204534737e-11,0.002040646608,5.190886134197384,19.15661146491701,24.70373558849333,-0.7637459100362497,2.6982459256412543,-19.020796953388658,0.8119035360406195
i_section,True,178.28330345203403,212.00939587168205,12.907319985691728,26.262679035270978,11.73830431860206,8,9599.083607321803,0.5488912869397072,0.3902458587274477,45913587.62694436,20761048.468492728,2.1166422150351785e-07,0.0011,1.588739143085507e-11,0.0010713394691999,-0.5395706712683759,-248.8480779118321,0.6613064053612263,0.1778366818051726,-1.7105073690457182,-6.978601144408603,1.0685771054570672
i_section,True,113.20697291949276,183.71291883992265,14.125790892244934,19.186660086328303,14.139102381657786,8,6997.056255045972,0.6947754270723978,0.245783250813387,14078719.032639932,14677927.588140154,-1.309672370553017e-07,0.001,1.0657643469211926e-11,0.001,-1.858841555267736,-213.41575803439812,-9.440572756715044,0.35402405621568994,-0.6769808139535783,1.2619761634867086,1.197362280304945
i_section,True,162.2848045248916,153.52830576918132,27.773573858332306,22.13901732547052,16.52506278614208,8,11132.720044830536,0.7105966947672352,0.297641198089141,41963867.15420093,16903322.657310795,2.1827872842550283e-07,0.001,2.1146117994468104e-11,0.001,4.0994853189949225,196.83965962515296,-10.863527505089264,-0.7631814754247611,-0.4884258168487798,4.762750671583156,0.8308400102071773
i_section,True,382.41430110838536,183.5840558248812,21.94233230908197,12.125499279240064,17.06267156333051,8,12418.9345213247,0.5791422539325219,0.3610599259507435,308289185.14956445,22706072.63281173,9.89530235528946e-07,0.001,1.3322054336514906e-11,0.00105,-7.510751399490962,213.8380202616271,-20.382462615256443,-1.668546607237476,0.658372653916358,-1.5530527112148602,0.927526101699875
i_section,True,289.530770764576,236.88312500055196,28.239342950568876,29.032118283509423,19.22751853733284,8,20471.917217087277,0.6064096720622837,0.3689833676872692,263985312.203946,63157786.166434675,4.409671281323288e-07,0.001584,1.3471197455276653e-11,0.002038608,7.506163376255731,-527.2759218785349,34.17668324927305,2.041575703931002,5.500057674524583,53.738726759179485,1.091692110247999
i_section,True,293.7421655337718,52.524713493789136,19.027943936275484,24.484966485864543,13.360232274257475,8,8417.261022643843,0.5789903097892602,0.7612887451252176,74340518.21977766,810258.1598611169,-1.2374077575141885e-08,0.0023519999999999,1.2469442858977952e-11,0.00196,7.822496857142191,339.3450523027127,14.358828837603271,-0.2961451167564941,-1.9192672666881812,12.145634049860943,1.0537200250847147
i_section,True,299.5287685233998,147.60048694855064,13.293131617580428,27.915513918232367,14.420825284353183,8,11727.459535551789,0.3914833586141945,0.6466933167153714,131001953.36364552,7675164.169640265,1.1641532182693481e-07,0.001,1.4802282596127673e-11,0.0015,2.4413259105044025,-267.64578978995684,-18.705214923291102,1.735659922444515,-1.7741485624577635,-4.264371323454327,1.0190360634300326
i_section,True,103.1183074269959,113.91416896807053,13.365979341168876,16.535057937582497,15.659139770427236,8,4525.139358337434,0.6835720358861775,0.341161040525127,7054164.127115311,3354067.74974289,1.6370904631912708e-08,0.001,4.277018900629436e-12,0.0016799999999999,-1.605466000906654,161.0349818217554,-5.122790494502532,-0.24924789125718627,-0.36789060111396893,-2.6987139118185564,0.9692238438564778
i_section,True,102.73542203254809,165.02671839923232,18.938712290504,13.443152897520813,17.060762343928804,8,7380.194357450791,0.7719288687243365,0.1759153398514159,11678212.979207736,14230961.004015626,5.155865656309118e-09,0.0014111999999999,6.110027000899195e-12,0.0012,-0.6863341993131058,16.840363014579548,-56.26368239682339,-1.0430532446254022,0.3401574151911342,11.728364859630531,1.0971740667363359
i_section,True,322.29500217408395,240.02732712722332,19.7400498393746,17.58437234062125,15.479117691060209,8,14661.403857570893,0.5774091370266778,0.3558670519299583,254351449.11158848,45658807.14417907,7.6224317862874e-07,0.0016799999999999,9.591879122290732e-12,0.0014,-4.070418617468013,-60.511265455801166,-60.8307078984348,0.018967494697971123,-3.1525199671615134,15.834007261362352,1.0431691523804247
i_section,True,121.90351250958864,277.3955932523564,26.179289091713233,16.14780885412917,14.087406929566336,8,15822.611706116491,0.793437255849047,0.1034495470926514,34729786.39404121,93181405.95892192,-1.8709605293614526e-07,0.0014,1.5986465203817887e-11,0.0014,-10.446736849219178,-91.54722470741487,-61.33892816239319,0.20719319269535436,1.1982597997589333,0.06586137790747479,1.1753426398635458
i_section,True,212.86124830394527,143.95215240772546,24.599141130622403,22.951368637017023,19.313139039157512,8,11168.481021300478,0.6221169777048321,0.4079502750546248,73477968.58271983,12482527.527817562,3.849713023377474e-07,0.00189,2.1556175259172357e-12,0.0012474,-6.402904067169215,174.0260546702012,19.935087054053824,0.9384011533697946,-1.5913518339138766,9.051641494264578,0.87676478078865
i_section,True,129.34956805290986,269.7607268029031,14.610934007878608,21.396937562929445,19.56166027625921,8,10363.879171875951,0.7088463984681884,0.1973009427806246,28583882.97887677,47968147.4465698,-3.464741721039726e-08,0.00126,3.5926958765287258e-12,0.0024948,3.56408137870135,434.5951795099441,96.26019294986637,2.091146965231026,2.7033769876383342,7.709996091837567,1.100170023506917
i_section,True,277.1169544418083,226.77793203914345,16.307304952115434,23.3861853698331,7.941892161010238,8,13170.052636945427,0.5079658904734738,0.4276737827323696,155235990.03038466,31969011.682773415,1.663076026099069e-07,0.0014,4.277018900629436e-12,0.001848,-4.914986760317721,-226.62849305425055,-184.46681299540748,1.8938104988094964,-0.15033279224131865,27.92126284465418,0.9445136545340189
i_section,True,254.5717423681091,292.13341335798566,11.330771295141924,19.217012824348675,11.838416662544422,8,11200.805074655587,0.5315247228067556,0.36026888916421,119558871.89138684,47238244.14666057,6.532846342701168e-07,0.0012474,2.586741031100683e-12,0.001,4.969676374299042,371.38110111745937,-39.87441352747775,0.9528046994159881,-0.1715003078970028,10.491695523693588,1.1375172440554648
i_section,True,349.1164304615978,239.46851743552003,23.210995451113988,18.48069227050889,8.401451564338988,8,16773.0546244286,0.5751874900045034,0.3511969837035782,339791543.14266247,53290780.51255542,1.6911239352693909e-06,0.0028223999999999,8.728610001284565e-12,0.001,-9.144964308222738,-619.825623676494,7.73588335700714,-0.7762883684335713,-2.487124923537273,0.8707212900704112,1.194776025451567
i_section,True,234.46586804970417,105.58837517604871,28.764607713004136,12.071893408645998,10.307205233999476,8,8304.366711223434,0.6450798268914198,0.3282531592943553,70945518.35745302,5676507.332780103,-1.0186340659856796e-07,0.001,5.432156165311434e-12,0.0015,-10.021172387834321,238.49829068472962,-16.081666692124493,-1.2922275580484204,0.41809434927023137,-2.972314140411482,1.1669434982699536
i_section,True,103.27523484265168,166.15978593976416,26.837737809243883,12.390802574627369,9.170474743614944,8,9607.688098555438,0.7975222749209314,0.1262457777598074,13727241.689999484,20532968.345533013,-1.4582246300672248e-08,0.00149688,2.586741031100683e-12,0.0014,0.6017340569150154,65.34917966533897,-11.720236850320257,-0.04461590088286797,0.7699111713570456,0.5169198561820381,1.1102671163991154
i_section,True,129.57460377129192,105.06989737612794,27.96342432614269,29.447294982655663,19.242250034493676,8,8372.530707900567,0.7488405665675745,0.4348142090134131,16880319.015520155,5686769.324228156,-6.943926809843928e-09,0.001047816,3.8801115466510246e-12,0.001,-2.5260024868882875,112.09049988521004,33.1053327734262,-0.7250960795024114,0.5098282548452392,-4.696597192194695,1.0377536117365707
i_section,True,186.70071938807249,90.82517556359151,29.758331624937114,13.856614251886436,8.46116429312553,8,7231.289113435609,0.6648900285988537,0.3415828239585054,36301831.613364585,3749336.222263593,-2.9103830456733704e-08,0.001,4.563011178861605e-12,0.0014,-5.278257720449349,112.78428174362168,-42.823221197824175,-0.48122129012960535,0.8274470590680646,-0.8585561241385196,1.0990199878550877
i_section,True,312.8311678259839,215.91522112879304,25.969164004575383,21.511239502398706,9.65639929129666,8,16908.89936263142,0.5843473887789636,0.3611642795495499,264525040.4959118,43797423.12557351,-2.0372681319713593e-06,0.0014,2.993913230440605e-12,0.002772,13.900476616825104,-2307.1654309430946,-158.33796422168436,2.801243211956551,-2.342877522951824,-1.285937337421266,0.9295153812854483
i_section,True,198.14655173502257,125.74693564503274,15.194401694567148,14.67195547643611,19.287553906817536,8,6611.752707865276,0.5816038065835081,0.4203909178011097,39906204.53685866,5129278.792966875,6.790893773237866e-08,0.0015,7.118297439024103e-12,0.0013103999999999,2.229801550852531,212.4349488205025,-13.364807137348139,-0.2278451478987914,-1.4351138242281742,-1.762374919098678,0.9833152098011507
i_section,True,366.49693172335606,63.23876162436483,17.41165190153937,17.033851052563342,16.03309932660628,8,8079.2847886981635,0.3973888683817192,0.7119763303126473,124922191.71042164,906357.404555444,7.275957614183427e-08,0.001,5.931914532520086e-12,0.00182,-0.003406200944067666,-285.04849763228594,-29.910544246658493,0.19897231220599154,0.24526259433839953,2.766327767413174,0.8033205501272082
i_section,True,109.22661913124124,259.73141690505076,9.472138130413317,29.19461643627818,15.788284490720708,8,7776.712917191226,0.6317727982980212,0.2387401708250236,14450591.396816794,27923389.103366036,-1.4551915228366854e-07,0.0021,5.6946379512192825e-12,0.0017035199999999,-4.8433454471209645,-234.25575308191327,29.749579840940964,-0.09972742103801198,1.213782464786914,-2.7570393560024433,0.9907291536484208
i_section,True,139.91018011903105,151.90166082426117,14.899227247420358,12.548927934844384,13.349985035988071,8,6065.89316379853,0.6792793826815066,0.2634916634112609,19592047.37001445,8736482.488644915,4.619655628052969e-08,0.0025199999999999,6.833565541463139e-12,0.001022112,0.6326621343119755,87.82715877699067,-1.6577355543507806,-0.28370420590159146,-0.5286683752462784,3.037576406286799,0.8408214150432837
i_section,True,391.6757669642483,70.05758695216348,27.29247611335843,9.093480245233362,7.241203023372494,8,6935.808327938618,0.4909813341219655,0.4921085277994705,157491865.7007244,1587067.948591611,2.0210993372731746e-07,0.0015119999999999,6.833565541463139e-12,0.0014309567999999,-1.1998991715216223,-345.7726928129086,-10.249876120647786,-0.8359877905127628,1.4750378327397888,8.188909309640513,1.1232747246169668
i_section,True,280.03108477086306,267.3365493322882,27.21248091216295,29.3125857583855,10.86123517856578,8,21267.246035286706,0.6100716321724727,0.3317147543683741,262713793.01386863,87159247.40137061,-5.132950697836632e-07,0.001134,1.7244940207337889e-12,0.001,-9.664202014086413,-819.371409977555,-76.12937185456603,0.08420282733557967,1.3329324379114316,-21.811645929055487,1.0380853317571788
i_section,True,367.842614016983,67.97864544693306,19.813853682487313,25.870888794359175,14.400483225290843,8,11368.514359945057,0.4827643959129222,0.7530547895445022,162633591.6686596,1560621.163185613,1.4551915228366852e-08,0.001,8.897871798780129e-12,0.0010919999999999,0.6591769309603039,256.6726868319548,28.28285547552777,0.28033504472213494,-0.8667187348406072,-0.49781759369192835,0.8829988856980057
i_section,True,159.38129833673707,76.88276573648376,25.66152380983263,23.55989140315625,8.755579756515317,8,6559.520288455602,0.6313588142186659,0.5218522060262871,20516553.91380558,2074469.3527822837,3.8160616857605384e-08,0.00143,7.387631035564972e-12,0.00108,-1.61179402094975,-106.89305072325638,-13.099396231806915,-0.19548684265827618,-0.2649334140955438,1.6823082790859234,0.8367230150095892
i_section,True,309.7187477413039,256.4526655596387,12.45234324700423,11.359603769983844,15.617357492839172,8,9838.029780301196,0.5781665438105659,0.3314772840564258,167213400.52949473,35059468.18484273,1.0186340659856796e-06,0.001,7.995271683511874e-12,0.0010016697599999,4.705294156321866,174.391891044601,39.8352986842518,0.6380051352287359,0.6456046997348596,-6.424063095345471,0.8866554692088904
i_section,True,398.99026210247894,157.12021247670117,20.6989873420845,26.939980429033803,10.379789963151506,8,16233.3061622662,0.403580542449848,0.6085086421507471,338558847.0679144,13988082.500159845,3.2014213502407074e-07,0.001,7.605018631436007e-12,0.001,5.086295383936489,87.14679157644746,-39.69110414246624,-1.1862736798910742,0.8474720652201975,7.743742317535184,0.842207332338124
i_section,True,391.0593958529227,188.7436738162604,20.94015851197605,13.027898063218116,12.271139891453752,8,12586.934282632868,0.5513922717795247,0.3852823651173362,321153178.37060887,23543001.706820752,4.94765117764473e-07,0.001,1.1193380356916624e-11,0.001,-2.4176345176829948,-274.9376118887329,-38.66930344148368,-0.9358518432627594,-1.939736845737859,10.914846049648574,1.0921261958866952
i_section,True,111.61590355771284,238.94773920121332,14.35689087158195,17.251302482466087,13.341141467992536,8,8448.728307241805,0.7285547530819431,0.1673550110777985,17395689.017722867,32703027.577182736,-2.035232899072287e-07,0.001716,4.432578621338983e-12,0.001,-2.499308730518249,-196.04769608558556,1.7818538166348614,0.06429419914588398,0.4590223462528829,-5.196090123487747,1.0497918188833029
i_section,True,384.61452267753253,130.30105973357325,22.12196390251085,22.98897695096308,7.067329022810804,8,13633.991020274752,0.4133828883426623,0.5987855486812068,266416489.32040945,8509014.028243553,4.233284430070357e-07,0.0011,1.2312718392608286e-11,0.0012,8.259726042881228,-552.2276253278188,37.881679696300296,-0.3212153465972313,-1.3913390832128412,8.57211645822256,1.0787823608425913
i_section,True,153.8349695304251,283.6723678044024,27.087644359280823,21.453817538503447,8.711751163164221,8,17573.25752089411,0.7531867601040548,0.1463873502474927,64584632.128553435,103148523.67634489,2.9103830456733704e-08,0.001,8.883635203902082e-12,0.0010016697599999,2.1370692472009423,-35.68015150288314,7.03993821605498,-0.7963834062669748,1.1620261258594327,-8.186540537952832,1.1347816222929576
i_section,True,188.3859573078481,152.7171328436767,12.412517184334195,11.64477696777237,12.6895319796916,8,5838.297783911501,0.594096271107016,0.3471453723749981,34532551.6494573,7401567.632806022,-1.0050532834924877e-07,0.0034748999999999,5.2561517291837646e-12,0.0020591999999999,5.031759409776576,74.78920378897827,24.94472054219465,0.5715090067759946,-0.9099834958053115,8.529100800541327,0.9694545629504261
i_section,True,174.39458865101005,128.0679631333412,19.77458430791044,12.221229956380462,8.541583535648503,8,6777.505377302884,0.6569413945035595,0.2916160153759086,33211672.160801005,6947608.990100513,5.3177422407009935e-08,0.0010945934999999,2.601795105945964e-12,0.0038054015999999,-11.152322581209312,343.94918309591145,11.389710603098537,-1.7750231868293544,3.0076126900933264,-3.084385881882757,1.0218378006366529
i_section,True,193.70835920590605,183.86982132987268,11.136776755005863,22.656656295096408,9.209194288728211,8,8054.6051130403075,0.4888663442333513,0.4571159458318982,44207747.28403768,11718152.72541299,0.0,0.0031274099999999,4.730536556265389e-12,0.0028828799999999,9.812074536950952,458.14543574619415,7.466054032401954,0.4751495622587518,0.1889703549953393,-10.955390027082624,0.8000267276681565
i_section,True,237.3064625721043,200.12201991150943,20.970604459948152,25.255655561358164,14.040791229807276,8,13501.851502724292,0.5800907485552632,0.3916739031656535,115764348.91257426,28319235.73999804,9.950027506575625e-07,0.002574,6.205610069874575e-12,0.0012,-2.0824217770306306,378.2312358127511,-7.331664951416757,1.516215221674558,2.1665118737978672,3.6100462240888334,0.9448570332505143
i_section,True,175.23689377997863,56.77930955890032,19.098015475489333,21.186331608215298,18.62910355708024,8,5379.16921606601,0.6065410343893081,0.6397339714489584,19100588.133049153,762790.8149970217,-4.911271389573813e-08,0.001,3.746584952562188e-12,0.0070742415744,-15.608731738970613,-488.66516306663334,-51.489534490354856,1.714427593378732,0.7344926120404943,-18.40586896538165,0.9979804904184905
i_section,True,352.45719180566834,100.0946349087036,24.79438471722812,29.853950321006412,13.863907297177375,8,14175.436290080048,0.4602093653692444,0.6775018764377738,206336764.4066283,4872512.780983803,1.1306849439290484e-07,0.002574,4.3439270489122025e-12,0.00132,3.189770992417067,236.41202751257282,82.23302947650444,-1.327209370680483,-3.475569097754816,19.285936241109116,1.0170856502297574
i_section,True,301.37686958526444,158.0783055388516,22.034888390402237,27.29662415112779,11.517194392360292,8,14107.44327098229,0.4857991362850797,0.53003411988464,176799424.3115704,14974716.432964006,-2.261369887858097e-07,0.0023166,4.778319753803423e-12,0.001584,-2.6360124553010365,619.3884794230481,35.95744933958703,-1.6541381735424705,3.1355169961203875,-19.638619062043276,1.0454916288685079
i_section,True,312.90054126784145,146.47666690674234,16.581560650974627,29.60396549856683,8.496110131391784,8,13202.821986858882,0.4014797243903072,0.632938719481698,161960649.69191006,9308062.178679043,3.4924596548080444e-07,0.001,3.122154127135157e-12,0.00418594176,28.42047507521986,-422.53595803559614,232.75457964029306,-4.945245238932696,4.968897632685991,-29.37302453417231,1.1600528701669537
i_section,True,335.15158527400047,109.2518540087163,19.489651731215783,19.838143706427445,13.655779879447827,8,10299.049893726728,0.4313941785327796,0.6023075987585143,152636013.0950823,4457679.186105222,2.9103830456733704e-08,0.001,3.746584952562188e-12,0.005441724288,24.775309520994654,-138.83366486577995,-69.97505662781448,4.885468913876655,3.0930956532009843,-51.15407146313283,1.0375242833125928
i_section,True,104.28737941759026,111.64157480956383,17.774145710009346,27.01902701595901,10.999686584379392,8,5932.973949362485,0.6957365501811213,0.3996498151565658,8370885.333626802,4262989.335244934,2.3098278140264843e-08,0.00126,5.035410176243581e-12,0.0054330175291392,0.01066831073101874,-735.1831979309101,-84.60094771709151,-2.0764813176423327,-1.3252783279506524,-9.437765469987333,1.0471676316484024
i_section,True,265.1386097975178,122.14835072030829,22.009698453420164,21.677344603485142,14.82561737958137,8,10364.631744155631,0.5198871813286651,0.515436545175704,101442171.88221766,6913953.510603751,-3.783497959375382e-07,0.001,2.997267962049751e-12,0.00565939325952,-26.77986703847836,1418.360235292332,-207.94904398572794,-5.037051598460258,7.98325167701307,-9.193086258004513,1.1086503712152818
i_section,True,146.37649723644296,248.07691473560268,18.860066154801693,28.944504944861947,10.257792109311488,8,12595.589635212458,0.6769893209849586,0.2433677498697988,41662856.53309812,48236260.65623405,2.9247582323855457e-07,0.0021891869999999,5.203590211891928e-12,0.003171168,4.849631776533446,-1263.7612602469515,-0.6241180177665812,0.5702338412785716,4.137900956698914,-7.525428690648516,1.05224323474781
i_section,True,105.78504319618706,137.4587985160121,25.68764652976328,22.409744132222116,6.581845215545384,8,8319.62074750479,0.7583153695108072,0.2380857440852716,12041226.764630828,11176913.354618805,1.501388079117215e-07,0.00126,2.5177050881217904e-12,0.0027165087645696,5.3725959481333785,-344.44111963375906,19.334992355223317,-1.234506487065361,-0.029259635932092545,-18.09672074474908,0.8674371574395094
i_section,True,251.48381174639255,64.69324748752219,9.57742941059806,13.574939802771492,15.765566790522456,8,4612.938218073967,0.3874250484666313,0.6895391530914011,35113555.952018976,506340.461961751,2.6678511252005897e-08,0.0015,4.0786822427572996e-13,0.0012778457228535,-2.2753551899349937,159.0946375883793,-2.2823369482302427,0.016552179405497337,-0.6238281059251634,0.12255660427751999,0.945949993704245
i_section,True,209.19769616540444,123.83151517038104,23.64138997435952,10.382352045937203,8.416621487650332,8,7598.828155629318,0.6675204148148509,0.2724587983661418,54736473.36127017,7500390.859226914,-2.3283064365386966e-07,0.001,8.157364485514599e-13,0.0018254938897907,-2.204976994109235,185.8686447889328,20.946415025036824,1.6570292905538428,-0.8472667569217607,-13.513479843684422,1.1302826160290282
i_section,True,337.5357595887905,74.18748948260283,13.107312623126244,14.222581294448483,8.255903830588245,8,6432.888954643291,0.3364087402016225,0.6915388516319788,88390491.84660645,971644.6505680725,-2.182787284255028e-08,0.001,1.3595607475857669e-12,0.0026078484139868,-1.3042306699018011,-313.3628517404791,-4.908071147105473,0.8337720966817501,-0.8689642964931485,-10.426961772708074,0.8096402586090592
i_section,True,301.55752407102693,125.44946467695394,16.029056464330168,16.85493913809786,14.280207449793329,8,8744.482540266983,0.4542716564557327,0.5455210523726678,112668307.18632616,5407795.314813054,-1.309672370553017e-07,0.001,1.5106230528730744e-12,0.0040747631468544,-14.461507098847003,911.320810675975,14.883273387548986,-1.7574278248908173,-2.3342745811186574,-27.40170473617059,0.8656749972065312
i_section,True,203.16984391807128,212.13149608379652,9.558522926523676,20.51927656124812,16.8819564539667,8,8084.099677795069,0.4985196787591755,0.4385490414240697,50659446.25235494,15392740.989448791,2.9103830456733704e-08,0.001,3.69332834446159e-13,0.001,-2.211656527587828,183.7317082828287,64.75201312764223,0.6623336953120225,0.8783387614829058,4.971108611640741,1.0883104959692038
i_section,True,112.61777158697237,152.6089991647499,25.865708187623373,24.547163810559542,19.69969482684325,8,9732.602286507408,0.7800745649852664,0.2631266969288922,15991934.077008337,15498375.46761427,1.5279510989785194e-07,0.001,5.276183349230843e-13,0.001,2.133946459371156,-221.29475684364778,-27.87912542657087,0.7931454636475795,-0.1878672923997283,3.1080339320760584,1.1357205588184822
i_section,True,156.81452301279015,258.1834042311091,29.882207151917925,20.208499905836405,13.820808617062273,8,17560.409122310848,0.7645888139254852,0.1537420632584171,65188820.57954749,85810559.5967759,-5.612881588084357e-07,0.0014,3.5967215544597008e-12,0.006791271911424,6.225752573956015,-504.6031498929879,13.13236522290665,3.888910357504102,-6.839329706803124,-33.253404829415054,0.868600404100397
i_section,True,238.21570756188132,254.10969035371548,19.42659355177288,12.389681191763705,8.040258297191507,8,12400.201959957642,0.6800511866263831,0.2130618670527534,127190827.20744789,53161658.62818476,3.2014213502407074e-07,0.001,4.796530317482584e-13,0.0011807294479166,2.5669970349815308,-327.6956769105557,-8.591932310117029,0.8099900170184816,-0.8867535893601222,8.059403257083746,0.8194419853584817
i_section,True,395.36246653925303,213.46520546890412,14.43854844253127,23.828332980120734,16.872694370467116,8,15148.856121943114,0.4008525250560356,0.5705316283155972,329571468.12406236,23885812.223666165,-7.206662779762632e-07,0.00105,2.85507756993011e-13,0.0017889840119949,-0.5364541992580764,644.9497567060974,-15.227329011080148,1.9436117032878009,-3.9432106947349475,22.348696928750467,0.9616947355747758
i_section,True,224.46563125756407,111.88334836908568,8.36797798604658,11.7380198281287,9.070916334220565,8,4383.604872998714,0.4122641439731248,0.5570959456602217,31394026.53533725,1986087.3430775905,-5.8900609257675354e-08,0.0021,1.0802985407550148e-12,0.001,-1.3438386642926763,-65.4689583060356,13.428654700046568,0.043816955308992066,0.42085770899136876,3.338911113667279,0.9803814455328215
i_section,True,216.26931080775427,168.7071941305581,16.432356047205808,14.662063871737706,18.262666718641448,8,8528.675177268067,0.6102510223010442,0.3496644533435594,65282559.01378434,13241512.002826786,2.702498542410987e-07,0.0014,7.201990271700099e-13,0.001,-4.119656083365596,-123.42943168033221,21.72381720575881,0.34542393206180344,-0.3584156009449075,-6.131552688096109,0.8336826785110273
i_section,True,126.37134907639246,208.71056808962408,27.975767000123067,13.710040335407768,10.106602182805752,8,12733.501931862458,0.786222114858559,0.1229984840486643,29523725.353732575,42413106.435703315,4.511093720793724e-07,0.001,5.539992516692384e-13,0.0011,3.0142770064793605,-228.40981914036706,34.228756695217385,-1.0064397600119843,0.7468710165749914,-3.0399380797479543,1.0797008510778068
i_section,True,182.5197842958818,246.24446942263612,28.261487746889703,17.558636049349282,12.935160724753452,8,16278.82995182309,0.7409835446181406,0.1738866910446244,87187637.15582518,70408532.71770464,-4.989228078297207e-07,0.00105,3.426093083916132e-13,0.0010733904071969,-2.8120339305962574,-66.97531384819969,34.870945095776285,1.0272521710021576,1.062031205431577,1.9602035526245567,0.8185413621140104
i_section,True,138.29313616034904,282.5922038345245,25.107115573345304,14.9579692748388,10.257988639082669,8,15600.726262171089,0.777650591353383,0.1091292539865783,47207215.84655452,94467399.74290796,2.9103830456733704e-08,0.001,9.063738317238444e-13,0.0032598105174835,-6.512723545325204,51.01569463788689,-29.162223839020285,-0.7505406094462498,-2.5056766409628644,11.438209443590901,0.9675566017192413
i_section,True,225.3632729323196,124.67883954935334,19.62868321791681,23.744838563219556,8.365262668012443,8,9375.527280947925,0.5139691100575237,0.514354592069552,65219017.73285472,6559961.888236064,2.2678309446805487e-07,0.00231,1.5124179570570209e-12,0.001,-2.4209207930024954,-19.616417147655895,-23.115913000606287,-0.0034564058283992386,-1.854368920472452,1.920388626986318,0.8601894629153114
i_section,True,154.36945124058212,71.09845946342065,20.726964789890452,8.181866477852472,10.5440758869333,8,3969.529789567488,0.6706372029676564,0.315392344904839,14534929.01670318,1251259.2736171302,-1.5748826004726032e-08,0.00231,2.268626935585531e-12,0.0011,-2.0025119172871535,-33.186650145958346,-6.540934597981141,-0.1511553920808911,-0.33504839881917226,-5.329554537106772,1.0141540655535954
i_section,True,248.65297453122167,58.80812992570884,17.777719984305584,13.824485981993387,7.40663432028916,8,5085.44627028003,0.4412329274551856,0.6271932784101021,39600677.333915256,653216.69811192,-2.4473700085044333e-08,0.002378376,7.299307165246448e-13,0.00637065,2.856206082647408,-396.5550632559169,74.78974522405161,-0.755331710779864,2.1714999954957923,-10.757543600980751,0.8121375331970679
i_section,True,396.4184373146692,84.70628380833332,25.783915677879037,9.311452809056895,10.515101782808095,8,7676.9992156586,0.5093392467934833,0.4643121737586776,184904680.68505803,2640293.5192786944,-1.835527506378325e-07,0.0033297264,8.759168598295737e-13,0.009555975,-9.581575109001651,-773.1256522646094,364.75509853515103,4.772443641793804,10.650160473980563,-31.578508981806632,0.8316390631198496
i_section,True,122.9795495056478,262.28044297839875,11.331858174547488,27.048523630106093,15.597478524522169,8,8872.87743005987,0.6455873121468595,0.2415294288526655,21332676.102370422,34306057.349001035,-5.384214018709753e-08,0.00216216,8.84764504878357e-13,0.002574,-8.8124400363245,533.1632104927279,-0.8020102185505542,-0.7783637458792613,1.104314306272631,-14.148952765926309,1.0650967952340722
i_section,True,226.4595266157424,111.49992742953636,24.263438028348997,14.2071141404395,16.130965708422103,8,8168.860502327916,0.6190719951065217,0.3804299333817605,63914206.969173454,5677123.733860597,-1.4119442356756344e-07,0.00432864432,7.883251738466164e-13,0.0105115725,-16.428884295169247,1767.8115906157652,-103.40660461480563,4.8993156431180305,8.836169974957796,-50.923443813960255,0.8267918367704628
i_section,True,215.2622367576037,278.336109022098,10.699978555275374,22.965149021227397,10.403116560012288,8,10504.20419727745,0.5196849551345469,0.3652080102856609,77169052.47211155,38668315.45827975,-3.49973911216134e-07,0.00216216,4.4238225243917853e-13,0.003861,8.313628887055765,-242.3798651009053,-169.74566079826238,4.259532601072635,4.156154524552211,-21.22525744883662,1.1248839778409654
i_section,True,117.84282024598558,196.53645672850027,23.337061800160495,29.29213496469327,14.828652060672995,8,11452.387192603856,0.7506140808657349,0.2338199302670099,21981825.43926258,29741174.21767437,-2.3326581153047415e-07,0.0042420714336,6.30660139077293e-13,0.01366504425,-9.203609502457605,-3031.1440785337327,-839.8769032916474,14.518964333773773,-5.728890738395666,-108.93529870753478,0.8616560574900962
i_section,True,351.77027833151055,158.52964318153516,24.565453605752108,20.88928171487788,10.086785083390303,8,14200.637213813548,0.5014141970780008,0.4803367813393417,259113943.2195647,16556756.38687588,-8.140931596289148e-07,0.003003,1.3611761613513184e-12,0.00143,9.203887641387585,315.4943396696822,-63.86191787766583,0.8016374197691606,-1.7016371464564162,16.495742983751803,0.9135335604564694
i_section,True,230.93457424154644,268.50129582442344,12.100637606051222,24.449422906036247,12.025339665842974,8,11680.52001326512,0.5162726914353561,0.3897530773328767,97172848.51479042,39319891.528988615,-4.8947400170088666e-08,0.002378376,6.635733786587679e-13,0.0057915,3.5278013671925668,1818.587273599959,-159.2393714845203,6.212266061336597,-6.803094046616724,-2.176740092138044,0.9055448150404045
i_section,True,290.28906841168384,100.20830212334243,16.030623119071844,22.98853802837673,14.547968048455209,8,9336.32551832997,0.4235611222487746,0.6582705264087193,96435310.34659244,2992456.8335469295,-3.234357890968759e-07,0.00593890000704,3.783960834463758e-13,0.006832522125,26.92835863655771,1574.451860875311,77.86078297877617,2.528064554820836,-5.269875051085273,-52.11502889480229,0.959895022254939
i_section,True,119.25510485527909,267.31582431509247,20.31896629562258,14.124589804088926,18.322162960561258,8,12270.595338148518,0.781546790110769,0.1175648032666246,27899274.25097491,64747759.29634361,-1.536810052436065e-07,0.006060102048,7.883251738466164e-13,0.0105115725,16.61159891847608,-68.50748714935072,153.21853157481684,-0.9161488794031003,6.025664926402167,-16.661693931496906,0.8100531646392929
i_section,True,162.3101278644192,121.80705458402257,8.74805074481769,8.868814303783672,6.855408400039147,8,3457.0555366361064,0.5503836935973082,0.3793733588458353,15030659.868924731,2644965.863045934,-1.0607234326934144e-08,0.0054875436065049,1.891980417231879e-13,0.00102487831875,-0.6814678071508276,67.02665629092667,-16.27081095937135,0.12730468358891078,-0.41876507547417147,-0.2782534964020566,0.9110391537157896
i_section,True,196.81063133608023,82.3913789175133,16.91301609838762,11.576126522118471,15.723216852117474,8,4892.420622966967,0.5700701156397576,0.451322295622445,28121611.231194615,1618858.859190244,9.723298133022967e-08,0.0065850523278059,1.5135843337855036e-13,0.001,1.2186907149236128,-117.09790835015305,-9.798030449653965,-0.07889543392576422,-0.10667786286152924,3.008682543687048,0.9085039001780154
i_section,True,235.7526733949746,115.70655436881756,8.42777945545682,13.836722170504732,6.38923995787037,8,5015.233049253389,0.3748006010577881,0.5945084722073466,37723075.569492675,2226794.5893573775,-4.120914656928572e-09,0.0141249372431437,8.718245762604499e-14,0.001,-1.9177448571893114,21.069338004154556,5.593583724637313,-0.3639151265567711,-0.5661830592247978,-1.9281496586570581,1.0048226111151994
i_section,True,123.90721945295186,194.36469028592344,25.96692990760617,18.82322554810578,15.877404007404843,8,11671.90686114655,0.7727249733930759,0.1780358425144816,25594297.805643156,31857570.141705852,2.8003098623106146e-07,0.0083144600098559,1.891980417231879e-13,0.0034162610625,-1.10553604005823,-600.7200970699968,-80.11705536083285,0.7941773867286478,2.538951901973756,-10.465823651980244,0.8752727995773839
i_section,True,130.48496470411266,132.9316003056122,16.79975219725955,27.797386905962345,13.704036437508345,8,7325.7470186811615,0.6416032297966446,0.4210050637486482,16985632.864250865,6799827.829644942,-1.3392972635017858e-07,0.0108653363408798,9.686939736227221e-14,0.00195,5.12067139060855,-154.1826137749755,59.504916252638274,-1.0625887760215174,-0.5165126483436121,3.8106814482658655,0.9604456870224412
i_section,True,143.25459714789713,186.1307283717295,13.147788749716817,25.093051631097897,7.839728073503456,8,7883.648981477223,0.5863793605183603,0.3513929685396926,24303905.929920863,14295729.610331912,-7.232205222909644e-08,0.0072435575605865,1.210867467028403e-13,0.0015,-3.858429560481222,-90.87108194445955,-30.429536946705756,-0.015273648540970639,-1.6620482893402349,5.3171384902874195,1.0458666503847422
i_section,True,344.44646630552654,228.98325001340856,13.470695134947032,26.435112674481324,18.93239624029917,8,14879.520045189614,0.4192823812449842,0.551283596029287,247120986.38839668,27546096.287207097,2.8003098623106143e-06,0.0049886760059135,1.891980417231879e-13,0.0020497566375,16.19715868355053,-775.3947260221372,-7.432987410723196,-0.5634370474642002,-4.882634083825094,12.873914595084377,0.9774672586287576
i_section,True,141.34326827839084,218.68593768765172,9.377980560145147,16.54106455257038,19.32206103253819,8,6459.687796139977,0.6199266665217747,0.2954363990495109,21500718.02637442,16450199.77277401,2.7472764379523817e-08,0.0169499246917725,1.1333719491385849e-13,0.0015,1.6996476516426229,-75.0257517456065,43.81524725207232,-0.025875637689947342,-0.9525373154179856,-8.195102891691036,1.062714733434293
i_section,True,309.7868114197305,259.1709639241932,18.95905839348283,24.365413829590658,16.21103652115654,8,16683.967079371316,0.5415255035079934,0.4015799117074192,252963374.81667808,55396409.96558783,-4.3612133551549e-07,0.0024024,1.769529009756714e-12,0.001716,-9.66228729797816,354.95500371312323,-51.40658235242783,-2.53947013238548,-2.6006381445171605,13.88334988964461,0.9552356056065373
i_section,True,221.5460849297517,214.61047459603077,8.239296613994664,10.33331168348137,10.897516629976678,8,5760.5691606155515,0.5484594262293567,0.3521274886149064,48725398.00325149,13598959.12504862,-2.0757199753417994e-07,0.0381373305564881,1.6207218872681768e-13,0.00135,-0.7100544956264976,-209.65178336866924,27.557360857060516,-0.1581729124738318,1.0673925606822856,-4.993164943032737,1.1960835505235083
i_section,True,228.12083700091455,100.24785945415252,16.39552187888847,19.72590683415718,12.671112865197122,8,7282.335228698777,0.4821370390161718,0.5709736961857484,50440960.629780486,2901828.2562203095,1.5567899815063498e-07,0.0254248870376587,1.4733835338801606e-13,0.0015,-5.086572969271653,-165.51912126431853,-7.061611999271966,-0.39933951856517336,1.9647574148063847,2.205667178365852,0.8538758918725937
i_section,True,218.59616435135231,233.08187830229917,11.276691151565954,14.161022253580168,18.228426747490172,8,8326.9173811334,0.5871832752348571,0.3318573383213204,68027113.92737393,23885966.293783236,2.204604548974134e-07,0.0274588780006714,1.9448662647218122e-13,0.001,-1.907732197809662,-244.7273859941597,-25.19340075551316,-0.58687800969845,0.536226044761366,-5.523079043069674,0.9934937020626631
i_section,True,259.54546109329874,250.8064235728616,8.854178716294994,9.892280877119738,9.240864880259988,8,6909.2386457867215,0.560647310096193,0.3294169690040713,82536108.10718887,23305113.85740736,3.269164151273477e-07,0.0541273796569716,7.454516803377528e-14,0.0011,-5.361527209531655,52.6592109631175,50.694333389295146,0.37208139346914537,0.19140181925737032,6.1017885035594315,1.1434727192449867
i_section,True,374.5517149365201,218.41809014845063,8.596887000710467,24.343085280852833,19.8847811553628,8,12804.443230086756,0.3220339607831572,0.6445148218724026,228950058.15645504,15462149.609875266,2.1983236243331818e-07,0.0296555882407251,1.5169956864830134e-13,0.00121,1.5403543883914494,-652.6534285712208,-12.821161704256053,1.1694275606131557,-2.1601644266697497,3.6686318812119136,1.0180313017743032
i_section,True,290.90878531326587,224.67331325155848,29.068035242909712,10.23859697271542,14.472677901638717,8,15630.198890730093,0.7176065837784098,0.1854017290671778,237930450.3650503,54979214.91271135,-7.733074417940037e-07,0.0228823983338929,2.4310828309022653e-13,0.001,5.729277406978242,-259.4951306784691,18.395696608843952,0.06535666440079305,-1.453341155550164,-9.55441944707395,1.130951623479032
i_section,True,381.41278270484605,124.78238046448992,22.688858109089345,17.97989054470625,11.180185109512175,8,11814.79846803885,0.4521039349579196,0.5452582255633114,242286721.94830564,7525184.65902782,5.144632006477735e-07,0.0416364458899781,5.734243694905792e-14,0.001,7.776457165996387,158.96505920003793,2.3375231811188115,-0.7775257570431074,-2.244688989248842,-2.210006711332626,1.1188772512286203
i_section,True,339.9614886212285,260.19076192724054,9.27546139391902,27.669793027609412,17.734801422941256,8,13998.403404751394,0.3568351274836398,0.5864617403076788,215384436.97539303,27890322.35256078,2.261132870742701e-07,0.0247129902006043,2.5283261441383556e-13,0.0011,-5.365159384996321,-568.4388110189054,-71.8054961902922,-0.792400223406305,-2.100043809949764,-8.085772320895428,1.0607679182260052
i_section,True,206.27530869853723,87.5388133402526,8.449828657789853,22.036916668411703,11.026299330851137,8,5760.193424007611,0.3974331966266618,0.7126810942322268,27869221.103474025,1133770.3806882584,6.617741196909871e-08,0.0351827967770315,6.709065123039777e-14,0.001,-0.9250332706496389,59.93230314232518,-11.0438732002499,-0.24197045702206654,0.09954909910179752,-0.6989667700656486,0.8087412064760572
i_section,True,126.96954119827146,64.58573628408472,22.303653598791037,26.65508910869245,9.858222121159995,8,5162.3483039880375,0.6868375752618677,0.5930534238180384,9381423.868574517,1152604.6715830115,-4.3753660806015675e-08,0.0425711841002082,1.5095396526839498e-13,0.001,-1.4954111386649913,73.50627752009767,9.660305381461235,0.22664156369861035,-0.16251527071177196,3.274207040371084,1.0577832653557673
i_section,True,214.54583092178152,291.7919970776918,25.22048177329475,10.887844721407184,19.702611189620523,8,16848.454737614637,0.7582493427783876,0.1338518156572889,138752146.4853244,104485767.27450104,4.652536771075517e-07,0.0320280352999832,9.557072824842985e-14,0.0011979,1.27393994411506,101.09900582820528,5.739409530296887,-0.2988612290070709,-1.0574624551163063,5.644962422792386,0.8187487114918939
i_section,True,125.0213045320676,243.60882127097057,24.410263119212964,20.614219866490593,8.538605743758115,8,13528.43247345794,0.7621872691006992,0.1451064462657226,31532390.871272538,58882126.06847383,5.757514254205952e-07,0.0266900294166526,1.0618969805381093e-13,0.001331,-6.39112534496149,418.8645940743567,1.1786264386833076,-0.7231947183084066,-0.8042845515866707,9.52264896541177,1.1096687682321966
i_section,True,326.3805821943001,143.75776085414662,8.20762692507283,10.23184006863726,6.515959692968822,8,5568.89845216097,0.3805779866425006,0.5596075972905893,86014765.27785039,4093425.677071853,2.604384571786648e-07,0.0357597946441748,1.8114475832207397e-13,0.001,-2.812363863475731,54.52712065520783,22.93021167985911,0.43498530886764153,0.45568458345988677,1.4957477496560205,1.0128303750410672
i_section,True,234.5168308815069,50.284556264547234,27.867609881519428,14.88203335810909,8.033696425438745,8,5520.3539256624845,0.5378091637401516,0.5880457836676379,37626807.35364544,644693.3248818184,-1.4468803176592488e-08,0.0804595379493934,2.445454237347999e-13,0.0012,2.023060985969775,-116.59972745533406,-15.112467645995451,0.4232141362650738,-0.010661440571024553,2.4429937705616336,1.0993756731774222
i_section,True,236.7119858373228,83.21640339042591,9.02053425382604,18.17503025406586,11.4152324671658,8,5590.947348814871,0.3671249839705889,0.7040170275603854,36619240.98407496,992087.5019525852,1.6026981980225526e-07,0.1568960990013173,2.1519997288662386e-13,0.001188,-2.098374486612124,3.7623864270643534,-20.551709148134698,0.2948863152127323,0.07227856576463113,-3.2086025764821824,1.05291828873752
i_section,True,276.6859602590539,96.7470188275508,16.51122553313725,27.92547660618568,10.515240209889653,8,10097.065610212312,0.4387550831964963,0.6928814245739123,89199548.42076164,2960724.1214669775,5.895805793610612e-07,0.0387010764547347,1.0063597684559665e-13,0.0013,6.60865323595124,-406.74899523076084,15.124014186857544,-1.1271198905814714,1.1773134981642,-0.9101889895777261,1.1788138727939301
i_section,True,312.5293756263342,255.7106718642427,20.604335853538977,13.045154068459084,9.958992797120455,8,14164.664106488506,0.6388566250324289,0.2654196886650407,248149311.0127848,57476073.64311739,-4.764773661775107e-07,0.0703655935540631,6.709065123039777e-14,0.001,8.2440174807942,217.0033625052597,90.35938893202514,0.09396193396018077,-1.3999777622599807,-8.998668935864602,1.1003500044289334
i_section,True,264.8565188503169,143.26487341287424,20.00201296761109,19.334400867389405,7.354252784969362,8,10126.40934978732,0.5166625216284354,0.461835334230554,104995886.2815642,9944286.585143307,-2.083507657429318e-07,0.0536396919662623,2.717171374831109e-13,0.001,4.268364742472617,-233.11450281504142,-3.609740767088016,0.21929342175322566,-0.7203882479128524,7.578465795143537,0.842431974194281
i_section,True,135.92090797380772,161.92572496726416,15.724154466500122,18.436460286550208,18.29238537313112,8,7314.428135799628,0.6757846507158531,0.3048189141227281,20937074.39355771,11237901.885812651,-9.173693389354677e-08,0.172585708901449,1.721599783092991e-13,0.001,3.5307192325699126,-161.07207762200244,26.586106178495115,-0.5028948329913199,-0.24097745681741847,5.053850181762821,1.1971797063887673
i_section,True,170.6673232768042,201.84930757443752,9.3644343134933,8.475780192028772,16.068065533285967,8,5296.6221573683615,0.6522867604830375,0.2523336948540753,28291944.050920673,12859633.534664083,9.579213424317449e-08,0.2916698480434488,2.2725117136827482e-13,0.001,3.0630576306630153,147.45027864896497,4.9340151508524235,0.4005931304237749,-0.3640409819084499,-2.062485565334137,1.1796613428725138
i_section,True,132.16657980240143,196.49210489294128,16.827863135340593,13.769301935722751,7.0138423786643305,8,8013.032441952353,0.7136527193166986,0.1871490775753033,23345431.589429297,21301770.72317155,4.1509924838708944e-08,0.2243614215718837,1.8937597614022901e-13,0.0014,4.774160458098385,-150.7920457265472,24.76389329781191,0.19839742734096563,0.24652032820403524,5.058095664732673,0.8162768943827232
i_section,True,151.13566488907972,109.99717976013764,25.102879330199315,11.46274497788968,9.264018084205375,8,6755.352981270703,0.7155384874346195,0.2465155712816816,23380097.062236954,5585805.482114373,-1.2772284565756597e-08,0.4375047720651733,1.363507028209649e-13,0.001,-1.720300707195485,22.015346992994807,-10.917400294104551,-0.15097697752079112,-0.5468224918131991,-5.306724032579502,0.9257203881352191
i_section,True,150.2670127523709,100.49346041086925,23.41407404495222,18.13534896260677,14.233668672558654,8,6761.061808481383,0.6710617235316123,0.3810520153498318,21241775.93625381,4040322.018292508,-8.810148242399063e-08,1.2262383751442676,7.604278696325211e-14,0.0013,2.6905720904987467,186.28569689214777,-8.619556467848133,0.28252724092228315,0.6391875258608364,-2.541587724028615,0.895436838106936
i_section,True,354.9563075803853,106.18543336070904,8.201221668430131,15.673618632709886,11.865892122078638,8,7172.6309091740495,0.2828051262488239,0.7155290428975695,106506034.77429074,1759641.846648975,-4.202136913409097e-07,0.6737573489803669,1.169889030203879e-13,0.001,1.8747593146663044,145.5400910621751,17.982725096160095,-0.02657451173606847,0.9988095007838906,3.337693521356562,1.0466515715684945
i_section,True,104.17697170878562,81.90959348454206,24.27716259370483,26.231678165163824,10.394833464369963,8,5531.735250749131,0.7451885243644217,0.4515146988387549,6981176.587657052,2330535.1870384617,5.063303587585668e-09,1.471486050173121,8.364706565957735e-14,0.00143,2.270400455552369,-86.5222554299534,-13.052481246736113,0.1819918527996831,-0.4802886178948476,-3.7222686194323438,0.8988771328307145
i_section,True,154.6051182570838,264.52902451342436,18.475710895096093,19.16621897217709,18.6531112372159,8,12337.523722248545,0.7169236311893431,0.1975002297940827,49084701.56349351,57131250.570548266,2.6760977185394777e-07,0.6125066808912426,1.7725591366725437e-13,0.001,-4.811322379721321,-337.91980723325946,-44.422886052372,0.44278593707135266,0.6048295436245281,-3.1742127047994617,1.025013820577532
i_section,True,105.03805718698904,270.1065846480206,15.045935068223606,15.662903581339211,19.34930928096951,8,9633.117699744553,0.7648997776538392,0.1299658192643104,17526030.12102976,49494892.34081023,-3.047129948990378e-07,0.0595996577402914,1.2076317221471596e-13,0.0012,3.6419873995098913,-150.28349348054394,26.88975603034207,0.7246215404748023,-0.3588911255703136,-10.07466990865039,0.9844160923542125
i_section,True,102.68852075578964,50.424742774290834,20.24555700872994,28.28326331386521,9.447397966030088,8,3879.862678811569,0.7618188736530004,0.6729373311855025,4172654.932683405,571112.8492891797,9.73712228381859e-10,1.9129318652250575,1.2547059848936601e-13,0.001859,0.5782484814858526,67.94346180067919,-12.973596033359069,-0.01912670842214856,-0.3659192347403772,3.726575651392763,0.8380095854902889
i_section,True,350.26901860965773,201.8977508551288,27.45178868258602,24.90245143079077,14.443373511878267,8,18624.791969079895,0.5449939515779662,0.4311730190410458,346811595.0671121,38081497.057708256,-9.260034033019192e-07,0.1206893069240902,2.689999661082798e-13,0.00132,-7.817166528622728,707.3386000960552,-123.64484859495771,0.2965025937996238,0.42308792272998713,-15.812685302165116,0.8369222299881895
i_section,True,340.3681733193514,162.20505009855185,23.430100853643,21.230861007018632,17.108818543025514,8,14091.352358384456,0.5136268205363567,0.4806968518229795,241249316.26435632,16956831.536745623,-3.791401726384148e-07,0.9432602885725136,5.849445151019393e-14,0.001,-3.767217841389114,-69.91720546427439,69.40401914687037,1.8002626699157358,-0.1907246217734078,-18.783916788837878,1.1761639827711101
i_section,True,171.77531701635604,196.48271629447143,14.943661376672097,22.690222100342364,16.317445622604755,8,9327.373669584544,0.6063974601644345,0.3540178011960109,42686894.25090982,19085930.82724825,9.347637392465849e-08,1.9129318652250575,1.1292353864042941e-13,0.0027885,-4.089222875673603,-1058.5824112133764,-94.6175798025817,-1.2903554938149149,3.769658393387355,13.639114169050405,1.1243045796709918
i_section,True,329.53332241356856,86.6380198346748,23.903462462703743,20.321192542131,17.986961849808623,8,10153.143613545337,0.4699240123607283,0.6171060618083191,140144269.2167139,2849442.7533225506,2.0772527538812995e-08,2.8693977978375864,5.6461769320214706e-14,0.00418275,-11.558329731181397,-1143.8078475925006,32.60256884001121,2.6527412731796454,2.7048582080955943,32.372042662769644,0.8984183003413163
i_section,True,123.81101901922663,233.77910721669136,14.472190304595712,19.06244692421628,14.61596597523686,8,8763.97852699847,0.7041301567643442,0.2037161721225522,22067158.913471323,30905207.677428585,3.9947168343871144e-08,3.7302171371888626,3.9523238524150294e-14,0.00585585,-11.133705997912488,-1651.1062280912265,-165.30113297333196,-1.7990250253326128,1.6687590028818144,44.6807083150153,1.132475755165459
i_section,True,257.32651502965655,205.64627136632296,14.024872269321556,23.615846896607874,13.9085860060591,8,11354.035947691284,0.4886450479218195,0.4711133789497992,111306827.53128418,20619982.274086125,-7.989433668774229e-08,4.476260564626635,2.6085337425939194e-14,0.007729722,-27.12115832695543,-667.3112098263584,259.4224360217387,8.389341679411269,-0.1720128364739318,83.29326154338285,0.8981602720885408
i_section,True,238.80978527106743,193.74619839419705,12.104585421999795,18.89666755450952,6.256685601889567,8,8780.304123887332,0.4832873082938987,0.446061431460283,76275191.60405624,14797117.541204158,-2.789960963698937e-07,2.350036796428983,3.3806597304017196e-14,0.010450584144,-3.0698244682590885,1585.1088390679188,246.045126639485,-8.980452483017759,-2.8752306402847174,-100.64914765487839,1.1829806205702695
i_section,True,319.09817537862,299.7134195841412,13.37842299592596,13.0479323000123,18.436964784880352,8,12134.566739536704,0.5911602365007961,0.3140725912216473,220733700.3714777,60123042.23333479,8.522062580025843e-07,2.2381302823133176,3.1302404911127037e-14,0.0100486386,-33.91191671394287,2382.1785757909574,-155.20065893544867,8.154622053568419,-9.547742567786619,72.8132948815097,0.8123073744455211
i_section,True,307.88596113231546,86.01407450134478,10.344218454053903,24.742622491803193,9.971528992955664,8,8973.484315651709,0.370924299696945,0.7628441797448183,90001938.06450714,1478829.03394163,-1.1272569550298733e-07,2.115033116786085,4.056791676482063e-14,0.015675876216,-55.742156695732824,4465.824459770131,-23.933460700262682,-7.170617491048303,-28.767085748967816,79.42490268447051,1.162593458642511
i_section,True,139.413312532867,292.99737696877924,25.242954550524708,29.94076228834354,12.259054999361007,8,17587.75086298346,0.7480245905145375,0.1659936160112612,50975507.50829569,106064605.27391316,3.538641611291871e-07,0.6737573489803669,1.0635354820035261e-13,0.001,3.312069861766208,107.7554258606761,-31.168530366259713,-0.2082214984357139,-1.1252209136246647,-6.726833819741863,0.8921124926073536
i_section,True,281.22556158557427,153.83294922877872,25.03068514717165,21.747179130313377,15.432142211273453,8,12938.951161844048,0.5607402760032126,0.439463777338167,151803381.6347918,15430525.596917894,-1.4203437633376404e-07,3.3571954234699763,3.756288589335244e-14,0.01306323018,-37.46165735613676,7225.761884008142,672.1464022786733,-3.369039717354467,-24.388988148962426,35.12390706876003,0.9904789691691307
i_section,True,154.37961413388751,164.94249111307005,14.751019634932984,27.282949919316465,7.672762886934259,8,8325.252309354222,0.5686421049765573,0.4099260261066398,28425498.84900698,11256145.20857658,1.479524753476709e-07,1.0575165583930426,2.8397541735374443e-14,0.0141082885944,58.44620937557746,-1643.1523577136888,-56.34062755436601,1.4216330934310528,-8.469478367009595,-57.9431453241158,0.9321406376071152
i_section,True,101.62192058528326,178.62689931738393,19.19366737288112,8.779753147195777,17.72913216372299,8,7690.277595292273,0.7937653286081756,0.1217894531783679,12257696.703531384,18259121.79700953,-8.129256887234664e-08,1.0998172207287644,2.7687603191990082e-14,0.004444110907236,-14.54813940566934,-119.58163325851599,-87.25838383191993,-4.180825984457109,1.4297886657580663,-11.79030925723093,0.9742225301322708
i_section,True,352.3769244701176,148.97332039765865,20.31660011176256,12.18683721746194,16.845855672095468,8,10103.497432062855,0.5476314141331983,0.410808845837579,203647001.2923337,11269461.39109904,1.1922910101277506e-06,1.0998172207287644,5.537520638398018e-14,0.008888221814472,24.95889906916691,1913.9679268946845,-478.01102429885964,-1.4808775787080641,4.983979134999556,-27.357267658142188,0.81973833911137
i_section,True,345.1169519900727,163.66378775668142,18.494112710878007,22.502105556810452,10.414339910869083,8,13083.132169803188,0.4405329370469457,0.5457103149556849,218692909.07723328,13823390.952340802,1.761338992234177e-07,0.8460132467144341,4.2596312603061674e-14,0.00987580201608,49.61927176682679,-3640.4907048004015,-62.97012999637158,9.984570938168751,-2.0584660919902515,31.799445225177376,0.8128856711545676
i_section,True,157.22650165732034,128.24668853547587,10.111130109102472,29.254821852825668,11.797966170175991,8,6724.616715410167,0.4867926343273976,0.5880979637823851,20857877.101281863,3877973.358679592,-1.5332960521190205e-07,1.0690223385483593,2.807522963667795e-14,0.0013865626030576,2.1552288344687787,-169.5386105366007,-17.498782150841414,-0.22233229546907654,-0.045002734549832245,-1.167639283647023,0.9006717118243962
i_section,True,314.6542377646634,128.72324875814036,8.601601909416688,9.449381726422008,7.316151739716926,8,5072.535539612616,0.3945944681544953,0.5513519575902005,73617595.402251,3080672.176429764,1.881772427600616e-07,0.7126815590322395,2.807522963667795e-14,0.0010665866177366,-1.320775554700624,-52.112973899430884,-19.855757749803235,0.27289468325723026,-0.4411587246500562,2.4329902280324576,0.8984274180912685
i_section,True,278.8043640687815,77.63523506143473,18.488600882360068,9.174228711348263,12.568231335814373,8,5229.0601406307915,0.5163631120564502,0.4731744158140066,61475480.23353211,1466019.4220844624,-1.0722350014818325e-07,1.6676748481354404,3.5374789342214217e-14,0.0012,0.9283981019115958,82.32956297078658,24.94209949345099,0.11565852842929486,0.7705209941526594,0.03913844849194161,0.853883244622169
i_section,True,147.66844123347215,64.66290954978643,29.7977916164257,13.530103975233413,14.412879090431156,8,5229.039862481643,0.7055139189117445,0.3910785043359345,14747194.856212646,1380913.128490286,-1.5636760438276723e-08,1.6676748481354404,3.8912268276435646e-14,0.0012,1.2230722274287966,54.3724045160922,15.123412902855891,-0.6039110487535824,-0.8953892992289908,5.590088331764887,1.1223671278049667
i_section,True,122.83738754176534,161.4877181750574,20.98508141854268,11.574172166664294,14.072745391471493,8,7888.846282209988,0.7599311608110622,0.1718481995973841,18580653.6577408,14755065.041428538,6.969527509631913e-08,1.389729040112867,2.526770667301016e-14,0.001,1.7455984537845373,181.92746211591512,31.185256748019924,1.0076080126806006,0.1646151325526821,8.211564700827497,1.081679400062757
i_section,True,366.8261910931431,256.15641332370626,16.000974634315142,24.44219980496821,18.23314657480139,8,16675.464286127724,0.4663084827468398,0.4858830001848322,336707710.7738371,45313945.27351213,-2.348451989645569e-06,0.989835498655888,2.7687603191990082e-14,0.0026664665443416,-11.298739917298487,1564.3791452969201,-71.48622389486961,4.089248957157752,-6.429004724934093,-5.497823333736853,1.0397286145400513
i_section,True,272.23257711304575,299.71449092402867,28.60971700309364,27.56628799215007,12.714617789924874,8,23219.63081250436,0.6505527279348571,0.2757560256614089,280034995.3490332,128792477.70322622,-1.8748537676056857e-06,5.595325705783294,2.3713943114490177e-14,0.006441435,47.83903997120957,2711.97067769041,-255.4426298367281,6.091075215278608,-14.078351271711126,-43.56308815371068,0.8332080882303337
i_section,True,103.1330718874481,150.69469428096082,28.02094665637454,20.713556922217087,7.320714228802803,8,9468.055759170476,0.7835933336005029,0.1929650627785241,12667251.254574306,16023615.006395178,1.9495181845124226e-07,1.8344423329489845,4.2803495104079215e-14,0.00108,1.5271864717856496,211.23118765399332,31.79827307119162,-0.3869176971134187,0.6389322293411263,6.2699052668487685,1.0840207039103809
i_section,True,217.29990102542837,273.92125765754133,9.733399039504066,14.73107925629474,10.31117507554815,8,8340.727264840512,0.5665563155524723,0.314128705027719,67859395.85954183,33403859.296822324,1.6245984870936856e-07,1.1006653997693907,5.992489314571088e-14,0.001,0.7093987592897426,-12.41627449742332,33.11570358670649,0.8510663404859276,-0.661115617055933,-2.9201709529352584,0.9296269517872632
i_section,True,249.89020926271593,70.0368913155515,21.309209120593128,29.79017397409519,14.184777338076495,8,9337.534270462262,0.5778494826369832,0.7164974991695725,63004269.74310945,1736556.015212575,0.0,1.452878327695596,4.6741416653654496e-14,0.001,-2.594012878391905,-2.828595165929949,-30.824587032530594,-0.09125192230577549,-0.6222043098165762,-1.4159189122741842,0.9050081372780813
i_section,True,219.11131583773724,124.4444774965542,19.57349060813756,19.862327063934828,9.298194418052503,8,8522.624690073571,0.5403957374864885,0.4652264065602544,58885027.9101864,6415870.9587532,-1.7435716086232737e-07,0.7264391638477979,4.2067274988289047e-14,0.001,-0.5145676019268708,-144.15087694828145,2.613892111506047,-0.2078793740703373,-1.3445041142109386,6.818691484470045,1.0090361444832066
i_section,True,156.21744863174757,277.2346217370607,26.078993372951857,19.759692176809313,7.890926807469245,8,16571.270464575708,0.7489559557849,0.1474410537085216,64037805.961508095,92689676.2507181,2.634481398640863e-07,0.7918683989247105,2.1596330489752273e-14,0.0010665866177366,5.540071211874952,300.6452128856329,2.512251205294648,-0.5203303887660491,1.1468554992294226,9.872685779400305,1.127913856037811
i_section,True,296.38600039057417,153.05723790864488,27.444885066710135,15.361558807272402,9.297092929140526,8,12187.505620831693,0.6031762322360277,0.3509724989154372,171548024.90769255,16481593.038096182,1.2307564296164284e-07,1.21073193974633,3.5954935887426534e-14,0.001,4.917562553118593,-114.93607965956271,26.100012739060052,0.4547271239597309,-1.452061048134739,9.697530839204443,0.9891395711129698
i_section,True,224.3849904835858,178.73473797458962,16.276953690740704,17.338149070409113,11.230527006380916,8,9256.09344908864,0.5702894844742148,0.3774303540060456,74299489.73400421,15587811.513747193,2.5640758950342257e-08,0.5811513310782384,3.7860547489460145e-14,0.001,2.8356554686641506,137.7054310058911,-19.552517661770594,-0.5439089760196133,-0.905029805656118,-4.322451274441183,0.9238143589697919
i_section,True,132.05739018848195,86.08382499129107,9.980643891016104,22.57385900920348,13.539132797362118,8,4410.959575596662,0.5399737179016848,0.607386341760572,9522059.962687176,1203185.880550154,3.2385401562243365e-08,0.3163322925325066,1.090383767696452e-14,0.001,1.3124281252610621,110.13049569645133,2.0206399857833603,-0.1882926196655958,0.14956850497971005,-2.706228337365133,1.1335783960506263
i_section,True,266.6985930566343,269.45035615370386,29.06074389111697,22.43630343188232,15.00561562707481,8,20539.762937447987,0.6701368738659359,0.2594581791465498,241195496.3354153,94993380.58458,1.083900918297955e-06,0.989835498655888,1.6612561915194052e-14,0.0013332332721708,17.27331413970853,-894.7172335493,-119.3500350757499,-2.5376214169463127,0.40103966235638994,8.555739272110799,1.1287626369912214
i_section,True,145.7336881720425,170.50772952482924,10.264659421529084,18.307015070841445,19.612040539781205,8,6132.812533358486,0.5911241791144015,0.3793523652767857,20239907.18257613,8612591.426240852,3.9255032196658624e-08,0.284699063279256,1.1994221444660975e-14,0.001,3.15544685421717,-94.12138630618581,-3.650918530265432,-0.5059521986830632,-0.4877862571361302,3.1551660031921127,1.089281019623061
i_section,True,194.67425361764384,107.23685698507732,19.021859604772153,9.048508617556616,9.748572533303811,8,5581.039443893593,0.6445653195297402,0.3037320057412354,34976134.473921336,3923406.4840403134,3.680159268436745e-08,0.2277592506234048,1.439306573359317e-14,0.0013,0.7502634098195083,-142.59135781785477,-42.27609461658001,-0.3475643005208697,-0.3422635697117915,-2.035238797271875,0.8531444325149085
i_section,True,203.3985137344173,290.74395225907494,26.30545493492639,8.159907972033857,12.3781960203767,8,16662.27140042735,0.7786081380740185,0.0956264802391598,123858658.3655025,107766374.63078208,1.0988896693003825e-07,0.4068059317547668,3.028843799156811e-14,0.001,-0.5779994736924625,-158.41665821410376,-8.941106313741782,-0.25392281911518977,0.7755872538119305,1.029363802682073,0.9691856511519132
i_section,True,274.1196005232514,135.13368969385067,28.84813484363164,18.328137369241233,13.502312367128004,8,11924.639419337733,0.5964949712755376,0.3970827050745902,135066372.0527029,12001010.093446748,1.8314827821673042e-07,0.4881671181057201,2.4230750393254493e-14,0.001,-2.1956685161479714,22.902459111161207,91.83972992584835,-0.869948834621564,1.2201167405597348,5.1487473751160335,0.8006412789528775
i_section,True,202.65397501371783,89.43841991031482,28.171656804751596,24.817482289091032,18.84768883283763,8,8984.598385394776,0.6228108852444696,0.5270444637607612,46659294.11280164,3637357.1214666534,-4.8391311879510126e-08,0.3079305068428433,2.176231538919287e-14,0.002145,-6.956265971107298,-224.62803861501374,-36.88287778969039,2.680202170665817,3.477073628172556,7.62566166940547,1.1634096179462243
i_section,True,217.78243548389116,265.743414391261,10.944275760764796,20.14331039736976,10.123951742891716,8,9853.367231444465,0.534111808532223,0.3568522894574165,75719481.471034,34378952.5894161,0.0,0.2960870258104262,1.7271678880311804e-14,0.0013,-7.8655076351252,-246.5265467305418,65.5763737413421,0.5643100789404519,1.2175917116904265,0.45697913966385284,1.0817160916706554
i_section,True,318.07597772175797,283.3268737798404,13.653717661340783,21.670448719605425,11.91900166939727,8,14163.698834905894,0.4936006154751847,0.4214140152517077,226324633.87493205,52026594.109839864,-7.631178259030435e-07,0.292900270863432,1.2115375196627243e-14,0.0011,-3.4453628270750416,948.1768277889719,-88.2551770708613,-2.1523841433493334,0.2768907480606577,0.287227357639827,1.1190786035859868
i_section,True,119.33606191626671,80.73340846483097,10.92791108220236,10.659894444347248,16.01864565558227,8,3030.637234675737,0.6228836770488853,0.4103652990969104,6488466.602085307,988707.0729785776,-3.20048358991469e-09,0.5819886579329738,3.0342108231382173e-14,0.001513512,0.41601007546966995,-32.40261807003837,-21.62581839408979,-0.09175631669025619,-0.2224894318905075,-2.6678874997057105,0.8713915645993808
i_section,True,392.87012188520794,147.0531468348628,12.761700422887944,23.187700753411196,17.46885970110497,8,12541.200354754452,0.3437272158273271,0.6713474227007605,240129970.71737713,7213817.711568213,-1.2775306336190673e-06,0.3849131335535541,2.418035043243653e-14,0.00195,12.622015897578049,343.0065169834173,86.83215130783697,0.4294606766271659,-3.9890261767147295,-20.72843814277225,1.114147813625658
i_section,True,255.86067494827955,299.1438205617443,16.968619083041823,15.7463743578417,18.01689528687276,8,13933.78800036436,0.6477843192503683,0.2568216830748286,162712346.73844892,75823748.54594395,-1.9077945647576087e-06,0.3514803250361185,1.090383767696452e-14,0.001,3.9192231683731373,177.53913781259783,7.20056206903985,-0.7938433908865363,1.5757585831216425,8.240113217428469,1.0767812250880473
i_section,True,268.63266359059605,96.92437267015907,20.54329199362017,9.115141583861158,9.0465211301355,8,6128.810122337635,0.5738104301621306,0.3847189992476693,71269061.14729738,3135333.528239608,1.1694074655457525e-07,0.6052682042502928,2.7307897408243952e-14,0.0010594584,-1.7907065431348108,268.9554311857832,-24.374196090136223,-0.8351767798452248,-0.7164131223291069,-1.4149218193390527,1.1098636036742517
i_section,True,333.19862724362315,134.3321103231395,9.636387009435689,27.459340936833613,15.058381749412726,8,11409.76103395822,0.3255928694207622,0.7260228371198836,143304786.59003055,4495561.726569802,-7.34831032244413e-07,0.4157061842378384,5.5167469511603946e-14,0.0012012,-0.80030953292181,-405.02008215180916,30.51105778268936,1.255397989560305,0.46633060097536827,13.890188010574168,1.1881990234874409
i_section,True,399.1144118864085,243.3686826167102,12.846004103355597,21.03604132320468,19.362853695648603,8,14439.653717372916,0.4185437479973086,0.5337986234751703,335624510.8106621,31229277.14852291,1.8711307260077248e-06,0.4618957602642649,2.8291010005950734e-14,0.001716,-15.024416958134704,-78.25073966409717,-101.97888258465801,1.801677475385643,-0.0281904603365383,-7.968911491281537,0.8653812580556203
i_section,True,152.19537754730317,161.98899458144615,17.2685843502613,22.6979373621333,15.010073761945977,8,8464.566405659249,0.6391379986375438,0.3524683881865848,29296577.08409694,12393609.975202931,2.048309497545402e-07,0.5819886579329738,6.068421646276433e-14,0.00168168,2.6385640450726333,-495.4426470866296,-56.644407844274475,0.3877849591401543,-0.9561365317341356,-5.676139210008769,1.1707625191583175
i_section,True,127.97705279117966,156.46202198681425,24.446734090214196,10.345371392311415,10.51924674853104,8,8566.016795824045,0.7705678769806522,0.1489366282117183,21442008.16890735,15619480.484384503,5.6008462823507086e-08,0.4655909263463791,2.7307897408243952e-14,0.001513512,2.8343656191026145,-429.15828374698236,16.733977799444983,-0.0662757505571427,0.09966597434688229,-10.136983379092907,1.1223905432890526
i_section,True,330.70695216547904,190.7235027014492,24.78119332804733,12.003303755518283,13.807117023621288,8,12996.033018701824,0.634121293788211,0.2931968265952643,247069998.28635663,28709714.94214835,-1.2259132342809233e-06,0.4618957602642649,3.6778313007735964e-14,0.0024024,-1.9921252298110137,-949.1675673328341,83.17372861138813,-3.009636435893531,-1.7130932555392524,-19.320114257484935,0.8191274900876954
i_section,True,169.2993136148349,213.0023869006513,10.673974476078666,29.12021319833356,6.985216490080049,8,8898.707089834597,0.4987287109707835,0.4187054676874168,36732426.79532147,17507867.27878493,-1.840089942064517e-07,0.688335212601603,1.5463916144340388e-14,0.0018876,3.9986275205772284,-343.48058297931016,50.70030615785413,1.226054405694606,-1.2272750939544343,-6.81649235534373,1.0234816929454362
i_section,True,255.4959291534384,185.3603120763863,23.299783661813695,11.68881899029224,10.39594138405151,8,11175.077332169289,0.6671020364678087,0.2518995493034973,126692560.4942368,24766158.17769681,-2.7354560597561456e-07,0.6536896605903163,1.8023212289441012e-14,0.0011,3.679429109201766,207.38253153788122,-9.482942085110828,-0.034686266514445584,0.9037165170419361,7.4848552296974304,0.8220903609432277
i_section,True,347.1726949548188,94.81580758860702,12.64628704188365,28.538861847660076,11.781738986119604,8,11707.033752763657,0.390349333686991,0.760703262082771,149512786.13536516,2456014.55494964,-7.598489054878182e-08,0.5883206945312847,1.9825533518385112e-14,0.00132,-3.8208336397617444,516.8428174984684,-4.533384640119195,1.013619304019971,0.10943004007268656,11.986067059870518,0.8951160796519813
i_section,True,368.0543275530904,113.14490082027402,10.552394287408788,26.055202834682017,6.24577819130252,8,11462.252013327825,0.2976271256012021,0.7531205299862057,168021923.08307457,3066109.0966603938,1.3638313688242892e-07,0.7648169028906701,1.1895320111031068e-14,0.001716,7.280821308862026,553.9707592445368,-39.31618483935046,-0.7486032736966348,-0.8702553083308299,-4.2112239602191615,1.1464846661536052
i_section,True,132.55320149239952,240.896557953004,20.91410115386716,20.93831139876695,13.129965177413863,8,12128.418168076822,0.7382039205175752,0.1785033562954409,33340987.17722423,48826136.27017788,-8.069595376280629e-07,0.5447413838252636,1.638473844494637e-14,0.001,-3.702315480366393,-256.5058324138623,-16.19229607553689,-0.03291005948378386,0.5199363620024755,6.22341666308007,0.86291810296918
i_section,True,140.61970565321093,195.59216093727017,10.28227763876686,28.699005666269215,15.521129750706814,8,7680.859982712806,0.5562025103666411,0.4028002334406589,21938385.895357057,13129636.941978011,-1.623608772409868e-07,0.5506681700812824,1.3917524529906351e-14,0.0028314,-1.527283203517527,-500.14197269446976,87.71527162710329,-1.5387089633548303,3.1322839661347897,8.600991705040377,0.969021669648511
i_section,True,122.36212748288833,137.62011016978926,27.258253512442124,21.06837395280582,18.96461757545915,8,9250.155396181455,0.7679375712183598,0.2715141338717903,18260753.679939605,11968439.072013462,2.5610495517179464e-07,0.1927338595284488,1.990206007776608e-14,0.003057912,6.962588258321227,452.72541508100926,-86.7512791706777,-1.3069159111074893,0.6872798556601822,16.834690562378597,0.9053081723440327
i_section,True,108.87475339514666,203.50298461208436,14.89875473903814,18.463313621885455,6.680831009263487,8,7563.397636741667,0.7070929530507244,0.1915830730727556,14318407.064800115,20973304.550050203,5.97670867718684e-08,0.4986410413720029,6.143765946006389e-15,0.0058736373696,-1.9201477846990904,-610.6526393382198,20.491034100111793,-1.4686026325834014,2.0394104671508186,-27.63629941107223,0.9101380594798039
i_section,True,194.97523429202505,177.2608619596519,24.457602743832403,11.291629591520632,19.36143659227266,8,10651.653093111716,0.7274799734108417,0.2059548436417451,67958984.62957771,22759629.120547865,1.807954374849019e-07,0.4533100376109116,6.826406606673765e-15,0.008390910528,62.18662311012446,-251.6604167680955,-201.8873847565615,-7.014374359881374,1.726851163338303,48.82181609260648,0.9160854983484663
i_section,True,296.2979912980576,245.69121695700144,12.591284252971048,10.648693414944166,17.3879717104853,8,9341.644591615035,0.5950372724379873,0.3171356158314309,146901015.98049513,31176798.15678726,1.113841162566638e-06,0.5485051455092033,4.9150127568051114e-15,0.00411154615872,16.321933144914706,-564.9289267799325,-46.9396325197372,-2.438179314950376,3.8900481876026753,-19.871861092321492,0.9186732270679595
i_section,True,374.08855941025433,268.1025081139329,10.551720932687129,25.009943658282783,6.186050011616029,8,14519.878865824789,0.3602568531519443,0.5598704681113366,279689932.50305974,34357008.87997631,-3.285874896543781e-06,0.2312806314341386,1.3931442054436255e-14,0.0042810768,31.739066121718103,-2558.6570532311744,202.48554458776113,-2.3127990074018396,2.9930734669470724,-39.284789512672006,1.0949076112379745
i_section,True,377.1920717525328,72.39854474241938,27.067386589874577,29.758728184301713,7.131068928107604,8,13578.042378336086,0.506526698831381,0.7403186615067695,205115801.0178065,2433743.657324751,-4.05902193102467e-07,0.3854677190568977,1.5309276982896985e-14,0.00254826,8.798149451525791,-41.29137344376201,130.13052201285106,-3.329793465176247,-1.884793306347592,4.213091900443123,1.0287353480258203
i_section,True,279.5970538617827,154.96103555634238,10.486560957731117,24.37172450894621,18.036263853575868,8,9840.929102474052,0.3878726383723136,0.6307353996038697,98519726.94479914,6895409.482897387,-5.015419868967976e-07,1.0695850337429462,4.4235114811246006e-15,0.0031658905422143,6.5547991564651715,-1041.0630286596252,-43.06624784673204,0.551431159907384,0.25604883372781195,-16.9964076098416,0.8299207778927696
i_section,True,134.19248585238674,235.63323649195632,21.796659209158864,29.452502562291073,15.45708324254101,8,13151.782356132013,0.724457570814394,0.225481281178826,35043991.72910771,47793002.32910563,2.9913426929320133e-07,0.323792884007794,9.752009438105379e-15,0.00599350752,-1.4218525767922061,209.31263173283338,-133.1203908329188,1.9533335442327995,-7.294969657878857,-50.02265322965323,1.0086112893757608
i_section,True,213.8837606952886,117.27757763562032,19.71904155922315,29.36684506754721,7.166898052914328,8,9793.564505691767,0.5112621814971109,0.5700089795501719,57066757.40548297,5681619.369514986,-1.7414652322805477e-07,0.4492257141720373,9.488432127012267e-15,0.0078355790919806,-29.451585587330964,1953.3841424762495,-109.07052298477778,3.1108735514945947,1.9156356010869375,51.65663461489344,0.9946784494622033
i_section,True,368.9541147181051,69.95896954771075,15.638854358556568,17.61067411054747,12.475067444094556,8,8272.549969378517,0.3647083960669652,0.7214595140517011,128633510.08662188,1065611.7562724282,-1.3821152637147206e-07,0.2695354285032224,1.4232648190518402e-14,0.0094026949103767,45.08055306820611,-2480.2645081222354,-63.237802708435225,-5.500603943144103,-15.176097207465288,-20.849103184963223,1.17864175147587
i_section,True,242.51643912787551,261.08359993436227,23.221446034191302,28.86813090024011,19.670655065265983,8,18128.078057701903,0.6236289970710172,0.3326577041139162,167459868.5503874,69397876.81237006,3.622247683143539e-07,0.8227577182638048,2.949007654083067e-15,0.0028780823111039,12.848913743660598,-2377.3703593403634,-135.41332962375276,-4.141300792507353,-1.7781685523580353,40.87454604569324,0.9763354018770865
i_section,True,390.40455664462286,99.98559535036226,19.552265089097624,11.608567201257811,18.918580927871517,8,8304.627543724613,0.4663102827942216,0.5276658862479727,185798801.59771267,3339707.4333255403,-1.787568242311808e-07,0.1146199409709953,4.519150453453402e-15,0.0104257081166257,-48.47329130866212,-853.8528976033766,302.8725862611521,8.142004461483863,-1.0720929503755148,-17.92913820943303,1.0807819740000275
i_section,True,222.8256310366152,203.0332827179512,28.79749302254733,29.454984346172115,6.58660579935908,8,16598.94671968458,0.6319138568824151,0.3374489645933702,122191263.16858456,40532346.96397012,-1.4263429521535916e-06,0.4492257141720373,7.298793943855591e-15,0.0052237193946537,2.7034682030824198,-2565.8586654881606,-300.25748190787,1.3407886553037445,-2.769717635630857,-161.944987210107,0.9529383578706203
i_section,True,156.14808737682148,54.48650914931961,11.364970975499844,29.75320917511226,11.317283312395944,8,5321.407239218779,0.7101955892689232,0.7671933613933328,12858625.117005909,634295.9074305819,2.7084367307754665e-08,0.1719299114564929,6.778725680180103e-15,0.0062554248699754,-0.9552437503602429,-502.7128041355292,53.08384161270596,0.6052723006839825,1.3591949737443498,-9.376678505746657,0.8811354832691127
i_section,True,344.4210097407981,233.30465503998315,15.006013294979647,15.736879850041555,6.43863866175116,8,11986.438372504252,0.5080731111832817,0.4101425214974091,231732603.39397103,31865639.962893333,-2.100815200846375e-06,0.1347677142516112,1.2809383371466562e-14,0.0094026949103767,-27.68409739380419,3331.6509536179874,-14.561441146181302,-8.48762122572657,0.3028265378913192,74.79458935852738,0.9224277012327342
i_section,True,314.1691306181174,268.3739400903956,10.86701334504113,24.24464536688434,9.10440565073486,8,12996.16530032604,0.4156727982346397,0.49875403316274,186252359.93121016,35371317.16730185,0.0,0.1273554899677725,7.531917422422337e-15,0.0130321351457821,126.76902787163024,-3454.616367415114,-60.31504331680913,2.0530637220199,-9.523316452093622,-127.84514966718554,1.076671336417859
i_section,True,234.79556884677004,159.22984726840838,20.433575389216383,23.27105570282972,14.622479929077072,8,11209.354505057609,0.5586081838619636,0.4425031286968983,90784073.01173466,13996385.087674152,-2.1938337519281282e-07,0.084903659978515,1.075988203203191e-14,0.0118473955870747,47.5593026036707,-1742.6496141340258,-632.3132465942965,-11.742002097201572,-22.952114798382237,-43.0665700886561,1.0358887968586934
i_section,True,351.1843647586189,262.2042365813723,26.627789592487932,15.621854417088384,10.941658984099496,8,18723.955624502192,0.6408805787795637,0.2718830434759774,405251259.82549465,80108758.9038298,1.1941475878495184e-06,0.7487095236200623,4.865862629237061e-15,0.0047488358133215,63.47571732718985,-1916.4912215940021,-410.93093811030064,-0.5231913330056243,0.706926929315542,-13.414392163597325,1.0303583226565047
i_section,True,153.50819726661132,249.98287453766577,27.34214175995441,29.69554092494171,13.910041850897256,8,16775.945253326136,0.7340367655770937,0.2119660475961306,58007202.79521525,71461299.90791261,8.292691582288325e-07,0.0943373999761278,7.685630022879937e-15,0.008462425419339,-26.79166631920903,3453.515788370586,-230.6371830859269,9.027070000350047,13.639883308669088,57.49358700840365,1.1234384260179275
i_section,True,242.33343941314556,134.56495076120353,13.159886677538172,24.332948538091248,8.808594923194802,8,8866.614025074932,0.4220128278230266,0.5964413946935364,67764761.50099798,5617706.614763115,4.421937519633415e-07,0.0842456566136815,2.033617704054031e-15,0.0103214510354595,39.890850844542626,-350.7022907470972,511.9428131425095,-5.877576125513048,-10.059567450652265,-71.68873870347224,1.0914966342586618
i_section,True,175.6667702488457,148.2745705720692,13.644031997745037,12.64221600777858,19.040002381094517,8,6242.687076143613,0.6272578133785291,0.3392606908017163,31627902.499736235,7478701.82551894,4.7981092877966744e-08,0.0485254982094805,1.3704956431160924e-15,0.0227298994702889,-44.129182370727435,3134.39330788153,-419.5307676768834,-10.590481846671674,18.89374003420037,33.12938320262836,1.019043449350344
i_section,True,179.96116024472474,190.97069438705552,21.215412907019385,13.767596196446336,12.266932139421106,8,10129.63497437914,0.7009930340049223,0.222911554862306,54918238.21030823,24669492.34002927,5.527421899541769e-07,0.0673965252909452,2.440341244864837e-15,0.0103214510354595,-28.352194145935755,3193.222025445403,27.308788861200068,-1.9275370247088075,8.457864753088167,19.329929025641565,0.975592630273208
i_section,True,355.58419018700476,281.16107708624907,12.851503243675143,21.619863377172926,8.92534933831229,8,14429.148510511708,0.4493305791509013,0.4656053654127592,278868178.9613029,47896354.89583009,6.19071252748678e-08,0.120350938019545,3.3893628400900514e-15,0.0093831373049631,-35.65861315799419,5228.462313073745,659.438434025135,0.9897172879486617,9.095459845074444,112.08792757003985,0.8350817753103446
i_section,True,204.36863235318137,164.17166202522208,26.68556241881524,18.384736959679373,9.803107421875598,8,11623.09687106248,0.6649494743740916,0.2935049227138224,75408315.95440319,19769347.52357113,2.936442884131565e-07,0.0539172202327561,3.172443618324288e-15,0.0144500314496433,-46.50415875238627,-3302.010243985775,1119.9505447846445,-13.871158205242486,-13.58373603232588,-65.80456794510289,1.0149784417140804
i_section,True,372.67214717895,167.71831505059308,14.242366424988894,21.136214878688275,11.764443558789129,8,12174.67587084289,0.3838267600881822,0.5964092915970685,228854209.15665928,11491768.398091985,6.525428631403477e-07,0.0485254982094805,2.2841594051934872e-15,0.0174845380540684,44.5025559989737,-8421.368127637605,-39.08189074187775,-15.712834687393928,-0.1933648766492154,211.33664979526264,1.0196781330067826
i_section,True,353.68607711679226,51.407696405734434,24.714679827387112,17.76056335521664,19.915003919945324,8,8295.70151783602,0.4830585568405945,0.6959772842541802,118214442.12328252,769992.5949569078,-9.710459272921843e-08,0.0407614184959636,2.1379732032611038e-15,0.0218207034914773,-71.8399003274941,-5733.629736246372,-180.59052263310124,-11.65231616699344,20.145372737045264,-43.461996109854425,1.0662238857369084
i_section,True,182.6862672040303,155.2222077095364,24.67920535181602,27.384376239742014,19.901389267618978,8,11663.023372988311,0.6562321328968457,0.390032706568319,54975307.439500526,15732715.386852903,-9.596218575593349e-08,0.0970509964189611,2.2841594051934872e-15,0.0158950345946076,-27.155618527792026,4712.099830496186,-410.41984386988474,4.209938803676662,-28.037790039476093,201.54633347591619,1.1648309099394718
i_section,True,177.8455932136622,266.14567496340044,22.69162177496629,16.864177771500728,15.092972074163145,8,14513.95689579225,0.7285537272095045,0.1784325014178442,77272089.78616421,71380250.8417067,-2.0727832123281633e-07,0.0808758303491342,3.806932341989145e-15,0.0144500314496433,16.626206689524672,3327.8142514889378,251.50546818532607,0.30701684987728173,16.627415925036434,169.00597236289025,1.078021345100636
i_section,True,286.4678192270256,198.37895519338585,9.648152231216532,10.270830969849008,12.537512053921294,8,6711.120567692899,0.5140160872434503,0.4074821103527061,92063813.68580423,12587746.08279054,-3.058006831841862e-07,0.05786490969687,2.3090110595219927e-15,0.0164964518395568,-49.204639242087026,2791.02074879066,222.36534643740856,-6.718872075835779,-11.409532803056468,22.46457432592731,0.9169888649974492
i_section,True,375.85849106972034,50.15796008897184,9.43286008835436,25.795085434499033,6.0446297969114005,8,10187.250087303137,0.678062976577705,0.8211016256857959,130583310.6357911,715625.5838048566,-1.8360112070650546e-07,0.0342395915366094,1.9241758829349937e-15,0.0152744924440341,-24.58298998449061,7317.836660646752,-121.98922540276916,-13.304178206771423,-38.27032144845755,-187.33112833533394,1.140906701567242
i_section,True,399.1351849129643,102.05277427163315,25.876147306730783,26.99583523417171,12.514678683439634,8,14797.91681583702,0.4279369339715696,0.6686749055187243,282602543.54867893,5191135.361045325,-6.854441839709535e-07,0.0339678487466364,1.6445947717393108e-15,0.0272758793643467,-130.38181046062172,-5063.046633146747,1746.349793148322,12.670267850195845,63.12710469034809,-143.22229421336513,1.083452121733666
i_section,True,283.631834081243,144.57543357925528,22.337410804491387,18.154030351633892,10.694898849713358,8,10898.10810148026,0.5404513813184961,0.4388436867750034,132541937.49922118,11383307.220974851,4.694308733090577e-07,0.034718945818122,3.0017143773785908e-15,0.0098978711037341,51.5753124648435,3532.022434828898,361.78167158301045,-8.68963288270843,-10.944214905045893,70.35370829450447,1.0921425265977562
i_section,True,305.7452137147769,145.22998341043595,25.250484819386557,19.250463932348364,19.747259714118933,8,12592.82033697846,0.5588641993554335,0.4445554134919531,176561331.14428458,13116574.7524731,-3.808023244283075e-08,0.0244568510975782,1.2827839219566624e-15,0.0152744924440341,24.438460718430196,7420.707385803183,-57.0883093018352,-15.113183656162555,-33.650271430926445,-98.09018742139166,1.0429472484864044
i_section,True,366.62018919425566,83.99205363401725,20.25633300166278,24.39380284632263,18.92223612935596,8,11674.514860108353,0.4370397349507657,0.7033373564626813,180657089.67143145,2485428.0490301126,2.82463262625393e-07,0.0445114689975923,1.539340706347995e-15,0.0137470431996307,52.83254067100632,-3643.562730629861,291.30033176680723,11.974668376136849,14.854914941635075,47.131432196112065,0.9561869421692667
i_section,True,194.0685701225085,147.35827649572184,20.700803271117415,18.52519141621547,12.025865503947731,8,9057.001697879998,0.6183423544277562,0.3607378131835453,52247190.158406906,11139755.26193018,-1.862820925829594e-07,0.0199981127912382,7.354200224577546e-16,0.0195977847853935,-57.00530710028406,1756.1956816134698,505.65779205623477,12.295600661234708,-12.826365485102507,126.05596569341826,0.8158431483517192
i_section,True,127.84130522102542,104.12369392356092,22.84750506084123,13.85718310856396,11.130445509057669,8,6005.853025697328,0.7166837976104394,0.2810944032804804,14122901.575976102,4327226.529661972,-5.997718889981647e-08,0.0164984430527715,6.949719212225781e-16,0.0280248322431128,-36.32414939333426,-3455.813013141433,419.060334743765,6.867898837755675,-13.566122309201308,3.8431072255432044,0.9538342538076122
i_section,True,249.70154865789564,178.80482793335406,25.144969235939552,25.584556306529475,7.860775917151272,8,14148.608995815635,0.5772489104360854,0.4001392048412582,131262260.97031955,24247326.74107865,-9.835694488380255e-07,0.0208313674908732,2.1012000641650135e-15,0.0148468066556011,-20.105959976216976,5885.813278582699,181.4419237684284,8.98646149964344,-35.80309926526295,5.508284568980859,1.0708215575765516
i_section,True,241.2097430435301,165.68915544151588,17.103810941034368,11.700342111687476,9.694250703307262,8,8172.971041530571,0.6074913788201468,0.3218208047949615,80804637.21100673,12999853.12230645,-3.28110503981349e-07,0.010998962035181,7.721910235806425e-16,0.0280248322431128,-119.30091497563387,-5481.010891909903,-57.249893719795715,-13.640640227911987,4.2626225382233205,-143.95945369414494,0.9957409509294534
i_section,True,219.61182525390913,140.01301441012237,15.994692778530114,9.452423674353769,13.098613788171193,8,6404.209517385236,0.6264928158598806,0.3117373108881346,52975368.77843658,7340143.0435292255,5.292104902924982e-08,0.0131987544422172,1.7374298030564452e-16,0.0353112886263221,26.23825413871929,-10222.35701992567,1072.550866963227,16.450059923022994,-30.994159270226625,-109.77046484579203,1.1256012022252448
i_section,True,258.716886358609,239.08321074077173,8.53622242115192,14.473906663133157,18.44684438135383,8,7880.327460645622,0.4943829015524043,0.4239896194017995,85011683.85119414,19547191.65329796,2.822455948226657e-08,0.0164984430527715,3.4748596061128905e-16,0.0252223490188015,60.09040768094737,-7676.936453725072,-999.4270033098838,7.298805885561396,-33.85286050012091,112.5658065641003,1.1379898756810267
i_section,True,149.2948230826049,94.71181279693012,8.801128191345327,9.347021942786728,7.183709210254832,8,2943.730822658202,0.5227402459111722,0.4367012714386853,10204803.569717873,1257100.8573013314,-8.28418788222814e-09,0.0140527138546287,1.2196757217456247e-16,0.0572042875746419,60.992597212378925,1323.4481356736453,748.0894189684386,-0.16669574816934565,22.378836953711676,24.316535281525866,1.0241840950881251
i_section,True,134.87984213350416,285.6017430623719,13.869920218245088,12.558454464207054,17.12089649095695,8,9527.389416327927,0.7384628911603268,0.1449990235736081,31060103.36057058,53899808.40974644,1.481789372818995e-07,0.0219979240703621,1.103130033686632e-15,0.0254771202210116,35.857064005935115,6565.796930045377,892.6158617053043,16.022707456868186,-6.657264585899601,150.44731936290765,0.9088939533576205
i_section,True,167.195059954896,245.0378992302492,28.887323591664885,21.610882877811232,13.239988215588369,8,16676.736623934084,0.7432500495954889,0.1839516374577855,71461610.1213643,70958958.02317056,8.662117305107611e-07,0.0166650939926985,1.4708400449155093e-15,0.0163314873211613,-8.97150454542701,-4348.539941549898,-526.6843767720707,-20.980686392979145,-18.926543184699224,15.639639640726703,0.8934596242748242
i_section,True,312.97028392089675,153.74829111696096,21.583365051764503,14.17126905603355,6.7106951770451095,8,10500.111127091606,0.5510391168742609,0.3947850218128173,165036991.06055444,13140718.277759356,-7.107833202951746e-07,0.0108097798881759,1.0163964347880206e-16,0.0635603195273799,-65.33765989115007,664.1458676063115,1686.2823762112982,33.10206007567313,-60.03902591133913,-399.6320109902298,0.8394089179764697
i_section,True,240.9419749540123,203.4646893035343,21.20085545734353,16.33717736777458,14.289358270328496,8,12051.483001032711,0.6372774088336364,0.2998650950638292,116788898.75696558,29859577.441121425,3.920077705870357e-08,0.0118788789979955,8.687149015282226e-17,0.0282490309010577,6.6211999840561235,2926.9956247288346,1853.1628978152187,12.970276507134157,-31.49013201795171,275.4392718534191,0.8705240774961017
i_section,True,199.63250309697065,259.9947359239842,19.95409355009384,18.598282935299817,16.65284842766443,8,13591.861176248512,0.6815938388819155,0.2361992250443571,91826999.63581422,58578847.89853804,-2.7613959607427138e-08,0.0168632566255544,9.757405773964995e-17,0.0629247163321061,-364.38385939154256,-15493.791358783299,-38.94455772998155,34.68650643887587,55.06162625684708,530.7282591909378,0.9525097504087381
i_section,True,239.2949728016688,125.26012508420102,23.945495786027024,9.81707546904027,12.395220973978944,8,8013.786625134239,0.6585187771280906,0.2856355911459571,76746199.12083986,7867515.639389244,-1.1562740765323927e-07,0.0130885852624903,1.8031685870287314e-16,0.0384797225314095,-135.0596324192928,-7289.480500429317,1184.0183640798398,22.61595446511887,9.200766126891404,-112.90276052321335,0.9783005642152486
i_section,True,333.54230166325465,97.83695148326174,26.775351390785353,27.343343734739417,17.044558783978857,8,13152.166428582846,0.4868083836137371,0.6393304167077813,178354342.80015892,4738160.145321979,0.0,0.0169981626785589,1.2879775621633798e-16,0.0687137902346598,339.5617050371369,-3345.136463030126,-3518.0772696691083,-76.0907846679454,44.516651187189964,-608.5535823968279,0.9500095816354653
i_section,True,350.28644327585687,108.7315973537346,24.07195460956529,25.745079217588422,16.54586225988855,8,13255.64991135754,0.454804613583906,0.6298078070079168,203952759.06323445,5656537.648296223,-4.602326601237856e-07,0.0121415447703992,1.1708886928757996e-16,0.0528567617189691,-64.97851735123726,19065.879271116795,527.1160137137564,-61.378400314122814,126.05840849120302,10.761101968297549,0.8781443804714091
i_section,True,298.81140788650106,216.67740550395297,9.388720596458606,13.795322555073586,17.39902510802598,8,8199.629991155263,0.4707668389706961,0.4623164323178416,115439281.99467884,16014150.860783013,4.574271071996279e-07,0.0091620096837432,2.3441191631373513e-16,0.0307837780251276,-96.08471739759587,7473.095390701683,196.67252364762106,7.5180757482067095,5.650214782233531,-192.9118991751085,0.9216126312189943
i_section,True,229.5497895402749,99.4447141303822,11.994284275057137,16.684700161058565,17.804477297035127,8,6095.715253560515,0.4566539954778576,0.5904078579668747,43069749.99902447,2091905.8163510177,-6.353154266661499e-08,0.0073296077469946,1.6408834141961458e-16,0.0430972892351786,71.2983370013156,1678.2083907552046,-1028.229527438008,22.42570039933994,31.994812158957277,98.77275752490479,0.9633478220416429
i_section,True,104.03310988005794,236.02168526937945,29.09217811725781,29.0968370665117,8.688801369866926,8,15133.614716787812,0.7995624167293939,0.1395471832039798,20513056.48732288,63862626.06299774,1.400027752096556e-07,0.0083152152985968,7.818434113754004e-17,0.0423735463515865,135.79342357202285,-7378.545863549329,308.2252191731954,11.861587066955302,29.872973995516013,-12.713587431282988,0.857451395919653
i_section,True,180.29246172215207,67.0551828253174,16.73677552356128,8.794524622838324,7.0460336780183,8,3579.7002927870617,0.5675751466865214,0.4218713425639662,17609210.833695516,851027.2949329341,4.581601634611657e-09,0.0047642450355464,7.8762403881415e-17,0.0392185332040125,-51.212974475953075,2524.0677947949016,254.982101217769,-4.409485117941971,-1.6742621765278913,-15.48237825530903,0.9504181732009637
i_section,True,246.8948219532704,62.52905498619231,29.16000895843419,18.8786004348472,17.10045827368905,8,7465.43500259024,0.5659534001571774,0.5872261630503801,56146007.328121945,1342722.3066823725,3.7023043512013395e-08,0.002751351508028,1.9848125778116577e-17,0.0588866276058249,-23.637441133192223,-14938.656979708756,1282.600271130569,-35.487802664811845,29.83799183036309,127.34411813986401,1.118711242696705
i_section,True,314.69704930818057,120.7623656044486,28.67710417209249,13.994298978105151,14.001237365654344,8,10700.995743684673,0.5843016195114277,0.3956598869625764,164736099.3198936,8495450.42156542,-6.02735148375578e-07,0.0071463675533197,4.7257442328849e-17,0.0588277998060188,292.5198888979195,27769.590729436295,-991.7542087654047,-0.15048309045688865,62.73676876101599,276.9994991864948,1.0354083338862927
i_section,True,365.55690359127505,99.91840246529168,16.482564413383564,18.53748469564359,14.992225460900606,8,9658.090709882252,0.3835853673308108,0.6545661658073587,162525985.97076315,2950579.693032999,-2.43294285936088e-07,0.0055027030160561,2.83544653973094e-17,0.0535332978234771,93.80599009400488,8434.515467941246,-997.8068646355193,40.77651367689237,23.946418158730374,-327.3568711395741,0.8442296108056122
i_section,True,160.70532161219677,95.14187409473064,17.65410924540579,14.777465206723951,13.397939862722827,8,5371.15053954569,0.6095896614454158,0.4170166706938198,20267388.54625805,2586108.586194829,3.858422043099038e-08,0.002451454193653,2.6417855410673167e-17,0.0612420927100579,-156.10992429312668,-5741.828678724272,-25.766680324353423,-9.361802017468685,-34.36264626820809,273.5537869883583,1.028141313184126
i_section,True,210.47319746286223,295.5144864742392,25.89052287091426,15.855765503142052,7.090100662385088,8,17862.708485363244,0.727969334774041,0.1597677665030808,136742174.1422422,111415995.0804384,-9.664885862599498e-07,0.0134906053004435,9.757405773964995e-17,0.0377548297992636,54.33491864115075,1272.9584442371656,-1036.2498660874041,-26.362875949175823,-38.645103057624766,280.0681933010063,0.9168026260529106
i_section,True,377.6618608114932,211.79621027349327,21.598530248727652,29.671838956387756,16.671549502066615,8,19319.055340353807,0.4630875432489144,0.5291583503962427,389421360.6757364,35016132.47028135,-1.344835695166906e-06,0.0186979789464148,1.2879775621633798e-16,0.0549710321877278,-469.92668253035436,27821.87891033765,-4350.04351758404,42.65996288020343,4.383641803184651,-1216.5796158156759,0.9273421568425987
i_section,True,342.8991177976088,151.28134718474067,25.159782434704127,10.80557811541317,6.256610712400008,8,10808.53478702594,0.6020926568242791,0.32644891970771,215815119.18748373,14550592.92873934,-1.7987981552909268e-07,0.003235919535622,9.24624939373561e-18,0.0404197811886382,107.35051303038429,3311.7713607698893,1328.560392696773,22.87710633783029,46.27737717473086,63.645771447697356,0.803410055061759
i_section,True,393.1238101710195,146.8503744452038,25.17074641611468,22.6325281539502,19.73027197086056,8,15495.099445297328,0.4765936266775353,0.5410422814516409,336175171.63968766,13707484.24445995,3.290937201067857e-07,0.0024762163572252,2.1832938355928238e-17,0.0765526158875723,328.636751362186,7760.258326466959,1326.057932951247,118.05463007177983,137.24331784328805,1018.4087559148975,1.0475259719162822
i_section,True,320.9542480068778,249.3012189503394,18.424159569570072,25.51961655010936,12.575587916270267,8,16576.517582572415,0.5081917322016604,0.436743575183042,261932727.57484484,48006830.1601151,-3.811892559996899e-07,0.0036648038734973,9.845300485176875e-17,0.030168102464625,-72.5433473107439,-24050.08544754262,-3661.9419719331436,5.741806148984008,50.28599848803233,-379.54818039407513,0.9487271732234274
i_section,True,290.71312762746754,239.45196717194256,24.700027600166333,21.077835921403576,8.544594143666869,8,16979.89027380671,0.6076759249670496,0.3214275052776513,235456978.79701105,56718458.30971274,2.961843480961071e-07,0.0078610043086517,2.3628721164424502e-17,0.0764761397478245,-763.1230322176089,-22158.410984367918,-4027.235509844019,-69.11753308732062,-36.94893954994142,-25.83005570277487,0.8776987222491807
i_section,True,282.15378421920695,244.4476197598827,28.071950304949496,18.92598637289235,12.387085887301982,8,18137.4521846466,0.6584310584720264,0.2677860334086487,242259033.96182713,68489534.93862318,2.089483937185941e-07,0.0022285947215027,2.4016232191521065e-17,0.0765526158875723,493.6863251291766,45335.94577133636,-188.32492827210774,143.86301011700843,-174.80269348135187,-558.1194602797075,1.159815557966159
i_section,True,106.7575749002664,136.4272698919291,21.615708654775673,16.321061148023013,16.389686327942847,8,7172.410122060711,0.7637181728532534,0.2313023371315741,11456231.767229129,9206913.771857794,1.4276175835642277e-07,0.0053004361993488,2.0804061135905118e-17,0.0203715697190736,21.748023944943068,-704.7924439718819,131.13502181877558,4.8735630885195365,14.921832952477065,2.6141696753380055,1.0702403941401184
i_section,True,189.29199762914448,149.5593846723918,9.804945104486167,9.24833431042284,8.007785485349682,8,4558.851471831247,0.5691298416215071,0.3506467471036281,27800679.996088244,5480501.007917589,1.0197268454030199e-07,0.0037103053395441,2.912568559026717e-17,0.0162972557752589,33.47211631044221,1811.801422828814,-261.69757236394,-4.307429030149438,-7.293179197280532,-20.098751191278932,1.096673416661452
i_section,True,184.51700620600317,293.8629287615943,21.340577592721957,10.934034203678369,15.177081905217596,8,14297.034080400685,0.7559520527679296,0.1286493126387684,87495448.83606422,90292179.33956872,-3.340625145540293e-07,0.0045302873498708,9.24624939373561e-18,0.0485037374263658,-145.69034171133274,-8347.17217309379,1035.6286113015058,14.21913532494914,-42.47247805514728,143.70523194265516,0.9791560518214072
i_section,True,183.21183511624668,211.6636588229321,15.393851718953606,29.512590707534287,18.775420239910407,8,11326.942673303622,0.5834207856585867,0.3967148157018947,56338040.98344994,24773155.319399055,-3.212139563019513e-07,0.0027181724099224,9.24624939373561e-18,0.033952616198456,-73.48193829893943,2958.14373542777,-1471.9452264788406,-0.28645120430534793,-61.828035083858474,-216.92194702215463,0.9585606414530359
i_section,True,296.26185916371014,151.47901677399597,13.547702796338829,16.818675241218536,13.183927782809942,8,8785.184742862864,0.4486872732576324,0.5267271547173757,112071500.7359986,7975964.184129075,6.083142876815504e-07,0.0018180496163766,1.9980220314923276e-17,0.0205345422768262,-32.49060622663103,5410.935531427934,-599.4939555706453,-0.8325931853489267,-18.084736442194362,-148.28257341872578,0.8090521941002681
i_section,True,266.970166550489,117.22089924348948,27.88359005978366,20.33586966842376,7.766270589180373,8,10885.436469295462,0.5534479078044209,0.4604414855735866,110383215.33501968,7641095.480537629,-3.940497410082917e-07,0.0023634645012896,1.5984176251938622e-17,0.0143741795937783,55.861977746505744,-3692.1302990806994,598.6252630446127,6.588192146183245,4.932864030520921,2.507492247229249,0.987073203193525
i_section,True,390.9560250176176,182.45384277535172,27.861834818702143,26.151771013598303,11.300868112211718,8,19046.90303837398,0.4946341293594586,0.4950079215678823,420936288.4613505,28732298.73414943,-2.8888698373972285e-06,0.0029417450323836,1.849249878747122e-17,0.0673663019810636,-656.718746540905,-31104.079965762485,4266.904982477928,-98.13372327181146,-56.21220750454481,-564.6136783950437,1.0124296127570374
i_section,True,268.2713270401907,211.12049971145993,27.69130509274206,26.39173163004992,16.54477204125518,8,17553.076588084234,0.6127813328583581,0.3638757266900448,193708241.712304,43827623.07839504,-6.918454443426642e-07,0.0035336241328992,1.3869374090603414e-17,0.0407431394381473,-307.7696209113273,-18588.53852583997,817.7083543150453,0.31373501071498744,-44.980754817648695,690.3717700307794,0.8801780344606912
i_section,True,195.72525398595332,91.02708088145192,17.558778927048692,23.57296464915349,12.383077315890416,8,7118.309816458239,0.5237007159850885,0.5912481988185133,34403738.70514825,2412300.1545448382,-1.308891837426564e-08,0.0016676605521099,1.7406767938361166e-17,0.0241727703392652,54.484374898094295,-3727.6308820518816,519.6156777447743,25.646440912613265,-8.729005982099961,56.2233111948386,1.1608746831634817
i_section,True,280.15926412826116,260.5601291185484,26.026661824524293,21.08751336943825,17.476841009674928,8,18643.432658545426,0.6474354370878692,0.2870483927664805,243886473.98835883,76972898.0134694,1.4791642153098748e-06,0.0025972137376809,4.0775959826374026e-17,0.0228161580853624,12.436728292194237,8459.121796663587,-340.3554348975864,-41.81691504537933,57.393678974059235,188.75329394938476,1.1342235449392488
i_section,True,197.40722030540883,249.23832494970756,20.377817433705697,19.156638066036535,19.567623536906453,8,13497.530998563092,0.6833016067931089,0.2469615521799234,87927172.25717032,52746991.79246692,-6.332942266204687e-07,0.0016544251509027,1.0549556326279492e-17,0.0110681182872093,24.01451482935736,5292.828659778654,563.8403642595011,-5.274354134098614,-19.106620312995997,36.04908432595101,1.1434330270267075
i_section,True,224.826665296923,270.93876310289437,11.327513304536756,28.08567396798869,8.840599821563062,8,11885.396953232885,0.4839191085075507,0.4120763735181139,90031721.86258979,37940129.86320036,1.3067976104866818e-06,0.0023161952112638,1.0549556326279492e-17,0.015495365602093,14.306403725326854,-2087.5383747391993,-530.5431196996013,-16.376616126441505,-10.515108916069957,-55.299895271201905,0.8235426333776659
i_section,True,168.54287108558296,232.69357852293177,28.850638472491223,18.275442212764812,17.69855785983391,8,15729.520434562208,0.7535125240416546,0.1784790691992251,69242436.528949,60691585.26837662,0.0,0.0033088503018055,9.590505751163175e-18,0.0158115975531562,-89.26136018927765,9785.900656748861,-181.2972229989026,-13.314917850505095,-4.553773524864877,4.178820371873406,1.1341192521130283
i_section,True,126.7998278139385,277.4359786773046,14.833107395347865,25.281277234301196,10.186600385298703,8,10777.940364471957,0.6882845060906289,0.1924936339807688,28073811.16796939,52943828.299721085,3.769608491788505e-07,0.001852956169011,1.582433448941924e-17,0.0185944387225116,75.80472333884329,5952.617443971439,115.7803833664036,-2.500520505501554,1.3986677429968852,-133.10493444574894,1.122970506576745
i_section,True,284.13427966260747,87.7950930394087,23.76125160039529,18.37045451041347,18.031470890273525,8,8806.556716425455,0.5107124496956333,0.5603255660878481,94943811.58637622,2856501.8025191454,-2.9103830456733704e-08,0.001,1.7058632579593936e-17,0.0145036622035591,49.23833481043651,-2591.8090755721696,177.430065323977,-1.4046990176591834,9.345837790771691,13.87417048481639,0.8408911503187867
i_section,True,279.0880047242081,258.88057005800715,16.18094801268017,27.3888854514208,13.554085803979262,8,15297.95159755479,0.5118162848615248,0.4269952553062865,181584851.99753577,47259096.93456069,1.030932634912943e-06,0.0012986068688404,2.8543171878461823e-17,0.0205345422768262,189.18595242379027,9322.787732494597,867.0682493116507,6.340569496146907,-26.899291280875072,-256.5800681775094,1.0678613791693303
i_section,True,282.1413745905526,197.026334151372,26.57608113182986,11.18508308068118,18.977109578981068,8,13352.249160898573,0.6917022891266296,0.2326401750077698,186677283.341636,33939889.2447419,2.6193447411060333e-07,0.001,7.096391153111078e-18,0.0101815708668985,29.690843678942368,8514.705806493193,1054.3810605439521,0.4752148686509315,-3.487005513734658,-29.01065173341431,1.150965418287556
i_section,True,219.8217490259308,228.7014626131404,18.802840955326683,27.67702306457984,10.591703551136998,8,13742.922872336225,0.5768557980396681,0.3690078348911742,101871903.58630133,37835411.67107367,2.3283064365386966e-07,0.001,1.364690606367515e-17,0.0087021973221354,22.67210839161966,-1983.3012801372254,498.3042188079341,-1.8207178840973266,-18.51900400563039,-32.604722545498596,0.9118714431598552
i_section,True,394.6182459805263,81.46043606063797,12.082629272704226,15.759470063057377,16.664751651237584,8,8052.350716381803,0.3283549489208078,0.7162574780584419,146895894.1411905,1245414.6373324783,-1.5279510989785194e-07,0.001,3.1933760188999853e-18,0.0167995919303825,23.677910589678795,357.25104663104275,488.83015172436427,-10.459741609373578,-4.382220625372582,-17.63053617014906,1.1552210906444758
i_section,True,328.56968841486855,205.05565426395063,22.50834679073295,9.422344994928537,6.627582342324512,8,11941.52231373944,0.6553027167590659,0.245952260675354,235228930.67407548,32366366.33652264,4.3655745685100555e-07,0.001,6.38675203779997e-18,0.0111997279535883,88.3797898160623,-2392.2518700621317,-28.759077756748542,5.410064678604004,-4.3759890025676835,-123.29286937012026,1.0476760797600182
i_section,True,391.050968254866,222.58274038816165,18.91217259836987,24.51995627923042,12.94048108862258,8,17228.29728903882,0.4543208739506154,0.5082759627363401,386255999.4147849,35227909.155266516,-1.6870161460164604e-06,0.0010005963312659,1.2184737556852813e-17,0.0120863851696326,-103.47439772435567,-10693.794002561921,143.15701034391805,2.176523643939042,11.943184094156608,95.42069204838064,0.9822630975398962
i_section,True,227.24050731372787,115.95526858735282,23.004007574555352,18.40447680315978,16.545816791037637,8,8912.56190545734,0.5838779387676646,0.4434887566531015,66827037.77700348,6114919.412633719,0.0,0.0013,3.5127136207899844e-18,0.0235194287025355,-55.5559083201872,4724.896871207321,503.2744468531094,2.282517695443639,5.225444817666166,13.561750801471186,0.8094802337592688
i_section,True,393.90981856040895,90.67653926128897,27.017037072828938,9.396129679340582,19.25054012265676,8,8420.99702234401,0.547509272604637,0.4326578176830258,204915557.86828464,3412225.366602426,1.1641532182693481e-07,0.001,1.475339720731793e-18,0.0592689603303895,-112.02119987535997,2837.388599666375,-1827.917664771114,35.64661450158194,95.79000695733413,-46.419733901549584,0.9380990663032063
i_section,True,316.3806235741308,260.4704309692439,8.568573440542592,14.057164792220563,6.24408990587801,8,8704.728434950519,0.4492608476130292,0.445744218317014,137907329.6697293,25308481.298446503,-2.078845032623836e-07,0.00126,1.475339720731793e-18,0.0977937845451428,-159.39896239525737,21466.54606036107,-454.0641121371553,14.919139610542103,49.68922375534607,-555.162984510256,0.8283958901050075
i_section,True,317.7508117183894,212.07232999116349,12.453352517323662,15.424464434612148,16.26676294617699,8,10033.086632982231,0.4897434984320794,0.451511970199423,160199119.89626813,19918811.20127442,7.555802137805864e-07,0.00104,1.7563568103949922e-18,0.0329272001835497,212.3894857486116,-9132.69742269324,1128.038707735571,23.619416816990864,28.434551024458546,38.44859702098397,1.100353541289668
i_section,True,209.00608960073328,248.38389999930396,24.994057644906995,12.663266281523246,14.984949503341555,8,14628.58978162732,0.7345675136398163,0.1686458508987526,111146612.9858137,63881989.49714113,7.103745599646539e-07,0.001352,1.2294497672764942e-18,0.0493908002753246,317.1279974324771,11644.324518835881,1821.687324159279,-41.836385233504544,47.34570498442267,-540.4900787352859,1.1007988874395376
i_section,True,376.8101537569067,116.75173077837744,28.20527593665355,20.18265285626056,15.378133348496714,8,13261.765178934436,0.486233635771063,0.5402842571243528,260987134.7316234,7741167.192820252,-4.784643329054861e-07,0.001764,7.376698603658965e-19,0.0977937845451428,461.84839378617164,27725.4696842143,6035.51443749599,-59.36468171748754,-82.88022880288652,-10.90555566014748,1.0261798598178218
i_section,True,374.2040907897524,135.91683797346775,16.64807705384148,17.43191322794957,8.23684087519041,8,10528.208979723397,0.4029528377236018,0.577442052717297,204006803.91470873,7124157.088331777,-6.236535097871508e-07,0.0014,1.475339720731793e-18,0.0651958563634285,370.3966502281812,3418.26213519113,1190.6442842637532,47.47129001439034,49.92781619781145,-89.36300228960782,0.870164214263579
i_section,True,318.9064319162269,298.5964327755676,19.62323230051617,26.256688229773193,13.934190304331404,8,19233.57506566268,0.5497131164837585,0.376515517778435,313858512.477222,87539666.45545971,3.6088749766349792e-06,0.001,8.870488941388847e-18,0.0078319775899219,43.899615983954924,-421.468661019251,-1198.258720074145,-15.599512999273113,20.611551405878764,-16.072416022886802,1.0218117966003295
i_section,True,212.7512124203956,66.24415277195182,24.663920026293287,15.415928273578288,6.032655679778581,8,5819.20104020637,0.5432014284008124,0.5231178481718536,34880554.48224023,1247552.5277112732,-6.548361852765083e-08,0.0015,5.24837352253128e-19,0.0200232773856179,15.575051515114762,-1948.7876205889365,285.17564135790457,-10.112131956957903,-7.023462651569055,50.72169852512272,0.9469462468754
i_section,True,125.6908380683685,236.90842570498089,20.34557311270292,16.78365913438506,10.059978151287805,8,11156.21638361426,0.7509161160148186,0.1492329888606178,28082058.760389417,45131962.430604026,-3.5354507357548244e-08,0.0012347999999999,1.1360115849634806e-18,0.114418727917817,748.965960964679,19410.089256266565,2798.325320611167,54.35763559484823,-37.89708559982395,-1022.4736052189687,1.0662719766662536
i_section,True,388.1698507953621,293.9592432268103,9.790019036811142,23.70160123366036,11.553105982067782,8,14609.987534556372,0.368018442311285,0.5477614739229503,308864488.37142146,41881374.75265213,5.8207660913467414e-08,0.001,7.952081094744364e-19,0.0800931095424719,656.5464961376452,-29045.47218802586,7424.774811856458,-57.28357082476677,137.36624076152785,418.71833942704285,1.1143137560558707
i_section,True,381.25647344587406,200.91575832007015,18.69900913531951,20.40466985025824,13.65597352144403,8,14695.154566584546,0.4712529353009635,0.4905573517664758,320975632.8797208,25549876.053909108,-1.979852412022701e-07,0.001764,1.032737804512255e-18,0.1271319199086856,819.4938708013024,68125.38055461574,5859.384133826265,29.38548833347211,36.434283109493556,2931.912637691654,1.0137572491971467
i_section,True,179.4369345219205,251.89108733645187,24.05731494892044,16.96704157844579,9.054254673687623,8,14420.325300321228,0.7231437409743549,0.1789950816636659,77230896.58081858,64143481.119176835,7.275957614183426e-07,0.001,4.771248656846618e-19,0.0400465547712359,153.09402322817223,12778.237356891093,336.97115974779695,27.47390646688241,-45.11464687064826,-333.23024664968057,1.103194053959838
i_section,True,373.0993765409854,228.07503870924515,29.048276533683975,27.834541341870647,7.225811898973659,8,22064.52533681472,0.5351717725436974,0.4246550810253567,466670783.1290051,58015774.08557746,2.735760062932968e-06,0.001,6.8234530318375754e-18,0.0078319775899219,-103.05819004533238,-5742.55387106711,319.7624742869073,5.946407123232383,-11.912753424256755,-63.3436452316486,0.9697366393344589
i_section,True,189.2611105938139,271.6198204257362,10.723224935880287,20.474033105318032,10.21941577143142,8,9353.519440320168,0.5635943106768271,0.3157691284872408,55155748.42037144,35949435.556512214,-3.880510727564494e-07,0.0021,4.723536170278152e-19,0.0120139664313707,0.3152776615868353,-553.4022867123676,340.601800370699,5.047181378624303,-19.65102888172265,-2.5860611146749757,0.9616557725614356
i_section,True,207.19267405797524,283.1322144086637,8.770345481691477,27.12060715423582,10.501778735638856,8,10207.38359234268,0.4638591643085599,0.4054651172145588,65165509.647629194,33517199.422859613,2.425319204727809e-07,0.00168,4.251182553250337e-19,0.0096111731450966,-57.71930307064662,95.48546559480239,641.289266284971,4.270455496036209,-13.53655290004862,116.82478617275414,1.1820432730900314
i_section,True,223.29089120884024,126.61965868067972,27.941250690025058,23.67176964203593,15.528644746271484,8,11252.01326406156,0.6103141935717343,0.4361719584505987,78594535.59305452,9690989.793095095,-1.2473070195743017e-07,0.0014,2.720756834080216e-19,0.0145320937953861,32.11187402282571,4346.28111860162,75.42515343273226,-13.175295033249784,-17.856494039659346,-47.491630924736235,0.8873103715412374
i_section,True,176.7276247657533,139.69980888582387,21.947699829172024,27.74890181771656,18.473216322109053,8,10120.042154482242,0.6301857948913501,0.4380423322056334,43565120.20614847,10312034.458153386,-1.382431946694851e-07,0.001,3.4009460426002703e-19,0.0161467708837623,38.9507472357475,3889.2755877750446,-177.5457609867896,-12.532298371367357,-10.419391130941245,110.40683457723252,0.8662056841730317
i_section,True,153.48484652455835,194.88994606724796,15.79744238959401,16.270450027423614,6.137709645018387,8,8174.058140978587,0.6577319139970033,0.2511419350895174,31885000.19850201,19536466.759350993,-2.091145890805042e-07,0.002366,2.6663416973986124e-19,0.0091552190910932,-4.673535955888041,1649.220340180871,-371.84213080447154,-6.434038015517197,4.679134801931763,30.439056187359473,1.03252512190502
i_section,True,397.3972806299721,109.2200431482185,27.046905104977498,24.36974894899073,13.154433795835896,8,14427.436587838934,0.4390024037893643,0.6223834736770328,289473018.67955035,6323489.498838779,-9.91449169405214e-07,0.00182,1.9045297838561513e-19,0.0130788844158474,146.5616892701781,691.2757356667413,-440.6562305125305,-7.949333911819696,-30.443336364948888,272.3733701119553,1.194027926934774
i_section,True,291.18903687818124,212.29845033321567,22.18799016468121,14.428468237802052,15.448630382377452,8,13193.230517516997,0.6310785451977429,0.2996481821744813,191929754.55003116,35471997.812089026,3.690257454361839e-07,0.002366,2.6663416973986124e-19,0.0100707410002025,10.779696753648409,-372.1778553755954,286.5515096521195,14.293649131592003,-4.50544418872106,-231.34293694784265,1.184986748963314
i_section,True,162.49414639363636,84.99958348975801,14.742043108917503,8.72236906790481,15.9763811102203,8,3892.1146834747583,0.629720920398959,0.3628071247696707,16328198.639264071,1532843.1346032382,-4.210623619319113e-08,0.001728,9.982783315060405e-20,0.0095309492825917,14.763252000475191,-672.6695749480705,-93.18892535291202,-0.16354150979501547,-1.162730439614981,17.90198987805204,1.02048642938582
i_section,True,269.82543979259356,177.85027744817162,9.794746617234662,16.49003928462382,7.012033325294596,8,7653.897206927446,0.4178226539060978,0.5193578110814517,81117347.83646993,9281241.645145953,-1.4551915228366854e-07,0.0012,8.532293431675559e-20,0.0119136866032396,4.003812557302364,504.1380815276307,204.3092352827288,5.6163038899446445,15.797541695882432,2.82691488904896,0.8554103543762267
i_section,True,130.95010749264492,103.02730053110504,10.497675313345074,22.698884012054137,19.180613502391296,8,4984.42465208246,0.5809788325439533,0.5435479792962071,11218661.251285208,2105392.461312442,2.6794877577485262e-08,0.0019008,7.986226652048324e-20,0.01143713913911,9.636169480321469,1271.516909848908,-128.24628425018284,-5.281745535280112,-7.815779041100269,33.01752760571678,1.1090201308100593
i_section,True,290.5518191266335,221.59769423823823,22.36710651251743,24.228211351100263,13.980805053684264,8,16041.646764297677,0.5642256084330833,0.3936714880811077,211126820.99049225,40898321.19134213,-6.929483442079453e-07,0.001512,4.251182553250337e-19,0.0134556424031352,12.245624481935746,1625.0684714651115,-755.74092959576,7.356485600275206,-25.781118062498557,139.84290442720848,0.8223170149728571
i_section,True,272.3334083440436,169.06503505783792,22.28302662964848,18.333524998289697,15.071094461880117,8,11911.290317515206,0.5797434969007286,0.3905824116703018,138592641.49723712,18097246.163034055,4.3655745685100555e-07,0.001,1.0665366789594448e-19,0.0091643743101843,7.42845845638744,6397.452181304542,14.003090266326247,-16.474086495186572,2.027363322422924,-38.52967835834303,1.088627803579904
i_section,True,119.74986736217684,118.79417878309246,23.17674315306637,21.054574672270505,8.039362420087468,8,7109.033726319333,0.7100751813308224,0.3088031031218262,13848846.811095249,6541654.35848388,6.640130011913258e-08,0.0018627839999999,6.388981321638659e-20,0.006862283483466,2.5026994660757444,1032.8322289757014,-117.88098907937389,0.5696235008334928,2.2590209730792363,-1.2378595087490971,0.8579933420578655
i_section,True,304.2912793989822,241.0591113950279,10.581253625155316,27.90651822657546,6.373532130575633,8,13038.491919763224,0.3754760354085719,0.5540071267220601,163553183.90639672,25224736.95218214,-1.414769536091222e-06,0.0014399999999999,1.2798440147513341e-19,0.0095309492825917,24.109324872921245,135.7807285210252,-798.9954158012489,8.70511275210787,-13.636071050836877,-112.04785399311146,1.123712492337057
i_section,True,212.55179761111603,258.5465555374638,18.111554278902915,10.3812265670688,7.7956297916151565,8,11249.633290890511,0.708191502225112,0.1752463283336072,93919274.1700588,52189158.22776572,2.460171636241226e-07,0.0016562,1.3331708486993062e-19,0.0070495187001418,-42.36544179719194,1940.811344963214,194.9170230495761,4.764886451666127,0.48161487527597957,-91.88146709442816,1.1200640975481908
i_section,True,250.68713015177852,123.3314670645984,8.677938504301583,8.646343248225648,6.473139123649418,8,4195.058452722244,0.4545831451674095,0.4839047608703935,41000348.592430495,2727104.7898710747,-1.091393642127514e-08,0.001,8.637902746855468e-20,0.0074936135639449,2.2146906497641146,854.8433218145229,117.27846554172488,2.2545906874782786,-1.6006955866961299,-22.863897172903553,1.1668062622838027
i_section,True,155.82100783723178,241.45721327346843,18.96996631174728,15.563574444905989,12.49859858847691,8,11133.72575553292,0.7203390139025446,0.1832032429995243,45726617.86693406,44561219.693057634,1.8947806286936006e-07,0.001152,1.6637972191767341e-19,0.0095309492825917,-7.399287535733849,1325.7824675470556,17.60066121494459,1.5614406217468202,-10.231747155196512,-33.37569223056382,1.1082359011362561
i_section,True,384.5253334217294,183.0612226914658,13.55035730550786,13.440144088906518,9.251411884756273,8,9840.64917667197,0.4487999277655047,0.4917417809456778,224269013.31811935,13932880.379957909,-7.226023836493839e-07,0.0014902271999999,8.305675718130257e-20,0.0089209685285058,-42.24691265539187,2698.9024424568925,-229.32866661119905,1.3142965543596752,0.21384752548418898,18.76769272678428,0.9095374369510968
i_section,True,205.6005901682406,143.8503619669647,21.81521022529,9.042456990458373,8.998968404581145,8,7812.504901958161,0.6916824860166492,0.2276630696116909,56895811.613039374,10836123.43437846,-8.731149137020111e-08,0.001,6.644540574504206e-20,0.0124893559399081,-35.675857474033876,-2095.986020679141,1.7129928236099263,-1.2014816112075133,-1.5193100538088873,-108.06958197322697,0.8147997570570362
i_section,True,212.7420754453649,239.0812670161375,10.345537352782406,28.761963104710887,11.108481976471657,8,10579.78354806936,0.4608515107977642,0.4591597471918409,68638117.94496141,23975939.332076818,-2.0372681319713593e-07,0.001,1.5548224944339846e-19,0.0087675278698155,-30.307593810018407,-2190.97425485453,261.4423153039424,-4.655281758162608,2.1805122568269795,-16.896042824921885,0.8626933928790771
i_section,True,241.01828316130727,209.46954407662216,10.367834102119035,23.652150406498812,18.014220716024084,8,9840.746650228337,0.4544270798564885,0.5058119852218323,82107142.40184134,16200985.22484846,-2.4253192047278087e-08,0.0012,1.2090299716718662e-19,0.007364723410645,-27.061592460281275,-2051.6611156854797,339.26979671963215,1.8897622599091524,12.277436890353647,-8.21677504638313,1.0800805769101114
i_section,True,389.7404178063588,59.47583005574582,23.26902527620019,25.047624231514927,16.90569409303371,8,11617.144560546283,0.5223041155211918,0.7541787178998083,184555304.20187992,1335832.0457861223,-3.307253460992466e-07,0.0011,1.399340244990586e-19,0.0105210334437786,-54.366252334429916,-771.7168597152641,-244.66489436902938,5.380642042832406,-6.870956943413,56.63273779324532,1.0402967938391636
i_section,True,393.7541090404989,102.5020247321143,29.698457211725913,26.756468907042667,12.407039798164725,8,15170.708911756972,0.4531658497199344,0.6396851283428885,289202702.66308355,5900903.954501424,-6.402842700481415e-07,0.001,6.644540574504206e-20,0.0089209685285058,-50.22200225444797,2323.051230126675,-603.9622413135174,-1.9567595791243888,4.982875383006332,-17.711419966223378,1.136366217302969
i_section,True,155.99653800503157,83.53516515846388,26.600224150453805,13.06817779865978,18.539070535072717,8,6091.537049038838,0.7050190918831034,0.3450864904671333,20728106.040146455,2642486.5565987783,-3.3781231780137336e-08,0.0014,3.0467555286131025e-19,0.0030931838324709,0.9074332138613583,304.0904468896002,100.65740292549314,-2.879744669655685,-2.066953702772744,-19.61210200070265,1.132156709280793
i_section,True,166.98762032587211,214.59444610665204,11.148346956816138,13.646490240635828,7.854306658704917,8,6813.847683522665,0.6170418980723313,0.2754104478554336,32816636.37451936,18396589.995580465,1.309672370553017e-07,0.001,2.176253949009359e-19,0.0051553063874515,-13.732516147714732,918.4185352240685,7.376794246288132,-1.990719991611369,1.455320645297911,23.934600493964563,1.1520155063980613
i_section,True,163.72703990005604,196.9287823242402,29.30070743743381,19.524652724231224,16.191982129307785,8,13824.799308700172,0.7430958127024303,0.211582377621171,55406955.94424144,37404754.18224667,2.6458027687939733e-07,0.00154,1.119472195992469e-19,0.0147294468212901,-32.940804887816995,3952.5567851926694,52.12574446681235,-2.5578532525192665,-15.975343428225024,115.24592733109394,0.9873227598635067
i_section,True,369.491561427136,290.2828354342537,25.229377135054392,13.789861953897248,15.351247998966056,8,19255.219386468292,0.656972979683638,0.2493484740696138,477156032.78159034,102947621.48044664,2.887284767533106e-06,0.00266112,6.388981321638659e-20,0.006862283483466,12.650150390804537,3631.730004710913,766.1998747786622,4.204433011332882,-13.671049338193946,163.6960419626249,1.0622283117654214
i_section,True,212.8225947400137,281.83306153669224,27.00838456890959,20.040481207858058,12.936836090579945,8,18554.32266381881,0.7125927577277913,0.1977281778476615,139887364.31276676,100900452.70530888,4.233284430070357e-07,0.0011,1.2956854120283205e-19,0.0097416976331283,-72.66379457029038,435.20480010756404,255.6003980760053,15.514314634472605,9.824846947225604,-211.63772460491558,1.100035233169623
i_section,True,346.2228766873574,131.3418043015388,14.38153792590956,16.308090033305362,14.479093536107271,8,9140.430924500575,0.4107483693258155,0.580618403586761,152028898.62343034,5571299.034588432,7.275957614183427e-08,0.001,1.8135449575077993e-19,0.0051553063874515,-24.10644320917473,255.53749928572782,-175.65578423038968,-1.8233390828411664,1.093423188206615,0.43789650168383315,0.9696483188150276
i_section,True,310.38496170274885,247.8783874371329,14.593011289580325,16.59104201993983,10.394562212588454,8,11995.55748907205,0.5327996185725514,0.38455129040611,190941110.8173746,37161567.23977349,6.111804395914078e-07,0.001,1.0075249763932218e-19,0.0147294468212901,-68.5359923674562,-8819.785627694573,-521.7470162451323,10.209061380902414,-2.779037995543188,177.59226501203534,1.1605277301325885
i_section,True,100.07773326236256,77.21592797481124,14.13673235625532,28.249495423258946,9.451586365875944,8,4290.629238532401,0.6726748337953382,0.5725797106258239,5029308.660533245,1240818.620461431,-1.6997359306513574e-08,0.001284192,1.2668409487973282e-19,0.0046001829956507,10.291847265341605,172.82398041138077,-28.913123760411114,1.7998121217933336,-2.440854785107375,1.872289233761361,1.090786347322463
i_section,True,170.33305509656827,144.5946886665242,13.51608631973254,25.590010514098772,18.171326984642032,8,7867.907357968231,0.5533763471009179,0.4914635788020656,31700362.30083755,7097611.860098558,1.0153089292424109e-07,0.0022932,1.6452479854510754e-19,0.0057502287445634,10.283708980255687,-1190.1595437925926,91.17788895773174,2.453078351298032,-0.526472370603763,3.264450719725488,0.9448836634393578
i_section,True,335.1190676208249,87.59193965491956,25.08515680967576,20.92868783723487,17.16580075818281,8,10618.810519512155,0.4714049114920963,0.6168186200700657,151191847.76474148,3084078.8662231658,-3.76933439981245e-07,0.002548,2.7420799757517923e-19,0.0044232528804334,7.879757183745693,-562.3961383204223,-271.33316627511505,4.429654981008222,0.37913704053406877,16.2793194102195,1.1797881604469205
i_section,True,242.8187362630449,197.13585081447096,8.479169707491149,28.266448424063096,16.827187505354804,8,9977.876443794788,0.3840362704490077,0.5959046182484616,76041087.40651295,11335336.135471404,-1.5864202019412672e-08,0.00183456,1.1516735898157526e-19,0.0057502287445634,-28.32066969969207,-821.677650524043,-30.61677972316058,4.412721554809665,-6.911259051955484,18.629500826808727,1.1456890364800736
i_section,True,284.44004163637294,88.07866800977838,26.1396095335203,19.837115025127027,12.9278101361721,8,9357.944463769622,0.508809816182434,0.562862463983747,99646281.76358618,3153274.8718935144,-1.4551915228366852e-08,0.001,1.596219595484633e-19,0.0038641537163466,25.0166964792002,848.0448243000919,47.44322403152734,-0.4010893766597725,-1.4881240558273336,14.638358061267631,1.176545635450506
i_section,True,244.491278186928,225.81871695148777,12.405062009734394,21.689414443133487,19.830064259570527,8,10715.240557064864,0.5145895560733337,0.4363898372158351,98543192.92933004,24082217.15412996,-1.4551915228366854e-07,0.001,7.981097977423165e-20,0.0046369844596159,22.482775543183404,-759.3034640677137,63.81380033808872,-2.148105479359749,-10.628905607372829,-17.058851275985106,1.0912758297542886
i_section,True,190.55164884944048,259.4742665254123,16.51120513844336,23.04330067242999,12.233215687763836,8,12330.85707139776,0.6270861292385476,0.2847049168202153,73351279.96543054,48262478.20512345,-2.558578501690875e-07,0.00182,3.0467555286131025e-19,0.0040211389822122,12.967077246636427,1190.4155189249295,44.39909604713103,3.303474505692875,-5.946949289810566,21.529897318011223,1.1707551729813677
i_section,True,231.98497611197317,120.95447402122412,23.734065593183608,23.058460974365815,6.772350679507725,8,10036.734155770784,0.5424932379379411,0.4822372169776897,74924696.47772878,7195333.784071954,1.4551915228366852e-08,0.001,1.0375427370650117e-19,0.0069554766894239,-1.9726648759914085,-3010.041331655963,-285.9901193231408,-0.7144865862145259,-1.123071733228989,-34.70928729998986,1.0438524323782206
i_section,True,128.92451300967878,50.429531889394234,12.358670074464529,28.83333627188117,6.8463513406331025,8,4292.592799224759,0.7264658923800434,0.757110615440627,7075047.02060889,482981.9473064013,-1.000444171950221e-08,0.001,1.2606144255339892e-19,0.0048677208063264,-1.0731454728052054,-393.9203599339195,-10.327216094700026,1.1007511083510122,-1.213294461722205,8.116646022593246,0.899456715119553
i_section,True,390.1296102230016,83.43379081235703,22.05097970812107,11.316326431947353,6.7317362838391235,8,7635.447128229221,0.4380022478703033,0.5484284909913039,165028857.8451965,2178459.6392300334,2.910383045673371e-07,0.001,1.2606144255339892e-19,0.005408578673696,-2.4563162120647273,1227.4585372849976,120.52434915523723,2.3906309652617486,-4.826328307672221,-18.921012708045907,0.9152611403005754
i_section,True,120.60657721456448,53.77340208157304,10.68198753639659,26.904354886956227,10.615182292125704,8,3918.562439387617,0.6920502370867292,0.7322878674984596,5895362.247848312,463404.3024130617,-2.798445236224394e-09,0.0013,1.2480082812786492e-19,0.0078857077062488,-9.16434724421425,-495.56228775535857,32.739946124562735,-1.6365708436553141,-2.1707874238606504,-6.725952684231064,1.1802839046025189
i_section,True,351.265843709175,289.0815850432877,13.219324309092208,26.877857246644403,18.622332823711467,8,16680.39407506202,0.4416823763174486,0.4955710335308212,302907519.8278029,53850896.545319326,-1.4834059031139115e-06,0.0014126112,1.140156853917595e-19,0.006440256193911,-32.679782569281905,-982.3772292269322,-661.6923771555513,-12.343630238881115,-0.181921670321718,54.68849759250307,0.8662691070910672
i_section,True,160.99711328347072,268.37530844523917,16.210037694132474,17.316138447872557,13.079650578374135,8,11078.558757458466,0.6940996299272999,0.201007193681101,49426871.411719635,52299925.91474488,-1.4551915228366852e-08,0.001,1.5563141055975177e-19,0.0083465720273087,-2.5862489483891506,1559.2514248791806,345.2373906562749,3.0980513591961056,-6.4014443404738595,92.9557452693585,1.0827616834168565
i_section,True,128.41793802909666,149.12102832803254,14.499753634972343,19.47725960658461,13.354385207959268,8,6418.613213517029,0.6477095107613746,0.3318833970046428,16045363.379416322,8101600.957677181,1.4551915228366852e-08,0.0015,1.8909216383009837e-19,0.0073015812094896,16.13733809368633,-1253.6856214899103,105.20278263097559,-0.7847413126994581,-2.1474275946442303,13.845601455430675,1.1640607704602344
i_section,True,133.66456344096116,73.13846734922534,13.445430535883698,10.351675465584549,16.72958891718742,8,3319.6540976098354,0.6279074872326382,0.4137956889912462,8797178.475477925,909166.9739468944,-5.596890472448788e-09,0.00195,1.3628250431562849e-19,0.0129167892228356,18.76217556198437,960.3285347497484,19.09746779030401,0.31602449199219007,5.801698471876207,-21.54769076778014,1.121188617480227
i_section,True,229.18580038408257,201.7591460531457,13.855095241015682,13.463742815769349,16.12077339500319,8,8533.317211104295,0.598554846285075,0.332664893264791,76241439.38568138,19033308.336988673,-1.891748979687691e-07,0.001,1.1345529829805902e-19,0.009857134632811,-36.62112481215128,-2654.0217061998637,-309.5607886124385,0.5957805019048259,-2.226977708428059,89.44533799921254,1.0537866536616216
i_section,True,143.56330338569103,62.90595581349316,9.085515103592993,12.421928784824512,6.661733559385864,8,2739.9420487909856,0.4498961510531443,0.5972989582435299,7363659.718568853,399379.5157931288,2.798445236224394e-09,0.00195,1.4991075474719137e-19,0.0103334313782685,-12.012840078767168,-383.3444802055289,-35.02088865157796,-0.9692550878770184,-0.6393029532708322,-10.230592915980848,1.0530138299229916
i_section,True,388.55703803247457,295.52874240266004,10.668777135549396,22.221589367787793,18.25596183021362,8,14760.91640545204,0.4070500588368427,0.5192163690495002,326377931.48406595,46302885.92243526,-1.1641532182693481e-07,0.001,1.4006826950377658e-19,0.0075119148245778,-63.0482926642757,2955.961077121542,34.57037578537259,-7.789179762655885,9.54494419146989,-122.6572546390512,1.0770577161691155
i_section,True,271.3985170350463,164.9016101688882,23.176779646922103,25.676105602584027,12.633111731738722,8,13563.249919532876,0.5370195896074657,0.4659347059630305,144168367.5495394,17674297.06833455,2.3283064365386966e-07,0.001,1.8909216383009837e-19,0.0109523718142345,6.500368832084986,6050.793038610534,-409.71062619485633,11.117777574715275,10.168915735715514,-160.82023301298898,0.9864906456412703
i_section,True,338.95767599201184,118.23485509620292,8.712203831127265,28.57187453315975,18.822675718755875,8,11560.426093717952,0.3512930295840086,0.7564289468564942,143011348.8879196,3137226.5752346828,8.955024755918063e-08,0.0013,2.2713750719271415e-19,0.0092262780163111,25.677021885039114,-4403.9081738177165,-35.5656860706565,-6.604810790422209,-11.317088524652258,65.65427527108896,1.0349800493134513
i_section,True,195.64329877352924,290.9288871303004,20.807855892060264,20.231110800324593,6.131515225384956,8,15256.622875747844,0.682973256575958,0.2064264576100524,99309430.26729465,85506560.9960925,-4.4775123779590316e-08,0.0013,1.4006826950377658e-19,0.00676072334212,-17.092090540696287,1960.9446197913198,-314.0394919514294,-3.5391054910998276,-8.42101987840862,-51.84953459659708,1.095151246856881
i_section,True,209.19551513653968,205.85063764043133,8.790106860718929,29.80435388125009,12.320271566884054,8,9464.15731716559,0.4125402023011879,0.5414086879021851,54995341.01826645,13244696.007748837,3.095564113156861e-07,0.0026325,1.2592503398764073e-19,0.0115734431436607,-2.4185545229354326,3738.6306826938135,115.49622307764935,12.167502498463184,-7.423889610219507,18.893015885830128,1.1468978604704745
i_section,True,164.99668864978156,51.850848631898685,28.037523593313296,26.116208537530355,16.07689000454431,8,5980.826093377146,0.7023839734688573,0.6628847759754958,17229975.02920013,879209.2303274698,-4.8469004798055904e-08,0.001876446,5.1944076519901805e-20,0.0117632476112167,-6.10552150706097,909.5397960977836,147.42716924254725,0.04689251717398445,-1.6504060149536413,20.895371118652584,0.8265649616348829
i_section,True,134.11362063014596,182.1912233797727,14.460022831716651,20.38170114747641,19.11226850573151,8,7736.167197577915,0.6684997549758674,0.3010136802006772,21684564.521238074,14721681.36125098,-2.093861007276015e-08,0.00208494,4.722188774536527e-20,0.0106938614647425,-10.899749382322016,1946.5059545780464,-227.56200268947703,-0.8003165889046185,-8.507426696778943,23.292045272353096,0.8914374410558844
i_section,True,105.09625504824412,213.2497745880195,21.703114883134223,26.482035627965693,19.96063883552445,8,11242.537377511188,0.7794068991773803,0.192540728170974,17223720.36478408,35290350.974607326,-3.147771047604943e-07,0.0018954,9.444377549073054e-20,0.009721692240675,-18.661588596575967,2812.7260180308563,225.22696777793487,-4.633438539850114,-7.69771325118683,23.02729270577436,1.1234486482427808
i_section,True,124.1999481032704,251.90171636281528,17.356875830619895,29.150226246592094,9.53000073226843,8,11433.346388568363,0.6975549928598465,0.2093730943570851,27061615.209094845,46447073.460501134,-1.658337917762604e-07,0.0015795,6.296251699382037e-20,0.016202820401125,53.41309559010991,103.5129969114392,296.86228096669987,4.686609809318372,13.88123373000328,-109.92813582052241,0.9747462556548552
i_section,True,119.29560024170873,106.38084817575958,10.99177797094136,9.077174059074023,12.70266803429672,8,3364.7020322207377,0.6555559318839955,0.3060103625354088,7878327.74870341,2220307.1788245738,-5.195605544215434e-08,0.0018205279092,1.8512868871693007e-20,0.0113544747567269,-18.22033900561676,-391.3363049997719,180.4314233421191,-1.677350697224067,-5.04532593988583,16.854580416325916,1.1577985920734126
i_section,True,275.33649805242885,165.38427699143557,27.502472968616303,20.986966331811107,12.05769979221004,8,13849.669961165408,0.5933940258465327,0.3848675080665672,160452724.01487717,20927921.63213749,8.862903734501651e-08,0.0026270244,3.1166445911941084e-20,0.0176448714168251,76.73083594173198,9128.731011826825,1184.6570085942462,-5.001277497489118,-22.871697178255292,-51.194584003773194,1.0231703183930592
i_section,True,206.8844219603635,172.1583021155443,29.315794493040286,11.16845922149523,11.477173056816817,8,11866.208992939852,0.7317435219804407,0.1879483557793481,83918981.70775908,24956306.25454598,1.4387830737827357e-07,0.002022808788,1.869986754716465e-20,0.034407499262809,67.31522672290347,10714.860220744615,-571.4896917539381,13.92147287305297,35.20428261702794,283.3460455320203,1.150962991275412
i_section,True,319.5801450408329,173.5837378238651,26.15809258115024,26.61194672467006,14.202724961562634,8,16372.114008220446,0.5270387920518387,0.4764066932052235,241356125.2051146,23272379.03363316,-7.296686838155458e-07,0.001755,1.0493752832303394e-19,0.0082667451026148,-5.603693233351891,4609.722964791194,138.02722882801362,1.6068377695278715,20.540659396550055,-155.73707208457859,0.9793098470789436
i_section,True,375.96447038041794,244.55772662213676,13.306222180735826,16.87794782050061,7.1022889268785505,8,12449.250995156905,0.4595081792610814,0.4613077210847837,275395708.25229573,32582091.574248005,-1.6114370426366637e-06,0.00288972684,3.1166445911941084e-20,0.0229383328418726,-82.29078050060058,-8295.134768994547,548.0154750427815,-17.306014910099677,15.813244648886942,-134.70241713764133,0.9075372327059784
i_section,True,269.68227043981597,293.2054392643769,27.409342037405217,17.219214235111394,13.383166577136974,8,19931.37757216404,0.6956213365417895,0.2098002025492138,252825670.53151983,115263868.241348,2.2118911147117615e-06,0.001,1.7472115937901088e-19,0.0070971369356239,41.957257541500574,-1730.9112807471142,-281.16328303521794,9.161547515715192,-12.718622194576998,-42.16770118667998,1.023555032159489
i_section,True,302.26557834029995,216.32934438989113,10.443502210333088,18.52697041510684,15.36840968937368,8,9940.52166064759,0.435722885581382,0.5072031112724452,134569317.61726102,17806423.36110578,2.8775661475654713e-08,0.001011404394,1.6829880792448188e-20,0.0172037496314045,-86.29864463777976,3899.501242853707,682.3244771371969,13.3664131354557,15.371504349341922,-51.82811762385785,1.0155014718125022
i_section,True,126.73755772131425,93.47980744732811,15.19655809720642,23.865757360525016,7.788860226130176,8,5194.147648387662,0.5907060767011991,0.5069935277143202,10785877.598753609,2188277.9800932147,-3.092281986027956e-08,0.001,4.76521244757378e-21,0.0033477533372733,-5.033980721721251,277.9085716317758,57.51222506265085,0.8111321106494432,1.8556192788018018,-3.783126814453704,1.1441627071550733
i_section,True,299.8003355509314,121.41700587931112,24.82641427376667,12.567957554374166,14.807119829728633,8,9366.513724940927,0.5841911927361729,0.3886254842411562,133536312.62685232,7467351.746745182,-4.511093720793724e-07,0.001,9.53042489514756e-21,0.0037197259303037,-13.54779160221288,226.0111732368762,66.51068688097763,2.409085205370613,4.560164319200356,-25.241785396141438,0.9790228535527423
i_section,True,385.26358713688177,77.52048677360716,9.822716733093465,25.184779917184105,6.121644730736364,8,10764.090279012597,0.3720185850057677,0.7979782804791961,157344372.43685973,1255888.843924518,-4.9340983325882555e-08,0.0011797020851616,7.9420207459563e-21,0.0028613276386951,2.944804202745465,525.3764159587886,56.38015537007604,-0.11669451656329907,2.2599937282305347,13.811649494274892,0.9285517407724744
i_section,True,142.942945763359,96.9129018280006,9.620432273206356,13.928265244222338,12.551372519702245,8,3727.017447754389,0.5251844225319519,0.4914775500585318,10983522.478904542,1501564.0955456966,2.7284841053187847e-08,0.001,1.906084979029512e-21,0.0026112476030732,4.303282556646901,-60.13764631927392,-13.692769622925343,0.5933379000661364,0.03618582694799889,7.814883458664197,0.8400499738772038
i_section,True,153.8411351050956,201.37941463413125,26.45533741016712,24.768477483946928,17.878760727864233,8,13437.811200020911,0.729753786281463,0.2465467108535547,46581327.51844139,36216426.87036073,1.7762753997317725e-07,0.001474627606452,7.220018859960272e-21,0.0057226552773903,15.561561534320306,2219.51423563635,28.080059456168797,-4.5620736609241765,-2.660661751789672,-47.180970304930504,0.8569366067762106
i_section,True,209.18224004724988,253.33536346157055,24.242740073319844,17.513240538783883,9.868215022362952,8,15183.561981269217,0.6984298109465931,0.2092465592352032,112212155.854495,65775496.27444113,-1.2433927798122406e-06,0.00163847511828,1.1107721323015803e-20,0.0158962646594177,-121.82759426113593,-4662.397492414936,-101.71720136079769,5.4795348185477994,-13.317407794335649,103.72997895751475,0.9683411208963045
i_section,True,335.87873114770275,245.80038416063172,14.834302452894535,9.836017543391474,14.61853070346842,8,10493.5058007369,0.6090032404844911,0.298597857646746,215820691.8397081,36755340.26840405,-8.149072527885437e-07,0.001,3.812169958059024e-21,0.0043520793384553,8.879570516221715,-287.8821966154069,177.2792331082138,-4.220594475004293,4.941988022445871,-14.917146955593049,0.8236265164846628
i_section,True,164.03650004004066,147.18627492319058,26.001010865577392,15.671519232944291,10.46476389083406,8,9506.619739304677,0.7086718461976348,0.24939375296094,39006162.89247129,13864309.599182552,3.358134283469273e-07,0.0013,1.8298415798683312e-21,0.0035251842641488,0.7756940644584441,-382.8858418797575,-1.9553729801408866,-1.9592903769979582,3.008301678615599,14.974169090205924,0.9620164326776772
i_section,True,324.4830886505114,141.76120551031897,11.7628100896646,18.369719306393694,15.278642421110114,8,9070.047750458947,0.383921568719623,0.6107590450733666,127768229.30339526,5775494.287282714,-2.462631807877467e-07,0.0013,1.2808891059078317e-21,0.002820147411319,16.324819953085086,659.311279927816,-41.7699158991096,1.0044269780829813,-0.21945438772630127,-1.0559705942726445,1.1168539067944687
i_section,True,304.15303468917637,206.1632905822417,20.770182193929653,28.018264863502267,6.111728467566717,8,15955.096223891607,0.4937031169344923,0.471446019412108,215089480.321291,30822768.383097447,-5.275537937203363e-07,0.0012136852728,1.8512868871693007e-20,0.0103222497788427,80.19546266883276,-1428.2425159466366,663.42514345415,4.637376791453094,11.689245380331913,-97.91307777465029,0.8950276068862557
i_section,True,311.93167349719624,196.8393928280792,13.03442507981689,26.256996715175237,12.42468990139738,8,12773.850641054416,0.4033067307484664,0.5727044606278693,168476668.38969913,17035044.740866695,-8.149072527885437e-07,0.001,1.5248679832236097e-21,0.0023501228427659,10.173841852671067,-428.60338263971107,158.6133047808037,-0.12352379906045642,4.762942581436945,-40.12864195778512,1.0145758294975773
i_section,True,338.4632086641046,286.28955542511324,22.091320921863804,26.654043325683514,14.298858925254066,8,20673.68071687212,0.5517384001482424,0.384695226878934,377381289.3641396,86910160.88865812,-1.6341733677532304e-06,0.00163847511828,1.4440037719920545e-20,0.0095377587956506,-129.30812332211303,7358.739247351522,-19.831320769192534,4.741900533613484,-21.02950280803234,166.55552350939192,1.1801131025717218
i_section,True,114.1541722117907,275.12936809176574,23.97981910269182,21.383347683716323,10.510621993378049,8,14708.302071407608,0.7798015883702673,0.1184274714776927,28065413.936158292,83305977.59906511,2.910383045673371e-07,0.001,2.5617782118156634e-21,0.002820147411319,-6.019285915303709,669.4207236262297,-24.424122692489572,-0.38227357478447643,-2.5440489846535415,-0.9432797599007862,1.0379145655217241
i_section,True,139.04824279061202,145.78311882600923,27.66666667205896,21.034696244542175,18.4325494328487,8,10128.170633881817,0.7458249173910849,0.2750544232928767,26991632.602418978,14420361.14436399,1.741254813650734e-07,0.00117,1.2680802148487536e-21,0.0051326682886007,-13.120609299340572,-471.4997264996128,-22.792868524938463,4.012509488518791,4.215370949285661,-1.4844841197982033,0.8233281182632304
i_section,True,353.31107265096546,178.97938714680063,10.76535474752963,22.084791228804608,18.45742429556579,8,11482.252113265273,0.3617691546301299,0.6249963934672467,188177043.12684596,10658628.808191877,-7.107162504696874e-07,0.002457,6.847633160183269e-22,0.0076990024329011,-18.20814811527975,-448.9835851107869,-108.66566608480149,6.697205931210405,-2.1501953916786776,62.74140307805392,0.826214783991873
i_section,True,292.05950894093354,91.98069018751654,25.014314718578984,29.13496306720027,10.108991534819568,8,11743.638313572914,0.4940216786457342,0.6577198120486002,117977049.42626674,3769224.9738716497,-2.1321487514090625e-07,0.002457,4.1085798961099614e-22,0.0038495012164505,7.5854241487237175,1338.719809525933,-127.46227608716232,-0.3992754188284462,2.9303764000202097,-38.35688332748506,1.0023163453753965
i_section,True,158.72573759049178,296.6336611796223,9.21076729432332,15.515683400038249,12.029543951657638,8,7769.388718131548,0.6281926259874074,0.2297953934967848,34731323.66607633,40127224.013592504,-5.132950697836632e-07,0.0014742,3.4512071127323667e-22,0.0075065273720786,15.059463089352906,1270.355492691128,-55.832120015127124,-2.119940945756673,4.874395986539209,-22.187773274357337,1.0015303347036388
i_section,True,118.77519068177205,143.84490351223508,11.086047363729294,11.70591911027714,11.291264876396244,8,4432.9644951376995,0.6594059640467991,0.2743202375345228,10395188.182575496,5520772.11288839,1.6790671417346367e-08,0.0013,6.729853869828117e-22,0.0026272845802275,-1.769077853822391,-60.867188439592574,44.083154085208555,1.162407576132985,-0.13910632011550436,10.236249365045438,0.9552570728880113
i_section,True,257.74011166701973,64.49146668481241,11.876694539288849,13.945799431636168,17.997950488986348,8,5081.6025747900385,0.4219877221209848,0.6634487270462982,41712430.99553439,622420.7918096178,4.0362190907082616e-08,0.0016224,4.946442594323664e-22,0.0013241514284346,-1.9774060476476394,-3.6420667392203767,-18.3242482144187,0.3701815379498296,0.4719679896677178,-0.2151874003014719,1.0193000642833683
i_section,True,299.58773633982116,52.2940171789885,13.96179104845616,14.8822063803886,8.878694008279934,8,5572.940806438912,0.3825175839300588,0.7305653009680799,55919712.02137571,413840.3741389652,-4.001776687800884e-08,0.001,5.9357311131883975e-22,0.001,-2.8346572165235644,116.99586343606316,0.42354638388620386,-0.24320592201836924,0.5391125825745225,-6.6321275627935625,1.1278234283703572
i_section,True,281.88344626520217,292.07301193243563,25.1335143713244,12.367479145851869,10.568606427617317,8,17644.97143013404,0.7084054119453093,0.181866845129451,256805337.13546047,104414352.45462488,-3.3166758355252073e-07,0.001755,7.608481289092521e-22,0.0076990024329011,48.72536734268542,-8279.956831322452,-220.99872251076783,3.6042106068498017,0.12233947980250993,-58.230096163448515,0.9890931260292513
i_section,True,131.12575724635457,189.11306543929845,19.867318045029556,10.177214886099314,12.961940235139208,8,8593.087200417556,0.7613952783489844,0.1452684630589291,24421029.99249536,22413646.91444178,9.458744898438455e-08,0.001,7.419663891485497e-22,0.0018538119998085,4.112609587927487,-311.30006528078235,-5.317915632884867,-0.545451092421164,1.1746699755452141,3.000960809023512,1.175495656183995
i_section,True,265.9524530639852,133.7627695822211,29.283915051300273,27.493947110474178,18.500252385248206,8,13838.816224793636,0.5755065727562252,0.4906437219150144,133698197.5290854,12141793.881790431,-2.938367498035614e-07,0.00104,4.710897708879682e-22,0.0015763707481365,0.9247956984356099,611.1946643291595,121.74263636844813,1.5309391407585404,-4.236327938676222,-14.471839601937802,1.092405449019998
i_section,True,269.455469422498,280.725236843482,26.5807704725785,19.431865222394045,16.58272896896551,8,19370.06345404611,0.6761253764748253,0.2436641308583788,239998731.89199743,98186839.67384996,7.896847227440972e-07,0.0014742,2.4651479376659763e-22,0.0050043515813857,-72.76092919431048,-824.8679060290123,-193.3867188551111,-14.191547519449951,1.6544334323355665,-14.313776721442016,1.1190093047534617
i_section,True,167.01446786495478,100.11524089110702,19.86497027638033,12.083860853608352,18.214855119816633,8,5809.18998718382,0.6631578414343764,0.3454356146380564,24781682.549512237,3375113.3729009745,-5.8207660913467414e-08,0.001,8.310023558463756e-22,0.001,1.6497124488576846,-106.44135672622473,13.040353592517642,-0.23628382180074595,0.42515634863888313,0.5306504420863419,0.8360693363438543
i_section,True,375.8177779254421,235.58314061426495,25.914105754756747,16.111738142899057,19.074189934675783,8,17751.766145557594,0.611070620159874,0.3248676812830044,428070780.8975258,56636748.27529898,-1.1442531632561966e-06,0.00117,1.1528001953170485e-21,0.0039482063758467,-24.838805199731794,3367.2568799074966,-286.9728090014116,10.989711016596457,0.9567536250273521,-37.69328504959281,1.1576232284930807
i_section,True,290.69635723427604,50.30321914668232,27.437488463210983,8.876249967515365,9.828311917063356,8,4939.056407367438,0.5244299140320997,0.5016994528417853,58844879.564626314,599936.8928177077,-5.8207660913467414e-08,0.001,2.3334546152166225e-22,0.0021839999999999,-1.716194111314193,-198.15372743079078,-32.129771715367454,-0.6813576882704269,1.4723306411933597,-5.296248491191771,1.000047808621614
i_section,True,320.3913369235961,252.1355467372167,25.31958507517665,20.15350900542693,8.950651436827881,8,18275.265127599665,0.60639104318779,0.3182010293446714,312816419.4771814,67835238.99883841,1.862645149230957e-06,0.001,4.486569246552077e-22,0.0037532636860393,1.5114713874678287,2947.492864183428,180.2879184044562,6.808463706047859,2.989213002852592,-63.53296312400474,1.025128683275793
i_section,True,197.9523418597219,57.72790689554017,28.996766719933177,14.18321562771326,6.241072562119088,8,5367.371465453326,0.5917225168502785,0.4912820434136278,27528854.859250683,965551.574121805,3.6379788070917136e-08,0.001,3.8890910253610377e-22,0.00182,1.245819439439658,-141.1470566423759,28.570119645458625,0.6246297437072282,0.14427394905553392,-3.5786177645157453,0.875667017700539
i_section,True,337.51586722004953,62.40914953782882,22.36092375977964,16.50914495103663,19.162196786900168,8,7949.686727543692,0.4552637619756811,0.6546547414280645,110510836.4776752,1071861.8937223982,0.0,0.0011,6.48181837560173e-22,0.0014,-3.4679075235985004,-234.9025330459565,-26.233037078250938,-0.8621601282468928,1.0662698372756998,0.8708404054788541,1.1133251623339795
i_section,True,372.46513108197007,258.528054267141,18.36766347204558,18.2511109974976,6.676853163996951,8,15663.995078636584,0.5260626137138578,0.3925713494825978,356611624.89395297,53070973.09016341,-1.4638021235635294e-06,0.001352,3.297628396215776e-22,0.0011034595236955,-2.6721506378593642,-146.6314138644732,62.32628841692341,1.5869787958556314,2.1366892298268554,-4.87188702795706,1.0940349618913536
i_section,True,127.08142043552684,78.4648384084359,29.76005028607098,25.67961140204196,10.391743539609662,8,6500.721540031722,0.728667786909646,0.4708061062215191,12157774.628146742,2513929.5368991634,-6.063298011819522e-09,0.0012,2.053440061390628e-22,0.0024024,-1.8652075730448034,173.03518873903434,-60.15993835227647,-2.8415609733904845,1.0225562310402112,17.633989858778808,1.1992873248127944
i_section,True,281.0798901464176,85.25138420570826,21.49473358261011,9.927087295563174,10.214878476687224,8,6120.76962661973,0.5418158829757159,0.438497376587634,74303834.96160719,2244327.5032401904,5.093170329928398e-08,0.001,2.566800076738285e-22,0.0021839999999999,-1.4923059473850144,101.23692940022907,-16.986293307758014,-0.18376598088908197,-2.511095338813252,-17.833720636931925,1.1511577956437034
i_section,True,300.84692361636894,199.0550815701393,28.11911088211628,11.04696210918194,12.09432851057689,8,14026.095424800831,0.6855702661786635,0.2278333457384712,224224407.92193925,37000301.45481089,2.0372681319713593e-07,0.001,4.986014135078252e-22,0.001,-3.0520635578210444,-200.947772618228,-2.9516919268734068,0.8283650699271262,1.2516333820999361,-6.954244632936938,0.8723182495381835
i_section,True,323.66714599785803,272.9277248254571,18.15594377873443,11.977649667910644,10.831618503144124,8,13456.158790310514,0.6332793411470155,0.2660486866413419,257280934.67130157,61568203.29622796,6.984919309616089e-07,0.001,4.986014135078252e-22,0.001,-3.7624789338957276,-480.0186212549855,-68.82974126663025,1.2923970390934436,0.23498858179691026,10.230568267368085,0.9741385112374727
i_section,True,287.44463890303155,189.0675423999419,9.152754638187542,27.837508057271805,12.924265939504462,8,11100.91882175827,0.3465102325104965,0.6354129866868915,114820657.48658632,10836584.71249589,1.034802860683865e-06,0.0018,1.8480960552515652e-22,0.0024024,-9.796561206518843,446.511347636833,104.24629733370834,-0.38433348696669595,-0.9681971311164084,22.53498170024882,0.9786236759522786
i_section,True,348.10153712069564,219.2709226356776,20.927312874641892,28.88393566728406,12.712193634059528,8,18166.087012315005,0.4779395155471829,0.4977414525293782,318293061.03291804,37429797.14944615,-2.0372681319713593e-06,0.001,9.972028270156505e-22,0.0013,5.024949610164862,117.52186057079795,15.019962148332485,-1.2374448345053186,3.463663542648994,20.264081617530717,0.9562944302759497
i_section,True,149.08970083082625,78.87608076949269,8.508354820801618,10.39349670267033,17.16934309601054,8,2975.711080915817,0.5306845394830308,0.5047400473232434,9644615.34171588,732726.2987706183,-1.1104941413588869e-08,0.0026208,6.098716982330164e-23,0.0029597568,3.363934830518247,-230.24827718426252,-10.959261462648557,0.12387416440443234,-0.5416431778633571,-6.153158686998683,1.1831745541416123
i_section,True,242.32178810880535,166.9427129584859,12.2234437471414,11.564858202607889,12.813904645883149,8,6746.187526111776,0.5501826736565282,0.3873965035287827,65672376.30978328,9518579.607725846,1.3858966884158908e-07,0.0025199999999999,1.108857633150939e-22,0.00192192,2.168998884252,-399.39737577651607,-49.89513320232821,0.9581117408542895,-0.9699467427558872,-7.5729847835095505,0.9888073129176446
i_section,True,122.03336469202851,235.31877450222433,10.805174462175517,11.880708759855708,17.82745685231518,8,6559.5934066402515,0.7112535384983164,0.183562977056707,17383006.49465974,23512089.343948223,9.59686295001507e-08,0.004245696,2.348006038197113e-23,0.001,0.8212943981835873,246.27220790655815,15.496712296814934,-0.2775416268651943,-0.34675233131306044,5.461248446822836,1.1742273668718954
i_section,True,136.95753424350391,111.5507237626256,27.594854674861875,16.251656021452348,19.57339963612003,8,7824.261709941896,0.7474954128556411,0.2942881630758197,19993845.465719268,6471770.950274517,6.580706022867476e-08,0.00353808,3.3542943402815905e-23,0.0014798784,-8.67790530662268,-21.08576145530854,-47.3115184870981,-1.526669151303046,0.24257237271644075,10.087730696579293,1.0738514463741218
i_section,True,285.2684453093605,152.53761767496826,15.074929574681432,25.60309965459922,19.77513023205223,8,11476.784025740735,0.4492929795920469,0.5853669702424469,124695385.69335496,9382776.803871157,4.112941264292174e-07,0.0029719872,3.287208453475958e-23,0.001,-3.242545402605414,-389.89344328596405,-49.15875728140674,-0.10715272798466792,-0.680098388254346,3.118605355327021,1.1281198183102437
i_section,True,134.19873729834504,93.96179903755268,22.33878195545977,17.209021352626863,16.45004345902739,8,5977.961236546309,0.6954245729453785,0.3751073538735706,14740605.48130238,3165553.6605435177,3.709362612096116e-08,0.001961511552,2.6034690951529594e-23,0.002002,4.2051142347325845,162.6660221100927,-13.317134708680296,0.6743732113764592,0.19387589750811282,-3.7655408540285054,0.8199677539157901
i_section,True,135.6703944721597,225.0290234411604,13.33646717934397,8.029486827637776,17.341522591580983,8,7143.4345443064885,0.7484881948606094,0.1442017162276837,24094913.568629023,25352810.538041063,1.2473070195743017e-07,0.0014,2.733642549910607e-23,0.0018018,-2.6640879259241927,35.21543521881129,20.45404188289393,0.418913745057985,0.8557431753515776,1.483472783494724,0.9377501273760112
i_section,True,127.76141497223396,177.90486439186958,16.776433968521367,9.375708307220808,16.50901695093758,8,7093.615062348619,0.7524686300110462,0.1638461685959761,19630519.92373432,15770011.477974238,1.2992781453898976e-07,0.0014,2.186914039928486e-23,0.00252252,-9.03161420334251,130.05263281781532,-63.66289231226511,2.482023473257793,1.0602041526195236,5.273225774385964,0.9686568643054312
i_section,True,232.0559961951109,248.1858552862296,25.766748460861383,14.722297874084273,11.200573370645127,8,15558.580016334488,0.7067946453280803,0.1991827437895447,144848766.21843103,65710138.52986142,-7.121976215224542e-08,0.00326918592,3.254336368941199e-23,0.00182,-15.386873761351838,560.778431054966,-198.69686403539407,4.77937869045896,-0.5585800543898903,14.553999076218256,1.0244398208511822
i_section,True,387.63282236346066,193.30574994456845,29.31224356038732,22.912303799345963,12.319860781873578,8,19005.069283085137,0.5367469629515914,0.4342174304985332,436076727.51186407,35646266.716806844,-5.7745695350662116e-08,0.002016,1.2197433964660331e-22,0.002114112,-2.8714447487096133,-256.1084797714623,57.746310884139135,-1.8714187244526748,-6.619660729346054,-17.036584985605998,0.9138693612800859
i_section,True,320.7389498530118,166.36960984499942,22.250947623522713,25.911707679130103,19.174681668692116,8,14886.815553273253,0.5008987727174741,0.5172174403225586,216554688.0866386,17579840.112926956,-1.1845270841161458e-07,0.0039312,6.708588680563181e-23,0.0014798784,-5.405770939660542,800.1736268474523,-66.58076817558765,1.3690070430223928,-2.114459625493849,5.732394217454667,0.8586880808044812
i_section,True,197.95241627215893,261.7488448404055,12.229655214908554,18.38616890662548,14.714293604835424,8,9783.618080986002,0.5971504736431795,0.3048451447012646,64622492.68485128,36674060.792353846,2.9103830456733704e-08,0.001,3.905203642729439e-23,0.0018018,1.9830908612208438,-367.8336079473263,-17.79820409286193,0.38206940944275836,-1.8100812013475962,9.976424628210115,0.8869235848998014
i_section,True,391.5532466299757,130.43637194755564,10.914805781266358,28.021780497183617,12.809326014541906,8,13352.851559412318,0.3077522488360383,0.7435533628915595,225988049.84840697,4757426.035593431,-4.0745362639427185e-07,0.001,3.06167965589988e-23,0.003027024,-8.472252849654529,-862.4092157966677,101.84381823792258,0.4819575464974575,1.7269117269836662,17.027164152515724,0.9176652629429
i_section,True,387.3438983259847,297.22245981215474,25.98539414778503,12.830168822172649,15.55247972355744,8,19963.77173534153,0.6660707213378446,0.236409654247703,551231196.1149943,113798524.31666929,2.585277366126509e-06,0.0029719872,2.9584876081283623e-23,0.0014,1.4193307297040425,1017.3865174651845,-60.9940118061127,-2.967376835486413,-3.1508773016754685,-21.780494910286404,1.1396835773173222
i_section,True,195.48038086337928,155.1339389830673,15.069673655344015,13.986326118131934,9.909195774771746,8,7075.020567355899,0.5931258197025264,0.3502927744080497,43964471.41991093,9422644.175866991,2.050497145815329e-07,0.0011,5.0517714322348017e-23,0.0036324288,-6.168165390713544,434.0332808743893,75.4585363103702,-1.2179192847611287,0.9555138678600955,-25.46273445374848,0.8303881229872357
i_section,True,110.07924442468034,134.57901636297566,22.03242180558907,26.737394738606056,7.862766507077842,8,7749.95172450883,0.7198462357366919,0.3081201121427112,12427409.048261365,9068257.211476607,9.019782166343089e-08,0.00121,6.062125718681762e-23,0.00508540032,5.3868661659950865,732.3500454484431,67.21677061347782,0.49849691898308524,2.6708559432418637,-2.7763813863611873,0.872567511126977
i_section,True,261.6038142558283,101.67334360192608,27.243095297819732,16.804172279493418,16.519283528381855,8,9261.658186249377,0.5772273757895072,0.4540213475724191,91259802.87171142,4892361.4612627765,1.546248371373101e-07,0.001694,6.062125718681762e-23,0.004576860288,-21.346333949706644,125.70180781589482,162.78269570302245,-0.3632450231557004,6.818570469642046,4.8107724706358805,0.9267198867900164
i_section,True,211.20667743745037,145.49857249546363,10.237264318079006,14.344700520592472,8.371511716760335,8,5777.012458366685,0.4773598299596612,0.471945894689401,38941745.634384,5307624.66518245,-9.621100977432629e-08,0.00121,5.892386198558673e-23,0.0025950797832959,7.169602206753552,-532.9949252624491,-22.685518715324463,-0.3545789012014749,-0.509685309463432,6.955867215992456,1.155288239376174
i_section,True,171.19993190716718,186.4716956542657,17.132479784977306,28.712336283542005,16.039329474011495,8,10548.767870285636,0.6047343140230962,0.3912640751582736,45174617.83286332,18860413.88252704,1.3498993718336596e-07,0.0011858,6.062125718681762e-23,0.0041191742592,7.206805800152132,629.5561851730765,83.82832028024404,-2.268895095844871,4.750243387422216,35.05583873732312,0.8847566825314057
i_section,True,148.85681678664253,60.795552485582895,26.157158824469935,19.356568915296247,17.95197624606073,8,5334.326936028805,0.6788426551498142,0.5270400495767444,14163587.746609984,1095414.560960804,3.6379788070917136e-08,0.001,5.303147578702805e-23,0.0031140957399551,-6.079049959054795,-293.79391856443794,8.312025051325502,1.1113737656591458,0.7406248001255669,-4.314292910416331,0.9357910353089249
i_section,True,208.8112350533986,62.94326931544204,20.00848647981916,11.356160742219288,16.663437986736852,8,4681.310597097814,0.56292259328233,0.4924332379872936,28680418.14133913,876780.0171402008,7.835646661428305e-08,0.0013,7.954721368054208e-23,0.0034255053139507,4.750356676055615,-235.35815875374755,33.673486783283806,0.05900067852043865,0.07384707432288709,7.785053405228478,0.8992747665247479
i_section,True,135.29332797847445,175.94756970349937,24.68304791067134,18.10806538038417,18.609967376128097,8,10548.221856193528,0.7530249570121111,0.2167912845198542,28428950.875526726,22508306.400555395,-1.852061938155781e-07,0.0011,3.9282574657057815e-23,0.0037072568332799,11.651861335628237,-1036.480336749623,-9.95660160921975,-2.778227765152686,2.0237453389719633,5.662271071755237,0.9981819702565335
i_section,True,226.78505973197264,191.2740542664856,20.555091041517382,16.427196550338422,17.69908592198273,8,11190.570113738657,0.6410101029008933,0.3098648471537695,94836981.24763364,24087142.711502012,8.29168958881302e-08,0.002808,1.1454798769998063e-23,0.0036255548242854,-1.7153997801835834,1671.875019655672,-81.70883433781742,3.838513037863487,-1.9156856824710002,-40.415629894190964,0.9825541172220548
i_section,True,292.00429899876633,165.79539167366437,8.985311750285318,28.459791131912286,12.33963283357808,8,10913.098990654626,0.3300247115533368,0.6779346030097344,110915233.0108814,7391223.069815883,6.06329801181952e-07,0.001872,1.9091331283330106e-23,0.004028394249206,-14.625845048707717,-1096.3110282859152,36.09717065445801,-2.044868793543624,2.714853496788672,-12.421859971702395,0.85807914536231
i_section,True,189.53791092198617,86.347910249513,12.742522222140543,26.78369668773963,7.074246543178446,8,6638.797673201316,0.47463395421234,0.6821291756978912,27366488.27540992,1640006.2358208385,-2.5911529965040684e-08,0.0019656,1.6036718277997286e-23,0.0029004438594283,4.560117781422323,-348.7864428654532,-37.46827518595713,-0.947148708774759,1.2449404260365118,2.166326444720407,0.9933293365666545
i_section,True,283.72390135741114,158.128770663662,29.955503682007024,24.90868600528954,7.932962600704927,8,15104.215327947562,0.5701507144199276,0.4251430698578282,177177037.64600286,20040189.596447784,-5.2916055375879456e-08,0.0011,4.364730517450869e-23,0.0074145136665599,-44.66480581070834,-3636.3256538717224,405.63084203951917,-8.606216916247277,-14.315323307671205,44.42511048229927,1.0708173596645367
i_section,True,332.36609563383615,134.3242829669216,17.09724956402831,19.63190884300646,10.651323164245891,8,10547.199785717636,0.4240622768591168,0.5737343206387853,159773765.93580654,7109660.951721397,-3.498056545280493e-07,0.001248,3.1818885472216837e-23,0.0028774244637186,15.31634281873052,-745.0815172793651,-65.21830472512475,-0.3876686953181013,-3.8633582361078087,-41.1798124204978,1.1516815772010296
i_section,True,392.7093281905678,285.54206254195265,12.662352957010732,10.720811083574164,9.587684338427438,8,11251.255416335232,0.5536552144501397,0.3460071755833161,308190173.3087823,49175648.6969659,1.7350360464591245e-06,0.00104,6.363777094443367e-23,0.0023978537197655,11.48664184958357,1072.8384164717747,-125.82358239320077,0.08018848398269136,1.4186827982640196,-6.359684362848232,0.8633676856921614
i_section,True,339.2688326272992,260.1036304808723,22.27364633766381,24.195528038677857,7.038730663946739,8,18761.687516892576,0.5430300691202435,0.3871375046553437,344107437.9187334,65681176.642843634,-3.1749633225527674e-07,0.0011,4.5925194838498195e-23,0.0036324288,30.572642520678848,284.84370727299853,212.7125422324748,-0.6816225863752472,-5.777584029207123,38.18083565713673,0.8001711886550884
i_section,True,223.01279888149745,65.62659750596951,13.462455666876862,23.869938739311024,17.6689326755263,8,6723.793882692479,0.5312982003625701,0.7186523035849599,36866955.553390294,929967.6765763588,1.936246195189853e-07,0.00255528,8.018359138998643e-24,0.0029004438594283,7.244120590695051,7.378041271034659,-56.92909217073405,-0.2106463651507402,-0.6426583691690223,-4.475114668938801,1.0717089309733194
i_section,True,259.2674664052934,199.43573124032707,29.208396512998934,28.940034666354222,9.689879625742146,8,17546.089750197792,0.60302156951568,0.3769831581399618,175326174.91000104,39044905.38608524,-2.3283064365386966e-07,0.001,3.637275431209057e-23,0.0061787613888,-0.4093527603638713,-1136.3793719717603,-276.89232781570814,-5.7051949477351265,-14.327020564537216,-53.705668969601376,1.0370900244911396
i_section,True,160.50620368635683,148.76517761017726,11.073027523015584,11.193778202533869,7.376124666601275,8,4891.469068182493,0.5966633604434344,0.3252843158995648,21115948.89860519,6094834.873171029,2.182787284255028e-08,0.001,1.818563852724892e-23,0.0039817293302232,-4.353664497726808,-663.3524060881975,37.22297934208458,0.2059367621193414,0.22248836221592883,1.7298018856417725,0.9708194645829566
i_section,True,101.2561949819934,53.9847791969615,15.412772832905764,10.05587347721508,15.838686768938066,8,2594.2930915021134,0.6919087042484574,0.4064808579935836,3615319.484567282,428743.16491382045,1.0600171349334827e-09,0.001716,6.874171363300091e-24,0.0076090847500566,6.174998415440311,115.51929206994623,47.27954715845762,-0.8215900553971324,0.6726729377261076,-10.805229083543734,0.9168556110978441
i_section,True,271.75951371114,83.52932165094415,23.4288664545441,18.829842163002464,6.770693290470436,8,8189.416667987476,0.4799513221856912,0.5767960529049725,78870405.81128839,2405774.6294596056,-8.003553375601768e-08,0.001,1.5154698772707434e-23,0.004977161662779,10.59455670279643,-470.1205651245901,-121.9411372959249,2.269291767687677,-2.410292484205183,15.989693684014362,0.8480260491115855
i_section,True,164.56840706575613,114.02994603366427,26.88597583655407,20.410456343050893,15.7747529900476,8,8613.171939684986,0.6814899435447974,0.369040242427106,32334122.30623328,6766479.778363005,3.6379788070917136e-08,0.001,1.2729946969074244e-23,0.0027872105311562,-2.3106608833547573,-383.3047165477537,123.01247169571015,-2.1770680067727173,1.712090719145722,23.59928836305892,0.8494555926730519
i_section,True,190.94410702387464,282.9110021406966,13.089477827132177,22.123092013846087,13.90543239852024,8,11222.497043623209,0.6023924348004317,0.2916407094183612,67996490.057494,49583804.681310445,-6.074497867262284e-07,0.001149876,1.010313251513829e-23,0.0045246924207082,-18.440002786107556,229.6070404371621,86.05057495460714,-3.476330737841298,-5.967543928285293,34.97015445570276,1.1472627968043316
i_section,True,251.06054160827497,286.50392848709305,18.31857244099464,15.21438367942199,8.329969915207757,8,13820.39416177528,0.6522721138592145,0.2396931994501819,155622276.445333,71869901.58301704,-1.5489969561518824e-06,0.00127764,7.216523225098779e-24,0.003480532631314,-16.3044813950941,2241.072871036531,-13.425736748977178,-4.2953877026405305,2.176889433069965,-31.85492347310816,1.0359296168615988
i_section,True,229.62789892682443,57.40987466678491,20.405465956013707,26.10378701421305,12.720965555425488,8,7414.954275126048,0.5973008072971334,0.7247379579662016,41564752.87012171,960663.4100403752,-3.637978807091713e-09,0.001,2.6396818035072353e-24,0.0071221033260529,-21.79112788757763,497.3108312960877,-126.81816613101635,5.954379504902462,-9.131037118107212,-40.93204576652149,1.1376166565300847
i_section,True,370.7706591576028,193.43302799126104,25.94597578619524,15.903198693239178,14.26260019262445,8,15288.777410247,0.580301606430823,0.3657076059925003,346304876.75371546,31428388.23857545,-6.305829932292303e-07,0.0012,1.145695227216682e-23,0.0036233736905031,-22.427381042205585,-1028.3753995916218,-75.65737816300164,4.552054710199586,-4.766871245351146,28.295201554978593,0.9402114424647187
i_section,True,329.000126014117,244.0868245813469,15.559146392632568,12.664006884615915,16.659028521617,8,11613.469583617709,0.5833736448046207,0.3366227775840921,219780431.73752952,37789085.08625377,9.691585233677557e-08,0.0012012,5.4993370906400736e-24,0.0098918101750736,12.071553589086816,-4420.365496312689,-41.63600076036535,5.382657114016678,-8.386091841946193,143.25180961546766,1.0494196478964484
i_section,True,330.88775477578866,160.68097148398027,10.71349152134298,8.024005150566603,17.06472050359036,8,6183.654079618821,0.5196159373536772,0.4179535795266655,113949061.89518408,7439718.471002951,1.5655637685171434e-07,0.0016731,9.122740312921003e-25,0.0096738105057112,-25.487640716481348,461.9939293191293,130.2115102226885,-4.366173920530964,7.940006677084189,28.772105164721022,1.004532333799322
i_section,True,398.6425553439835,261.2077034155984,20.03567127092801,14.774347693061957,19.990564278388707,8,16118.148063482178,0.581009599319511,0.3469546316080287,443002941.8118562,59664858.67828193,2.2387561889795156e-06,0.00156,1.3748342726600186e-23,0.0050727231667044,14.986486301042605,-2401.8199511690714,-94.29049296448468,8.441585966288937,-3.816786135820187,84.91374788266711,0.9874904619247767
i_section,True,398.3820360747566,257.9692912581868,28.51577286807688,11.746278535888244,17.97825086683745,8,19007.938134942757,0.6705180960734487,0.2390986014517098,551036443.3340346,81668143.49670196,-1.9701054463019737e-06,0.0013,1.583809082104341e-24,0.0099709446564741,-62.902518053680616,10146.920344470258,364.8261559042673,1.126379156429586,10.605007574272843,-163.12056632723468,0.8328263327061918
i_section,True,174.24229820180523,99.2235284758543,8.589850226888135,17.8119273691636,15.231222393762804,8,4707.461360096195,0.4507259172781514,0.6058070972487486,18613907.872652844,1505715.7264310147,2.264993878062997e-09,0.001606176,4.470142753331292e-25,0.0056882005773582,-7.156679170478175,-377.9340082231299,90.47982445067751,-1.2578705562627426,-2.5545235119784793,-5.961267669553465,1.10239643643001
i_section,True,241.88641852518836,268.05079990158947,28.028946550132265,28.362506524646456,11.148738582120044,8,20406.88994272752,0.6525656181885731,0.2835236606684819,188857233.32146844,90356455.3787553,-1.5075799252387313e-06,0.0010810799999999,3.2996022543840444e-24,0.0079134481400588,-59.72876786496714,-2445.0687055087365,627.6027118181273,8.349091612832025,16.615419525927717,-155.8942900335576,1.14229074422084
i_section,True,120.1852255631986,274.84505678600834,9.635908935972797,23.89457860002287,12.711441259022996,8,7850.998827831832,0.6320394424779963,0.2221493830466138,18594671.51156693,33490116.437121183,2.7179926536755964e-07,0.001606176,4.561370156460503e-25,0.0162520016495949,-27.754965869751597,-3514.742790121148,-246.90015986759616,2.191841061583716,13.468855842825992,-47.466551363554224,1.0793708019000503
i_section,True,270.7118627862932,276.18821462786286,17.999844854818306,22.08742221037083,17.499592527782923,8,15397.805771256211,0.5883709391575688,0.3390841896994629,186297037.47374704,63477347.65233108,-4.9750137532878115e-08,0.00117,1.2670472656834727e-24,0.0139593225190638,-135.2350998246644,-8935.815489236367,-289.5931424064097,2.681501001624503,8.408510249836304,-11.26296053714439,1.1393938834202677
i_section,True,145.93188915409323,157.91358223012531,16.922957260146944,21.28997255260747,9.70903969199644,8,7814.434227146702,0.634261872585281,0.3341635411851611,25106347.659296773,11210869.790633442,1.9931946126954374e-07,0.001606176,6.385918219044702e-25,0.0081260008247974,4.938352388445754,2061.97771310881,287.59366677304996,3.1158850068439494,4.891380040331463,61.49269920843615,1.1156163999539128
i_section,True,293.20366602371274,231.3552968670078,18.225542373260435,23.442236714552877,8.556795633643603,8,14516.783456505917,0.5221283633776809,0.4158503156325415,193747460.6653466,37903474.025940984,-8.45752338058928e-07,0.00117,1.0136378125467783e-24,0.0125633902671574,-127.43751350393283,4035.6482297160983,-604.9643186300168,17.06177154957822,13.800953927838476,16.332121929550624,1.1981113469045384
i_section,True,169.654716724158,183.08398787645928,17.479922015389494,23.394002138291064,14.105169532715143,8,9727.657381128014,0.6230189666357567,0.3476867719415456,42707281.1765575,18062974.016430102,3.623990204900795e-08,0.002409264,2.235071376665646e-25,0.0079634808083015,-3.065512318136931,738.4306046754801,-212.58997635147563,-3.5870455753543418,-8.065145624833393,48.02597024074189,0.8796207256387816
i_section,True,131.14994890612647,243.76216197387924,22.8008048130991,27.506489820739592,6.380129733543357,8,13505.094404656227,0.7265316858518227,0.1891330908963165,34602264.199967936,55199203.67944982,6.958061193409526e-07,0.00133848,9.122740312921003e-25,0.0135433347079957,-50.743050464028265,4170.787386237038,259.4433766062955,10.430740255042801,-4.0139126354858075,85.0448290459001,0.9304070845829273
i_section,True,248.77041755937228,186.7919639207707,11.146314367875997,21.471856250684866,18.90766484421778,8,9343.264967738947,0.461941373865029,0.5150353007236508,83367904.63292302,12370103.1463942,-3.106277318486396e-07,0.0033729696,1.117535688332823e-25,0.0079634808083015,36.5931951717766,2513.789213190026,24.83377387511757,5.733518759344325,-3.270684747013837,31.943186404077455,1.1336804617579057
i_section,True,148.86231995841962,95.38545841130662,22.50967049165988,9.059114850340954,17.152661822905287,8,5495.2089429156495,0.7240752736047068,0.2572322704860108,18768884.218770053,3283663.3253140165,7.954764155448352e-09,0.001372,3.784959272100672e-26,0.0049166530510453,-0.6786010871647868,-259.19396023053497,25.925768100659155,0.31001219651040324,2.5215616201952478,-10.837119099525292,0.8769485977089867
i_section,True,197.7991698251913,162.0737701295439,14.476211318254707,16.28272764085832,19.30885029442567,8,7771.560675033819,0.5904966635358808,0.3853351763136357,48155761.983127736,10388869.763869036,1.1005801156768696e-08,0.0013222040832,1.3142219694793998e-25,0.0125424822730748,-35.17559884290019,-3381.428356128582,-281.3410711138016,5.5627095596971206,4.390886857082404,74.6856580943294,1.0897177116389403
i_section,True,205.27133567995725,261.77048519301354,27.933615367730255,22.394153521022197,14.941849942658594,8,18167.68923566887,0.7090621316665603,0.2184290878471406,123159763.1830831,83693458.76259708,-2.261369887858096e-06,0.001287,6.081826875280671e-25,0.0087943731870102,-69.554999722796,-2071.279105787507,268.788324490728,15.362610614586892,14.057543554841184,-65.99657412351858,1.073533642742388
i_section,True,364.02010602976617,163.4060757052674,10.931609707779996,15.494676545039551,11.358210894732728,8,8988.328288310431,0.3769017770547137,0.5833590438076287,166348461.7039534,8068262.564080983,1.663076026099069e-07,0.0014,9.46239818025168e-26,0.0122916326276133,41.386467242439664,-2428.2061030986806,-360.8541857695471,-3.7243535530116754,-8.144164660749748,16.757333239708483,0.8880620629861091
i_section,True,333.94983696042584,201.13362693761292,19.479912903791263,20.904334516734544,10.616737825661922,8,14102.420790764914,0.5030416680914759,0.452101205582986,240795925.62549505,26658879.43709059,7.8580342233181e-07,0.001,1.0513775755835202e-25,0.0087797375911524,33.91916421464683,-357.26233543920154,-504.2187565733793,4.084352471412591,18.51452924665895,-113.87818774397148,1.047681802607801
i_section,True,103.02091770442246,88.06408033006039,25.925412948213086,28.72342426557066,9.896109092859868,8,6122.617534919697,0.7626870096925078,0.437959214062732,7408990.261385912,3076295.186738973,-5.4569682106375694e-08,0.001,4.5419511265208064e-26,0.0049166530510453,-4.312064129899244,-597.0118008581924,57.23249576937977,-1.7992570020788141,1.5522370800952625,12.271286311799509,1.1540770843409043
i_section,True,387.1328278200814,137.43464684727576,20.159916732309583,25.903715949058828,14.348474256239006,8,14707.229689825006,0.4053619651592333,0.630065596325759,282070177.47462547,9273852.682500118,-4.437539026409138e-07,0.00236107872,1.3410428259993876e-25,0.005574436565811,-17.737455675908606,-1651.468004204453,286.6302295018381,3.9479693078114018,9.190736003163533,-36.2778614704134,0.8006778719687511
i_section,True,253.99060211069,223.89595113683023,27.06870881814131,16.029012698354556,11.121371458752757,8,15434.022735777233,0.6789893847580698,0.2417851663179128,168481339.9240329,50716753.04010925,-1.1269940384531145e-06,0.001652755104,1.8774599563991424e-25,0.0083616548487165,24.99188632735755,1922.0725406580298,-128.99217814179553,-11.700233361996439,13.35549964028576,85.18866662263815,1.1313603068400027
i_section,True,136.1781545407228,120.00415094326858,27.596635017465175,13.9635960629038,15.787513361938233,8,7974.7710116852895,0.7526367796551505,0.242043172312566,20863158.383973584,7993746.53081777,-7.795668872339386e-08,0.0014,2.2709755632604032e-26,0.0029499918306272,2.6453422201722936,-40.18012954074273,-9.624040256983314,-0.0866078232249096,1.9308633788517724,-14.560353119150237,0.927194249113259
i_section,True,304.9097067394855,134.54156854816557,20.467674839898297,14.964026604242628,16.72395199524882,8,9705.069641194532,0.5348291376990632,0.44902069881313,138597647.70298967,8415643.836047305,1.049921733648402e-07,0.001386,1.0900682703649935e-26,0.0031859911770773,14.501023561606765,-641.7426708308383,25.567498317047647,-2.419834624035706,6.392693604713634,9.743174316349512,1.1710996878073465
i_section,True,184.40365013978027,80.74865678019314,26.976923027009978,11.299483048557576,10.962545186852635,8,5937.037722226577,0.6617789914263307,0.3429132688872558,29766594.048959695,2390480.65025302,-4.0906041570716955e-08,0.00213444,1.3080819244379922e-26,0.0053843250892607,-7.129533964578354,984.5747672019104,55.92376034633732,2.215558823494988,-3.406916604524516,1.194076476055336,0.9648570095823751
i_section,True,322.5719943274574,80.37484064479912,21.86652015447148,9.277434012454346,8.058426465136707,8,6159.397449781666,0.5094041707923324,0.4659578495215834,97449728.05923302,1913396.2106873272,5.356743539022459e-08,0.002988216,1.4388901168817916e-26,0.0080764876338911,-35.72145355332074,-1200.712951806235,-31.338471662920814,3.51378802741946,-6.274304736110272,-18.697052023904973,1.0887657173271656
i_section,True,329.6514587175985,261.7452681711127,12.059259272954897,21.74310899736235,9.765778933540698,8,13040.519012186754,0.4410339521569125,0.4792741740657032,212855650.8933181,36318242.93159857,-2.5324112215599456e-06,0.00154,1.3625853379562418e-26,0.0035399901967526,19.77323818469997,-1549.8449164033273,-159.91419816510142,3.667289570219274,0.965899534542946,2.5152971904796995,0.9301368664153143
i_section,True,131.7863692097159,73.60761242541598,26.168923182374087,26.01368215489285,8.226863326707985,8,5979.0906286183,0.6878332329698447,0.520394833274677,12136518.991292924,1869370.6107735983,-9.909985457177005e-09,0.003671023356,1.6619180849984694e-26,0.0196258649503555,-32.62185962932113,1482.4635725293222,-393.1477235174345,5.3965826743028815,-2.734550846889131,-87.59243114618343,1.0825329188740271
i_section,True,330.05887378231523,119.50884295151292,20.97611628003827,16.453629576259964,16.710729395320556,8,10001.115786840232,0.4898287687253288,0.5160386483252629,157577419.94524115,6112526.343293855,-2.2462633702934545e-07,0.0022026140136,2.1604935104980102e-26,0.0098129324751777,31.40725914057499,2185.1298607639387,62.58463172123743,13.302126825936346,-7.396098893158462,-0.616724430496407,1.0040703956704715
i_section,True,246.5035692583709,145.9909735576831,12.493843028882557,29.273600175338412,18.80057944668425,8,10445.254102842931,0.4413307708532141,0.624405517247456,80054469.46064582,7058320.135015295,-2.597208988616949e-07,0.0058270212,1.1079453899989795e-26,0.0181720971762551,100.41028620230794,-2997.2085340842186,-353.7598742874978,21.409212689381874,8.539103077432731,182.40583130056817,1.0802609983888933
i_section,True,347.2764834383721,161.05495945836003,24.302307276396256,22.93346115167039,19.933212157459707,8,15029.117137984676,0.5109086613252088,0.4978349541941231,262818469.99631807,17316171.558385253,2.219836742407649e-07,0.00524431908,1.6619180849984694e-26,0.0163548874586296,-76.54264380869924,2333.1233171821796,287.8093138385881,-27.727879806664472,-21.262820756291244,-165.267399680256,0.9874355651470033
i_section,True,275.2235780193847,258.51425253306274,22.43676803112993,19.711029022113003,11.081548926786898,8,16249.527649097658,0.6243560526365189,0.2955275003365801,207263197.0502667,64768612.81432494,6.233301572680679e-07,0.004482324,1.007223081817254e-26,0.0121147314508367,73.61458253347851,5068.447177749234,-420.3323188889867,14.56295412535524,-19.33162156963223,121.9070882005688,1.1462802824249094
i_section,True,337.7682627976767,274.37347553864106,15.044288163056835,17.0427271962874,15.8590257231766,8,13721.719706716747,0.5404417030525088,0.3801989888609415,261501113.6135016,51951861.47775562,2.5613500873934413e-06,0.00286339821768,1.7283948083984082e-26,0.0107942257226955,6.318822404484398,6599.269745619811,483.72851694946957,16.50456611730409,6.51602141067388,105.84677883964315,1.0022646618010815
i_section,True,178.70490246221436,236.32199607402103,20.929758235847693,27.889043744821148,13.796388530904494,8,13877.206857181376,0.656054134126111,0.2895252055718833,68598235.40767775,46336670.16708808,-7.001927046666374e-07,0.002577058395912,1.3827158467187262e-26,0.009714803150426,-59.67518846849122,775.6282709247338,-281.0348272424039,-2.2944264944074817,-13.824957246272955,-42.34591868479552,0.8934156358555841
i_section,True,208.88087066500665,156.43263477447334,15.14109978101305,11.17905635991236,8.60688537730556,8,6799.226614911622,0.6106196841418735,0.3166051271025473,50349852.96023712,9684956.10256734,1.267629978823735e-07,0.0025255172279937,1.061925770279982e-26,0.0069946582683067,7.797349381678973,799.2555856591484,30.075951073866882,-3.197435170258047,-4.007409205416977,-27.81213667693041,0.9643481501625097
i_section,True,134.2385784968938,61.607678053249245,16.147681225061007,24.71805714740849,18.011123129747105,8,4796.479951065303,0.6633332983635032,0.6369423012032502,9796167.736087184,838830.0242109444,-2.760936506907756e-08,0.0030306206735925,8.920176470351849e-27,0.0125903848829521,12.133202782152592,-477.72744369385816,174.51923051446985,1.3782718522619424,1.5935061133900448,-1.4749140087417005,0.9699115151219903
i_section,True,117.559438420883,159.77546418434565,8.2124567988697,24.194236691893412,11.659647698192902,8,5191.444417962221,0.5386065100960138,0.4181533732621362,10221597.88572677,5728940.33099051,-3.7727082703087345e-08,0.0021214344715147,8.028158823316664e-27,0.0138494233712473,14.82459373793152,-663.4762519240259,619.7363871340515,7.697018880854017,-0.7888527798626559,117.01690764820546,1.1062594563878134
i_section,True,323.1496029557385,263.5211576029396,29.06617454478891,29.726918947526062,13.576903127507144,8,23360.330412581196,0.5899612055297812,0.3639878861085951,381139110.1285,89284731.17003937,-1.0691203024922583e-06,0.00196,7.569918544201345e-26,0.0098333061020907,101.33798480989985,-10748.893969119214,1146.4643839462683,-15.20286613821606,-9.538465643596464,-252.2035639057675,1.0794221565182762
i_section,True,215.69257162181847,291.73800568700904,23.39400403036548,21.96958771927254,6.046390805863831,8,17392.947647522007,0.6758845937006362,0.2214166529944355,135856218.3451838,96966941.58948553,6.872214983880448e-07,0.0015246,1.3080819244379922e-26,0.0041417885302006,-37.022274034358105,39.74604137491774,352.5649789830113,7.132567924521481,-3.9309729034890513,-25.548630680118098,1.1460650947643864
i_section,True,178.05998292894185,110.7579055353429,23.80810309702587,24.064628659708426,7.367250770183995,8,8460.971008376071,0.6007590080191495,0.4520521758374597,36265370.29851658,5551963.1162507115,-2.5151388468724893e-07,0.0019092910243632,1.2042238234974995e-26,0.0207741350568709,37.518119403153385,-2910.295175337453,-212.6618978920794,-9.210319859377373,19.456784539387556,-2.633993714806927,0.8428972582639476
i_section,True,180.18710975002932,267.41297696105283,19.03872253248077,22.401542879948103,14.170119429219072,8,13543.521011617931,0.67385808449712,0.2396986682150565,72589998.47261001,60849814.115281895,9.219127118718073e-08,0.0025255172279937,1.3274072128499775e-26,0.0046631055122044,-24.991745852400733,1388.7290642843122,-79.45143943343946,-2.913378961902321,-7.71577182398687,-13.447735583726853,1.128178757687249
i_section,True,162.96568611123,128.52060107557676,29.91887796391186,29.374797212819487,19.162640218195783,8,11044.616776120049,0.7048757404343886,0.4032074524532238,38019603.53664714,10925695.827963017,-1.008342028609789e-07,0.002020413782395,1.2743109243359783e-26,0.01049198740246,17.184920984467112,3678.6415535204646,-391.5579979451556,3.9904866413904228,8.732422824296243,-36.305157711780105,1.1192295392146525
i_section,True,329.38355427952297,81.64046747130098,25.866585035640217,24.0705131561028,11.802742016581895,8,11029.951263900884,0.468483233436846,0.6594743015356339,142724448.93185338,2695904.265070224,-7.035353417825145e-08,0.0024820783316722,1.3246462058472496e-26,0.0124644810341225,52.89290438491446,1122.4440860908337,-377.9575486328509,4.553568503652121,-6.907109405364369,29.14953898108308,0.9477743446762663
i_section,True,336.8683610907402,213.39518567711923,14.398958004051153,10.12298653974527,17.006342160419358,8,9519.800711736283,0.5792776056405419,0.3437404215595843,190301570.96948937,23370090.388086256,-1.367985386799334e-06,0.0020849457986047,9.934846543854372e-27,0.004985792413649,-11.024099658129604,2490.8920897580583,-115.55160648975351,-8.6708146701319,-0.7888711369968582,3.9214675271348036,1.133617541741338
i_section,True,141.19467392554537,81.50842762575138,28.141786402779747,9.174286320731618,8.169382099992026,8,5425.628555970765,0.7351761377436921,0.2408591025854676,15526695.624890337,2547914.3506666413,6.294658441187267e-08,0.001444867438433,1.2517906645256507e-27,0.0016891864697442,2.2491823776720428,229.02547021289737,-12.167414880850973,-0.01678175919723936,0.04386517152652021,1.5183893064386158,0.9771062066758955
i_section,True,199.17037000885364,142.86045317788097,19.48114591333274,24.642559370551112,17.118628092844,8,9773.368834050434,0.5806146865531677,0.4560521234061869,55059221.475284755,9737527.94455887,-5.64001396330379e-08,0.0020640963406186,3.576544755787574e-27,0.0021937486620055,7.752772124481786,-585.5881629317921,30.550844561739094,0.4165015374022744,-1.0073993990730583,11.170278087610933,0.9465864635025057
i_section,True,396.2484401470267,219.34135048522424,29.91247120686649,12.320908102699894,12.596555167396478,8,17407.50594152494,0.6474427543435622,0.2694252212102736,484164628.96483105,52674017.1367893,2.345117805941715e-07,0.0029784939980067,1.9869693087708744e-26,0.0062322405170612,56.16772435491582,-1600.467052559936,-677.2382157853204,12.458686934657207,2.702861384866698,181.52782413559783,1.1623395257916622
i_section,True,251.85854816716017,209.99013506778925,20.391104972939317,17.052499468082992,15.429202411203663,8,12373.854504565714,0.6213634552453441,0.3183754685407902,130561547.61227384,31588852.581838604,-8.883021992203468e-07,0.0013760642270791,7.153089511575148e-27,0.0019943169654596,11.163734739038276,846.6829068150232,97.54457730454978,-1.1482741855670078,-0.36043571058734347,-18.628958918466125,1.0246072437563425
i_section,True,390.527979499365,121.43707769816116,19.213181560154784,23.707225711003566,10.65161032456675,8,13114.1137554278,0.3821818891458198,0.6514255107124253,250252999.776528,6146429.620345541,-2.820006981651895e-07,0.0020640963406186,2.5035813290513015e-27,0.0015356240634039,3.1434591192656764,133.6978604996505,-92.59728824933755,1.1061848431659964,1.1543510423087484,-16.29562603560935,0.8241406004762533
i_section,True,168.6872136967981,108.19956140380842,12.19745859849234,25.822074101903084,11.884408068676906,8,6490.400972328995,0.4987784808406495,0.5968023004297931,23260330.68402278,2813264.6844523055,-5.2755232649950416e-08,0.0030342216207094,7.973906533028395e-28,0.0011,0.6503690852654977,-161.45856294872806,-31.734678366708,0.29326495176458056,-0.47866815095363624,4.414372568727657,1.1781830871062948
i_section,True,270.0380971197661,263.53548734050355,9.357275977391,14.801864765685888,17.199516419189777,8,8913.722677252648,0.5135692127802903,0.3950821011623849,107286201.62095322,28648372.29092684,-5.7551162890855e-08,0.0030342216207094,6.133774256175688e-28,0.001,-0.716490187265931,340.6212721198412,-15.085431784528385,-0.7054254851661846,-0.8370423836546756,-5.307392089278605,0.9044203135726193
i_section,True,395.8263285176645,234.19683773187495,17.007719465852688,16.171792832436104,13.915124130958032,8,13988.745385812535,0.5086027670855648,0.4264461897717996,355232943.8790415,36561897.17002283,1.4720436444222889e-06,0.0022934403784651,5.960907926312623e-27,0.0024928962068245,6.1084441257811415,-512.5129081956974,45.05490232891379,0.2416677768592724,5.391024400742789,-27.860474088844917,0.9623024821646528
i_section,True,208.0201031349875,58.406689952695224,29.54332388714765,13.063164126613591,9.6878423367943,8,5479.6312277266625,0.5996748821944226,0.4741281668994216,31763534.59253457,1015356.5126113774,-1.0766374010193965e-07,0.0059470743765904,6.698081487743851e-28,0.001,2.500024180969114,133.1187068778955,9.22481623500391,-0.5221267081680189,-0.42969570263085294,-6.039868017239221,1.1726547582416813
i_section,True,195.96277593829973,169.36587200714723,24.77363735941131,21.447810200123527,16.975917491874995,8,11786.865680458322,0.6612367146939487,0.3263647735037488,68748542.5801179,20236703.906293023,-1.1510232578171e-07,0.0020228144138062,8.762534651679555e-28,0.0013513491757954,-6.793483791704372,369.88378671129186,23.44630597008922,-1.1791896284033754,0.03572213673824667,-0.9514563478401902,0.8892139511458312
i_section,True,100.64620344089263,161.7700913702813,16.810743469221155,22.2590215282163,7.052196778744655,8,6974.855175202882,0.7101186924275228,0.2391067554322555,10288233.396552544,11930063.203289043,-4.453363795125685e-08,0.0042479102689931,1.1163469146239753e-27,0.001,-1.5672354745500225,-110.75935703745304,13.362881170118357,0.09395108677359384,-0.17071657087141082,1.6866069532114336,0.8570753714846774
i_section,True,382.1241489715997,279.45814297968394,26.041514447588575,28.028343744807277,9.60827180601938,8,23887.20765791542,0.5405655168038863,0.399385183922521,548333286.6103277,95352457.78308058,7.485931220399074e-06,0.0036078817542768,1.1061726773749812e-26,0.0077718425203408,82.50333371534836,-3814.7576250223597,485.2333211003772,-7.583870058749073,-26.776303451660727,-131.25919954147025,1.0921755390967762
i_section,True,287.292431168131,87.37734724315331,17.6225580690642,19.768968106411524,6.527232093293521,8,8100.032808692665,0.4119634928806569,0.643725871515381,83031792.95990777,2126568.4093729807,1.2320071976064292e-07,0.0085043163585243,3.6839448182591182e-28,0.0012,3.551791272691682,-159.95855426204386,31.307017883234156,0.10141434677059803,-0.05709447700293684,1.4127076782578132,1.1320041725047878
i_section,True,280.93672357202183,75.48759822267193,20.25977735810856,13.10703024621876,8.878533956655058,8,6279.618971048044,0.4694219530458278,0.5521019200972163,68219121.92947578,1502925.5256126146,-1.222229362704791e-08,0.0035718128705802,2.8366375100595208e-28,0.001,3.2938931758180536,-60.47459499159612,-14.891781829183989,0.061423003695323324,0.4472805011604146,-0.24865952074206818,1.023044919384693
i_section,True,224.15159141928817,158.1887141584674,23.73908362432922,26.086962115918656,9.118725110551589,8,12192.947547002912,0.576173054517665,0.4250455671072793,88303825.97806732,15940127.072888983,-3.069395354178933e-07,0.0030342216207094,1.1163469146239753e-27,0.0011,-4.668199812187349,41.75815016209735,3.956870816376731,0.8415035776267275,1.9256211967159802,0.8341052199712723,0.9468600361496828
i_section,True,141.19503547861842,88.02880650956797,28.152260565035064,25.2586698283818,14.968556760703777,8,7298.866660845429,0.7065302771709326,0.4618355487212828,17752907.135828447,3367274.4580268203,-4.0740978756826374e-08,0.0071436257411604,2.8366375100595208e-28,0.001056,-3.309382488929326,101.51504630306368,4.780445017514443,-0.8826079150586958,0.5620137673514006,8.776968351477457,1.1326295881874684
i_section,True,170.58961492920557,191.3540714582882,17.314392721379075,25.83632175848875,10.032174950921844,8,10228.127737661827,0.6052560810660061,0.3533247827865736,44880108.55133196,20435751.34904567,2.1081012047932237e-07,0.0077311966895676,7.3678896365182365e-28,0.001,-5.66611912126222,-256.2881676977942,19.430741804087816,0.13290601889661804,0.8308747705320819,-2.2102488219879004,1.1320289163767296
i_section,True,368.31765388867984,111.935084977976,21.152466950332396,25.950462533415234,7.435819056767658,8,13244.50393553946,0.397924195505105,0.6604709436504822,219063752.0010106,5429742.342559394,4.5629896207645533e-08,0.0051025898151146,4.05233930008503e-28,0.00132,-4.796302028704992,72.63193627750536,39.235704387934064,1.0689638456025914,1.7571923704406465,8.856102198132971,0.904403784791834
i_section,True,226.5231274576708,54.560886694814165,14.680173621243355,17.551147174211277,8.005379506959502,8,5119.05696942192,0.4527953949565852,0.70625794489908,29742151.65778265,492730.1733315441,-3.395446886618932e-08,0.0015,1.9575467527980159e-28,0.003087,-0.07283923347915722,-418.565321541122,-35.168395691957336,0.635573504982681,2.0120548177953377,14.430266625664869,1.1521323474908725
i_section,True,143.11886715833373,291.6126588270647,8.298934398927045,14.036112211800472,13.918017054507272,8,6787.38922003264,0.6435823832663121,0.2122909387373713,25010975.99621704,34347868.47270964,2.764863893389702e-07,0.001,4.078222401662533e-28,0.00315,5.1972734495136645,718.8290741066858,15.550184159150543,-1.4136430955848007,2.214222117744795,2.300720506413939,1.115594409853974
i_section,True,227.94871210744745,267.5957693305813,8.17306207638904,17.394371538325835,8.647305376312946,8,8121.002449507555,0.484977459450288,0.3904307314512339,67290932.37733343,26202362.94538356,-2.9876717755006e-07,0.0021430877223481,3.4039650120714243e-28,0.001,0.6587033121341357,-161.197021849971,-22.104608005064875,-0.19468258937031827,-1.0823496084175173,-5.525111114298205,0.9868772807940749
i_section,True,310.52328444808404,50.83004320652044,11.496005801845296,17.253339961595096,8.907028436915414,8,6199.748104698088,0.4098726136621217,0.775133995610158,61726364.75311015,382863.70703716145,-4.7369515717340015e-08,0.001152,2.799291856501163e-28,0.0054454679999999,7.423744249461961,219.45533469090904,-59.41450390057179,0.8446121635740023,0.49907567884392656,-0.6571135445447919,1.0455386384450693
i_section,True,102.3186755125856,60.297895858985136,15.50314022182688,27.82043960880559,19.420786278495733,8,4187.237852805472,0.748792496015749,0.6321499731771383,4731308.614627487,811252.6657316806,1.1278456123176191e-09,0.0016128,3.359150227801396e-28,0.0065345615999999,-5.043242043455751,-117.34476845687404,-100.31203401402013,1.033392715486974,1.3785689013178453,-22.06799876943986,0.9503580784649619
i_section,True,134.00931401876886,278.7654831618387,17.279810120320107,29.880425712118672,7.488183284138796,8,12655.236494392117,0.6849304938362569,0.2035201122479282,35621157.12504286,62623467.91170143,-1.1316938543562882e-06,0.0018001936867724,3.540123612554282e-28,0.001,0.2275218661086292,-221.4022262091361,-44.14896989555052,-0.059434499160062125,-0.6238709295246738,-10.617318906287815,0.8500777709967192
i_section,True,217.87443178321007,296.44050280254226,22.760536297342504,8.299873364469205,6.585028248121089,8,14963.163893145367,0.7588442765992048,0.1106459635889571,132828870.53216945,98829274.1725592,1.2126596023639041e-07,0.00144,2.544810778637421e-28,0.0060505199999999,-16.4365689914347,1773.891609226069,-44.396298546166335,2.6450121627829195,4.47531309942333,24.466340206948885,0.9623348160322728
i_section,True,158.33969193654178,293.98544685797094,22.269334978013575,24.37974574052795,8.142422159829563,8,15926.815988949724,0.7161470753284698,0.1779075736734382,64321272.17811575,94453867.17530093,9.701276818911236e-08,0.0018,1.9575467527980159e-28,0.0043218,32.681431069571346,596.4388919745038,-38.51772278814811,0.2596371038062127,-5.22817590634087,-22.752611892393354,1.100341548026562
i_section,True,138.25664841841845,298.5085736801594,25.15817205039072,12.441654298763368,12.42490827939303,8,16250.562567068608,0.7893304270485024,0.0916023735754003,49760066.418389566,111557769.86822017,-7.348661391923948e-07,0.0019802130554496,2.832098890043426e-28,0.0015,-3.3079448826944646,-143.08080324193165,-42.68962603943877,0.7665905656489177,1.2153448404069291,-1.9563836211315864,1.107814928421007
i_section,True,279.7396750817212,94.85889463742409,26.48730945933923,17.874671758688294,16.487358094901637,8,9318.957256764452,0.5403850678246217,0.509255425370572,101129738.05193982,3917180.270015872,-1.1278456123176195e-07,0.001677312,1.0077450683404187e-28,0.0091483862399999,5.3854613038597465,3005.0292897652143,414.4381332520283,-3.2668455291567,-6.62233404637721,82.75092831750985,1.0661098046564244
i_section,True,102.320344905154,287.947923973955,28.006250820969782,10.251830343636705,6.835405459005094,8,16644.759673298486,0.8159121858398776,0.0550897722681522,23426407.981800143,111447223.96749194,-5.878929113539158e-07,0.0011881278332698,3.398518668052111e-28,0.0021,-8.4041146576586,111.60290463261437,100.49530497269181,2.9173469135277954,0.6701166507986365,-21.574982084703652,1.0430964544834447
i_section,True,343.4765558237282,183.11490295919552,24.645833862274703,14.802665534067067,13.846712162393814,8,13550.385586392997,0.5887438832123025,0.3562704008823724,264760174.02495015,25320683.747787647,-8.32870606019165e-08,0.00209664,2.0154901366808374e-28,0.0091483862399999,55.57801313813422,3150.5938296919403,451.0945683721439,4.206633385129374,3.1623372080344065,10.392197201631552,0.850025941601341
i_section,True,267.628574447392,241.59238280191045,16.947175692536142,23.804273916118525,16.319801417673325,8,13988.119815194928,0.5462439845819588,0.3995276603957389,157191131.51201838,40151207.80531166,8.149072527885437e-07,0.0015,3.262577921330026e-28,0.00441,36.64424855593582,-1452.9154925147536,-80.51882601058134,-2.2831859824697167,5.141600332987641,-72.80864018679688,1.1225409340847503
i_section,True,239.78192196425277,195.6737501570887,23.099295921538392,18.71242410691292,17.522440322879692,8,12933.901891156542,0.6367650207216842,0.320869216453624,120165265.78445004,29000507.852160636,-2.0243382785188042e-07,0.0020127744,1.511617602510628e-28,0.0100632248639999,52.77229896074313,-1332.225694950764,60.99852388112096,6.790357848729252,13.927683347184205,-27.26972370077597,0.9017256001181904
i_section,True,233.51001477153412,68.21712613285176,11.431870089422809,28.433294939918703,9.861076892944888,8,7635.09594341913,0.5505635044335631,0.7714466433891397,42308581.06730948,1031981.3199332675,2.0082721017051632e-08,0.0036229939199999,1.8139411230127535e-28,0.0112708118476799,-31.254354129179674,2529.2388611837987,57.08187462627717,-5.452211679844249,-5.915262393579303,-61.63933473825387,1.1498930541651349
i_section,True,172.74418265238955,156.82168995346305,27.73015141405811,19.335006922590637,11.538786825457043,8,11082.856109275996,0.6995469420777713,0.2738288130602761,49251401.62217703,17913618.564419217,3.663088313510218e-07,0.0030191615999999,1.511617602510628e-28,0.0140885148095999,-90.15720147123344,-1057.2857118381924,-426.64980291232047,2.6538643432693254,-10.104508526428651,-96.75594683289594,0.8996604498141284
i_section,True,368.2771980511057,279.62775605026656,24.25814778373764,29.560029997156462,13.09261502228014,8,23170.298155549244,0.5305315961879145,0.4168758079660385,486333310.40160304,89136047.83895934,-2.353923217061079e-06,0.0025717052668177,4.425154515692852e-28,0.0015,6.377342803341585,-295.5196454703612,-154.53026702328978,3.1882912043752136,4.013277573336718,14.600006090760017,0.9789361972863883
i_section,True,395.3133339507591,276.4009743559784,10.17786146626144,18.95527941976845,19.08814081152981,8,13056.117206466626,0.4106684496909121,0.5197573231397978,302773264.0282969,36098658.02488688,-9.639706088184783e-07,0.0021737963519999,2.72091168451913e-28,0.0067624871086079,-38.77984610427801,-1318.7063362513093,-131.80226212742596,-2.4295261709512417,9.271110406660142,-47.16066963603464,0.8036801388629342
i_section,True,201.63921718440255,94.04132200431393,16.02047619369504,22.18397200195941,12.65926672482055,8,6917.317186331843,0.5012840762681154,0.591760859161476,35989190.98703965,2403480.6674450035,-3.1182675489357543e-08,0.0014,1.0799298475856423e-28,0.002044976101643,5.962386558563398,-246.34401748133396,-25.825705471126064,-0.6003344211351788,0.6971203156119815,-7.469663676494474,1.0061072144644505
i_section,True,274.35148261781933,68.81587375153707,22.126275118843697,29.6988378081035,18.66899473721993,8,10187.296894531455,0.5820986400830507,0.7208517978611513,82498126.68712598,1820550.0975490648,5.2066313747911645e-08,0.0019564167167999,2.3998441057458724e-28,0.0058427888618373,23.97889883875381,928.7232736454754,-140.18249116722563,-1.2954598486144593,0.8160913807599746,1.7276606636922183,1.120607779458974
i_section,True,180.2924651334539,253.74243624731628,10.996442199122562,8.154274328241089,9.821374740864872,8,6956.684575393724,0.6915290985489329,0.1853740652014456,43242998.10874795,29952823.434360616,-3.4924596548080444e-07,0.001,2.159859695171285e-28,0.0029213944309186,8.025576143069525,871.7540943855694,59.97963644038386,0.5223297227916469,-1.0230796924807382,2.1096914306441303,1.1039461268820723
i_section,True,317.26861705126123,212.8163233059011,10.415275803180736,19.19222261421049,7.232916391670692,8,10168.670261765166,0.3995573562758528,0.5316259373505066,147050661.61417958,16912053.07690595,2.722297066531214e-07,0.0011759999999999,7.559508933099498e-29,0.0011451866169201,4.682640546937228,321.24001175063637,1.6857279707038213,-0.4954522557142131,-0.14667321290983154,-4.781912297625343,0.8334015793148617
i_section,True,336.5222736546766,167.7691331183737,14.319555626746824,26.1090798007097,12.982212627969352,8,12992.411522987735,0.3875315478726894,0.6153346057615235,191682454.14235383,11765555.51642289,-7.140523028285025e-08,0.0032606945279999,3.809276358326782e-28,0.0054099896868863,46.850053884366176,502.0319557560933,100.56527952647451,-0.1351272737689495,3.53904958310008,-41.18160461824138,0.8805912891466496
i_section,True,252.8401684694745,128.5644427128221,8.281756357962479,17.80833778596096,6.3143236274289105,8,6372.447147511732,0.3394649433190331,0.6374207789507681,51908155.180821925,3048172.966832808,8.003553375601768e-08,0.001,5.974068243578406e-29,0.00135,2.2379663260056213,-179.05320222769396,13.960973887578152,-0.010887703764720704,-0.4010369884359411,1.3497877040022273,0.8012812486159595
i_section,True,134.51378954502258,257.726280118236,14.774551137407816,23.48997352288093,16.659816456791845,8,10326.747885684272,0.686244765765375,0.223166276892826,30284073.736654952,42329231.19702339,-1.90560794657185e-07,0.0016799999999999,5.333989503195005e-29,0.0015,-6.593762716948406,-383.8653705739818,58.08576164103753,0.524978491728482,0.09359116436305762,0.5185693100029108,1.1119056523892015
i_section,True,281.53747495032223,262.08553851098355,23.894227039999123,11.619813176924058,10.014876817757056,8,15329.516795703694,0.6963618490720704,0.1981592856959814,221975494.7313,71728735.45830444,-1.039422516311918e-07,0.0016799999999999,5.399649237928213e-29,0.0016359808813144,0.30738005139044905,632.583891123921,128.02073674542171,-3.2494301941646038,-0.34035674137400423,31.731322054831644,1.0370613200986123
i_section,True,357.2795723934764,163.11734288515692,27.60097598844828,13.143873254506511,12.51632614225814,8,13113.462473384528,0.6007006530911391,0.343320290658075,278475898.4118893,20035471.763874333,4.157690065247672e-07,0.0014,8.466650005071436e-29,0.0012368015462737,8.12517575811629,-488.9717247546696,83.48561646892317,0.7974738624948666,-1.9948796885656126,8.95732923220551,1.029416071296853
i_section,True,366.8379208743412,101.93535848573347,21.061543390162385,18.597629773176912,12.279474789527791,8,10466.159194777169,0.4202986563990376,0.6093996257466505,184961846.2041895,3912355.986936885,2.945030462883768e-07,0.0016799999999999,4.2671916025560034e-29,0.00225,-8.95561678870134,309.95720282021085,58.84819740957584,-1.935395669022935,0.8902418282977446,-2.467021079948866,0.8576401851780133
i_section,True,203.5800882981372,284.0545591992632,28.819635707932527,23.090699594600597,8.808336083966639,8,19811.21496138521,0.7135986359468613,0.1958386085904961,132470809.23367864,110251176.97871935,-5.712418422628019e-07,0.0016303472639999,3.4283487224941038e-28,0.0064919876242636,18.79435732696159,3397.0337437358103,-340.2389017878682,-3.2138807148678454,10.10157917818835,-17.621584261933727,1.0020995257359329
i_section,True,241.87315119681023,262.8279679064533,10.987175282434404,10.136669018853327,9.894939012356536,8,8091.136758700652,0.6187873081042486,0.2682459031055765,87015543.16327141,33270821.5462176,2.9103830456733704e-08,0.001,5.01821732460586e-29,0.0013,0.14681440224934622,294.78148273295795,4.986817289025517,-0.1666547503891337,1.0108519591051426,-5.628726022724749,0.9695976295621758
i_section,True,307.9179512818786,215.89110976239832,18.822164491673327,26.709618674874495,14.964968163698297,8,15544.111706477705,0.4982411540858599,0.4741144118392362,217431449.14236507,32052705.653965328,-6.693881005048752e-07,0.001,6.047607146479598e-29,0.0013742239403041,6.314709312851868,473.522651876839,49.01489310309384,-1.6599201171731222,-1.8883317180114694,12.394503764356495,0.8206816966807702
i_section,True,113.68910071593578,297.93981126579763,14.64536838968862,8.35668204051632,12.541029185511809,8,9571.311296435884,0.7833114669181599,0.0827817343039672,22192784.96687851,64567515.82298498,2.1827872842550283e-07,0.001,5.01821732460586e-29,0.001,-1.295829937238942,29.17644654109591,13.085260878568826,0.1595091711009708,-0.4385477038108664,2.708671212331597,1.0427658737407484
i_section,True,280.61998599747153,110.137245323813,20.559994158119924,25.946058290589043,8.691377749188092,8,10809.753944156068,0.4561873623817802,0.6134732793235005,107362878.63195868,4941721.603814433,-4.4775123779590316e-08,0.0013,4.9178529781137417e-29,0.00156,-7.049953000809964,-461.68481108884635,-26.49970061648566,-1.294316686989366,-1.3193090283322486,-3.9079660934082017,1.0151607647067686
i_section,True,128.928451638453,169.76152526766543,17.765539349560687,10.90132949023934,13.443495756864277,8,7209.856590173464,0.7401934230799184,0.1809002587511907,19838403.90846078,14508627.106953356,1.5279510989785194e-07,0.001,4.4260676803023677e-29,0.001872,1.9570889571953634,-542.9385455425801,3.21992744101188,0.37615579607165783,0.40446447535653424,6.939326552730552,1.1293974489877905
i_section,True,308.65319229104614,297.91179436383226,27.364642897333525,8.083053189139871,6.749965480821823,8,18397.289224517117,0.7445422194977779,0.1285482524485467,335196082.50876606,120599813.21499158,1.164153218269348e-06,0.001,3.5844409461470426e-29,0.001,6.964277181922918,-537.325865215306,49.881744491610206,-0.8614406919436464,0.9143947253503235,7.236316199717284,1.0217906220810336
i_section,True,143.1028894751072,107.19930360993963,22.910326984371377,17.98576689817964,19.893835146395567,8,7011.77355766244,0.7016000561620924,0.3609852952034305,20021114.006325863,4820237.022236589,7.275957614183426e-09,0.001,4.2490249730902734e-29,0.0013478399999999,-2.6210949856682753,-173.68411813881062,-20.835597124329517,0.35518167328479733,-0.43973689918621595,3.11003010395035,0.9097756917684302
i_section,True,142.78011593267607,271.65622911791274,16.218022199090008,28.165784537389243,10.590488947260283,8,12018.608215332242,0.6679317474785694,0.2287382346110712,38908632.396645784,54421185.85592025,2.1827872842550283e-07,0.001,3.5127521272241014e-29,0.0012,-1.8174498907807157,-550.0528313113208,-22.08061501311978,-0.090545627246017,-1.5631353855794685,2.0603964404420543,1.0929562058827378
i_section,True,310.6014319636038,270.6337217973178,13.598808302255648,25.33627151675437,16.81387671222737,8,14791.100574548089,0.4731649628146114,0.4626779134546047,215250553.0107071,45380552.5246533,-1.9189338762681561e-07,0.00182,4.9178529781137417e-29,0.00156,-1.0983456824642823,-1008.8667586467607,-86.87244540770006,0.16547937111863634,-3.510510054303103,-26.5971640111866,1.0333227879564928
i_section,True,115.24439093858128,58.26298228965722,12.243246712164384,23.26477955669268,15.63241619155055,8,3754.316597716354,0.6598441281862617,0.6512023871473269,5631216.09145531,550672.5412870713,1.6873742147920748e-08,0.0028028,5.059314035458587e-29,0.001093367808,1.030241384954784,-66.69118292759434,-4.7940948596641135,-0.0887298693319312,-0.28303523678652853,1.0705854483333086,1.1071003347121868
i_section,True,124.6835338766158,177.64299370939935,18.928392493800636,22.39409442824291,19.60442414150191,8,9009.42149189375,0.7219233051075078,0.2670980980424039,20746476.693461116,17854590.873296387,4.724647801417809e-08,0.00154,8.604275570507803e-29,0.00168210432,2.635301205960089,304.08118429509756,-161.9332044518162,2.43970081000746,-0.30310059633532677,-4.369183846802827,1.1960238661463292
i_section,True,122.9284013878326,267.19136822126757,16.685393082128016,19.38497021033016,8.37797051080856,8,10714.555641032184,0.726386868272309,0.1552766037928282,26642617.865892805,53108860.76903,1.852061938155781e-07,0.0011,3.5408541442418945e-29,0.0022464,2.5434142481138977,-466.7718883169295,-54.56608533002773,-1.1564818903568443,-0.9457499531798813,9.984862678739665,0.8494862579202848
i_section,True,370.307979383773,90.89181709623315,16.312607434109303,24.892352680812728,17.281432648767183,8,11635.299408965577,0.4002080510863445,0.7241888373454984,180028627.5382314,2549358.36997279,2.6458027687939728e-08,0.0011,5.736183713671868e-29,0.0021026304,-5.936097260657063,-693.0050904472694,-30.79900648338013,0.2586504174437078,2.636044995636533,6.2881367192388895,0.8427432279089448
i_section,True,355.67390370351507,91.1422523641384,21.4585967805616,27.08969559033861,15.117962220093496,8,12586.25598650057,0.441225477342523,0.6993883843230024,183174386.44597203,3285949.4436309976,-1.891748979687691e-07,0.001,6.373537459635411e-29,0.0016174079999999,-7.308024977166588,226.83935848014858,54.33501892158022,0.1128705577233937,-0.9976015531061913,11.640936329581502,0.9610686380429583
i_section,True,328.8025180153346,278.3079133178319,25.720785621998044,22.0502866992289,17.00035494077024,8,20688.175724139724,0.6147753072039092,0.317981030953592,373421905.7108509,92715306.22785144,-6.929483442079454e-07,0.0016799999999999,5.926655003550004e-29,0.001,-9.040886690416949,-688.3158881252605,105.23196081385817,1.1459447921886106,1.1766200511788878,18.81689740327831,1.0142196969058268
i_section,True,348.04074110743284,177.62275338963497,10.733286426004298,8.720120111328521,18.511219542593103,8,6963.876066830975,0.5135551333881916,0.4230411195639963,141477427.8338922,10069051.946047164,-6.79894372260543e-07,0.0023543519999999,3.9462649476576987e-29,0.001,3.197417449478305,266.8841274427407,-28.49840033767948,0.2729157806563939,0.5784761085646302,5.513883596852504,1.1973657793696098
i_section,True,215.24706835267045,173.82992356832358,26.364612711885385,20.656838984964537,11.31988208309741,8,12636.388245577644,0.6483384365824127,0.3175623563989,90374476.03052469,23219219.824027974,5.814951140206534e-07,0.0028028,3.6137957396132777e-29,0.002186735616,4.1673991989285035,946.2603789447353,-145.14597946207027,-1.7037464556200617,-2.659963333665735,22.482183656426983,0.9948135819945457
i_section,True,130.6353521799411,142.22692852946,12.23415808361505,13.144219184665191,10.11940097962023,8,4966.132249128285,0.639031915405379,0.3017027610383495,13784711.10716816,5893929.695705003,-6.79608221430467e-08,0.0020341601279999,5.729976703998981e-29,0.001,0.5114142137178675,142.21982625064533,-14.699932836807617,0.1842698749540259,0.4546751044357691,-0.29430407261590674,0.9542429491303732
i_section,True,236.26079641923252,87.07126516548553,11.829487432526172,14.083883102230695,16.821217006678964,8,5304.606856751966,0.4467549871876344,0.5936260485839071,39874051.36899824,1383210.5412313635,-1.788442687974913e-08,0.0016273281023999,3.437986022399389e-29,0.001,-1.4896118099413065,45.418441441482656,-12.852927589903187,-0.1598451168399207,-0.5577586422363766,1.3526760966326823,0.8199606912965962
i_section,True,152.11379828507268,200.5063908568853,21.724038961084496,22.748800244800748,18.01813648539279,8,11470.85503149038,0.7064673037634638,0.2598051886404688,40530986.04560794,29364840.79604416,5.099207791954072e-07,0.0018834815999999,4.3408914424234697e-29,0.001,0.557242645982094,491.6675015220667,-30.210450381439653,0.23514908284032468,1.04048190519748,10.483301435759582,1.1586361332070725
i_section,True,121.88323379711318,72.98555526371524,8.275412876972304,19.141620439122697,11.050122419960914,8,3332.231503259313,0.5120360842811983,0.630222721026135,6040999.636176325,614062.5633205659,-1.4591024260867588e-08,0.003490618779648,1.5161518358781299e-29,0.00182,-1.8651733399852857,-43.84574820538926,19.56463121031465,-0.3341220447357335,0.5412764311772071,-4.522828622263325,1.18958316505269
i_section,True,144.18475673503713,186.2749403062975,24.854128445661942,9.52566895150126,17.142798634591408,8,10419.348176027912,0.7783887647065593,0.1353563548945338,34600217.059883416,26803018.985298607,-4.2922624511397915e-08,0.00169513344,4.7749805866658167e-29,0.001,4.6489934353753,3.04617341327434,16.522335118070576,0.4197472709974787,-0.3355906366400382,10.719251436583225,0.8122231518689358
i_section,True,218.14410308681963,291.4806673459442,10.467548508079732,29.091466888706695,6.988755277109188,8,11882.48679467438,0.4776292541650834,0.3938940578949011,84852168.90191734,43619850.06448132,-7.41702951556956e-07,0.0018834815999999,4.3408914424234697e-29,0.0012,-6.695914791186886,154.95606545668727,6.936586449744278,0.8195993662282614,0.8316064766471478,10.874612747312527,0.8558891263783195
i_section,True,312.3525171513831,112.40215675504184,12.78577810085804,10.652233211927223,9.332702434580794,8,6006.213129999131,0.4392124340848592,0.5255079834654991,86999033.42560422,3059629.928730341,-3.668600385589565e-08,0.00317328979968,2.1659311941116146e-29,0.0013,-0.4525308513748139,-60.91462152330905,-25.92523254796433,0.3863126357333818,0.5595394573298802,6.486342951324191,0.9526395085525298
i_section,True,335.154158673732,289.60785091160875,18.69697822919448,17.515236324807795,13.670379183689024,8,16210.257058524525,0.5866752219173329,0.3266635402637362,313495475.6611596,75849984.70260976,1.5700368078557644e-06,0.002002,5.162565342304681e-29,0.002186735616,10.014137957299376,-185.40363850087957,-73.40442265665546,3.54960181619121,-4.434072703812646,0.29366621655490505,0.8937148789021613
i_section,True,340.9308354649104,168.50765268586912,27.939541662315545,23.866289327210257,14.932326419682475,8,16416.447726268165,0.5357178700552742,0.4606455409199287,281105479.8548558,22651537.968834218,-1.0383841321797384e-06,0.0033633599999999,6.577108246096164e-29,0.001,10.10135351168818,425.60822125185706,-20.444078782627514,-0.5527385004169044,2.22016923552337,-0.16220189202554353,1.0036741676957541
i_section,True,395.2532640425525,77.83463196566943,29.624739297210812,14.243199200332,14.227412374529436,8,9576.511932298108,0.4736752774695406,0.5585275936333267,204352327.04995313,2429691.7392284186,-3.970346737651045e-07,0.0029321197749043,7.580759179390649e-30,0.0020384,0.7635235434998447,-495.60580866020746,72.53547773754649,-1.9626836323966692,4.135306238133961,7.5249754329745295,1.0086303488035226
i_section,True,262.68306671913956,84.45880364313408,20.53343120493208,12.596519790521736,11.084656420490472,8,6368.754564983281,0.5148344368800829,0.4938244691916857,63666978.06492051,2107663.4533075406,-1.7963479557975057e-07,0.0017416791462931,7.641405252825775e-30,0.001,-0.024442887024152073,181.3091350118279,18.240361280556964,0.49192446545772395,0.4830178019100965,5.281475794906162,0.9283419483396917
i_section,True,241.19157561782825,173.72756935155948,18.731499614361912,15.478681803015814,19.956897780691772,8,10014.164704912706,0.6103167071950152,0.3539788071696222,94962259.852577,16490564.010172872,2.2057481875839138e-07,0.0015833446784483,6.367837710688146e-30,0.0015288,-3.4064576834678997,1081.9660401873991,21.41257256855895,1.238469650830586,0.17334597126632922,-1.9618869921136879,1.1950483888288685
i_section,True,222.0751798620416,55.915366298533925,9.425477207006516,15.975592540394064,10.346546636900502,8,4395.394226378954,0.4046316061752593,0.7346799801115883,24031192.837806817,354188.93378968706,1.949524913268611e-08,0.0026125187194397,1.0697967353956087e-29,0.001,-0.3228642479467979,-34.170789462894035,10.91414283046972,-0.2567258032369015,-0.45854028901118865,2.056658335181377,1.0930099516859642
i_section,True,337.92125405281354,178.84937255009277,16.590332640827146,20.68712569605035,11.25734896249499,8,12350.66508669809,0.4496895820728696,0.519829230016764,204625949.30222625,16062562.069188569,-8.804640925414956e-07,0.00211552653312,2.406590215679572e-29,0.0013,6.244541884347054,-356.7759116690652,-94.73652911838929,-1.8977515927688202,1.2813774343120645,0.3644928989822292,1.1431639948878827
i_section,True,127.66302687498116,246.46014984693457,11.00229074975978,24.209648361483524,13.608294053651292,8,8145.041304630176,0.6310726874537085,0.2577897812198834,21292994.764746983,27615806.89942269,-2.2280284723069834e-08,0.0026125187194397,1.0697967353956087e-29,0.001,-2.148391536939168,-169.2929520434019,-7.533937170233804,0.1443785504950408,-0.48685917446704485,1.5425661974874065,0.8150337280995772
i_section,True,182.9224427458738,165.16637934488523,15.973982447116274,22.980495740564372,15.73876971438177,8,8965.347788675825,0.580700744054506,0.4129657811027958,44605360.73810819,12200238.24621099,-2.7850355903837298e-08,0.0031350224633276,1.2837560824747306e-29,0.0015,-3.246432613038372,-325.1779721309359,-43.909649562313454,0.6990757406904432,-0.16927469369217624,-0.10415205217995853,0.8840632768170064
i_section,True,390.3351798066444,195.36453806134608,17.5278843133054,16.158651548286016,13.484370115052824,8,12750.354952378962,0.4858310612877303,0.4643685373312551,303430012.33723587,21928887.041054048,6.114333975982609e-07,0.0020943712677888,1.5161518358781299e-29,0.001456,11.254803963805818,-593.5421159215215,-24.855218949549137,0.13019718986527792,-3.780882657601783,-3.0128914663176993,1.1423173968392586
i_section,True,144.91278275116915,176.92529275355042,29.444906128700502,10.824380080068057,7.751340143900562,8,11403.398690667836,0.7764922514144899,0.1307539964232447,36146556.47167633,27190649.439292263,3.191186613981357e-07,0.0030096215647945,1.976984367011085e-29,0.00195,-9.014842759910785,202.57352206769858,34.90496793652308,0.0510303599242554,-0.9821996734826577,16.326960397272938,1.0202284756457705
i_section,True,256.8910390420633,80.76351376266767,28.93305916545328,29.671506970206188,13.5151858207391,8,10740.4411523887,0.5689013992422342,0.6456466210811909,82037164.8976315,3026528.0362823894,-1.2087828083262713e-07,0.0024076972518356,2.7677781138155177e-29,0.002925,-12.378467853700155,-701.0642838611146,75.23847015776818,-0.512247351283281,3.4943469385815398,-2.28861540863553,1.112493476615376
i_section,True,145.15506690097928,176.41307797860247,22.4053908101191,29.25607379977884,19.822013460590966,8,11188.499887515964,0.7018546447712289,0.3264014152061307,33301749.15023544,20843713.171637576,1.6246040943905086e-07,0.0025080179706621,1.7972585154646222e-29,0.00195,-7.170648612560348,-480.2108741429791,1.7452450378335744,-1.5667598616713188,-2.6072873443344236,-10.705332929701111,1.1723404241388067
i_section,True,226.47354400303715,202.4257034587486,14.068675599513622,14.919735198470274,9.086117002024404,8,8727.885798383986,0.5768617714212668,0.3426895522217872,74724951.00672726,19510821.704384234,-1.964272063530191e-07,0.0019261578014685,2.3249336156050352e-29,0.00342225,11.219828838538303,902.8713403965585,-44.420596070559256,0.5904886129786336,1.7951772092297535,10.910743850913672,0.8910971648684574
i_section,True,324.80053127085097,250.51554755537217,27.719005545109784,17.03610762364724,14.85591895891083,8,18672.225926353953,0.6483575958936636,0.2760126752430333,338434657.855476,72772652.96222888,-7.940693475302089e-07,0.0017592718649425,1.0613062851146909e-29,0.0030576,-8.173073717528306,-10.022164926823354,-77.5048594728744,-2.2500711107634723,6.683610908511487,36.54850054012786,0.9840879041302267
i_section,True,315.03191151042165,81.56435443538966,28.464963036378244,29.134104632496868,12.884247325957848,8,12309.887654941806,0.5191667187880062,0.6775108472651854,139725313.954266,3152076.015399831,5.666169414029397e-07,0.0011556946808811,2.7899203387260415e-29,0.0027378,-2.191970943943978,-2200.714815200543,-22.018404237897922,-1.6313205939717117,-0.7277307651913871,-53.61204128540175,1.0753931607387448
i_section,True,226.53318640142345,287.1951166430049,21.408478072187087,25.195208046309563,13.345119582990066,8,17083.14877431188,0.6421359825609576,0.2754143177273082,144083487.0472553,84805634.17259218,-1.0274653870773303e-06,0.0019261578014685,1.660666868289311e-29,0.0026325,9.632764899983918,2429.5937804891005,-167.50281532401152,-0.51303640761441,0.04160819800381718,-53.4743651267012,1.0568983890309052
i_section,True,212.2766962989596,288.17322229122675,16.40824371920951,10.409548212331234,8.639628866306866,8,11390.969970105394,0.7074316596973819,0.1703218337422791,96436224.80629328,65464732.4178983,-1.6977234433094662e-07,0.0012,1.406119850717925e-29,0.00164268,5.315363199076116,-531.8379346714481,58.00549863722888,1.1077840106812347,1.3764133573137105,7.6344604112958665,1.0232187091696443
i_section,True,221.91968208052631,228.01741156041183,14.502240012990828,20.916758695693932,17.738505382550333,8,10927.064269062608,0.5719289035485053,0.3698879764214127,86143236.18330593,28863061.744082782,3.880510727564494e-07,0.0012,1.406119850717925e-29,0.001806948,5.51807832161875,618.3344945145068,-27.932082963107675,-1.6661679435097125,-1.8121813603234525,11.236239333448518,0.9589691246939986
i_section,True,218.9072932894648,169.6841520166035,22.08286579515211,16.57812534725191,18.729044454566385,8,10701.447161150596,0.6473037649310319,0.3205249382867174,82404704.87834518,18100900.20906219,2.165463575649829e-08,0.001344,1.349875056689208e-29,0.00177080904,-3.190088205075719,-481.6670119479548,-32.46000350850942,1.5762689626896706,2.8467198011494124,-7.068918542005881,1.0791713243592629
i_section,True,143.2106013143835,235.1473315323198,27.98916390549827,9.058551071983674,19.528563986671585,8,14290.748502485518,0.7998538009403353,0.0976010026150889,45571393.920526,60691306.50827304,4.157690065247672e-07,0.0016799999999999,1.12489588057434e-29,0.0025297272,-2.568357054092773,288.1363854963748,13.017724003217944,0.49898841321587534,1.3542241008595175,2.537572983203898,0.9333337168865348
i_section,True,395.0240901269949,64.03480499834373,24.363606402960272,18.399440753079208,13.390981730195309,8,9650.550670231123,0.4218635429739172,0.6936172127541163,175592439.37265393,1270815.6842309032,4.5113824492704785e-08,0.0016128,1.889825079364891e-29,0.001593728136,4.586782515619713,-403.8846662366716,-32.37318287386773,0.6547367395539692,0.9410021152671953,-5.307662714860513,1.0950758416786757
i_section,True,135.48139954517168,54.38418673917879,14.774857045244804,14.318842373697994,6.6762330285788325,8,3163.2895100053847,0.54502158674216,0.5625457393817691,7405749.040723147,425038.38848988654,5.4569682106375694e-09,0.001,5.159222466666152e-29,0.001,0.6077671041989683,-40.0846862637486,-5.7741755265721055,0.060567754738960124,-0.005471987822571791,-0.0848107528731681,0.9281946560580489
i_section,True,361.2280840526933,116.89008862651208,20.43730627529316,23.283771909421137,12.242896056217536,8,12369.481641728788,0.4131639055868107,0.6290258808108325,205965654.15417635,5805414.298095515,8.003553375601768e-07,0.001,2.4567726031743585e-29,0.0022312193904,-15.491365207128984,274.3389128623256,51.551474202245686,1.6288745579211525,-1.619801042409679,-13.43251087713593,0.976869080428493
i_section,True,352.6312964725818,91.06493049225196,19.355336173467116,19.877988598311173,7.674441425129533,8,9817.401902751537,0.3892526049728454,0.6586805738020773,150498489.13297722,2648847.592085031,-1.1726818132749846e-07,0.00273,2.4764267839997528e-29,0.001,-0.5164168074831129,311.98467016863407,-32.348442889164495,-0.5227029357699622,0.4094552244122904,0.4752283754934229,0.9741611599128986
i_section,True,369.63044491589153,285.55129331988803,8.810833762901588,16.034056424437743,8.70781400876005,8,10743.102360232717,0.4163264592126013,0.4848823207139486,224121155.16122884,34319318.10064625,2.1166422150351785e-07,0.0011,3.685158904761538e-29,0.0011156096952,-7.483749236496875,211.38642811432007,7.534770574282544,0.056021134275114175,-2.1429014110120876,1.8721528883611949,0.9840198310250686
i_section,True,236.9152515256256,256.6530100784371,19.274044163965826,16.452648031002802,17.08337133797255,8,13415.342282549933,0.6570582652491143,0.2612579291544898,130513694.3357524,54421941.58010246,4.4775123779590314e-07,0.00182,4.9528535679995055e-29,0.001,-5.749490705927514,349.75017747505325,47.74369701391062,-0.023230783804738427,1.0060610223462099,6.681598514748065,0.9469767722306391
i_section,True,142.0020005474255,101.54345827909262,26.87028596876935,16.623312536828756,11.810124214883306,8,7047.598904355526,0.7096612626397247,0.3201392921291685,19576956.973378062,4738324.1946912045,3.3314824240766615e-08,0.0021839999999999,2.4764267839997528e-29,0.0012,-0.9613546151293236,-9.828784628897044,36.73668589021691,0.33898320655352954,0.8232384037142578,9.175487310009503,1.0157074201516563
i_section,True,250.44020306157617,172.14410462664097,27.510189519217175,21.10684686439922,12.331075495922134,8,13730.654671266038,0.620601922141264,0.3526618862708278,132613538.94011694,23567289.43151914,2.686507426775419e-07,0.0013,6.191066959999381e-29,0.001,-2.229372044079276,-262.14479058779335,-119.61671891466513,1.9836971638775465,-0.46093787675303516,3.0627352611919068,0.9528746058463258
i_section,True,181.02697457200236,270.3163343347384,19.922902194745088,17.31799286637917,11.79520394301432,8,13339.032754532933,0.7036120171359648,0.1953793011131384,74874482.23742996,65664654.043756455,4.0745362639427185e-07,0.001,7.738833699999228e-29,0.0013,-2.604915236942933,83.28178363193489,39.08707975511807,1.3647394489210336,-1.6597554196674893,4.066753618890485,1.0665566759666274
i_section,True,326.2717643258775,273.0143146845356,27.707473342331618,12.26465364388434,16.832874988121887,8,18701.716633326178,0.6984086548198378,0.2050120374793108,362774827.1704046,94041933.0774296,1.979060471057892e-06,0.001,2.343533084529875e-29,0.0013689,-10.972126621293034,409.5063941536234,87.26017441684726,1.5026464433684497,-2.3203769608979963,1.533128733730409,0.9805617143438633
i_section,True,283.70299034011884,67.739469599728,21.738266167126856,11.052997387098433,18.786288901916176,8,5912.5345353544135,0.520142928583982,0.5147087089867313,67605816.00451273,1187314.7082267168,8.268133652481166e-08,0.00132,1.634441677439837e-29,0.001,-2.3149208838199193,-22.82931824578724,-18.16467845399871,0.04760001681143339,0.5755685983312336,0.2987210193328446,0.9576006628165084
i_section,True,393.10647506958105,194.97553335930817,8.004739265820923,19.35134486310146,19.40549191436605,8,10751.947486092658,0.3135189193223016,0.6513459261202368,213522311.2901093,10187212.89344235,7.729039223857853e-07,0.0010919999999999,2.4764267839997528e-29,0.00156,9.617457344309193,758.1500397515821,18.217968437186613,0.6546419456987101,1.9108598673542403,-6.814960892752475,1.1325830915414516
i_section,True,302.71199163506685,56.9951703831666,8.819523605715952,15.988625285463096,18.663540084189545,8,5871.432942040737,0.3975509997884344,0.7516622535551201,58479686.68597517,419449.1004694806,8.480137079467861e-09,0.001716,1.634441677439837e-29,0.001,-1.4540446635599928,98.61592349389666,7.591806861769395,-0.128581179082672,-0.026576679228940314,-2.773274857286121,1.0188152383306643
i_section,True,275.8065738394091,299.7739294725237,28.67845665959984,13.694899385672125,13.005406514431122,8,20335.3932685893,0.7224847680321247,0.1716710900158797,277286964.671408,128823621.09838124,-6.984919309616089e-07,0.001,1.6739522032356249e-29,0.0027378,2.40332474707372,180.76180651881754,224.3414104429737,-4.804834958509477,-4.010133360890971,-28.976242921898542,0.9594491667506152
i_section,True,236.50220872773968,180.1630039093778,17.724638937979655,17.786800018083504,7.737825070076981,8,10015.70754916557,0.5664652536221054,0.3750475470112562,89152208.28374751,17375608.617180884,-4.511093720793724e-07,0.001,2.7240694623997283e-29,0.00156,-0.7877221197269777,-18.704451828952784,-44.002346745284925,1.0765465157585128,0.25885375357076257,-16.35070985180925,0.8748232795099401
i_section,True,163.34602327055885,123.7572124963484,21.991745268054032,17.20996366423186,7.7830525375566015,8,7551.090960051487,0.647340808002706,0.3353715296333341,30028735.505623817,7003956.894456726,7.57155096381059e-08,0.002114112,5.8839900387834126e-30,0.00132,2.4938520376142286,162.1137208707134,-23.23969557121826,-0.6542126340720779,-1.063427734116683,5.522181751152333,1.0216129041789068
i_section,True,128.700299527153,170.95287324583194,12.829685966176642,14.179780058527095,9.00760415363155,8,5919.423453943115,0.6616839715853222,0.255645226057388,16252254.458438238,10713714.63612157,4.8182597042431026e-08,0.001057056,6.472389042661756e-30,0.001716,-2.709456047802606,-202.2649153312101,24.261568900982585,0.38159680874123814,0.8311163522067445,4.721440704796775,1.072568761132299
i_section,True,302.76700625016815,196.79514959195225,15.082414218926331,24.087412361212575,11.858311321411064,8,12626.98007968894,0.4502245511785396,0.517918602567088,165822049.75010273,19503731.272444896,0.0,0.0018876,9.806650064639023e-30,0.001,5.1230607783688065,499.94336942646146,-60.24276302502911,0.33321935688004106,0.6014594208356093,0.5259877744894462,1.166064409814863
i_section,True,338.7338316785955,135.87779571310568,16.98277757653927,8.606568910002249,8.201967596831572,8,7297.690183150971,0.5487412034123942,0.3836736269735623,141207128.62535232,7119335.924995583,2.9103830456733704e-08,0.001,3.986991650279641e-30,0.001,1.061435568251149,271.92367224297993,-9.199312016116252,0.6236139832247047,0.687410580157079,6.156980345198282,1.1865883263687613
i_section,True,369.64122848610776,133.30511701720263,10.18839983629672,29.674153767101007,8.78701952959911,8,13148.767767238616,0.3003932100716649,0.7488934109882569,195157495.18747517,4802569.255106235,-9.318831955459188e-07,0.0013741728,7.119627946927931e-30,0.0010296,-1.0104918555534672,334.3234556893492,42.10133456543349,-0.3853993883591405,1.5672443354399472,6.530466410378229,0.9496772690553109
i_section,True,264.34408834023657,221.28339206164023,19.03261834025774,20.989249190469785,9.405230185016965,8,13250.887615373636,0.5662607161399977,0.368951114061175,148206103.4966223,34558240.57936403,5.286319218369576e-07,0.00264264,9.806650064639023e-30,0.0012,-2.396199741536474,-113.77010612542307,85.86855950258344,1.0995064453578833,0.6758004115649072,-12.633625635959817,0.806029287545624
i_section,True,285.1191659465235,111.63100206934568,26.854879448122244,17.627159906659944,10.121078783750471,8,10165.390875567891,0.5442656717419245,0.4633154569880582,119707700.68573858,6343415.918233179,-4.94765117764473e-07,0.001,5.695702357542346e-30,0.00133848,-0.10769523018755653,-321.0147219168914,84.7544250313775,2.2400482313072736,-0.2811083360780369,-9.390103466754805,1.159363901551461
i_section,True,376.8117762122485,133.29950585927617,26.878761059931936,24.40451952713049,9.686709595879698,8,15132.849110540028,0.4599883027777381,0.562309591265512,290476166.3308022,11019506.766160484,2.8662863328601373e-07,0.00132,2.7240694623997283e-29,0.0013728,10.660310559697175,251.80985531998343,36.36265520559078,0.6079665157799042,4.4821973362099445,5.861090345385882,1.0371945845863213
i_section,True,364.0863860880769,114.64613307999744,14.382150250944427,13.462551411835776,15.401725494113746,8,8021.870754838655,0.409910113622869,0.580750820603721,148835148.5061323,3704060.896761575,2.2312936683495843e-07,0.0015,3.986991650279641e-30,0.001,3.558058387902505,159.90721402121764,-21.413914867273117,0.5153154341272237,-0.7894291671913009,-2.062556734732519,0.9706091257765737
i_section,True,130.35823269327642,285.52763907890164,23.9071053796235,22.904340953549504,10.453880047821531,8,15639.579099355198,0.760582251053028,0.1378163194745831,40546740.25194342,92852887.61643402,6.790893773237865e-07,0.0012,2.7240694623997283e-29,0.001716,-3.3477533187691355,315.7929758714828,-71.06178470208283,-0.09684055034973053,1.9828910050188422,-3.4542300375132506,1.073163288566663
i_section,True,245.6505047686799,189.39177095594715,27.43544891789437,25.263362849430667,14.7956883335404,8,15405.504259483469,0.620159305406375,0.3635063862888512,140624322.3760456,31370557.83504172,-2.910383045673371e-07,0.001,5.695702357542346e-30,0.001606176,-8.904904269862634,959.5356308696612,-7.736667661654063,1.339346665532752,0.9393647338864213,-2.411304820048054,0.9084070780396242
