d,b,t,r_out,n_r,area,ixx,iyy,ixy,g_eff,section_type,valid
91.82251855404617,36.001823122485405,2.679839967149339,11.433817573347273,4,602.2713298296865,111593585109.0513,26464634290.25515,1.52587890625e-05,76923.07692307686,rectangular_hollow_section,True
288.432583069724,30.372253240723488,2.059524504257969,8.297046270404472,4,1266.2718811497466,1966247661540.0488,47578230831.51595,0.0003662109375,76923.07692307679,rectangular_hollow_section,True
258.4375628526992,25.721858766524633,10.948046903984144,19.574765671990715,4,,,,,,rectangular_hollow_section,False
26.57208380739767,68.55879148022748,12.612218625523523,10.471630358678324,4,1653.6955173291128,18802123001.30168,118704514781.23438,-0.0001220703125,76923.07692307694,rectangular_hollow_section,True
94.99678285038911,198.74474517418986,4.0714443439143615,15.241728963937286,4,2218.0628861965156,710289964679.6871,2194155668416.5356,0.00244140625,76923.07692307665,rectangular_hollow_section,True
149.20155891715126,27.60583162522822,10.195334687987543,19.017491209149252,4,,,,,,rectangular_hollow_section,False
40.039568027931416,73.91401394556442,15.999596788403673,19.872891170057514,4,2242.544944684471,59151345734.01944,177969816875.0913,-0.00030517578125,76923.07692307701,rectangular_hollow_section,True
55.963371938396456,111.624852886437,11.099214256394257,18.238628786325464,4,2945.7486597465877,233223228676.456,737171043767.28,0.0013427734375,76923.0769230769,rectangular_hollow_section,True
225.42856228131916,34.24612785811942,2.3905441646862484,14.012569891950191,4,1157.3881918741172,1106095777949.374,53091664653.3089,0.00048828125,76923.07692307672,rectangular_hollow_section,True
228.29490169127004,29.91740643415624,7.587234803501363,13.814988012149108,4,3535.9013102013046,3171156831593.699,85328173737.52036,0.004150390625,76923.07692307697,rectangular_hollow_section,True
179.30417867126997,227.50548732522194,3.1395468839873115,17.034152291865993,4,2417.8667351013296,2601141026683.3623,3713507365681.2344,-0.0185546875,76923.07692307758,rectangular_hollow_section,True
25.130175683874597,81.775245306347,8.661164157192294,12.02432764546116,4,1418.514156072235,18269729895.221725,154585938979.67017,0.0,76923.07692307691,rectangular_hollow_section,True
115.57003481315124,235.66747850797034,6.953950574815166,18.991264319091353,4,4475.775702664689,2041288216011.5835,6145497346677.508,0.0498046875,76923.07692307718,rectangular_hollow_section,True
258.20675188102257,231.1167311816403,8.339751628934907,18.53401195326194,4,7643.880145443172,15178554791703.578,12813260213784.309,-0.0625,76923.07692307691,rectangular_hollow_section,True
181.8957513925908,241.04727220174027,14.930136138607915,19.750934794898438,4,11370.698656218432,11254344483555.605,17597761719577.824,0.0625,76923.07692307694,rectangular_hollow_section,True
116.87953268945815,242.360749470589,17.783668719235354,19.985023166000794,4,11117.629655070312,4367541212888.374,14675499084527.883,0.0,76923.07692307667,rectangular_hollow_section,True
180.54958149874116,204.96861409265316,16.24444246773797,18.84676695733033,4,11121.100120755771,10260161471919.84,12578477545724.895,0.078125,76923.07692307691,rectangular_hollow_section,True
20.23800162377607,176.1403888302588,6.542795149502227,9.73170303443732,4,2313.9575771340856,22139070678.13587,1200594760321.3945,0.000732421875,76923.07692307667,rectangular_hollow_section,True
208.15247901195892,110.53572045945572,15.150266855106377,18.081787331906863,4,8419.942967196444,8454758057976.93,2986797104023.2217,-0.00390625,76923.07692307694,rectangular_hollow_section,True
39.06959966204839,71.13930593890899,6.514153500336274,14.277453251571604,4,1122.5218247503165,44250347842.22302,115839056921.0094,-0.0001220703125,76923.07692307692,rectangular_hollow_section,True
167.0883790696613,142.45220117915164,12.520072757182865,12.52353558775834,4,6967.093353024272,5263107689190.75,4072153188021.7256,0.03125,76923.07692307701,rectangular_hollow_section,True
245.09286935661387,28.333823216482294,14.088400637342954,19.83731054522018,4,,,,,,rectangular_hollow_section,False
216.80968562129206,88.83311306463828,3.1647140831659217,19.23511860873898,4,1782.7505916498221,2000629740596.0254,517616777226.6417,-0.015380859375,76923.07692307596,rectangular_hollow_section,True
145.22655430034922,222.32146339236425,7.77676103023032,13.523225152662386,4,5324.8983843575625,3685670020187.503,7135218760694.068,0.0263671875,76923.07692307672,rectangular_hollow_section,True
276.35739563012845,222.35310799764073,16.381756518544663,10.530999598510114,4,15155.158348266588,32136430490261.78,22706322013129.695,-0.03125,76923.0769230768,rectangular_hollow_section,True
168.99543347967324,266.0026814481911,16.23824767302699,15.080105334574707,4,12845.081928132902,11196884113496.191,23275147707060.805,0.01953125,76923.07692307708,rectangular_hollow_section,True
93.20289967763247,165.31535278506288,9.439449512147235,15.292072604475411,4,4324.532868330967,1151014392994.8423,2871766095686.6895,-0.001953125,76923.076923077,rectangular_hollow_section,True
224.53376674171395,133.27898880958168,10.58410990788591,12.225846034166999,4,6979.389518485269,9078021737701.996,3963918457706.91,-0.048828125,76923.0769230768,rectangular_hollow_section,True
57.9704196897269,228.54585470973683,9.198470031388496,10.994037758348734,4,4814.930520693802,508384884234.3734,5118611741770.275,0.00732421875,76923.07692307715,rectangular_hollow_section,True
280.65035570823574,30.955021027213476,3.215533779670454,10.47590086804181,4,1905.5650309473804,2752763486549.6377,68744523748.9504,-0.0003662109375,76923.07692307704,rectangular_hollow_section,True
290.7631693701519,69.51401082256699,9.269922921750743,8.030639699065212,4,6271.266323827589,11076019937374.566,1012972824694.0994,0.0205078125,76923.07692307686,rectangular_hollow_section,True
280.91609699608546,273.5768773991497,12.478865427115245,19.065631276235397,4,12895.88527451555,30389858324407.164,29168481937381.086,0.140625,76923.07692307715,rectangular_hollow_section,True
229.45779663137918,223.26073371998086,8.387009606243582,12.145926835821012,4,7179.147525459576,11507942418425.867,11032180409144.121,-0.0625,76923.07692307697,rectangular_hollow_section,True
204.7099760093543,192.0550448446619,16.969178533849657,9.567409274379317,4,12222.205549038707,14151985824223.121,12757397990435.867,-0.04296875,76923.07692307691,rectangular_hollow_section,True
70.24497969884978,102.38132133580277,16.081126498531134,11.188671540088446,4,4392.453879144481,500395728367.2344,977698552674.6641,0.0,76923.076923077,rectangular_hollow_section,True
160.7630604285417,246.94763326348254,8.95274565595134,10.754579464876901,4,6867.239290160485,5834476024379.088,11412353129883.676,-0.001953125,76923.0769230769,rectangular_hollow_section,True
78.34752096258768,162.88118482594837,4.741071028246801,15.192520144337244,4,2075.8739587016407,434344694990.14075,1340475618767.1338,-0.005615234375,76923.0769230772,rectangular_hollow_section,True
94.23184744812434,249.83438696811862,14.442332495578164,10.33440854413149,4,8997.114044273476,2413950176451.138,12422932109202.324,-0.01171875,76923.07692307688,rectangular_hollow_section,True
248.15090647975236,25.541585119513943,16.213196857009855,15.692711346338779,4,,,,,,rectangular_hollow_section,False
201.97681721793558,239.564606499303,14.662640929694124,17.51306973518079,4,11789.77187979696,14302528014095.082,18741105317973.883,-0.08203125,76923.07692307688,rectangular_hollow_section,True
243.06237153326907,44.708204070602605,2.6273285634711234,15.16809144989505,4,1411.724020040724,1639863767397.7344,111081448207.7203,0.0054931640625,76923.07692307713,rectangular_hollow_section,True
264.4435047471675,239.09640641578562,15.148423580954534,14.741992552720994,4,14120.446436048911,28299798763547.43,24133101853723.266,0.3359375,76923.076923077,rectangular_hollow_section,True
266.07176224731893,66.4531751245951,17.713249850634508,15.767098808887818,4,10276.556308537369,13687065929197.32,1143061360296.1465,0.029296875,76923.07692307708,rectangular_hollow_section,True
160.55612420648686,23.299992973497247,12.491637815046346,18.051024869023205,4,,,,,,rectangular_hollow_section,False
37.581795899829274,214.6565189690288,4.096951601075714,12.420492401848065,4,1914.6889861806735,96949926909.94772,1690719404105.3643,0.0009765625,76923.076923077,rectangular_hollow_section,True
49.133446193799315,252.14108672428947,16.79734236148517,13.829183399995907,4,8801.373793296772,467277262640.1957,9847279264315.195,0.0,76923.07692307694,rectangular_hollow_section,True
249.70527806179498,134.360684043312,14.805868898859963,10.889073867939185,4,10377.433621783086,15898767537672.496,5779793134262.365,0.015625,76923.07692307718,rectangular_hollow_section,True
103.48503629115727,184.51528907778408,12.265872439105555,10.615761240210436,4,6350.649613313845,2041238946835.609,5265314302922.709,-0.0126953125,76923.07692307695,rectangular_hollow_section,True
195.718655048258,259.8151065818854,2.398903699866133,13.446806752970572,4,2103.7838465509885,2772347300256.2783,4237655987029.7334,-0.0458984375,76923.07692307745,rectangular_hollow_section,True
251.7939794613094,259.5688361309459,3.9094868794856907,9.873553765799333,4,3875.2791156444105,7934465094530.57,8307576765728.539,0.060546875,76923.07692307781,rectangular_hollow_section,True
123.83441363707774,170.28640993402115,18.74193062285596,18.39723988536785,4,9281.28585092609,3740153101609.8154,6379133592214.635,0.00390625,76923.07692307649,rectangular_hollow_section,True
167.66974803931328,174.2139826555367,6.59803247052956,15.329691998121117,4,4178.626203960791,3578615879503.84,3794473766952.4473,0.0068359375,76923.07692307702,rectangular_hollow_section,True
123.1815292434337,274.6460716116948,16.703577337072865,12.973117732548237,4,12005.948428286816,5531546172093.227,20919796568542.516,-0.09765625,76923.07692307713,rectangular_hollow_section,True
88.25778959419758,299.1476272493088,2.6155812797378757,10.012268263269252,4,1953.6811127629564,606319280356.9447,4040076074061.745,0.001953125,76923.07692307667,rectangular_hollow_section,True
31.89307075006171,227.92276244602493,17.06865503774319,9.758774029595791,4,6739.022184774885,119608956906.33142,5784319128316.586,0.00439453125,76923.07692307707,rectangular_hollow_section,True
214.3180789559943,105.7184381761609,6.030081734578134,16.156100740104435,4,3555.7618395862646,4072475744076.6504,1365927207996.0266,-0.009765625,76923.07692307694,rectangular_hollow_section,True
40.514005714793214,252.66005145129415,10.511177474969275,10.136646296857588,4,5618.518086070123,244843528947.75555,6537934413709.023,-0.01123046875,76923.07692307708,rectangular_hollow_section,True
108.47727575279212,201.12718677326546,10.68426563935262,10.7213501064309,4,6044.232539658732,2237285798288.635,6055936459994.869,-0.0029296875,76923.07692307723,rectangular_hollow_section,True
206.67227810080502,199.99242648056813,11.057709204795785,16.916400782291042,4,8252.628014371938,10280841355592.3,9767351854858.52,-0.072265625,76923.07692307721,rectangular_hollow_section,True
290.2596821870916,275.9332762481749,8.192320731465461,12.550414957982065,4,8869.892216598952,23034146928887.125,21315393733365.785,-0.15625,76923.07692307676,rectangular_hollow_section,True
94.5554973767456,79.39926660519973,19.130572916034403,10.381926951321317,4,5084.008905290943,953150094715.9785,693630280464.5073,-0.0009765625,76923.07692307685,rectangular_hollow_section,True
34.32542581740822,274.92109647202983,13.129550808987638,12.613136209504562,4,7271.9042309811075,176595698279.59772,9245570945265.816,-0.00048828125,76923.07692307676,rectangular_hollow_section,True
256.58076766557116,245.36246568035034,5.654394517355346,16.553954533547483,4,5393.248421725457,11013344924258.848,10293297847627.941,-0.109375,76923.07692307724,rectangular_hollow_section,True
113.43559311443339,229.60720557170322,6.417911622013879,13.424680372132325,4,4107.351135943527,1827472561118.8115,5469751631524.193,-0.00390625,76923.0769230768,rectangular_hollow_section,True
215.50488920094398,87.68383062030102,8.090424553121133,19.070060803063086,4,4400.916241491753,4641677800548.73,1120539679823.3804,0.0009765625,76923.07692307701,rectangular_hollow_section,True
92.77810079511056,78.22141535295376,16.67835530553166,12.397147442492198,4,4437.621967281786,826244432758.4187,610392657624.7515,-0.001220703125,76923.07692307715,rectangular_hollow_section,True
191.2299738128104,263.98483465226434,19.331800069906254,13.813471348532424,4,15914.557365746812,17106634034140.164,28913260750559.086,0.0078125,76923.07692307682,rectangular_hollow_section,True
226.00122776554463,276.14891299598287,3.085078241641983,13.837364313523233,4,2984.413120199941,5131939127343.969,6932799751919.635,0.0859375,76923.07692307576,rectangular_hollow_section,True
155.02102954974285,96.60835565203172,6.441813115323226,13.71175880135354,4,2940.750903587364,1834954984341.1074,879968156595.2166,0.00927734375,76923.076923077,rectangular_hollow_section,True
79.89480812802191,25.263559571338057,2.148926680330513,9.632238757097866,4,396.70363667313126,51983714373.84894,8687864561.615454,-1.52587890625e-05,76923.07692307697,rectangular_hollow_section,True
274.28823070926376,280.74725689516646,10.901240242155056,14.54368163401438,4,11427.550935147932,26378641873114.5,27345411757890.97,0.03125,76923.07692307647,rectangular_hollow_section,True
224.19333314583275,291.28161540597654,12.208224914490012,11.870245100895524,4,11849.002478404878,18906068880813.508,28489574345121.875,0.0234375,76923.0769230771,rectangular_hollow_section,True
122.50062833517443,222.27956611364564,12.490721089143964,12.954612380664319,4,7821.427251732027,3647248205247.4033,9548732151553.164,0.046875,76923.07692307673,rectangular_hollow_section,True
254.07369744153826,217.16639211418695,14.31313000070682,15.451769221616612,4,12432.917892240517,22633707045942.79,17663995403419.516,0.05859375,76923.07692307727,rectangular_hollow_section,True
196.72804763713887,236.9789128781195,6.471686186293532,19.012858249442246,4,5241.892020060913,6504894014835.658,8627668281350.355,0.041015625,76923.07692307714,rectangular_hollow_section,True
52.34620671632369,197.11130955344186,8.4375931088477,17.8067305168476,4,3695.5712146446563,310281509758.99915,2791786481094.2246,0.0048828125,76923.076923077,rectangular_hollow_section,True
183.29309135971766,199.7881743032315,16.723753114949815,12.394707304479835,4,11540.748577656517,10935534391457.324,12578527604010.11,-0.01953125,76923.07692307714,rectangular_hollow_section,True
114.86507008354762,36.06310397125513,7.206878945329004,10.837426799838044,4,1863.4168012565508,480964491038.4236,67377184710.09654,0.000244140625,76923.07692307697,rectangular_hollow_section,True
96.19570266245618,206.14348287428018,5.467617518618819,19.43101735719783,4,3003.9827890079755,958972506708.9524,3089274459491.336,0.00146484375,76923.0769230767,rectangular_hollow_section,True
126.52668639403191,168.5777439812206,19.175818646912624,8.027037082944169,4,9782.456670104702,4154685246220.3145,6769624555686.404,-0.052734375,76923.07692307663,rectangular_hollow_section,True
255.32371728522403,183.75769925053424,10.32970505993949,11.192396495987554,4,8519.82633091831,15460247101447.043,9237623938084.861,-0.0234375,76923.07692307705,rectangular_hollow_section,True
115.13840827897575,194.1656156442104,2.938776992684512,19.03281329781788,4,1680.1754802109751,775925508156.4573,1693307657504.255,-0.001708984375,76923.07692307682,rectangular_hollow_section,True
243.29748036568134,138.39309702213168,3.842901630718779,11.157863534621795,4,2803.5378617720307,4516914385618.96,1912256336970.7607,-0.029296875,76923.07692307804,rectangular_hollow_section,True
95.19471450223932,43.64593219887581,11.48314489911747,18.085870842298466,4,2377.7013265721034,385081074732.4275,101151854935.87073,0.00146484375,76923.07692307685,rectangular_hollow_section,True
224.29598759852183,154.8159890600627,3.863034935679182,14.145671438064937,4,2774.986058082265,3977797876128.9043,2272163398199.071,0.0048828125,76923.07692307801,rectangular_hollow_section,True
200.78333764320038,141.4886267395585,13.466115542699264,8.257925714574082,4,8424.609230464876,8923350727125.18,5058099801605.682,-0.001953125,76923.0769230769,rectangular_hollow_section,True
245.74485328701363,247.69826776609344,4.582825285941417,14.95468281645893,4,4322.650964758534,8277697618234.355,8377110688036.648,-0.046875,76923.07692307713,rectangular_hollow_section,True
275.833340374657,66.28633476484491,19.312034806921957,18.02169128418251,4,11397.45403857635,15872731730457.797,1200645634452.7847,-0.0078125,76923.076923077,rectangular_hollow_section,True
88.16247586363836,235.930050547582,4.183308699806494,17.935882188529657,4,2508.995291526783,715954441451.5511,3254745494821.331,0.0087890625,76923.07692307702,rectangular_hollow_section,True
148.44532350867627,127.13378897203518,2.146632345534802,9.86917055974462,4,1126.9390204348633,756742929923.3948,599845546873.4653,-0.0023193359375,76923.07692307714,rectangular_hollow_section,True
170.03353907544079,112.60064047394249,6.351369766676033,9.419839869231758,4,3349.5508999945814,2631457583092.1475,1384392782716.5073,0.00341796875,76923.07692307679,rectangular_hollow_section,True
46.34134381470311,66.40303357821176,7.1206814915717755,18.010086027697078,4,1197.0331155697381,61942133790.68968,108565663247.0683,0.0,76923.07692307683,rectangular_hollow_section,True
220.73360873249945,278.4920915397475,17.750506652693176,14.042667499262572,4,16265.499771551846,23728762966020.562,34440232353053.812,-0.1796875,76923.07692307625,rectangular_hollow_section,True
278.8941701752746,109.28808746043546,9.77113170576364,19.738088861995557,4,6913.807954183002,12327642661996.258,2783998759421.6475,0.03515625,76923.07692307695,rectangular_hollow_section,True
59.20174800829112,201.17845856535598,12.11224977514821,18.803081274644384,4,5411.96517932079,526414176790.0116,4218553523734.0293,-0.01513671875,76923.07692307694,rectangular_hollow_section,True
187.6867376034424,245.8788587005922,15.712047298690717,17.62046517286727,4,12330.093857037164,12961500371515.996,19945786833194.844,0.01171875,76923.07692307672,rectangular_hollow_section,True
154.88895517992518,155.75689964795532,15.359850370597428,19.729771856630407,4,8229.079999455795,5258783819958.277,5306505816386.455,-0.00390625,76923.07692307713,rectangular_hollow_section,True
267.1735341181668,22.7644311233791,8.221324277898029,9.19017151662398,4,4413.466786386946,5286477866357.42,50000772081.29706,-0.002685546875,76923.0769230768,rectangular_hollow_section,True
36.89519319218287,46.09660323571652,9.851882203663193,18.5945302900701,4,,,,,,rectangular_hollow_section,False
70.02026879401897,215.3672921740846,10.953554604144218,19.59378091443493,4,5462.832291121564,808882662375.96,5170873816474.227,0.0166015625,76923.07692307666,rectangular_hollow_section,True
122.01322182508656,291.98298499262415,18.747324493908618,17.090892477703598,4,13824.695148513978,6089211159470.615,26228017095020.61,-0.046875,76923.07692307704,rectangular_hollow_section,True
289.41220493449424,261.37902945044164,11.95325926016348,17.14097638299055,4,12329.078555478469,30456356207196.9,26007566123118.656,-0.3828125,76923.07692307714,rectangular_hollow_section,True
165.38595445377757,265.8860547408147,8.970153816672118,18.89141790687797,4,7156.843691237863,6463903681667.506,13468170594398.871,-0.00390625,76923.07692307702,rectangular_hollow_section,True
207.9426028173285,210.43213738740926,2.3584520235557394,18.308344352299095,4,1870.3879138672405,2579199638368.5083,2625181380293.8257,0.00634765625,76923.07692307669,rectangular_hollow_section,True
66.08977039187718,156.4358169387587,16.54189395503471,10.534679696907268,4,6156.472837015608,657994264691.4226,3057278584345.8027,0.0068359375,76923.07692307688,rectangular_hollow_section,True
254.85115443730712,176.26056877830638,19.351706812977522,8.855414325396538,4,15109.122753435915,25227547629299.477,13766878030683.98,-0.1328125,76923.07692307691,rectangular_hollow_section,True
165.15578266994507,248.32180777714498,2.65744863869958,19.017874059669943,4,2075.3267728692276,1973124932879.6895,3625389943814.0938,0.0078125,76923.07692307692,rectangular_hollow_section,True
241.59116251286673,201.86165794345217,19.73883639935463,14.276166918396145,4,15744.189756155589,24533898332887.883,18309026620364.67,0.078125,76923.07692307665,rectangular_hollow_section,True
112.88529403681103,149.1453397188172,13.015913326975319,11.797972069209628,4,6004.287892064013,2151370674284.901,3397434381297.373,0.0166015625,76923.07692307682,rectangular_hollow_section,True
196.77801947812807,55.47175030618514,9.120714031594169,14.133570353807004,4,4094.0172492529523,3191757463582.3867,383852925544.3064,0.00244140625,76923.07692307713,rectangular_hollow_section,True
206.93438322224483,93.36643868295405,14.858879589578759,12.613587699547463,4,7882.019701397302,7564163469236.828,1984749583955.1426,-0.03125,76923.07692307702,rectangular_hollow_section,True
69.52397718256807,30.415140124036903,14.177995185567926,13.863716502526426,4,1837.6078228555493,129770621133.44293,26887048924.454727,-0.000396728515625,76923.07692307688,rectangular_hollow_section,True
221.0310950551416,206.06590855844436,5.595003743597792,14.112454244474275,4,4527.387998863819,6772061776010.361,6088098910239.09,0.0,76923.07692307612,rectangular_hollow_section,True
276.1885496861989,250.87313975527837,8.892483925943505,8.733529586381952,4,8981.195582149325,20777306206716.9,17909239750675.223,0.0859375,76923.07692307667,rectangular_hollow_section,True
195.09935372873184,85.18654849098233,12.849992722096204,12.029794706606932,4,6398.138394744084,5464763799266.537,1370074312087.9111,-0.0205078125,76923.07692307702,rectangular_hollow_section,True
137.79047816017055,249.44867054780312,6.40169012655284,15.931566948330074,4,4631.047250700722,3026270836656.545,7542476414352.811,0.033203125,76923.0769230772,rectangular_hollow_section,True
206.43457124896952,119.5960064530121,10.001956983559829,9.371833105625356,4,6033.8997972372445,6600888062160.289,2757990777544.8506,-0.005859375,76923.07692307669,rectangular_hollow_section,True
194.48743708638042,262.7145903913912,2.8004075867999143,9.629102042114,4,2483.2463841156878,3245780164229.6445,5107616989754.864,-0.033203125,76923.07692307686,rectangular_hollow_section,True
158.44080255979802,122.4612498954379,6.466614150522004,19.3824556146508,4,3256.841355421078,2237861243160.2646,1511182069532.9429,0.00634765625,76923.07692307686,rectangular_hollow_section,True
296.1873506874617,274.1885756746515,8.260682041992439,13.552913033088622,4,8994.759130153505,24142393077022.125,21451953144101.977,0.109375,76923.07692307694,rectangular_hollow_section,True
118.47583941200641,198.12183947683306,2.7606882078667137,12.68685202744223,4,1655.1418737753795,821095130426.6145,1782917272927.0234,-0.003662109375,76923.076923077,rectangular_hollow_section,True
288.95182667350724,25.759100308724282,10.07089002736753,18.130740432747743,4,,,,,,rectangular_hollow_section,False
47.496974175014486,91.33389821426405,7.4525120494844534,12.285065994190791,4,1719.5484863990246,106877965804.75403,311867692166.30615,-0.0001220703125,76923.07692307695,rectangular_hollow_section,True
184.92987153755442,101.8520950918601,12.784016226033186,16.96598331820146,4,6408.370604784752,5162123578848.377,1955610647955.3613,0.01171875,76923.07692307701,rectangular_hollow_section,True
55.233639136360736,204.5932012436978,4.0300667457841035,13.039687094129208,4,1940.4130855622293,217642926931.76874,1730838506897.6924,-0.00341796875,76923.07692307714,rectangular_hollow_section,True
124.81110252863343,129.97662192635553,11.097856249155305,16.337435804188367,4,4923.086812051576,2101767804605.9106,2242268189006.3965,-0.00537109375,76923.07692307705,rectangular_hollow_section,True
95.01706168515403,157.4236774809965,9.330099112507007,11.071406507760189,4,4242.847344497216,1172641918349.0974,2638948612598.9316,-0.00341796875,76923.07692307702,rectangular_hollow_section,True
155.7507781054289,45.01748997388141,16.25301514081341,13.496766550476034,4,5287.37468978762,2241476168543.8203,219046833543.8324,0.006591796875,76923.07692307704,rectangular_hollow_section,True
250.28543675710867,264.26854950135333,6.188684610944763,14.751553643758307,4,6071.3397948295315,12081561266826.164,13121237958670.812,0.08203125,76923.07692307708,rectangular_hollow_section,True
266.2184179714558,182.0083138312564,16.209651098239835,14.812985187779143,4,13260.762185772426,24635393269344.633,13373284330692.848,0.1171875,76923.07692307707,rectangular_hollow_section,True
110.37959285612874,66.8285059206604,19.92810956585738,19.124490551219182,4,5108.580474443271,1152271497412.7769,464335228848.93604,-0.000244140625,76923.07692307683,rectangular_hollow_section,True
84.57792116248574,143.31872971120262,13.794684117179083,12.754974262783328,4,5363.662012315841,1038014254007.4478,2524354170603.257,0.00048828125,76923.07692307688,rectangular_hollow_section,True
65.79558595093152,284.356117460722,2.125306065944668,13.043791219259482,4,1419.364203699273,250259054308.7151,2463287673387.084,-0.004638671875,76923.07692307654,rectangular_hollow_section,True
36.31874293074385,78.87917676543717,19.955639130436193,10.488918933044804,4,2614.781571030152,57485616882.58084,263494804084.6194,0.0001220703125,76923.07692307692,rectangular_hollow_section,True
65.23434487611414,293.84139251958175,12.110681230873164,11.05550380794444,4,7988.40502272914,1027515691758.5991,13678246966492.062,-0.009765625,76923.07692307679,rectangular_hollow_section,True
281.02630423468764,36.70022379037174,10.046959132665712,19.548242675297914,4,,,,,,rectangular_hollow_section,False
247.24133031255505,114.24166223973302,5.258897488592449,16.773172283577864,4,3542.61920782173,5393477090985.232,1646135226826.042,0.0,76923.0769230771,rectangular_hollow_section,True
76.49423568963805,97.18789372751803,11.639059661491846,17.000606525261496,4,3240.848056173024,475091761843.0718,704620123872.3784,-0.001708984375,76923.07692307691,rectangular_hollow_section,True
137.7958670943359,115.35038715625383,11.643355953281477,9.564424718548114,4,5261.194721342993,2645089050432.541,1979549801013.271,0.0009765625,76923.07692307679,rectangular_hollow_section,True
92.59342873629501,213.33865332550948,5.231250463570184,17.734599362310398,4,2933.168485705086,883103430502.6858,3197428244807.249,-0.00146484375,76923.07692307682,rectangular_hollow_section,True
99.39089225152223,79.59187236483982,17.062735143571736,13.07632781862865,4,4772.332944287549,1017550886944.4463,686897130317.8513,-0.00244140625,76923.07692307721,rectangular_hollow_section,True
42.4161053985441,256.1917743481953,11.47722474784033,10.9004356567992,4,6208.653245500884,288883814080.8856,7397542737898.977,0.00634765625,76923.07692307683,rectangular_hollow_section,True
161.14976820297377,221.4841383721509,13.256194959047692,10.079296685497523,4,9340.040286160583,7393406971292.469,12311659139071.785,0.029296875,76923.07692307711,rectangular_hollow_section,True
104.84871050879835,25.230486584141477,16.939928349232936,12.632995999522763,4,,,,,,rectangular_hollow_section,False
111.49297703359356,78.9136082408032,11.386743388452302,17.08071335771781,4,3558.2606772065437,1025396911549.4946,582730954448.0337,0.0,76923.07692307679,rectangular_hollow_section,True
60.743721112955036,278.90255853080106,19.419912783419843,11.170292645309143,4,11558.494767945207,980588827762.1443,16446543636650.14,0.056640625,76923.07692307721,rectangular_hollow_section,True
185.77772905727414,70.48624190990145,3.7288110857809578,12.055730135086154,4,1779.5006949672027,1445911761826.023,321738601187.64294,-0.007080078125,76923.07692307702,rectangular_hollow_section,True
223.27330828797056,187.83759744138342,2.3217102559804284,12.867758774344958,4,1833.0393817804131,2801355371785.6445,2163190012960.1602,-0.00634765625,76923.0769230769,rectangular_hollow_section,True
282.85872117195106,66.9431245615595,11.877540921745844,13.812711208044766,4,7558.221454133231,12014143990219.227,1031846410352.8147,-0.0458984375,76923.07692307686,rectangular_hollow_section,True
164.56366272722636,37.88495698313404,8.311196300842798,9.349647962729836,4,3002.5389675175247,1555719500005.7646,120535044235.73444,0.00244140625,76923.07692307708,rectangular_hollow_section,True
288.78996565410523,86.89672338843216,6.56603663285472,19.489131630154574,4,4548.273909814351,8253424607870.934,1237411451721.7551,0.0029296875,76923.07692307673,rectangular_hollow_section,True
275.7993636247329,91.2846748262686,19.39007425490007,12.8761347322054,4,12565.878762622891,19663030699329.133,2864601838214.8027,0.029296875,76923.07692307714,rectangular_hollow_section,True
168.45229725963904,82.08944945703652,10.972988098197366,9.302228909953143,4,4930.225875741418,3271379379792.3906,995755137643.0474,0.0,76923.07692307698,rectangular_hollow_section,True
31.570952813135378,297.1871647865202,11.573804698575623,8.585852065550483,4,7000.435815844869,150320326526.40546,10605408293279.777,0.01123046875,76923.0769230768,rectangular_hollow_section,True
49.786453981935,202.44560334532474,14.094115010583817,11.954776535006332,4,6172.48225692502,373130099541.8401,4703525061306.947,0.00341796875,76923.07692307697,rectangular_hollow_section,True
188.07735833044677,178.92533592123993,16.875456101357763,17.872432025087974,4,10929.121771834609,10432721814096.586,9623358377135.236,-0.046875,76923.07692307657,rectangular_hollow_section,True
234.48545815554453,98.20099345497044,5.241151081466261,19.939199054129837,4,3195.902207946662,4171640263435.6143,1094543845282.9521,-0.0009765625,76923.07692307697,rectangular_hollow_section,True
286.21497737166504,173.40490964283043,4.616222758222629,9.986276535121657,4,4087.2892734528277,9331754691693.373,4341876530553.7295,0.001953125,76923.07692307723,rectangular_hollow_section,True
80.2698594076405,86.10942003085154,11.385026283011634,19.390729314825137,4,2958.0805425248714,455278254570.95715,510298662194.84607,0.00146484375,76923.07692307702,rectangular_hollow_section,True
82.39886793587962,257.58238162146495,5.122963410712724,15.179984611336597,4,3249.155729820904,810984929362.6628,4850383412813.932,-0.00830078125,76923.07692307713,rectangular_hollow_section,True
248.53432151686573,96.08440120510538,18.426628833089893,9.32187064769121,4,11255.262712080515,14962108107030.215,2904859438288.417,0.03125,76923.07692307714,rectangular_hollow_section,True
268.6284235923447,193.74820367114307,6.830636651913563,15.127648907898163,4,5970.0177369619105,12281818348954.395,7452291177315.229,0.06640625,76923.07692307688,rectangular_hollow_section,True
257.05284264085077,271.2514126213819,6.344384429197232,19.01256113016712,4,6341.530946985324,13249685708168.871,14372148445182.176,0.1015625,76923.0769230767,rectangular_hollow_section,True
175.13996777100485,69.08674552840476,12.011539857512542,12.797669762637339,4,5126.80709201024,3360837188110.7695,699534632162.4924,0.00048828125,76923.07692307669,rectangular_hollow_section,True
238.78770423109594,221.7537046788959,8.196985497323647,16.10635288872283,4,7084.48370368744,12131720795327.883,10830477053235.602,-0.00390625,76923.07692307673,rectangular_hollow_section,True
72.54641962019383,102.1081666521185,19.441638705856782,11.345428586001496,4,5150.514717178101,580519379513.2878,1085231501556.4297,0.00048828125,76923.07692307688,rectangular_hollow_section,True
176.31767925213055,232.62277823712995,16.876243530712465,16.125148921330393,4,12403.506689732594,11277781417893.871,17645707268251.176,0.00390625,76923.0769230769,rectangular_hollow_section,True
284.47304359077054,269.79653895459853,16.016779675239373,15.501776642888213,4,16488.773564885578,38846664633988.49,35733018865880.484,0.390625,76923.07692307692,rectangular_hollow_section,True
203.38079183691906,111.58909055531691,6.4478455351458575,12.882459383059416,4,3770.901947211641,4027039902453.3916,1584762340574.1719,0.01953125,76923.07692307659,rectangular_hollow_section,True
99.19632055933495,91.12410203942768,12.749304216492854,19.63766334331745,4,3864.5385705021554,900171897639.0498,783477666841.8403,0.005126953125,76923.07692307691,rectangular_hollow_section,True
180.59450486141952,84.34250873464137,14.032785372075146,17.21802538639158,4,6361.617592371622,4522453185158.73,1268040038003.9365,-0.0078125,76923.07692307673,rectangular_hollow_section,True
94.76261656514373,184.26259213593784,15.296253904110179,15.938064364863417,4,7346.569366851082,1839983445031.499,5604168524528.547,-0.0078125,76923.07692307673,rectangular_hollow_section,True
292.9012883412493,23.18219991124963,16.94107312811115,11.463529271653154,4,3887.1927945967354,6067276962907.387,53340874985.07866,-0.007568359375,76923.07692307701,rectangular_hollow_section,True
203.92482524999642,55.09615742688179,10.30382469978185,14.029502646058074,4,4730.1921160238835,3886406134886.758,420582588440.4392,-0.00146484375,76923.07692307679,rectangular_hollow_section,True
191.1746189987309,101.62633010588115,12.59089164830128,15.570787500155706,4,6505.558195307598,5610100752487.955,2003146812454.1514,0.0185546875,76923.0769230766,rectangular_hollow_section,True
213.64730576993412,269.88806995691493,2.571294159680572,16.577182468165635,4,2381.5390893153926,3686887813220.5254,5226478722206.834,0.015625,76923.07692307653,rectangular_hollow_section,True
59.472217218370986,243.9286105741528,5.311659252791621,11.765484214618962,4,3013.4939702601914,386132856010.88055,3764888789334.629,-0.002197265625,76923.0769230769,rectangular_hollow_section,True
73.05513071117463,165.6343358539076,4.219964217715056,19.141413780619924,4,1799.5455596424551,331014040244.2171,1151723478936.9404,0.001220703125,76923.07692307705,rectangular_hollow_section,True
26.627587710616996,111.17488838041625,8.795561184056215,19.058803787125232,4,,,,,,rectangular_hollow_section,False
290.6306799638898,255.05507467059425,3.570404501093678,19.385288732776434,4,3719.9677398620406,9680865707892.162,7964026688532.217,0.015625,76923.07692307672,rectangular_hollow_section,True
266.8736277765101,32.98273421996432,5.83578302404182,16.644685143012513,4,,,,,,rectangular_hollow_section,False
188.80831324133976,181.11575522417516,10.550601389709065,15.428643729435052,4,7146.334272678322,7378813057140.844,6914052033666.18,0.015625,76923.07692307711,rectangular_hollow_section,True
163.91005086909863,80.13434998177215,9.442340065560247,14.95548252979311,4,4058.797586336845,2523741599477.6113,795798814966.0476,0.0068359375,76923.07692307698,rectangular_hollow_section,True
256.9036349779559,42.13607976502661,12.710266841172395,14.36155129188958,4,6752.018193115197,7814547168039.098,289223055734.2258,0.01220703125,76923.07692307688,rectangular_hollow_section,True
127.13895750773584,128.39910052396556,11.052401395979249,16.400521869416906,4,4919.621347168612,2168569020533.4863,2202940601543.659,0.00634765625,76923.07692307695,rectangular_hollow_section,True
48.84992618982362,171.34315496314517,18.02541646401174,8.75931537868151,4,6561.755819845011,320491368771.35596,3460166137660.664,-0.0087890625,76923.07692307682,rectangular_hollow_section,True
74.20009172353312,213.14394930042673,19.665982142116277,16.538061989629426,4,9481.294650012356,1267940655368.4355,8347592726140.172,0.0166015625,76923.07692307723,rectangular_hollow_section,True
150.1600644621411,283.65518132852264,5.302896604687794,11.892479422876452,4,4390.463473224588,3531001947234.8467,9380782138262.441,0.064453125,76923.0769230771,rectangular_hollow_section,True
195.03492742529147,85.00248765151072,3.1537561187445595,9.887117335931828,4,1674.137775992476,1594817565421.4048,444902839835.8544,-0.00244140625,76923.07692307663,rectangular_hollow_section,True
60.386609609626795,239.59730054801815,5.243709923401008,18.045399635594006,4,2874.3180495444517,376478974940.94025,3380487406205.172,0.006103515625,76923.0769230766,rectangular_hollow_section,True
121.83566875125123,199.07694710569638,9.561362265786972,11.745271277135034,4,5637.863019425129,2659867819466.077,5794400337450.559,0.001953125,76923.07692307715,rectangular_hollow_section,True
127.20941457659801,257.4783341297287,3.7676896462699925,12.894401906988925,4,2759.017430764026,1627493043165.5928,4772626506079.836,-0.0166015625,76923.07692307736,rectangular_hollow_section,True
136.46177340674672,72.10060302149972,2.0645667934864864,18.158285617001166,4,773.4166183314508,360239436455.8408,140339617550.27957,0.00079345703125,76923.07692307698,rectangular_hollow_section,True
170.6972277586391,194.22003071735696,17.005012552095565,13.258070307867172,4,11078.386885845275,9043524325228.723,11164802344880.5,0.046875,76923.07692307667,rectangular_hollow_section,True
186.82778415528625,173.98293430153345,16.18728285023247,12.696416644628615,4,10471.77881020426,9950094682177.02,8861668589985.832,-0.056640625,76923.07692307682,rectangular_hollow_section,True
33.83196561754795,118.07374727263,6.360347626463249,18.548376684819324,4,,,,,,rectangular_hollow_section,False
287.43247895788454,255.88413483040193,18.475859883819602,14.594981456247279,4,18498.040180313576,43093916196283.05,35795379332839.51,0.0078125,76923.07692307659,rectangular_hollow_section,True
155.05140819954877,252.15183627839434,18.100481174748648,14.591876859117338,4,13217.716776637913,9389537554156.914,20841313862733.133,-0.06640625,76923.07692307691,rectangular_hollow_section,True
271.09805366053416,177.46780412628314,3.9143369679395046,14.07432953208635,4,3355.526400912351,6992911364993.832,3685290272289.425,0.0009765625,76923.07692307637,rectangular_hollow_section,True
169.48952642111502,249.79527074881793,11.18591881004412,15.324781420488987,4,8661.953538480075,7910486630558.801,14541491294125.36,-0.10546875,76923.07692307705,rectangular_hollow_section,True
47.036405218865,128.56107463739954,6.8439223461935565,11.306525917106871,4,2108.271242641264,141775413953.24734,738962905170.81,0.001708984375,76923.07692307691,rectangular_hollow_section,True
89.31771750725588,227.87571528713758,17.823945669749236,9.036953359081965,4,9954.8383428901,2181414799858.2754,11057229957536.14,0.029296875,76923.0769230766,rectangular_hollow_section,True
239.83911416949223,26.948093326945546,7.8541116377977,18.734127144350445,4,,,,,,rectangular_hollow_section,False
45.134148985945004,155.29328172821783,4.812670805452166,12.125327528699028,4,1742.9866683668233,120521382460.23935,877688743605.0598,0.00048828125,76923.07692307698,rectangular_hollow_section,True
52.49194795104372,63.70650826608642,16.669636146552598,18.989051695575974,4,2407.2604990193704,115239622977.84515,162880923994.57422,0.000244140625,76923.07692307694,rectangular_hollow_section,True
217.7317348291749,262.2275230405561,14.785226373898597,19.283918246896718,4,12966.569605610493,18506983829901.883,24804653244934.57,0.328125,76923.07692307688,rectangular_hollow_section,True
28.53260670667892,266.7070381657626,17.987724163693343,18.801574767988996,4,,,,,,rectangular_hollow_section,False
253.19368735196446,254.4150770220277,6.739809881999617,9.645523736483469,4,6576.080028506101,13248940825657.066,13346878285589.113,0.1015625,76923.07692307686,rectangular_hollow_section,True
214.63496322781182,51.370552506768746,7.965339691608233,12.102370391593107,4,3854.5096936411032,3545510732657.373,323159218892.3886,0.0,76923.07692307698,rectangular_hollow_section,True
144.2610937262516,170.54579818489927,7.529026558526368,16.65698674955046,4,4319.498386010592,2751436127983.712,3560292152804.3574,-0.0078125,76923.07692307683,rectangular_hollow_section,True
148.47001923214086,109.76233687475778,3.1537086851450615,9.602826249705513,4,1538.3725799760339,977932045681.9583,618674599535.3558,-0.00537109375,76923.0769230766,rectangular_hollow_section,True
145.56642302846518,153.02281358549834,11.45409053667541,16.232226187724258,4,6074.696952107037,3631040838944.1104,3930589396614.866,0.015625,76923.07692307688,rectangular_hollow_section,True
262.012729265337,97.07041506353592,14.063136213688292,14.031176421483943,4,9111.70922904286,13757901729830.96,2636281981434.893,-0.009765625,76923.07692307718,rectangular_hollow_section,True
146.03117588077242,183.94273757289216,18.654075249364013,9.253394176937324,4,10833.193026354027,6320352855176.055,9296446782931.238,0.060546875,76923.07692307717,rectangular_hollow_section,True
60.4093845130977,293.59323337235077,14.077688126535557,14.080509323466117,4,8976.090954336176,901504469150.9844,14610636735716.25,0.0078125,76923.07692307683,rectangular_hollow_section,True
294.12734827978164,90.06030422031036,3.624725697292878,8.577339715116846,4,2683.552796698094,5397644966767.385,846355434571.5844,-0.02734375,76923.0769230768,rectangular_hollow_section,True
143.39434578671643,279.99331031222124,7.763940105095168,8.743111356026198,4,6257.714522710209,4471083958377.255,12752570079367.477,0.001953125,76923.07692307672,rectangular_hollow_section,True
162.4412469366987,69.09426297697772,6.787628533830572,11.184589660178151,4,2853.1046841973107,1749933430263.2622,445737277970.405,-0.001708984375,76923.07692307711,rectangular_hollow_section,True
106.58476163451546,244.13560392783162,13.85692817475014,8.433013319626607,4,8880.640282629378,3119720035496.3994,12318686379717.203,0.01171875,76923.07692307683,rectangular_hollow_section,True
197.25963404734009,40.83723944445118,11.034067781782031,16.6011664881655,4,4522.745333464612,3094542149792.092,189548047380.46887,-0.004150390625,76923.07692307685,rectangular_hollow_section,True
199.55081779181202,286.06224192635455,5.785545040913206,14.746853445795836,4,5348.017695004123,7229329102061.641,12506043838238.223,0.087890625,76923.07692307721,rectangular_hollow_section,True
147.310975818121,83.10776392748777,3.3370549362504267,9.047623251460482,4,1444.0473471374319,831748990459.8596,346113126063.8318,0.00244140625,76923.0769230768,rectangular_hollow_section,True
61.03577181127978,241.66647923015123,6.487420531397661,10.915468639234676,4,3659.627250439482,476157786191.1279,4494467143888.348,-0.0009765625,76923.07692307679,rectangular_hollow_section,True
256.399366573366,120.28364628300281,11.175678233993972,15.40524187410979,4,7700.36089121532,12177863848743.523,3629815468800.1123,-0.0625,76923.07692307685,rectangular_hollow_section,True
158.09941732263505,90.05214415914193,18.471001506996792,12.914195077722331,4,7635.7277109957195,4164421101464.6914,1563004145826.0562,-0.0341796875,76923.07692307686,rectangular_hollow_section,True
64.00485960479024,149.41808837990018,16.21712229526124,19.195701799318847,4,5510.628842301524,535789501787.29614,2359479972066.4033,0.0029296875,76923.07692307708,rectangular_hollow_section,True
228.76929302150708,204.80544633662961,12.810948794845546,13.926792328884446,4,10259.815495435354,15355486783838.352,12897470802396.367,-0.1015625,76923.0769230768,rectangular_hollow_section,True
283.5921612580002,273.56435558937267,7.393044481484728,19.480901998446367,4,7786.148154259907,19297225431584.484,18271276706443.785,0.08203125,76923.07692307717,rectangular_hollow_section,True
230.97960102345243,94.79998713480146,16.89617970768272,18.33894696959212,4,9532.701979794649,10848600882828.7,2408973324392.3926,-0.078125,76923.0769230766,rectangular_hollow_section,True
100.66021040594028,59.761354742346384,6.841789366975043,10.654189344778366,4,1908.9234333582208,464012088820.0763,200663604229.30432,0.00048828125,76923.0769230769,rectangular_hollow_section,True
93.2953788316203,195.2466565839062,14.797246228802766,9.309430759715212,4,7576.755605913681,1894640278035.0186,6589726167995.975,-0.009765625,76923.07692307678,rectangular_hollow_section,True
224.9238185836891,82.87246356767781,5.9399142342771425,19.89442212448909,4,3314.3769695652472,3772131766556.205,796260296992.5996,0.00634765625,76923.07692307718,rectangular_hollow_section,True
105.5068800637797,294.74950008137654,2.848977310610955,10.023886635885933,4,2199.177024593003,952563739531.1958,4642445236504.734,-0.00048828125,76923.07692307721,rectangular_hollow_section,True
207.28653778256952,21.283350404325066,16.591161388375674,11.093342848632336,4,,,,,,rectangular_hollow_section,False
111.12211587544687,175.33753703784555,3.6846983928323684,11.844595936186288,4,1983.0163114438758,838369408869.8098,1676391365212.6807,0.002197265625,76923.07692307646,rectangular_hollow_section,True
56.84661528701724,255.3837120298238,17.369006784542947,12.76924156430409,4,9476.478230159042,721041248961.8081,11316422879753.79,-0.0439453125,76923.07692307685,rectangular_hollow_section,True
111.90211923232785,71.34883356534945,2.9083613320868285,8.663998161091035,4,990.1481989896981,336425496702.7461,169385800825.02036,0.00103759765625,76923.07692307714,rectangular_hollow_section,True
148.55129374963255,27.940385957588664,11.17734343423349,11.291663189848759,4,3318.1956211710362,1208874919940.808,50282452653.64792,-0.0013427734375,76923.0769230769,rectangular_hollow_section,True
216.30806343763956,64.70349263670639,6.369619731303846,17.017350758057503,4,3241.369231700666,3204109659712.323,466198193890.187,0.0009765625,76923.07692307685,rectangular_hollow_section,True
71.80750464077651,33.61394941299321,6.788865511494201,10.367103944941217,4,1152.3563135431646,119497617181.48022,33377659688.648445,-9.1552734375e-05,76923.07692307683,rectangular_hollow_section,True
28.07197462478754,178.88570670988264,16.680698562580936,16.838536744254263,4,,,,,,rectangular_hollow_section,False
60.36216539956908,174.97355699696166,19.449140109747884,17.34786105154928,4,7340.130388339476,577608017601.9893,4069923036415.6445,-0.00146484375,76923.07692307697,rectangular_hollow_section,True
231.0613208258083,203.44579704581625,19.684475683967637,14.397883199929028,4,15348.876220059978,22046140071805.953,17915651028124.26,-0.125,76923.07692307669,rectangular_hollow_section,True
187.63110115257206,217.27116405887654,5.16292690472153,12.195359746771771,4,3975.066653116664,4524230015638.913,5654560781795.641,0.0078125,76923.07692307726,rectangular_hollow_section,True
155.57954458885573,54.71100131721789,11.332040971483885,19.79319334552448,4,3932.2021506125902,1820596839496.169,313422986937.9114,0.00146484375,76923.07692307694,rectangular_hollow_section,True
276.23040196136753,225.91697298090025,6.287338736694849,14.96944143483126,4,6007.513500838795,13636399959371.238,10043890260688.14,-0.01171875,76923.07692307768,rectangular_hollow_section,True
175.27299837679305,168.0661961820943,3.8439085977951555,19.272619774604067,4,2447.0376862179774,2295155811347.8804,2155698533110.1206,-0.01416015625,76923.07692307679,rectangular_hollow_section,True
110.51844380450126,128.1073505818622,5.493161777978127,15.313148863491291,4,2362.8604988936777,875841060205.1558,1097307939075.5894,-0.001220703125,76923.07692307708,rectangular_hollow_section,True
178.26583993673245,136.03865273007844,13.412220288760022,9.58864825789581,4,7619.549399077879,6383745277454.107,4112645424225.46,-0.009765625,76923.07692307691,rectangular_hollow_section,True
273.19567288855177,81.96138187079774,3.8950088762082666,9.135556211966275,4,2650.000333964821,4536098638289.5625,683937164793.6565,-0.0029296875,76923.07692307673,rectangular_hollow_section,True
52.32488751583128,69.75497154685625,2.233687098983541,11.277104568985038,4,480.0292923203467,40974211895.77902,62842528342.22572,-1.52587890625e-05,76923.07692307695,rectangular_hollow_section,True
97.74426310554097,183.50382701431843,5.796450531108539,8.326554823013524,4,3063.1558401660973,995848706101.8984,2669155898861.044,0.0029296875,76923.07692307685,rectangular_hollow_section,True
164.2191755521024,153.97763997941124,14.54622047022715,11.514294194199108,4,8278.172972626715,6062811233766.344,5459230609426.174,-0.005859375,76923.07692307688,rectangular_hollow_section,True
233.25025432252502,87.83941113705264,3.2941576365438263,17.261318474841683,4,1969.1625152334432,2526835579788.177,568022139897.164,0.004150390625,76923.0769230772,rectangular_hollow_section,True
62.42268667407428,165.96327001114958,8.687097953726902,14.513146654681385,4,3489.4710881753895,416781894927.213,2062506749118.331,0.000732421875,76923.0769230769,rectangular_hollow_section,True
40.404874137874955,37.63508748682335,6.465197436847056,12.268764370857935,4,725.0512181155176,24748761602.771233,22065692165.658028,1.52587890625e-05,76923.076923077,rectangular_hollow_section,True
230.1148880482881,253.0667562604941,14.031065776468116,11.56806886180901,4,12637.80342207117,20123472077871.59,23387661941987.695,-0.015625,76923.07692307672,rectangular_hollow_section,True
128.60416527752622,38.037760936498415,15.75728156420272,18.584814998868318,4,3921.0794111186688,1004753827545.0576,101952938716.6095,0.0001220703125,76923.07692307694,rectangular_hollow_section,True
220.59127050691046,89.25650156998576,10.71369796891965,10.898169914373048,4,6061.361518488338,6761920864422.828,1536471713120.2568,0.029296875,76923.07692307667,rectangular_hollow_section,True
70.64360185992854,240.74741530535863,18.780711556780066,8.0296299226785,4,10220.954286496331,1277584296620.7725,11622841410159.504,0.048828125,76923.0769230771,rectangular_hollow_section,True
286.9829404473394,137.1110944772538,17.53717846569696,11.053664003987455,4,13522.431551356345,26342067700247.055,7762454024130.932,0.125,76923.076923077,rectangular_hollow_section,True
210.1867420026252,31.119205022343817,3.585292263631322,13.821583812075554,4,1592.6328932016556,1286140305227.8535,55070746803.78392,0.00390625,76923.0769230777,rectangular_hollow_section,True
121.40997209897779,245.35964626530702,3.8805006557201134,12.508294574920878,4,2704.2477425046136,1445925832056.0312,4237259740359.337,0.0380859375,76923.07692307683,rectangular_hollow_section,True
246.82047586417613,227.43239928216406,17.85108009202977,10.118647946143676,4,15554.820838159403,26627551672753.18,23340262962797.33,0.4453125,76923.07692307673,rectangular_hollow_section,True
200.65840578487717,185.6353094774453,13.755601414387442,12.671264760345945,4,9709.977520349668,11012544072092.387,9725751301362.92,-0.05078125,76923.07692307704,rectangular_hollow_section,True
64.62998153902271,225.61399204423407,17.098233748619478,13.065168974776745,4,8585.221579280129,895965144476.4387,8402312573534.809,-0.0341796875,76923.07692307666,rectangular_hollow_section,True
26.664235479906093,190.0189470743906,8.081521116602845,16.7279405291091,4,,,,,,rectangular_hollow_section,False
91.00521891155395,235.19352407064943,7.146460563884442,16.442214277457417,4,4274.109937814703,1221223021374.0095,5455249446639.965,0.0,76923.07692307691,rectangular_hollow_section,True
77.73573834805606,211.7048760524316,3.026664022335272,13.94763937373568,4,1640.1672665267645,372098590923.51117,1732845540906.5068,0.003662109375,76923.0769230772,rectangular_hollow_section,True
84.6923703386076,42.24350898240906,9.051165256058875,16.252049186484555,4,1757.8644979649544,240788853400.91333,75740055248.75708,0.000732421875,76923.07692307683,rectangular_hollow_section,True
45.53058566781776,236.44583023872084,6.022837763692205,18.908690705983705,4,3060.0047353096675,213210283123.79993,3195971846885.2285,0.00146484375,76923.0769230768,rectangular_hollow_section,True
57.288207365355845,39.352761074341515,16.12200288224451,11.481906675876829,4,1944.5818548015015,103689015724.56183,50373345088.191345,-0.000244140625,76923.07692307682,rectangular_hollow_section,True
163.01314940785616,88.86276024001086,5.512120064398627,9.270216528217524,4,2583.3930147513584,1768611164911.9624,685264161702.8215,-0.001708984375,76923.07692307685,rectangular_hollow_section,True
120.20598269699707,66.0495102166553,11.50863800851603,17.222274655085727,4,3493.3379942714473,1082025225382.5127,400776369879.93933,0.003173828125,76923.07692307698,rectangular_hollow_section,True
28.90427810892711,178.179045068687,8.727160601437358,11.013308802515672,4,3193.779012665271,64228130918.84543,1758195282444.5713,0.0009765625,76923.07692307705,rectangular_hollow_section,True
221.63049020130944,127.22426711513391,12.587925384919847,19.354142006688434,4,7820.090723119789,9429101974219.293,3888212955149.6543,0.03515625,76923.07692307708,rectangular_hollow_section,True
282.8220380108363,116.45076174237418,4.398591665799427,15.35595781279397,4,3319.3440167107206,6527160215953.762,1668171121257.6504,-0.0029296875,76923.07692307614,rectangular_hollow_section,True
143.5211007826372,226.4234596825024,15.608804285655841,10.835372960988407,4,10456.840089571318,6435838972394.814,13557196841525.105,-0.00390625,76923.07692307657,rectangular_hollow_section,True
174.98309401350306,264.02610518199253,18.311772887568278,19.45754409124637,4,14359.506166887058,13019721427252.262,25335212665619.65,-0.01953125,76923.07692307702,rectangular_hollow_section,True
58.06888518099716,103.24647981150493,7.340555175533467,9.14554410215668,4,2072.3706817380244,204591932036.55084,523196207381.4492,0.00146484375,76923.0769230769,rectangular_hollow_section,True
221.9451099915936,25.50477664109733,8.095536883432649,17.989240544621207,4,,,,,,rectangular_hollow_section,False
204.02551937102538,103.4418326001057,7.8897383403313075,19.49113751316664,4,4357.370047388307,4400150757199.102,1526718701368.768,-0.00390625,76923.07692307678,rectangular_hollow_section,True
261.18931377455874,215.72551176561694,9.208524620239785,11.077600069554094,4,8324.956342496358,16619541174341.156,12357653696850.91,-0.0390625,76923.0769230766,rectangular_hollow_section,True
30.585422570207896,248.1911700168884,13.434510527131055,16.193318134661226,4,,,,,,rectangular_hollow_section,False
268.2235990481438,110.05152722807551,8.80798386486147,11.120607968899098,4,6235.040407032747,10736259593569.54,2594032610719.421,0.025390625,76923.076923077,rectangular_hollow_section,True
143.681945661311,34.46064323303099,14.438383381350226,18.96027277353603,4,,,,,,rectangular_hollow_section,False
181.14586263830574,234.9879381135429,7.360379288488937,13.638122523001307,4,5762.516157672632,6126821683773.662,9140601686262.87,-0.017578125,76923.07692307695,rectangular_hollow_section,True
122.09679943696874,276.532896298529,10.152568403446878,18.593439829206957,4,7407.464232197034,3696965734165.8584,13482000017866.04,-0.04296875,76923.07692307695,rectangular_hollow_section,True
71.9495897630531,241.41095327186997,13.638110284398268,10.395310360484459,4,7695.236603369859,1156159435012.929,9258680740335.852,-0.005859375,76923.07692307694,rectangular_hollow_section,True
249.17662272196742,228.54587031238486,14.717722624171325,15.202533368183504,4,12964.646871292762,23044812510854.46,20101863572737.832,-0.203125,76923.07692307667,rectangular_hollow_section,True
32.97132835540596,60.481192824289266,10.25231397751421,11.489614064394145,4,1365.2890908311683,29750342733.050858,88386603638.2171,0.0002899169921875,76923.076923077,rectangular_hollow_section,True
179.94408831297534,195.0883580294163,16.19989526701629,15.673097945667731,4,10855.58027909543,9870673159858.936,11247199525882.027,0.00390625,76923.07692307694,rectangular_hollow_section,True
131.83229303283076,95.45199229987807,11.004677603510235,19.795160273997723,4,4203.393067539408,1772923974074.5552,1058699915692.6648,0.0107421875,76923.07692307686,rectangular_hollow_section,True
221.49297143002573,116.56807303527862,12.40435973385187,14.306837125821525,4,7570.322885153665,9010486481846.527,3192787871050.3975,0.015625,76923.07692307678,rectangular_hollow_section,True
48.76074135198526,135.03049989715242,6.743019930164101,9.429506698523369,4,2215.0443489297427,163671502318.35114,874721921821.6853,-0.00146484375,76923.07692307678,rectangular_hollow_section,True
144.52804018955916,44.70405623852044,2.6582997841062674,12.688167482546962,4,917.4137031757484,414831289581.40173,67327832412.89914,-0.00079345703125,76923.07692307686,rectangular_hollow_section,True
65.68025010411273,54.178287053942505,17.047884120496217,10.54160131941101,4,2813.0221343245657,224826674087.46765,156349756268.97272,-0.0015869140625,76923.07692307683,rectangular_hollow_section,True
176.66571267998614,66.01061770682732,17.762854969589803,11.765012709992238,4,7220.757331677389,4435360209949.4375,754964944430.6887,0.00390625,76923.07692307653,rectangular_hollow_section,True
122.28350103088451,97.58701053724505,12.45570013691824,11.863718526781199,4,4715.956641200865,1760085410458.7275,1211629215921.9404,-0.00244140625,76923.07692307672,rectangular_hollow_section,True
120.26257174265301,261.39652421567143,14.124361087124562,8.407554127591125,4,9912.704496115726,4502821303158.604,16130112153232.875,0.025390625,76923.07692307654,rectangular_hollow_section,True
24.00647764070684,223.52330873277094,13.076665505770828,12.99310395338641,4,,,,,,rectangular_hollow_section,False
283.1290844933307,121.41510844936751,16.699614592098516,10.549021889011435,4,12284.67384231623,22651078046004.445,5532745235336.229,0.06640625,76923.07692307667,rectangular_hollow_section,True
93.1071876165605,61.42947252989934,19.581280178640846,8.803125975065903,4,4440.850119727893,737497383898.1636,337089636292.7013,0.0009765625,76923.07692307678,rectangular_hollow_section,True
272.39457899672993,108.21041581873791,3.644321440620274,14.407133068092953,4,2629.2422018626457,4771828541117.902,1157222051242.3342,0.01025390625,76923.07692307598,rectangular_hollow_section,True
100.40932349687202,55.612843162974116,18.74146323263947,18.24226186911494,4,4110.417505361582,722688827288.8853,244281048369.88123,0.001220703125,76923.07692307688,rectangular_hollow_section,True
74.79435613734293,154.0998244890533,18.87638854234387,15.065967207465265,4,6989.135431668093,923985212631.1208,3344494353719.4814,0.00341796875,76923.07692307663,rectangular_hollow_section,True
141.8042505052333,184.64064591107237,15.99892178750728,16.415268497120284,4,9152.383042689591,5164924058883.477,7947500703211.129,0.044921875,76923.07692307714,rectangular_hollow_section,True
99.46543715571099,212.94422394700078,9.926163056343903,19.47783129338217,4,5519.792075097831,1739414858832.5796,5830284576952.684,-0.005859375,76923.07692307685,rectangular_hollow_section,True
63.06402939674604,34.358583598997825,4.619041435918933,19.885400430610147,4,,,,,,rectangular_hollow_section,False
56.69491112912692,23.77584672347205,6.0481956193379265,12.328728795522292,4,,,,,,rectangular_hollow_section,False
212.25219956349943,263.1391371656381,14.022348545429036,17.399754757844267,4,12254.356410359282,16834689327812.688,23611997169807.11,-0.078125,76923.076923077,rectangular_hollow_section,True
160.02914221729716,229.7618013624042,9.65273189393593,19.039728700258106,4,6877.998454116012,5587441506906.527,9792504874007.523,0.005859375,76923.07692307701,rectangular_hollow_section,True
298.09654425984473,72.70802669971559,12.543426264139953,17.70978905063473,4,8386.024094922626,14732260086591.594,1355720639741.312,-0.01953125,76923.07692307724,rectangular_hollow_section,True
272.84242664308624,226.7403247615043,6.394407248467266,18.340438254869643,4,6031.853338769452,13332940190084.957,10071108896318.111,-0.02734375,76923.0769230769,rectangular_hollow_section,True
229.0491371350522,34.3863378742956,3.279084023304474,13.946355411029172,4,1603.934396030631,1566674166702.3403,70591709088.30551,-0.0029296875,76923.07692307705,rectangular_hollow_section,True
69.91993380062257,66.54713831439858,16.28191679931057,11.633029574661917,4,3248.1603923210146,321506722195.9131,293758746898.57434,0.0001220703125,76923.076923077,rectangular_hollow_section,True
52.68830966774976,120.49453735072379,18.133976115992724,13.635242906266106,4,4779.70301485086,267509539323.9845,1251952983388.0342,-0.00439453125,76923.07692307697,rectangular_hollow_section,True
188.59287215699635,233.06158258937955,19.685205905105615,15.580078791857556,4,14807.941343708892,14930568751387.867,21101385354959.53,0.04296875,76923.07692307685,rectangular_hollow_section,True
274.48701842851244,235.19156200268552,9.897225223452036,17.43795852190901,4,9449.7673969657,20856907081641.47,16440290521633.266,-0.09765625,76923.07692307688,rectangular_hollow_section,True
186.18512937927173,28.777569001055703,8.916370436284343,9.861030363312494,4,3419.0199130079695,2066388384898.4375,67401191881.51999,0.00244140625,76923.07692307698,rectangular_hollow_section,True
202.39579933905594,89.52802190152661,7.227345302606317,16.962586890056155,4,3817.776010594925,3681312374579.9336,1023075125677.0918,0.0068359375,76923.07692307698,rectangular_hollow_section,True
200.87470690476354,203.4210501434238,5.9021790087208315,10.758321978221112,4,4540.949625678746,5714736466125.453,5825855870567.998,-0.021484375,76923.07692307711,rectangular_hollow_section,True
110.57369536442556,83.6383523396351,2.4258908833417863,13.341949089694289,4,859.8874068618649,296411509488.51605,195563357028.27594,-0.0010986328125,76923.07692307679,rectangular_hollow_section,True
34.198770855359264,231.7264278979562,10.085722651088414,18.531755470708486,4,,,,,,rectangular_hollow_section,False
97.96123820873073,149.33023991285287,13.892215586925827,14.300477136476966,4,5894.5414692566965,1554600369985.3276,3129171041025.167,0.00830078125,76923.07692307713,rectangular_hollow_section,True
148.94463069402724,189.30055322057615,11.198670812886727,12.911756086313826,4,6910.373241427892,4620128472271.062,6758060767252.834,0.0078125,76923.07692307691,rectangular_hollow_section,True
195.12676500533456,205.66814384183837,18.047564725331444,8.412730444404087,4,13093.111714414888,13969890621073.91,15224218626624.605,-0.23828125,76923.07692307701,rectangular_hollow_section,True
129.42876702068853,213.3969005630723,12.610201971352328,8.743521355437164,4,7933.683877663639,4102267204299.3467,9222269766050.227,-0.013671875,76923.07692307737,rectangular_hollow_section,True
159.26424044053832,123.75751621498874,10.787879635409872,17.110899311479955,4,5388.093604468242,3589105618491.038,2406901012422.7695,-0.005859375,76923.07692307683,rectangular_hollow_section,True
169.06633277884293,227.40139121981267,19.945750871238815,9.151639039485799,4,14140.608494349506,11465677176571.984,18732861972612.836,-0.18359375,76923.07692307688,rectangular_hollow_section,True
41.73004584519765,282.69973820857945,5.181518837167557,9.41982781451472,4,3183.9156319185995,196895432152.93738,4876507533595.338,0.00341796875,76923.07692307691,rectangular_hollow_section,True
188.89742556516643,212.84387005882178,18.919654266718606,11.941583187817535,4,13627.198156418737,13617518037878.328,16557201995540.918,-0.140625,76923.0769230769,rectangular_hollow_section,True
80.34481189374024,272.5571134854159,17.457233754723912,11.832942801060483,4,10962.344230870742,1945543081026.8716,16452909296141.71,-0.03125,76923.07692307656,rectangular_hollow_section,True
83.36131337806754,61.25710243145135,9.305422504689794,19.931480303742006,4,2060.7565674201583,309485657650.5126,189524183782.45538,0.00103759765625,76923.07692307686,rectangular_hollow_section,True
218.78260533483987,144.75571925386026,18.068892311033828,15.681561931665142,4,11585.618813846288,13686654982241.375,6927813865254.127,-0.05859375,76923.07692307697,rectangular_hollow_section,True
291.9502993145769,87.55420804517995,4.1851493662447545,14.949149461200253,4,2998.8908244874156,5758986969041.277,878572314365.9893,-0.01806640625,76923.07692307637,rectangular_hollow_section,True
231.52896120865532,146.3157611051476,8.47673668293945,14.265604509229338,4,5948.3636957138115,8526830867691.822,4174132483291.504,0.017578125,76923.07692307717,rectangular_hollow_section,True
142.45666744763358,216.35305953459664,7.7298190055139475,8.365721948666923,4,5238.4871553797475,3499932831686.1807,6726992033576.51,-0.0029296875,76923.07692307715,rectangular_hollow_section,True
291.1806241318394,250.25511616549036,3.354255767938704,10.58307670012126,4,3527.478122322681,9276342227176.918,7383518149988.785,-0.021484375,76923.07692307644,rectangular_hollow_section,True
45.27925522235759,136.98290555409795,5.072282746544465,12.253352986516106,4,1647.4813282443215,111058015844.29077,655045492394.1184,-0.00048828125,76923.07692307695,rectangular_hollow_section,True
281.26046154696604,43.541119639009,7.857999979952,8.48727519088584,4,4785.951129281102,7187552193355.402,285983504342.1716,0.00048828125,76923.07692307707,rectangular_hollow_section,True
36.69583782942852,145.7629475199475,2.9349557107929765,18.29817878754669,4,937.7663243588229,44754817767.62294,380476021741.08813,0.000885009765625,76923.07692307672,rectangular_hollow_section,True
189.30175116475834,179.37501314323748,17.095255294728503,19.99615799815368,4,11044.824701599102,10614105029980.078,9729817171320.336,0.03515625,76923.07692307697,rectangular_hollow_section,True
110.09755297823422,259.0681123666768,2.812304717672596,10.630094587718979,4,1992.8953807126836,914385511647.1199,3385597159042.16,0.025390625,76923.07692307633,rectangular_hollow_section,True
229.72450089482942,149.45218191604266,6.002135166148815,10.27633347265568,4,4320.302639476821,6331447019630.506,3265016052447.996,-0.0302734375,76923.07692307694,rectangular_hollow_section,True
179.66727897282442,40.01920792214411,15.170154056517047,17.422047573425477,4,5446.364687030292,2891301689103.366,173773860068.27692,-0.008056640625,76923.07692307685,rectangular_hollow_section,True
92.78418538228098,165.4508077907143,13.250404594380665,19.157330108469164,4,5809.031864423719,1406274915744.1445,3624005366057.2266,-0.0048828125,76923.07692307673,rectangular_hollow_section,True
123.98624542110146,55.68890627314432,18.760023300334616,13.698588166945665,4,5146.014849866407,1443866563295.08,325391818310.6914,-0.007080078125,76923.07692307694,rectangular_hollow_section,True
154.8387206532059,266.0869295217691,9.808702460035935,16.87889620850445,4,7637.716847352415,6043033983162.258,14075024001290.426,0.046875,76923.07692307695,rectangular_hollow_section,True
114.2647904279211,286.1689431202523,2.439834348152118,16.063386459304244,4,1857.7415755377679,931202704879.9602,3754663071632.9834,0.0048828125,76923.07692307707,rectangular_hollow_section,True
245.8593804729276,57.423184370944305,15.360727572870312,9.712434202923278,4,8279.142527918186,9517493114512.938,694450649866.0471,0.021484375,76923.07692307707,rectangular_hollow_section,True
92.9806441223923,186.17958939785717,7.226152700138294,10.522100179951433,4,3725.7884966569127,1068728645234.4021,3206866609039.21,0.01318359375,76923.07692307702,rectangular_hollow_section,True
207.6891378311367,31.263138682491313,16.77007754369943,16.431705749437015,4,,,,,,rectangular_hollow_section,False
299.18393419935506,183.79280837982634,18.612226718651193,17.512180942863175,4,16286.208850357125,36824734652189.92,16739342627599.543,-0.265625,76923.0769230765,rectangular_hollow_section,True
254.62126706399292,263.8597858104779,10.356380387446434,12.5060335223826,4,10158.375689723202,20261434343792.88,21411737872149.094,-0.015625,76923.07692307713,rectangular_hollow_section,True
161.5157099811207,24.6412097252515,2.8286901464223897,17.074852858761314,4,,,,,,rectangular_hollow_section,False
206.5152445541334,66.4171302815421,10.684435006872503,17.172476875454386,4,5122.828559992389,4474553007076.451,679579049903.6602,-0.00341796875,76923.07692307705,rectangular_hollow_section,True
194.7324186431065,220.25741780094694,13.632221400697132,14.239929710540684,4,10368.710528846972,11643157692661.348,14155537372337.426,0.0703125,76923.07692307694,rectangular_hollow_section,True
279.32468529391195,225.44470036148692,2.7058014960687684,14.93069136661389,4,2628.848458469771,6232760516076.367,4522392686663.274,-0.037109375,76923.0769230765,rectangular_hollow_section,True
85.14638036848746,112.34528864745738,15.473742475677959,17.717896280052344,4,4845.236007781718,847822783787.6438,1357016788961.0938,-0.00732421875,76923.07692307695,rectangular_hollow_section,True
80.16378192342293,130.82997823095582,7.659545353578695,13.453524496246445,4,2850.130883289695,555513407167.15,1207512026930.0723,0.0,76923.07692307682,rectangular_hollow_section,True
123.14797514581387,297.42197401611764,13.283189511931397,11.626324336044231,4,10332.07676347625,5097318373915.654,21438991022324.555,0.04296875,76923.07692307679,rectangular_hollow_section,True
178.88206565685425,201.90800530368594,4.418753510947961,12.778597019533946,4,3193.7278373203817,3293060448370.871,3955431811365.1787,0.015625,76923.07692307742,rectangular_hollow_section,True
37.64494577259017,145.05066663621267,4.548884850005755,13.863038018291357,4,1473.9228195291635,69325470297.63634,610066529454.5435,0.00048828125,76923.07692307682,rectangular_hollow_section,True
263.9982701795226,246.65298892711695,18.456847914278573,19.26292718439123,4,17116.993713487827,33500844739830.21,30060815868021.18,0.0078125,76923.07692307711,rectangular_hollow_section,True
93.4955212161277,281.2379244034595,4.030123725063472,11.61893440076965,4,2878.0671214376102,958622193239.4651,5330694144524.395,-0.00439453125,76923.0769230778,rectangular_hollow_section,True
295.7040282714289,62.635424504020406,2.664455626491833,9.278020895536265,4,1838.8194209706487,3423042732468.619,292080630181.8651,0.002685546875,76923.07692307691,rectangular_hollow_section,True
94.92482097689147,241.3533662395603,19.61381823482079,15.400997216960329,4,11415.400302525733,2767474704943.1895,13928158574635.262,-0.03515625,76923.07692307676,rectangular_hollow_section,True
203.8335381150188,191.9400323762904,16.872895318054102,8.749051110538971,4,12140.367768113809,13965992805745.68,12665200593974.809,-0.22265625,76923.07692307679,rectangular_hollow_section,True
75.86133807661028,53.581028144409785,14.131635179646448,8.87597289447713,4,2780.869246225289,324157315768.11096,172007670100.61633,0.0,76923.07692307701,rectangular_hollow_section,True
285.9524791023913,246.37628442159263,13.62334206542011,19.305877213907827,4,13421.386188088145,31455700072778.555,24934439278386.688,0.0546875,76923.07692307707,rectangular_hollow_section,True
178.1071032487041,193.32665563383688,18.095238413949662,19.36014596336565,4,11759.398970293365,10186389179582.934,11638739249536.238,-0.06640625,76923.07692307701,rectangular_hollow_section,True
276.91283291406864,202.97767853278575,7.517338232341492,19.955307282767787,4,6745.4458670266895,14660558348986.973,9131446599814.115,0.02734375,76923.07692307701,rectangular_hollow_section,True
199.36582785754882,251.44583657819592,3.4016730524844894,10.162254098998154,4,2963.176310803387,3981249412900.084,5652350537804.541,0.0244140625,76923.07692307726,rectangular_hollow_section,True
154.75490708040405,73.7543273303802,19.488305434552963,11.972791048148352,4,7243.991589302147,3497167953621.618,920389624719.3174,-0.00439453125,76923.07692307649,rectangular_hollow_section,True
150.4960623340819,120.21732083418914,16.157714474235753,17.611526744926273,4,7395.87984688216,4099684110990.295,2826787414363.1533,0.0244140625,76923.07692307702,rectangular_hollow_section,True
121.61935604652422,30.2038721100716,5.418255099964158,9.136706650901083,4,1458.1514807039491,417547225742.6887,39823942722.26652,0.000213623046875,76923.07692307692,rectangular_hollow_section,True
157.29542424995591,217.59219201904153,15.926987877414247,19.065401592588007,4,10573.345370789768,7611551987492.914,12838612732653.68,-0.09765625,76923.07692307734,rectangular_hollow_section,True
42.11132578634036,24.030351468065724,8.959791823717282,16.885047587589906,4,,,,,,rectangular_hollow_section,False
67.93974171329033,251.5945727988799,10.835534578482275,17.380674105663633,4,6195.766008473391,885183482367.7236,7876769789908.961,0.0234375,76923.07692307697,rectangular_hollow_section,True
41.93407771075319,82.57948419495757,8.77075214470856,8.642878166678408,4,1801.7514645199644,80394015178.55121,258751509813.1527,-6.103515625e-05,76923.07692307673,rectangular_hollow_section,True
249.09515047211121,125.47425167202712,7.1279048015845285,12.771286233402998,4,5005.303974627359,7919582420485.74,2719196768249.967,-0.0107421875,76923.07692307686,rectangular_hollow_section,True
36.320577903390216,43.42217392250089,2.4844300603808147,18.677766017141085,4,,,,,,rectangular_hollow_section,False
223.27769242524286,225.5958245556838,5.550527773342786,8.826130236361365,4,4792.565407737501,7541498396817.336,7661368400060.225,-0.033203125,76923.07692307662,rectangular_hollow_section,True
241.427200980491,251.5899403085398,11.183941723493557,15.785034612048415,4,10299.430481887754,18215554676200.99,19419449791153.445,0.01171875,76923.0769230771,rectangular_hollow_section,True
129.61605229792093,237.74090000803997,10.590408847970359,15.13339456819012,4,7123.9126859576345,3866552157355.835,10112450995885.008,0.015625,76923.07692307704,rectangular_hollow_section,True
282.1994939290236,102.3032122447219,12.434884014011374,8.18334015899556,4,8877.020690762361,16068031879105.5,3012204622224.0957,0.00390625,76923.07692307714,rectangular_hollow_section,True
238.16971977282728,178.60884369730292,5.923941681184802,17.389188217202275,4,4626.639479040275,7519321425347.734,4857189295432.077,0.017578125,76923.07692307697,rectangular_hollow_section,True
25.88537936741634,99.57349769123019,5.2890644474071955,17.474577659595976,4,,,,,,rectangular_hollow_section,False
145.86768588639956,64.20305652896772,7.054903474480202,14.916655656006359,4,2604.2715003725407,1247907100231.8687,337506043835.9243,-0.000732421875,76923.07692307692,rectangular_hollow_section,True
283.22761259584684,117.7723636826776,9.904930529186625,18.632082061697332,4,7280.3319112543095,13703522518517.14,3411079549908.2793,-0.013671875,76923.07692307692,rectangular_hollow_section,True
130.7061666512286,200.05846677308372,18.99121137982405,10.299637829637364,4,11014.49516254791,5208140217375.104,10661369883651.945,0.005859375,76923.0769230768,rectangular_hollow_section,True
273.551214767225,286.78119600822487,4.3159768888143395,13.200600558691711,4,4666.933526546911,11293853980510.838,12127548760660.848,-0.0078125,76923.07692307608,rectangular_hollow_section,True
253.30116944338235,252.54479031482933,18.458289477024366,17.784155974752892,4,16994.992306595377,31048454214501.734,30900477489946.555,0.03125,76923.07692307708,rectangular_hollow_section,True
75.13300437409941,219.9532181347672,6.737606082817409,12.259398093179037,4,3674.965457952288,717307037775.3538,3998135985967.0215,0.0048828125,76923.07692307688,rectangular_hollow_section,True
226.09437520042817,29.306332196497742,17.819622258875633,16.473623691260247,4,,,,,,rectangular_hollow_section,False
21.219866247531918,96.98158165507,8.144122868329813,8.364028800927201,4,1590.0786615252055,14211262079.402725,249193014196.13867,0.0,76923.07692307694,rectangular_hollow_section,True
284.3769893131987,291.08277263176507,5.695858755496899,8.173121296038799,4,6365.040737145607,16500512731863.3,17096622395050.082,-0.22265625,76923.07692307678,rectangular_hollow_section,True
172.19872091470216,246.36841320267143,12.758059637697144,15.014272769952733,4,9808.798686910233,9048133516617.836,15950223326961.773,0.07421875,76923.07692307695,rectangular_hollow_section,True
107.37472756331309,148.0035992205439,3.924127104716648,12.740265609412734,4,1858.0888643793216,702819022285.161,1143407127374.2979,-0.0009765625,76923.07692307698,rectangular_hollow_section,True
51.685737525054066,110.24507331550952,2.463030379771758,14.370259547598469,4,708.6926854259086,65315996659.9196,203781652071.2566,0.00048828125,76923.07692307695,rectangular_hollow_section,True
252.13176023221047,77.48177475836111,16.38108543222321,11.455043379093317,4,9594.277094027058,12430968453903.777,1593633387150.9888,0.025390625,76923.07692307726,rectangular_hollow_section,True
27.36924318378579,93.5537182843768,9.472881414052988,14.249894719463835,4,,,,,,rectangular_hollow_section,False
77.64379858418303,98.35973580277214,7.4376223319910615,18.663732434973618,4,2174.513371558191,361158393945.6924,521365892904.77185,0.001953125,76923.07692307682,rectangular_hollow_section,True
71.36895670311208,25.964349599794737,2.570163034116434,14.976765238120299,4,,,,,,rectangular_hollow_section,False
234.40548216794198,153.98379288441987,15.444791641625905,11.643321116101589,4,10907.449576026187,15406019623366.547,7788314070803.736,0.0078125,76923.07692307672,rectangular_hollow_section,True
34.67223196158549,185.11701168365002,17.84918736658643,19.43410062909052,4,,,,,,rectangular_hollow_section,False
166.1425183468165,35.33292086609086,14.693929986626195,14.645488716705277,4,4842.7953420797585,2175723635305.2412,112727244849.01239,-0.005615234375,76923.07692307678,rectangular_hollow_section,True
51.22499317747324,174.41722685001085,8.560927553157285,13.854405986771942,4,3406.3318235768534,268848204660.71027,2081421521729.457,-0.00146484375,76923.07692307704,rectangular_hollow_section,True
275.84098430066797,228.50236561192582,5.050299011263786,10.602197686885397,4,4910.5643455021855,11316934526359.895,8501959499190.549,0.072265625,76923.07692307641,rectangular_hollow_section,True
79.45747798512572,125.545953386176,11.560473663685753,11.506322564856562,4,4072.899874384739,708194693136.7327,1516251932161.3486,0.0009765625,76923.0769230771,rectangular_hollow_section,True
105.19276410446359,85.06290657960042,12.16597325264582,13.277397798960923,4,3862.193152886931,1029317192662.9116,722725994204.5076,0.00634765625,76923.07692307688,rectangular_hollow_section,True
51.516588073568286,294.84115472474565,2.1571187964394447,13.473040700568516,4,1422.1842113782968,155256066928.32013,2480927804653.1416,0.0013427734375,76923.07692307688,rectangular_hollow_section,True
113.36718355313099,162.5613234097199,18.91584809535414,16.51009103919759,4,8735.023102985575,2899806509043.2334,5347917324953.998,-0.0302734375,76923.07692307698,rectangular_hollow_section,True
262.6162963086823,267.88117209841494,5.714504225119944,12.87378762299815,4,5817.958746109043,12736197027305.031,13125715872117.875,0.0390625,76923.0769230769,rectangular_hollow_section,True
52.38425194683538,98.31001184961855,18.911926278326465,18.02795527591161,4,3944.1866213127073,200590665722.15717,644687383969.1213,-0.0009765625,76923.07692307688,rectangular_hollow_section,True
115.53948782931458,31.245741617411493,14.561837676033903,16.29197787821658,4,,,,,,rectangular_hollow_section,False
211.42958406356263,242.35658977202053,12.638722201128825,11.596489254973722,4,10697.127021092412,14553659484742.617,18048223544400.12,-0.08984375,76923.07692307657,rectangular_hollow_section,True
41.0121007136973,255.80392181707145,7.566633168589011,11.246329738168978,4,4149.840406332534,216847502924.21332,5071116250071.365,-0.002197265625,76923.07692307724,rectangular_hollow_section,True
87.83645443864494,152.86381829509045,2.396995311783572,18.724877011766345,4,1046.91120617971,279386914703.4809,635138847919.013,-0.0015869140625,76923.07692307705,rectangular_hollow_section,True
228.06446929029983,160.68522676628322,3.2897070977146496,8.277641991718937,4,2470.816715112267,3750055896881.8154,2204765236873.907,-0.0087890625,76923.07692307759,rectangular_hollow_section,True
179.13642604262324,52.44421262679024,2.3376202713359153,8.806081275938485,4,1025.1312370029032,739814802892.8123,108841915255.36154,-0.0013427734375,76923.076923077,rectangular_hollow_section,True
224.41259215628537,174.13106351645283,2.8954394405645827,13.319030329744615,4,2205.63843872786,3309006586414.6055,2261210155237.6655,-0.05517578125,76923.07692307723,rectangular_hollow_section,True
64.50993554847784,23.776560643445283,16.92429365266344,12.95700250209433,4,,,,,,rectangular_hollow_section,False
287.8239076990778,142.45987489506808,14.84687248472723,11.487541665425496,4,11763.054801016682,23762682007342.047,7576401074531.238,-0.15625,76923.07692307692,rectangular_hollow_section,True
205.66844971258485,88.8148956935012,3.654333665672324,8.4996176526619,4,2050.0974647072335,2173728231569.7202,592778259859.3508,-0.0126953125,76923.07692307702,rectangular_hollow_section,True
197.7677079735384,64.27520158645831,12.50026105487298,8.706002806675762,4,5850.388963527106,4768725362717.639,687106914249.0244,0.00048828125,76923.07692307685,rectangular_hollow_section,True
33.483706508160125,299.11366736966215,14.472001272932932,18.671636355200906,4,,,,,,rectangular_hollow_section,False
121.42401876762857,154.57671217451355,14.659172681181483,14.661722592478545,4,7017.35327236282,2840193272745.8906,4223684965921.8623,-0.01171875,76923.07692307694,rectangular_hollow_section,True
52.32950500687063,71.73299760911434,3.3982123522629175,19.63458306847399,4,675.0929506817118,51854364812.48543,81794063636.74667,-3.0517578125e-05,76923.07692307694,rectangular_hollow_section,True
23.284180392440987,217.21607268720837,18.357432210356233,9.453989866638231,4,2544.06560123959,36782353844.92134,2458811416795.91,-0.002197265625,76923.07692307704,rectangular_hollow_section,True
241.94820351233176,191.0662116343667,12.07988767445728,16.619075793171866,4,9622.246796433941,15658500387079.648,10814675951233.344,0.0078125,76923.07692307638,rectangular_hollow_section,True
118.47467332925633,118.81182459822276,2.100681476359179,17.187815857961436,4,911.4758607935847,393289540478.8956,394937252036.83997,0.0,76923.076923077,rectangular_hollow_section,True
143.03066913471974,56.14192180125203,16.886903628760233,13.63464684582156,4,5400.2430459740035,2078536987434.4414,378375613446.68567,-0.002685546875,76923.0769230767,rectangular_hollow_section,True
193.14986500487063,182.61980066106926,15.195883939195602,9.001111708011418,4,10415.624887905899,10848849402840.172,9907967891002.281,-0.0390625,76923.07692307686,rectangular_hollow_section,True
80.6306580754001,201.8743171569373,8.30776343703577,13.943364842855242,4,4255.235854793166,906386709650.3206,3954793732625.918,-0.00537109375,76923.07692307694,rectangular_hollow_section,True
74.38159244089113,163.4213270537415,16.729610552552522,8.212352525769138,4,6769.738251842628,955685993652.1609,3827670632772.2793,-0.0078125,76923.07692307688,rectangular_hollow_section,True
105.99927362240875,287.1701946534028,19.249229611378883,10.10008251641958,4,13552.275712684941,4373407091359.992,24131839824535.15,0.0390625,76923.07692307705,rectangular_hollow_section,True
61.24953559427822,174.453294860711,2.0696300210547665,9.95982793190691,4,921.5588848575736,132356886797.13821,661075064685.1824,0.00067138671875,76923.07692307698,rectangular_hollow_section,True
276.667985919286,144.59422443543409,2.3516439957176063,9.562484422720662,4,1919.7516886056437,3984679242901.869,1489899017233.1594,0.03564453125,76923.0769230771,rectangular_hollow_section,True
177.21168444418586,286.8484447370415,15.653535563435776,10.194319691389557,4,13444.306614908826,13222979940973.203,28718604991440.766,0.0078125,76923.07692307694,rectangular_hollow_section,True
161.01667976453365,126.9375529211028,13.790171751714135,16.393325904693064,4,6919.236580295507,4588168320477.756,3120155470368.2275,0.029296875,76923.07692307676,rectangular_hollow_section,True
52.85378955889111,186.19628827520123,3.476984280943783,13.73169949570238,4,1530.588660310966,157799090092.803,1136695991775.0293,0.0001220703125,76923.07692307697,rectangular_hollow_section,True
112.38769475158729,158.005624281678,19.53611840727378,19.554275418769937,4,8655.862747171062,2753629761804.209,4910593055800.08,0.052734375,76923.07692307702,rectangular_hollow_section,True
274.97517373826827,101.31444750183277,13.071159644526364,9.1108717590778,4,9070.654581594321,15500566728416.574,2965338348773.1445,-0.0390625,76923.07692307711,rectangular_hollow_section,True
218.88288244267244,234.02688942544677,11.001347387351199,10.901003040247735,4,9362.285026261934,13663915802171.742,15171591618090.375,-0.02734375,76923.07692307715,rectangular_hollow_section,True
256.160008779937,97.8838253153404,7.8511296287235375,18.074491376740312,4,5090.557012579506,7668074953321.896,1680303289107.7588,-0.0166015625,76923.07692307691,rectangular_hollow_section,True
113.22904210178808,218.07533469439718,3.689254378405124,13.971434441607325,4,2300.612100381772,1054557280591.1545,2858180662414.6943,-0.02392578125,76923.07692307701,rectangular_hollow_section,True
225.54202035796084,289.42019671311147,4.967466168219431,15.62049982209006,4,4886.899013232505,8326997532905.15,12138761288684.215,0.0625,76923.07692307647,rectangular_hollow_section,True
279.7667835713955,20.773122401046436,14.679287364474979,11.067580499584789,4,,,,,,rectangular_hollow_section,False
298.100222043441,52.15343024798113,16.658644037996762,8.582190835845807,4,10485.806148780704,16879944213951.297,666775463846.3577,-0.0234375,76923.07692307683,rectangular_hollow_section,True
192.7259903790289,144.4199020199248,14.046220433361919,18.728035553575108,4,8353.245888949998,8015771440603.088,5048328012564.866,0.01953125,76923.07692307672,rectangular_hollow_section,True
84.81182548596591,125.3167730250108,16.130313207914725,10.437245524901574,4,5629.19610495575,1014365095004.5564,1997235109343.4482,0.01171875,76923.07692307659,rectangular_hollow_section,True
236.84474415580164,112.91298452945159,3.4358784222913528,12.813581091008757,4,2279.982470874622,3293407724150.7227,1063909656501.3511,-0.01123046875,76923.07692307692,rectangular_hollow_section,True
50.0328503859821,169.30322717521918,15.49891058608448,17.460330766565065,4,5537.059610071698,310465912312.0206,2816120880540.0723,-0.00048828125,76923.07692307682,rectangular_hollow_section,True
64.47477179463306,211.75233723761323,7.07684828413456,14.338325146574775,4,3556.4490368409893,497708935995.7112,3400166857628.0938,0.00537109375,76923.07692307691,rectangular_hollow_section,True
267.89530994419897,91.47466571928139,2.4118850815980606,17.762618616035496,4,1630.3838075132219,2727905672641.6113,530216497008.0071,-0.01708984375,76923.076923077,rectangular_hollow_section,True
166.53507989495986,44.65055285505299,5.36424007779003,13.395441031894407,4,2035.6629319796996,1143178318371.3345,135331222698.05002,0.0025634765625,76923.076923077,rectangular_hollow_section,True
270.220199575176,114.94154819090942,4.506882690153125,9.16123620158745,4,3328.2444193690303,6111373724632.902,1625019551581.1282,-0.015625,76923.07692307662,rectangular_hollow_section,True
261.7900274639304,266.1636388892222,15.672241055486818,18.723011118303496,4,15224.713744264158,30599447395179.04,31407639508981.188,-0.0546875,76923.07692307704,rectangular_hollow_section,True
77.06707749166759,81.80082623853016,6.551956815922727,19.97901118586649,4,1691.2036379704773,262538175670.54913,287499353541.7831,-6.103515625e-05,76923.07692307683,rectangular_hollow_section,True
157.61814679778033,77.67056820683821,17.23245354737052,13.016087481262893,4,6751.955348706161,3529917741871.8887,1022013681018.8508,0.0166015625,76923.07692307695,rectangular_hollow_section,True
21.40380480547406,44.27903978040896,14.554280040703553,15.228263376734452,4,,,,,,rectangular_hollow_section,False
33.60599686147792,278.5946369083081,14.601276397128816,16.122357279872876,4,8006.649683153542,166651799754.0437,10026709409643.723,0.02001953125,76923.07692307691,rectangular_hollow_section,True
87.72941232965992,102.61287818042825,17.75706528134559,8.776341845583659,4,5421.563310962572,968669935851.4661,1279601288180.1206,-0.01025390625,76923.0769230769,rectangular_hollow_section,True
141.0677236215854,178.6523141527696,2.9932632204227145,11.034177733991989,4,1821.0771889265434,1209014059580.6636,1725847485598.793,-0.00732421875,76923.07692307686,rectangular_hollow_section,True
66.32385321519106,174.16658704524272,4.7415674774669005,14.39077343597479,4,2076.6862673318606,318756162565.1439,1438404489642.5762,0.000732421875,76923.07692307657,rectangular_hollow_section,True
46.17349973970798,162.10583804245405,12.802894944009417,12.009822662910087,4,4533.264645081689,234263226849.76617,2230137378897.7725,0.001220703125,76923.0769230771,rectangular_hollow_section,True
80.57105162478308,286.0752615434931,13.099893620339126,12.304865008816625,4,8768.216843245858,1755344541162.9385,14940684871130.383,0.00390625,76923.0769230769,rectangular_hollow_section,True
61.79208282783354,36.90063592635403,11.023990576145792,11.504354316741964,4,1557.742311147109,108538793600.96356,42942736167.339294,0.000335693359375,76923.07692307694,rectangular_hollow_section,True
169.27918130819634,173.35073256632944,2.664791854183969,17.384108383705335,4,1712.1213992805472,1549071822107.4214,1604766981655.4102,0.0126953125,76923.07692307702,rectangular_hollow_section,True
288.1532218588545,51.91198243123467,11.98834753586089,19.12465770382489,4,7263.932191728873,10867061619243.293,543048891212.5941,0.041015625,76923.07692307708,rectangular_hollow_section,True
186.99171864319501,274.59776552295574,17.103097846990728,19.640269960723877,4,14239.853440021176,15033134921537.762,27818203220360.555,0.0,76923.07692307659,rectangular_hollow_section,True
289.41146990471526,213.44373682680006,17.46553236644575,16.096470955252457,4,16085.992117023432,36174444733736.74,22228976605020.58,-0.203125,76923.07692307644,rectangular_hollow_section,True
150.71881104138882,22.443668100426088,12.092211278655643,19.911409588961426,4,,,,,,rectangular_hollow_section,False
272.91444064385354,150.23069258309363,11.90911004391511,14.543899386464052,4,9306.673409657651,17605822238899.95,6824134520138.959,0.0,76923.07692307692,rectangular_hollow_section,True
51.01163243752262,53.34207056241407,15.789229844020307,10.055182319367452,4,2197.0233957363453,104511682275.66522,113750086415.70398,0.0,76923.07692307695,rectangular_hollow_section,True
31.614898681000106,244.6248092157822,19.609246347918237,9.11417792952131,4,6088.894079984363,124199402279.2641,6375410869524.3125,-0.0107421875,76923.07692307702,rectangular_hollow_section,True
205.98497505658196,227.3261192353565,5.102709720669508,17.209735329265747,4,4168.3759588451885,5643815193058.105,6549012035394.889,-0.078125,76923.07692307727,rectangular_hollow_section,True
144.5734056533746,147.9539098419736,15.172112592772038,13.630308606483824,4,7769.957419494531,4352812565152.8027,4521103178665.286,-0.0126953125,76923.07692307718,rectangular_hollow_section,True
123.39892138984756,38.819247914334554,6.631653300966132,18.124227234219326,4,1779.2256566424055,502499000042.29517,76723955019.88771,0.000732421875,76923.07692307686,rectangular_hollow_section,True
200.5360549558289,179.82110398522389,15.446767094748719,19.28848700868501,4,10438.879520060982,11391550394095.305,9569381444186.152,-0.00390625,76923.07692307682,rectangular_hollow_section,True
200.63391500669584,61.92603050586292,8.871046073881088,19.17921823733033,4,4081.9969149716962,3324611844697.6914,487367870332.26526,0.00244140625,76923.07692307729,rectangular_hollow_section,True
134.2781403376651,257.28591406537737,4.9068629631791065,16.31478630199525,4,3610.361558791857,2308512544784.06,6229216849059.107,0.0146484375,76923.07692307718,rectangular_hollow_section,True
273.31701334209015,95.49874306925864,2.1724110748803733,8.829279957958315,4,1549.919106874219,2808732485318.9697,556761862441.587,0.006591796875,76923.07692307717,rectangular_hollow_section,True
294.4706145454419,202.82467057661597,14.00068215526803,12.280542445145981,4,12990.05832261627,30558913705243.984,16927784515632.008,-0.3828125,76923.07692307649,rectangular_hollow_section,True
200.44193164020297,120.1211074921752,18.393561769309116,15.197730750138454,4,10208.32864427837,9604030977553.973,4064549918220.466,-0.056640625,76923.07692307702,rectangular_hollow_section,True
188.62997281518577,277.6361938302846,5.624973878850404,9.883746789646498,4,5039.357387497914,6141101077030.523,11095826045715.57,0.048828125,76923.07692307772,rectangular_hollow_section,True
47.80952943030532,151.91631084105276,15.45483510243967,12.023148297998363,4,5073.49604701002,254053674919.3695,2140250994968.6377,0.0,76923.07692307672,rectangular_hollow_section,True
39.680789386569295,142.2396447142696,16.31619704879381,8.409339906100923,4,4800.909157786238,142958504022.44324,1681026394658.0479,0.007568359375,76923.07692307682,rectangular_hollow_section,True
293.63363762728824,99.13722284500064,2.8865871724088876,19.80657962897346,4,2128.1906611863787,4251014141310.3594,809783164500.9615,-0.00390625,76923.07692307718,rectangular_hollow_section,True
298.4482920969939,108.63750935464321,2.681873712159027,8.620727502463831,4,2115.6886742516435,4626092144445.604,974440568279.6885,0.00244140625,76923.07692307694,rectangular_hollow_section,True
159.97017110275317,291.1846848733366,11.313662814848755,17.53167671776449,4,9427.735978798768,7952905821190.375,20396283389308.65,-0.0234375,76923.07692307669,rectangular_hollow_section,True
79.64249129145084,105.1453736133889,8.518416973802273,15.715946290550324,4,2662.759919415798,469474539264.52185,729961876178.3345,-0.0009765625,76923.07692307685,rectangular_hollow_section,True
258.04747057341734,297.096600240827,18.885827712797674,16.48171336824211,4,19270.365725215197,38039046929818.984,47622090400443.17,-0.3125,76923.0769230771,rectangular_hollow_section,True
157.56625990565388,32.7796564773856,11.437867583026842,13.118660503015242,4,3661.72932517732,1539487550038.7988,84071995525.22467,-0.00146484375,76923.07692307701,rectangular_hollow_section,True
179.2455649400693,91.42330466829763,19.139292116033733,17.506076490850376,4,8589.108399387442,5846525963626.131,1824041483765.5933,-0.0322265625,76923.07692307683,rectangular_hollow_section,True
102.55371449350224,157.58564011400097,10.64135141171262,15.931140789908964,4,4857.695762116732,1507473866860.5093,2998416479301.008,-0.0029296875,76923.07692307673,rectangular_hollow_section,True
213.31595408464176,272.1005882646287,16.12824020529703,16.833836721821083,4,14334.468468455638,19696940520347.445,29003501146379.89,0.125,76923.07692307672,rectangular_hollow_section,True
174.7550192419462,141.00915494703997,4.203282720530077,19.029529245812597,4,2441.5164544583654,2151103003711.8428,1559712811302.58,0.00537109375,76923.07692307708,rectangular_hollow_section,True
34.823561159936276,22.01767941350522,4.238583313117534,17.010411104750816,4,,,,,,rectangular_hollow_section,False
280.3670922977997,136.8414101989408,19.31587286999749,10.321915175298528,4,14518.539077212503,26737056612302.273,8064674513007.891,0.0234375,76923.07692307667,rectangular_hollow_section,True
65.0963256563964,270.4257298508105,2.5379000260442357,14.657419186189845,4,1609.321928124851,272243257633.30762,2515722253456.258,-0.01025390625,76923.07692307633,rectangular_hollow_section,True
30.721572506500156,277.5276036705619,9.47982931072869,19.61818750325306,4,,,,,,rectangular_hollow_section,False
118.25128412476113,280.00708995296577,19.054579817229456,10.894495748355746,4,13606.293867832344,5565732685805.721,23913297137191.28,0.03515625,76923.07692307679,rectangular_hollow_section,True
183.03380631648685,162.95137433230084,3.2428579073935024,11.058835039590875,4,2140.6887142840533,2201231961168.3794,1847514650384.894,0.00439453125,76923.07692307682,rectangular_hollow_section,True
166.0100825187772,215.25489973826802,3.7731057873221707,9.652952266270992,4,2761.554020146333,2559135969513.71,3794708468160.9297,0.0166015625,76923.07692307778,rectangular_hollow_section,True
120.85273434609188,72.84769002442366,16.543091864445113,10.770808264753702,4,5198.10196466889,1617405672909.6504,660093368290.6794,0.00341796875,76923.0769230767,rectangular_hollow_section,True
123.55946201703983,172.49700081550733,17.971689963969887,14.233975805830575,4,9146.737295827093,3754357186295.338,6573570423708.332,-0.025390625,76923.07692307679,rectangular_hollow_section,True
176.0862917271969,97.03610000640977,19.426469427009636,11.086761344330249,4,8979.140450989184,6144540347862.016,2179240252417.4521,0.0224609375,76923.0769230769,rectangular_hollow_section,True
154.3306287203319,36.45854044168966,14.550400516104347,16.78712413422592,4,4428.456426014192,1694978593663.6582,111853137175.16254,0.002685546875,76923.07692307694,rectangular_hollow_section,True
275.5324578817242,193.92289833165378,14.682492624881704,8.205956396830551,4,12855.909531523059,26446594541805.83,15085523085818.258,0.11328125,76923.07692307654,rectangular_hollow_section,True
194.27836004767363,198.0310892107006,17.759697352612235,14.37025854131933,4,12466.462444027735,13001782734663.68,13412718303704.34,-0.234375,76923.07692307676,rectangular_hollow_section,True
225.63716698083658,117.1800740588584,4.78709027365533,8.054740533347985,4,3136.32792045247,4211025984104.384,1528461993806.0308,0.01611328125,76923.0769230769,rectangular_hollow_section,True
114.57222874373639,279.4340880697983,7.204430533406484,17.594649137892265,4,5267.951965533338,2439730959384.339,9817444276146.773,0.0126953125,76923.07692307672,rectangular_hollow_section,True
270.94055526797365,69.55140671297656,8.490926346653396,15.849783103921158,4,5296.7381690510365,8003945819367.715,862327052346.2905,-0.0009765625,76923.07692307705,rectangular_hollow_section,True
274.860524604948,39.38048109372788,18.17998679487194,12.763045801677308,4,9940.851650435856,12358136856608.29,270470540368.71985,0.0146484375,76923.07692307704,rectangular_hollow_section,True
225.2692034127133,205.7564531939911,9.208030351983925,15.569864994128872,4,7396.6956092630835,11075691142700.969,9629399901957.584,-0.044921875,76923.07692307727,rectangular_hollow_section,True
75.55496759086063,282.2258688243029,3.442739085875795,11.414286210267058,4,2349.3419636205954,524118060197.7827,4152614494658.8867,-0.00146484375,76923.07692307743,rectangular_hollow_section,True
280.5433605694426,228.97133618653038,12.318359824828004,15.995752451646446,4,11703.461906298153,26279458676692.43,19143171128636.83,-0.125,76923.07692307662,rectangular_hollow_section,True
227.1397014054163,228.33809105128847,4.195690115411207,14.461946058906241,4,3647.920208308045,5960238628959.053,6007672565153.896,-0.0078125,76923.07692307691,rectangular_hollow_section,True
190.2372015828443,50.01942186216061,9.595246280515418,18.294815660448187,4,3983.350167571272,2722397464178.326,286714481185.5537,-0.00341796875,76923.07692307711,rectangular_hollow_section,True
278.067689806656,292.96649372197476,19.849088302776746,15.593514704322144,4,20849.912938888207,46921197419597.09,51001653458658.16,0.28125,76923.0769230775,rectangular_hollow_section,True
265.1418748616126,296.04917541177,19.285150766184476,15.754227001233298,4,19909.44419760676,41234999524789.06,49170996464833.625,0.359375,76923.07692307685,rectangular_hollow_section,True
44.920192905231985,117.75606590741641,6.733117013609338,15.918744033569713,4,1840.2664451111525,108865834558.36694,516073870808.1736,0.00018310546875,76923.07692307692,rectangular_hollow_section,True
194.34697768907932,118.99086161931682,15.37731746413014,10.464485987818415,4,8581.237820579736,7923113194664.895,3512984651067.4043,0.001953125,76923.07692307697,rectangular_hollow_section,True
260.9831546427504,129.22036177376643,11.804357181199938,18.191954049738932,4,8364.686170043375,13800226359751.91,4505893204021.619,0.052734375,76923.07692307727,rectangular_hollow_section,True
199.56919499961703,288.42950271101637,17.864670866712302,17.474893627723528,4,15853.914467964976,19128123166361.45,34549579672635.234,0.28125,76923.07692307746,rectangular_hollow_section,True
214.35495701456128,121.42234740135845,8.921396235685078,18.01360567987003,4,5431.017799099986,6297279846430.809,2589813547689.919,-0.0087890625,76923.07692307686,rectangular_hollow_section,True
202.95035358551348,205.37681825764906,9.135091331239034,10.710370194330622,4,7014.1819149042085,8750666621579.133,8913983457880.08,-0.05859375,76923.07692307679,rectangular_hollow_section,True
76.26266156688918,140.95507358735725,3.0648332638875155,18.36448519272703,4,1190.7245014220873,235892287937.73346,590389777813.0408,0.0009765625,76923.07692307683,rectangular_hollow_section,True
200.75885976711385,193.7329671387792,16.98665047038055,14.780221228800517,4,12029.549437760857,13363079722755.11,12614455112841.82,-0.1171875,76923.0769230772,rectangular_hollow_section,True
260.44434745004105,35.29648089031108,13.421322062556094,18.795930204242737,4,,,,,,rectangular_hollow_section,False
73.5435283340271,82.16933676940668,6.891094440502516,19.17018631625072,4,1739.3954415996345,246547419666.54993,292371572197.3291,-0.0001220703125,76923.07692307702,rectangular_hollow_section,True
249.2572991482191,285.41105862861843,16.063672816083088,15.966730269077914,4,15890.372316024917,29708462503168.938,36800084631317.31,0.125,76923.07692307702,rectangular_hollow_section,True
229.81446786507155,101.32112376346811,8.692279495546869,15.944307946661324,4,5252.794296160125,6573537691056.467,1795563794901.9683,-0.0224609375,76923.07692307697,rectangular_hollow_section,True
39.18623632353891,39.80324876712341,12.04974896907888,8.149820391582587,4,1256.4015597922207,34862296288.67496,35908686697.19859,1.52587890625e-05,76923.07692307695,rectangular_hollow_section,True
36.69854073223778,156.281696982514,19.00393583175596,13.076710300902747,4,5409.450292272066,120609193410.8064,2106162362809.3096,0.001708984375,76923.07692307691,rectangular_hollow_section,True
137.28893036253183,114.15370887852876,19.812515121569124,11.779753053011444,4,8254.516580581958,3645843116101.2627,2648181237655.791,0.005859375,76923.07692307679,rectangular_hollow_section,True
249.22513923209956,262.9483519413967,12.511386379476704,15.686972950786675,4,11953.86495596146,22457815822644.46,24415663000835.53,-0.2421875,76923.0769230768,rectangular_hollow_section,True
139.80112896041564,195.22087132396476,4.849742221379213,15.286384647564052,4,3030.710630823672,1961077479272.271,3254929347043.5273,-0.009765625,76923.07692307701,rectangular_hollow_section,True
203.6416758351449,228.77473296197581,12.996299827258458,8.457191329339748,4,10492.487275926507,13109496709006.71,15769309885193.836,0.0625,76923.07692307675,rectangular_hollow_section,True
255.82053768577666,184.37480280081738,18.247483803497303,13.670943344062028,4,14546.137339256004,24863069346712.977,14606526529407.91,0.1328125,76923.07692307679,rectangular_hollow_section,True
234.06597965233152,94.94511991027925,14.763300333468536,12.951469797717477,4,8675.018634909155,10527291386018.148,2318388799754.749,-0.0078125,76923.07692307727,rectangular_hollow_section,True
53.129083568625866,56.69514184171578,19.832855283321713,11.84781905267145,4,2642.5165272708605,125102161808.3664,141888701051.5797,0.0,76923.07692307685,rectangular_hollow_section,True
150.88059705269157,97.57065345504913,2.08164897335284,14.417545394558694,4,961.35225661292,604265575511.0597,315712087302.67847,-0.001220703125,76923.07692307686,rectangular_hollow_section,True
107.29141402292026,146.83516452654652,9.340052186781568,11.640579858828959,4,4267.9540401134645,1468346200772.3198,2421793853635.7197,-0.00830078125,76923.07692307683,rectangular_hollow_section,True
285.55957991688285,116.49495870612725,13.296835387332663,11.368739554544709,4,9855.634469269902,18682253393610.39,4308521113887.832,0.078125,76923.0769230767,rectangular_hollow_section,True
87.06264123123755,266.3961583443878,7.242127977029195,12.006475161344719,4,4788.337610017748,1282757576465.7861,7676119592579.471,0.0185546875,76923.07692307688,rectangular_hollow_section,True
207.85965410029874,143.3375297936035,9.167896469488849,19.398062810348698,4,5831.64900449712,6708402354763.404,3769664021046.4414,-0.0068359375,76923.07692307679,rectangular_hollow_section,True
285.8957363325795,105.31208020055695,13.234762396573629,12.970357426217362,4,9486.219084458171,17414968700231.984,3363596181993.4463,-0.03515625,76923.07692307673,rectangular_hollow_section,True
252.5847660920832,102.5071030182472,6.1252781760232295,16.960786797781623,4,4029.736780047178,6114241208332.982,1503319217104.954,-0.009765625,76923.07692307686,rectangular_hollow_section,True
36.18326836568416,71.1203157871303,2.5979225407723785,19.15836702990245,4,,,,,,rectangular_hollow_section,False
44.6088902863081,206.30114210721592,6.331857752820195,13.844611861154078,4,2881.851774041023,188233189874.85004,2382218227318.076,-0.0029296875,76923.0769230771,rectangular_hollow_section,True
173.819437114244,62.16769914361691,3.8164859456055753,17.22892824752362,4,1626.0785577957824,1092355874547.7471,224141828943.6599,-0.0048828125,76923.0769230768,rectangular_hollow_section,True
286.5248702493631,76.34786395427093,4.565434811275278,10.184613077763965,4,3157.819666374468,5727480975723.596,701209321999.4202,0.0361328125,76923.07692307654,rectangular_hollow_section,True
71.43737796980089,75.88725812230308,2.327187043894437,12.8740989691176,4,609.5356974626451,93299753262.98221,102031095430.10184,9.1552734375e-05,76923.07692307701,rectangular_hollow_section,True
74.54088381959033,186.43205616433946,6.757606420620244,16.173954523651965,4,3171.5146582072543,587420059845.4713,2499657292488.635,0.00927734375,76923.0769230769,rectangular_hollow_section,True
184.44493281124022,43.61763613276747,17.729207581465978,19.888710881504096,4,6438.540680849375,3511610193855.1836,229595770279.974,0.00927734375,76923.0769230769,rectangular_hollow_section,True
113.51068004903512,77.25394231594586,19.505451354588036,16.727890828572704,4,5640.227261675536,1463592348614.293,735319193342.9783,0.001953125,76923.0769230769,rectangular_hollow_section,True
231.19487720082785,142.97414977147565,2.7006267889799878,11.188283780876162,4,1938.6708827332068,2910234958814.082,1408775576624.593,-0.01123046875,76923.07692307685,rectangular_hollow_section,True
292.8363279873374,126.55434887041079,11.766317047182582,10.982717258438443,4,9194.962395283668,18932402750452.33,4896065415741.3955,-0.044921875,76923.07692307654,rectangular_hollow_section,True
72.14764451452253,284.81118947060554,16.524445003272966,10.367044257134072,4,10597.388503945283,1507583862493.3457,16961152259704.875,0.013671875,76923.076923077,rectangular_hollow_section,True
97.68051783241636,91.32136556718062,12.049483747095776,10.874208365897855,4,3855.741602516805,921630678055.5115,823465277310.4976,0.002197265625,76923.07692307685,rectangular_hollow_section,True
203.7443115818427,277.0790466750957,2.4806816518510173,8.388966363266135,4,2325.4573109745315,3360575087241.548,5341660214894.904,-0.013671875,76923.07692307713,rectangular_hollow_section,True
203.4356017767835,66.1327552945418,9.610769667276916,13.479773642538644,4,4645.316098714281,4064891182844.963,632715563059.3817,0.001953125,76923.07692307715,rectangular_hollow_section,True
251.35250549938604,65.81413078268685,6.067011573199451,17.56787817906872,4,3524.9123771662053,4621951694773.467,541534928050.4852,-0.00439453125,76923.07692307694,rectangular_hollow_section,True
216.41841483614328,157.5234329372793,14.711997621096254,15.7879706381176,4,9888.989354792404,12110599348609.488,7268147590793.74,0.033203125,76923.07692307692,rectangular_hollow_section,True
54.90141800351444,268.99707405182244,17.751880903089045,8.815823237282567,4,10161.379069572087,703495577176.386,13422649362555.562,-0.0244140625,76923.07692307694,rectangular_hollow_section,True
156.42050944877812,129.34678883758997,16.842891167852684,16.88962595907562,4,8206.305796272038,4988977058835.084,3641079609315.8115,-0.0400390625,76923.07692307669,rectangular_hollow_section,True
200.10361797038357,28.107435284920626,14.285375245454363,18.681109994450864,4,,,,,,rectangular_hollow_section,False
57.467308048513075,33.76597564274344,11.041432679720048,18.533363496684963,4,,,,,,rectangular_hollow_section,False
141.11228937289002,268.616159723745,18.943276011805374,11.977342080291482,4,13944.350654706686,8218655967124.904,23955986143320.21,0.0859375,76923.07692307678,rectangular_hollow_section,True
41.08328185371398,57.12453289137846,11.625824192050052,8.85291686095792,4,1664.4802874988623,57465952504.78424,105106108231.51874,-0.000335693359375,76923.07692307683,rectangular_hollow_section,True
225.0858529798537,195.26359200581763,8.515851625485354,17.0577338820691,4,6651.185560370999,9826963626771.172,7897992628613.951,-0.0390625,76923.07692307701,rectangular_hollow_section,True
167.20981742713948,104.06874886055753,15.586298095938224,8.213433704264581,4,7417.265955841452,4960250756943.166,2228959361495.397,0.0166015625,76923.0769230771,rectangular_hollow_section,True
46.47921594400086,161.188451586318,19.37110844519147,17.699025435735145,4,6231.290945623262,245485203154.43604,2642091143103.2285,-0.00830078125,76923.0769230767,rectangular_hollow_section,True
252.0456984491245,298.3417624938656,6.918856277326882,16.472892694981894,4,7244.54460759922,14964242021997.629,19337394942709.984,0.01171875,76923.0769230768,rectangular_hollow_section,True
228.9852913343098,119.59444685932607,19.80987720550315,16.332769661564814,4,11974.159315478504,14228867020758.758,4746919178039.733,-0.03515625,76923.07692307665,rectangular_hollow_section,True
87.76320734276742,172.7895503060269,6.404122274323901,19.84618420772525,4,2959.99031078667,744975092837.404,2118450987822.0264,0.00048828125,76923.07692307686,rectangular_hollow_section,True
251.94426718831372,184.28623683279554,3.5183906318706413,12.871818632984851,4,2941.94524726628,5477167490083.326,3417852501467.213,0.0205078125,76923.07692307796,rectangular_hollow_section,True
274.95503648299876,262.09072848794386,14.05593489664995,8.056821089679353,4,14242.17102855975,31908682840609.594,29587153336021.78,0.15625,76923.07692307724,rectangular_hollow_section,True
102.52406495899737,120.67176737966432,16.402962044538555,11.550676993959065,4,6112.49873834342,1608325910925.9902,2125888693298.5059,-0.00244140625,76923.07692307682,rectangular_hollow_section,True
85.06109185157948,224.13406811805564,9.17945194033709,14.549991548227014,4,5156.575312178744,1222446010081.0364,5836596243922.279,-0.0029296875,76923.0769230769,rectangular_hollow_section,True
176.4155343879179,79.49384026484552,9.4241847308939,11.978481973441195,4,4331.253814837577,3119314821518.4424,853324180267.2219,0.0029296875,76923.07692307708,rectangular_hollow_section,True
93.08781235606855,245.5360848852739,7.762010418379114,14.977051843580687,4,4843.553954501015,1443431193240.1865,6731578102229.256,-0.0078125,76923.07692307665,rectangular_hollow_section,True
278.2065135698957,266.3202990866461,9.111588006489349,10.523801789460357,4,9482.167750491317,22509059989278.58,21043317310294.645,-0.00390625,76923.07692307685,rectangular_hollow_section,True
92.96507127489559,256.9801737320149,13.662698065401145,14.9160191759372,4,8594.798355948533,2276902268413.602,12353927326080.66,-0.033203125,76923.07692307714,rectangular_hollow_section,True
229.0267229756551,70.78152611785546,3.2054015961910625,8.315137864866038,4,1837.8811698433558,2224098994259.3994,353559919210.6106,-0.00732421875,76923.07692307682,rectangular_hollow_section,True
269.5802640492941,199.50885447117093,15.216975246411012,12.891980595026675,4,13183.806503511245,26027155933933.85,16105234695648.145,0.1171875,76923.07692307679,rectangular_hollow_section,True
294.897132533014,289.74366632683945,10.360058847998216,13.093185222316094,4,11520.54136543345,30745084142340.266,29920024486463.0,0.1640625,76923.07692307721,rectangular_hollow_section,True
252.61569314103406,124.79652569733268,16.870638581041355,11.654057820858986,4,11460.079431961543,17203156484696.344,5332600112156.342,0.0078125,76923.07692307692,rectangular_hollow_section,True
193.57289151590453,200.2127440526139,11.843861234106278,14.666543255355883,4,8559.636694316581,9415223212981.73,9928296327207.94,-0.060546875,76923.07692307683,rectangular_hollow_section,True
182.3519128498809,108.03336311873045,13.754003045020488,17.605141395486577,4,6936.119803792287,5483760730943.5,2335000458308.2944,0.0029296875,76923.07692307714,rectangular_hollow_section,True
230.26081458928383,93.91624190659756,9.067111931178012,19.862372235457805,4,5271.873052663167,6341986376699.305,1528104926157.3247,0.00390625,76923.07692307705,rectangular_hollow_section,True
172.08002489690466,131.401956755828,7.284618521812292,9.866262019089156,4,4118.560018051931,3422017793470.1943,2246917983288.4385,-0.013671875,76923.07692307692,rectangular_hollow_section,True
51.897556797342496,71.84821796671967,14.0162438556395,18.71659803901006,4,2354.863830408534,124830549057.93402,219256238307.21338,0.0,76923.07692307704,rectangular_hollow_section,True
137.2116341206098,128.72204256858737,10.062979614377776,16.423612919640956,4,4717.838694432121,2437433290138.4307,2203711298827.871,-0.00341796875,76923.07692307691,rectangular_hollow_section,True
209.61168419746946,55.43368067241154,7.178675397172906,11.908452425646482,4,3479.77530958556,3159620428788.077,353597380320.1298,0.002197265625,76923.07692307682,rectangular_hollow_section,True
201.84548051736152,93.26836100054507,14.510385740780354,10.532927843547737,4,7611.283609394239,7041043775353.369,1922349357055.625,-0.017578125,76923.07692307675,rectangular_hollow_section,True
29.507636075825772,284.80117324500355,6.656960322052354,8.215953933006265,4,3942.3506241728473,100531875013.55264,5702929368771.172,-0.00146484375,76923.07692307692,rectangular_hollow_section,True
244.08877648213922,78.22117619224599,2.9467163666498024,16.254431057517124,4,1777.6682172675744,2406118939748.2197,417686434012.26373,-0.0068359375,76923.07692307672,rectangular_hollow_section,True
128.75765569926648,130.83964759255116,15.849237728812392,19.751531511657333,4,6849.150300635129,2872788378356.1436,2949576111580.879,-0.0078125,76923.07692307667,rectangular_hollow_section,True
89.39675406145072,211.78132577103415,2.199888463753029,16.25724411507351,4,1239.0695913962986,371685636776.6156,1365752800366.5298,-0.0009765625,76923.07692307698,rectangular_hollow_section,True
55.77207866113369,61.84523149739454,9.189939530939208,19.153474686857248,4,1556.3884221910673,105531045336.62808,124417428628.6803,0.000518798828125,76923.07692307697,rectangular_hollow_section,True
166.73930943721524,238.1351268060555,6.773943605199343,11.504259142210518,4,5191.675855400363,4795524050403.743,8302822603853.777,0.033203125,76923.07692307666,rectangular_hollow_section,True
134.71057516326056,62.736624621400495,9.311960241466535,17.73101923084503,4,3086.8820455147734,1199719919934.525,347148106079.91797,0.003173828125,76923.07692307692,rectangular_hollow_section,True
254.70331530322568,265.36006431527153,13.252342728826727,11.065660453251727,4,12959.169102356991,25390863302944.07,27079167345333.055,0.1484375,76923.07692307651,rectangular_hollow_section,True
21.727515382860062,243.55535819682245,8.04748917828151,17.9922108256254,4,,,,,,rectangular_hollow_section,False
108.49260026060342,242.0958110521036,18.560032295234755,9.086864593389885,4,11553.394169258452,3865886258679.546,15179612119760.879,0.01953125,76923.07692307733,rectangular_hollow_section,True
29.063024311273338,203.13605327904483,7.657778817997858,17.36136078418987,4,,,,,,rectangular_hollow_section,False
251.9391514728656,55.96420409398037,16.819691969814443,9.141841538857813,4,9142.497775653641,10789034523179.508,684366236378.2893,0.0302734375,76923.07692307711,rectangular_hollow_section,True
99.94892547268451,164.9011172549099,6.061880464611127,15.887661747946542,4,2908.1212030654196,944749250373.8721,2043457623257.0815,0.00244140625,76923.07692307704,rectangular_hollow_section,True
67.67410539060388,212.10877670152757,7.1088569290876595,16.90773862254618,4,3585.876029762792,552085534247.1863,3443291778700.591,0.00439453125,76923.076923077,rectangular_hollow_section,True
298.4445516554643,146.8265592990021,6.08265929818681,8.84136398900052,4,5198.310684356212,12084682495439.453,4020647466956.789,-0.00390625,76923.07692307694,rectangular_hollow_section,True
239.1069070004554,79.93126816970295,11.58865680596451,14.026230277970352,4,6666.466602451574,8170870732385.145,1325263636559.4795,0.0048828125,76923.07692307685,rectangular_hollow_section,True
263.1998266482591,232.22575021965207,5.332978332894914,16.16078157355401,4,5026.495564350945,10605878753785.982,8777205391436.5625,-0.11328125,76923.07692307666,rectangular_hollow_section,True
122.26805894006557,211.37413987095366,16.40331088682748,9.159788497470396,4,9785.497266605673,4250159473035.2627,10575628408655.48,0.060546875,76923.0769230768,rectangular_hollow_section,True
124.92754327795693,137.3524790893954,11.129423740097684,16.31391244413238,4,5103.329907717999,2218187394588.0537,2580115965565.091,0.01025390625,76923.07692307688,rectangular_hollow_section,True
70.2488440191637,50.253900231633196,3.5086460171050775,11.163199270164796,4,730.3357273967076,92275237372.32043,55365315469.4854,-0.0001068115234375,76923.07692307723,rectangular_hollow_section,True
51.760085529899136,91.80746990580246,14.869959932247555,11.37226914831054,4,3255.8962546710054,187178534046.7561,531523520803.2317,0.00048828125,76923.07692307692,rectangular_hollow_section,True
76.96392139735028,167.0102512888952,7.270687605290302,11.049030248510247,4,3228.463197403757,622100526675.7935,2144483079923.0234,-0.001220703125,76923.0769230769,rectangular_hollow_section,True
172.25677645276363,140.1240196335329,10.561070634866766,9.737263505805478,4,6057.192152486645,4956860221538.305,3566907532407.993,-0.00390625,76923.0769230769,rectangular_hollow_section,True
127.49234586428528,298.38597732800855,6.282155178584203,19.5490351226265,4,4986.8508614511165,2910980572514.5728,10815996811362.352,0.01953125,76923.07692307688,rectangular_hollow_section,True
203.96418411555726,176.7462644793951,12.206944170937145,19.360722709669854,4,8374.923402152943,9668372895975.291,7722216943407.262,0.078125,76923.07692307704,rectangular_hollow_section,True
294.28163179747935,86.7860263587252,13.23935333851033,8.100655551853578,4,9323.436216759621,17281401654804.906,2204452029007.8354,0.03125,76923.07692307704,rectangular_hollow_section,True
37.637058730643815,57.03917165354311,15.402326660101085,9.297483748808137,4,1881.0985844112852,45741316971.0697,102370797802.66315,-0.000244140625,76923.07692307694,rectangular_hollow_section,True
109.94166585355705,155.52656791032672,5.633644232258527,15.633750481955616,4,2719.7433495141236,1050258965109.5701,1785395165710.269,0.0009765625,76923.07692307694,rectangular_hollow_section,True
107.87268577404429,203.04437671338965,12.67029872252681,9.558096827644889,4,7145.321025453857,2534168309242.2354,7151032508316.207,0.005859375,76923.07692307688,rectangular_hollow_section,True
127.25177000617047,34.49057344270245,16.83277148932607,18.528464612502642,4,,,,,,rectangular_hollow_section,False
136.00783571120795,111.30009163493823,2.126344039533532,12.420990410869445,4,985.3368597099069,541079778917.4592,401290067539.25525,0.0010986328125,76923.07692307679,rectangular_hollow_section,True
206.6746544077683,58.776416363293386,5.770378078533357,9.777471594415136,4,2850.774874389462,2633507892020.5293,344295430900.1476,0.006103515625,76923.07692307692,rectangular_hollow_section,True
58.953789273165846,167.62675313570176,2.738192829564017,17.120172088503693,4,1124.592668262466,143536197597.20502,704802227151.1282,-0.0020751953125,76923.07692307666,rectangular_hollow_section,True
291.13297821526055,263.30248192646275,13.110858974649709,19.88845080639691,4,13501.057040273256,33417559625734.477,28590632153482.54,0.0,76923.0769230772,rectangular_hollow_section,True
156.87180948605283,249.82225751950773,14.14904630872336,16.877404467373935,4,10430.481485990511,7916885299122.939,16655955802090.559,-0.05859375,76923.076923077,rectangular_hollow_section,True
59.56901190136008,173.30088248214864,13.574094150564495,15.04795206230214,4,5360.703010228468,496289762475.7672,3170481517488.617,0.0048828125,76923.07692307704,rectangular_hollow_section,True
297.36876570618057,133.69022778387682,5.434148587190812,14.567666270611202,4,4437.961602170714,9889565645844.148,2883451076098.423,0.0,76923.07692307643,rectangular_hollow_section,True
166.40409625187007,192.23167156146252,7.270612485571509,12.367984138795967,4,4876.572324924613,4222657424415.1846,5275343836098.543,-0.01171875,76923.07692307673,rectangular_hollow_section,True
93.51648037446554,242.37159330643922,12.013515300670992,8.37751050677956,4,7422.912143147909,2054458150237.9038,9936210856775.703,-0.0126953125,76923.07692307683,rectangular_hollow_section,True
249.2579735137075,146.61329450949864,5.835556281080182,17.858396762608166,4,4309.669619099144,7144014784674.9375,3178774240939.547,0.009765625,76923.07692307678,rectangular_hollow_section,True
127.36200139371893,164.17911320933572,15.7024561636502,16.554660101289514,4,7896.224106108965,3502565494826.657,5316472577724.064,0.03515625,76923.07692307701,rectangular_hollow_section,True
131.05997996675404,219.88756350009226,6.526054345396935,9.492455130411951,4,4328.940770034599,2518913423845.091,5629445665344.215,0.005859375,76923.07692307676,rectangular_hollow_section,True
225.5783540852039,183.04387010154574,9.151119160979544,18.87783360350471,4,6881.96577540625,9926011862598.564,7193349769813.074,-0.00390625,76923.07692307685,rectangular_hollow_section,True
218.41430244764194,30.7027803895377,15.420245497717522,12.016664537905516,4,6535.695232141841,4990231222068.477,100713597756.85065,-0.005126953125,76923.07692307682,rectangular_hollow_section,True
177.0432412509125,275.4872636908631,14.962412489342617,16.449999881582716,4,12378.01142803929,12062531721272.672,24422704188180.883,0.11328125,76923.07692307678,rectangular_hollow_section,True
255.6463494855799,221.61891659009123,19.165769616700395,12.839103120724994,4,16660.16280237243,29848997459161.086,23693582918560.992,0.1328125,76923.07692307625,rectangular_hollow_section,True
170.55906507723145,62.20229364285798,7.523297306528214,15.134456129050303,4,3104.743773095147,1949290194163.831,382965194759.67004,0.0,76923.07692307704,rectangular_hollow_section,True
109.8747013105751,220.62259507825289,10.995391196106963,15.27135074995341,4,6569.369292258086,2514237783206.856,7691045532419.217,0.03125,76923.0769230772,rectangular_hollow_section,True
226.30810231601185,179.75335790955535,6.566651686203038,15.942723722569554,4,4994.184974649819,7405629049236.727,5211025888806.715,0.041015625,76923.07692307698,rectangular_hollow_section,True
113.50699206798757,160.5949393129377,9.016408959241845,9.066204969772516,4,4535.454104704557,1797476501464.7686,3124720243971.0703,-0.001953125,76923.07692307715,rectangular_hollow_section,True
185.59338162791983,115.4358692778424,9.777689801010013,10.072351634937391,4,5402.962959533361,4818853192737.855,2256888415092.3276,0.013671875,76923.07692307676,rectangular_hollow_section,True
168.9301510728057,242.12462762550203,7.405472408417272,11.465336513295378,4,5753.77411281645,5428604165843.321,9467848022903.312,0.0,76923.07692307683,rectangular_hollow_section,True
108.58876091666167,257.333171865693,12.463592930855112,15.718722203193192,4,8263.557073236136,3100640716299.711,12594937738611.04,0.025390625,76923.07692307705,rectangular_hollow_section,True
262.53743297848433,229.84574757207133,7.611393163219561,14.921864409156132,4,7094.491677105537,14643401285125.379,11948351238046.379,0.01171875,76923.07692307704,rectangular_hollow_section,True
127.81301707585733,129.96496950891634,2.709798583167986,18.613673492455632,4,1274.145208439797,638359979083.3037,654296323980.443,-0.000732421875,76923.07692307665,rectangular_hollow_section,True
64.20169801799702,89.14241532094411,14.402586594248802,19.49547235555351,4,3233.229782757029,291832325166.92004,510917832486.22656,0.001708984375,76923.07692307676,rectangular_hollow_section,True
189.18580523422338,282.88071110775564,18.86525234319028,10.131763137860322,4,16285.06429895364,17554740775584.047,33788282129163.17,0.1953125,76923.07692307685,rectangular_hollow_section,True
275.1506496445327,158.32473836733084,7.897328629342986,16.17131415851902,4,6404.07142072744,12814178315226.457,5452960423736.871,0.001953125,76923.07692307685,rectangular_hollow_section,True
255.72968455173222,22.238214072856422,9.37060509707596,10.386316636379568,4,4751.377952468699,5086703602200.736,45009818661.13864,0.002197265625,76923.07692307675,rectangular_hollow_section,True
103.63961674255208,109.44899474958954,11.147273689851492,16.426599576182625,4,4011.705410298611,1133427230724.994,1237673441049.0278,0.005859375,76923.07692307707,rectangular_hollow_section,True
118.50126562139471,21.638168123878074,11.783363122290806,19.064190330744946,4,,,,,,rectangular_hollow_section,False
182.7438058749241,182.37883594154303,12.293806480609035,11.590206729935126,4,8238.610597187428,7935756461222.01,7910562790289.205,0.09375,76923.07692307698,rectangular_hollow_section,True
177.28868892822322,58.96983375038823,10.58181319421077,19.693020740823666,4,4247.387060200857,2627846849382.6104,421394293996.9247,0.00146484375,76923.07692307667,rectangular_hollow_section,True
184.95856484226712,128.5289795135737,6.865588150659926,14.181022478995846,4,3968.4217180623996,3705226672673.8945,2111910980392.2583,-0.00390625,76923.07692307701,rectangular_hollow_section,True
166.110976292112,57.780456768535245,12.15094118037709,17.46803012741622,4,4573.5411398829465,2470397704225.913,408871808717.5508,-0.0068359375,76923.07692307714,rectangular_hollow_section,True
260.3222509618641,38.192534964799734,5.433757277645823,8.616870598852687,4,3061.8926599166803,3947644529412.2207,152884846933.7728,0.001708984375,76923.07692307682,rectangular_hollow_section,True
254.09883852526238,123.76686717241219,13.073248679746,19.77658927253806,4,8850.046643945205,13514155466652.102,4258643293133.499,0.0234375,76923.0769230771,rectangular_hollow_section,True
283.45498672288613,75.15928856179296,17.470840802990672,8.355173127797656,4,11239.855794907924,17968738151466.53,1718657913194.3438,0.03515625,76923.076923077,rectangular_hollow_section,True
274.51100735072373,69.23675088678684,15.999810092026564,19.10592125071861,4,9620.433710488138,13762354828078.086,1243713200545.893,-0.00390625,76923.07692307688,rectangular_hollow_section,True
255.52510707166672,141.89001607390503,2.065798103855144,8.602010169611848,4,1593.616217661726,2874963387779.5586,1180616320863.6338,-0.001953125,76923.07692307644,rectangular_hollow_section,True
48.902545616845316,198.0176951570961,7.287882034810276,8.81672294073634,4,3311.2010264234336,254645215387.89862,2654719857141.661,0.002685546875,76923.07692307695,rectangular_hollow_section,True
216.30196259315474,71.49019275711467,6.803032665858427,15.859508562207445,4,3561.0895976668867,3637498219543.295,622092300238.076,-0.0009765625,76923.0769230767,rectangular_hollow_section,True
298.7205313593361,264.8059771248579,7.742414183499505,8.348268061843072,4,8417.004833866336,22926069977621.875,19052059593702.363,-0.0078125,76923.07692307688,rectangular_hollow_section,True
266.3042009333576,21.587195093242855,9.11485209035404,11.945250949901478,4,,,,,,rectangular_hollow_section,False
103.15556230055599,32.54594043490846,10.785367225426727,15.854956495216655,4,2236.205585238369,389128685100.90234,49262567732.46312,-6.103515625e-05,76923.07692307694,rectangular_hollow_section,True
196.12691574497043,70.8420525419065,14.333870377309509,11.852442068611996,4,6691.0774294124285,5351916449790.369,922870551163.863,0.017578125,76923.07692307691,rectangular_hollow_section,True
192.53663069632518,106.91102782125874,6.634187457726444,12.25257066466461,4,3678.5747698361497,3514014072285.838,1404247110432.9482,-0.005859375,76923.07692307688,rectangular_hollow_section,True
233.15033092541614,64.2613673937432,19.65791753224329,11.447271790612122,4,10016.214359098729,10206662854360.36,958319584487.1519,0.0166015625,76923.07692307694,rectangular_hollow_section,True
265.0596257730257,32.58746473819426,2.041882615756246,12.54073622114163,4,1151.7995630834087,1503524259690.44,49539136143.33677,0.00042724609375,76923.07692307649,rectangular_hollow_section,True
246.4824618677063,289.08594792899487,5.488635935669297,15.111413739131264,4,5622.822569760878,11199939952908.629,14256970127930.465,-0.17578125,76923.07692307697,rectangular_hollow_section,True
58.663969152081975,53.678657600295914,5.332827100696367,10.329854370655514,4,1002.7158196910118,88499240603.73193,76901175605.62793,-9.1552734375e-05,76923.07692307705,rectangular_hollow_section,True
101.640461400646,101.76522202118439,8.73003448187842,15.99796496022714,4,3043.511182515436,846691076158.7129,848332911923.2278,-0.005859375,76923.07692307697,rectangular_hollow_section,True
211.23559266915768,64.19749312809654,16.587136834318315,17.769477335671027,4,7722.403736471896,6519247155944.809,793349893585.8857,0.0166015625,76923.07692307685,rectangular_hollow_section,True
37.915712397203194,298.1693645453685,9.319723645005828,8.618519450009906,4,5842.732203843354,233235828040.9876,9413558555592.129,0.01220703125,76923.07692307673,rectangular_hollow_section,True
247.94748797106905,172.9335075738305,5.839129739529995,19.547362662192924,4,4584.591994132894,7895583758568.33,4573530772365.551,-0.044921875,76923.07692307711,rectangular_hollow_section,True
69.81687447935936,107.38177155538212,15.223683292933652,16.465974036297414,4,4198.604987651935,478523413855.84045,1007984502545.3828,-0.000732421875,76923.07692307717,rectangular_hollow_section,True
221.5253334520384,91.04425053742646,10.180668327518907,19.81527242784935,4,5649.93107213484,6202507997124.494,1491225355977.583,-0.00390625,76923.0769230771,rectangular_hollow_section,True
261.31694287447135,31.141450902477395,2.4719888815954096,10.755716511491675,4,1374.399585139328,1743380016706.2695,52435619499.25839,-0.0015869140625,76923.0769230768,rectangular_hollow_section,True
274.5068210881116,91.34359241233727,3.974730811621603,14.529791213731507,4,2745.4143492476524,4792222360494.777,869160607267.7302,0.01171875,76923.07692307678,rectangular_hollow_section,True
187.2422818292809,71.95171045869598,16.986547117520765,19.707357590534837,4,7270.473659681995,4987758249738.41,946199337444.1877,-0.0234375,76923.07692307682,rectangular_hollow_section,True
48.33028115682366,198.6296805563681,6.4405087623392525,18.5611227862649,4,2817.5689874807435,214773899904.766,2143655837217.3506,-0.001953125,76923.07692307685,rectangular_hollow_section,True
206.11297719118556,297.64768411353526,16.63958770246207,19.404136813099985,4,15288.358100352527,19971655169430.504,35823938759145.9,-0.296875,76923.07692307679,rectangular_hollow_section,True
147.08173824115227,178.78237923318864,4.982246100975772,10.98896394515544,4,3063.102683297935,2138569897098.0366,2881091919693.715,0.00341796875,76923.07692307672,rectangular_hollow_section,True
32.1158985030077,84.3122557589243,4.542809639240951,14.621742491511274,4,863.0629391992738,25907775828.08719,118517412307.52826,-0.000152587890625,76923.07692307679,rectangular_hollow_section,True
42.075439087423845,74.25441557459432,13.624647556178182,9.698619843455361,4,2333.319229074683,82992684364.92468,238632545783.26917,-0.00067138671875,76923.07692307691,rectangular_hollow_section,True
143.5895891469971,48.61839432774211,13.193237018169242,8.721140609549746,4,4299.3866599312,1728507168581.9854,246024881552.91803,-0.0029296875,76923.0769230771,rectangular_hollow_section,True
235.51491329421586,265.94039191142497,10.795491496437581,15.234550004938022,4,10148.356146372695,17472059714313.29,21093048172580.992,0.08203125,76923.07692307692,rectangular_hollow_section,True
225.32073611027417,281.82470889235327,8.7494321180045,14.546851501793137,4,8390.258223356937,13755840902381.371,19408093844978.438,-0.078125,76923.07692307715,rectangular_hollow_section,True
297.54712332554914,39.46015932340195,9.243547385620447,8.646771206310124,4,5813.746247554136,9407039026755.195,257105410194.2025,-0.01416015625,76923.07692307678,rectangular_hollow_section,True
33.29247712504064,214.4329683092761,6.023186770602984,12.425761623413592,4,2725.6715486930802,94279159636.16129,2281593645918.659,0.0048828125,76923.07692307707,rectangular_hollow_section,True
235.66470352355103,44.59004007958267,10.547522742813321,10.527981789302151,4,5356.147219274257,5563803382934.248,293104084604.5321,0.00390625,76923.07692307695,rectangular_hollow_section,True
79.02443412449118,170.763884574455,17.925669489031556,11.257343254669097,4,7543.199402762958,1189176113159.13,4618257852610.965,0.0009765625,76923.07692307698,rectangular_hollow_section,True
238.70681456117993,138.0612721482389,4.183062391374757,19.897395064029702,4,2933.130704701188,4454109459628.335,1951344100388.4678,-0.0009765625,76923.07692307729,rectangular_hollow_section,True
123.08714617846992,85.21732645763514,5.446591093384594,13.959756225020282,4,2028.0363392863542,809466506591.488,459455594611.854,-0.0025634765625,76923.07692307685,rectangular_hollow_section,True
25.909088618044645,228.17560417400293,9.401358132283384,10.203527165674114,4,4320.471755350199,62512186970.55081,3784806709684.7344,0.006103515625,76923.07692307708,rectangular_hollow_section,True
223.59941474213753,126.68627319796197,9.029212548962663,19.405205834581174,4,5730.600364705071,7234950121037.223,2983980971813.3125,0.0185546875,76923.07692307685,rectangular_hollow_section,True
132.82757156376005,145.35026667255516,6.673288127162561,14.791363139246439,4,3381.7093509566407,1795527757167.0059,2062531390882.9102,-0.00244140625,76923.07692307711,rectangular_hollow_section,True
71.36325147253163,27.104860854163107,12.881959393832734,17.47231975415808,4,,,,,,rectangular_hollow_section,False
287.7108895459623,70.820311436017,16.39846801942,11.754688599638598,4,10544.913148924279,17064108828614.742,1440255619219.6294,-0.033203125,76923.07692307647,rectangular_hollow_section,True
34.34622731345199,169.8926863130441,6.138992939477634,12.038759790807791,4,2246.7690717948485,81080606085.26105,1213459256772.3618,0.002197265625,76923.07692307694,rectangular_hollow_section,True
278.31370823526385,97.7554430607565,8.994366608825928,15.454437497523822,4,6244.305988798916,10931048828096.883,2045670098397.2676,-0.01953125,76923.07692307727,rectangular_hollow_section,True
207.57484159368406,34.96174171200754,9.692187653180252,8.261826969323991,4,4257.408365431107,3339744758974.0664,132680751576.65958,0.003662109375,76923.07692307679,rectangular_hollow_section,True
215.2306305739515,139.0768171306944,2.33237462955573,16.324152077209366,4,1560.2874136323182,2029811055496.3848,1057576546294.1763,-0.0048828125,76923.07692307713,rectangular_hollow_section,True
28.198745048697322,195.8623017365827,11.368275120611587,10.692830596032543,4,4463.087904307432,69588533503.09103,2850983951321.1074,0.0009765625,76923.07692307685,rectangular_hollow_section,True
258.0061697624489,89.31909544851834,7.436300641387573,11.749231470178904,4,4824.992848194584,7348668649503.16,1348676019679.4983,0.009765625,76923.07692307692,rectangular_hollow_section,True
31.04945309070869,178.09603170038804,18.18613416662856,19.151154161068824,4,,,,,,rectangular_hollow_section,False
179.4212004460631,35.72699778406074,2.8211465188839524,19.962006120295175,4,,,,,,rectangular_hollow_section,False
172.9379694392051,218.7560883820332,15.530182133045773,15.126681849876283,4,10972.597384661696,9609293584417.732,14025433324427.23,-0.0234375,76923.07692307685,rectangular_hollow_section,True
104.65620634143772,165.5397712574841,8.700609027990737,8.287537622167132,4,4330.253454377399,1487641956114.5166,3095392474029.8135,-0.0048828125,76923.07692307692,rectangular_hollow_section,True
86.27636369085252,266.75142587981986,8.556485840122926,11.139861105706148,4,5631.078087842251,1439473272063.2249,8957078109258.477,0.0126953125,76923.07692307694,rectangular_hollow_section,True
125.79810359546511,218.22877681015171,17.286182452600443,18.57040388259488,4,10355.36375576092,4681524598385.115,11618823456444.09,-0.0625,76923.07692307702,rectangular_hollow_section,True
195.2679624717987,168.05675584266612,12.384453352531677,10.71978908396928,4,8270.743434205662,8810261571029.52,6934819284774.369,-0.044921875,76923.07692307701,rectangular_hollow_section,True
95.77979803888863,24.809421293159378,7.4526345474633295,16.815920742988595,4,,,,,,rectangular_hollow_section,False
192.56357741323924,92.47165498267329,12.629250982183128,12.332287618080077,4,6409.4857380067615,5493884863854.359,1634022087513.9648,0.0068359375,76923.07692307678,rectangular_hollow_section,True
197.37083932498004,163.56577685940752,11.399706019102842,17.55241096773053,4,7439.09809018055,7984181918490.402,5944339362879.35,-0.01953125,76923.07692307691,rectangular_hollow_section,True
207.50594852405845,59.82719336290376,15.648880667454145,17.863029724197553,4,7073.193632230249,5683858511942.338,629976669387.4841,0.00927734375,76923.0769230774,rectangular_hollow_section,True
151.0067531107977,84.69128549138561,16.388855161538864,13.406729758521891,4,6471.5233361783785,3242712479865.244,1197972719682.6045,0.0029296875,76923.07692307714,rectangular_hollow_section,True
218.8799970070193,141.7553694514005,18.415540502210913,17.758485108887687,4,11610.69807377238,13526009741167.367,6606373120240.357,0.00390625,76923.0769230769,rectangular_hollow_section,True
235.0031772053824,135.8889536640636,17.396402940603316,16.199005730572352,4,11431.430784461307,15194337561482.27,6164912548794.203,0.05078125,76923.07692307649,rectangular_hollow_section,True
40.31238382453796,69.50064375448085,13.842492623732863,8.184817855065782,4,2206.7223970317054,70022541219.91269,195753903580.7536,6.103515625e-05,76923.07692307688,rectangular_hollow_section,True
129.91979637121472,249.69270869952214,13.803034244563928,15.464371569409451,4,9481.127050555957,4983486105935.24,14334957376764.613,-0.017578125,76923.07692307676,rectangular_hollow_section,True
200.03772125724936,140.36233763046474,3.803656449975957,11.384624870390427,4,2459.519948314968,2816714542023.621,1645878616589.0767,0.01611328125,76923.07692307688,rectangular_hollow_section,True
82.07865813104952,263.2420080803932,10.577421156711026,10.378734958685053,4,6749.958748620765,1481579639680.734,10188892675240.637,0.0107421875,76923.0769230768,rectangular_hollow_section,True
76.69530552746346,193.37299919329482,6.051067216548676,14.102975825814228,4,2987.880577121015,602885289761.4819,2586216306942.716,0.0,76923.07692307675,rectangular_hollow_section,True
168.67947599162332,276.4425004979429,13.157925383983141,10.202231250455137,4,10917.15398271187,9944719253771.98,21877807569383.625,-0.09765625,76923.076923077,rectangular_hollow_section,True
289.1140038371295,225.1040303074863,2.2704144459993136,19.670928896207982,4,2230.189438696391,5591096418851.279,3853356596591.878,0.0205078125,76923.07692307708,rectangular_hollow_section,True
32.4218632602409,295.43952732096693,12.104758717548513,9.689529805967762,4,7257.378329270191,161631442430.7697,10806676962111.898,-0.0166015625,76923.07692307669,rectangular_hollow_section,True
41.33703406731733,251.39096015493797,15.224123831851168,12.618954063785853,4,7826.720678723914,281111639759.5089,8509141163382.586,0.02392578125,76923.0769230768,rectangular_hollow_section,True
124.29598035269115,62.368647939496725,2.2962423960466034,16.654438019595005,4,764.9510259036432,287915610528.9175,103263487612.6802,-0.0003662109375,76923.07692307676,rectangular_hollow_section,True
46.18117527258083,267.55009481024695,14.37979174579947,9.195844890276094,4,8111.1034500161995,410727485698.6803,10494854702084.117,0.0380859375,76923.07692307695,rectangular_hollow_section,True
116.3959230910269,129.7776022105283,6.931642495669175,15.947877057499031,4,3047.540770859575,1217004582788.312,1439480855256.2583,0.00048828125,76923.0769230768,rectangular_hollow_section,True
51.44402000139547,186.272648931134,17.331122644387847,17.716228311441544,4,6724.605800102326,381093212662.2113,4070976659709.0273,0.001953125,76923.07692307683,rectangular_hollow_section,True
50.76646249841584,293.12734077284847,14.111624018370044,13.627893007831416,4,8723.5289104465,570233007634.2302,13563723897245.578,-0.009765625,76923.07692307692,rectangular_hollow_section,True
114.14827874998565,172.22123216288665,11.023461582137987,12.063724903244267,4,5683.0484719119995,2228716589792.081,4318942963476.711,0.0146484375,76923.07692307697,rectangular_hollow_section,True
197.06065649050154,169.65326756488213,3.696941040974041,9.4923258163772,4,2600.2522553228787,3077892310657.2617,2453169140194.122,0.0,76923.07692307697,rectangular_hollow_section,True
213.0818384129386,105.29794369373053,6.957022331133627,13.8074574315771,4,4092.632449272312,4629593358735.971,1538282317541.627,0.0107421875,76923.07692307707,rectangular_hollow_section,True
148.73247069818376,58.09359187166973,4.0838643420440075,11.728719418206886,4,1543.4683219564042,788509012798.408,181692304277.98257,0.0023193359375,76923.07692307697,rectangular_hollow_section,True
207.24283606174916,22.928637846663538,19.059870505080372,16.755779414873672,4,,,,,,rectangular_hollow_section,False
72.02112305063531,235.8643434087479,14.95733853911676,15.126737374292986,4,8086.6169138931755,1164037486975.071,9022582990095.7,0.0322265625,76923.07692307726,rectangular_hollow_section,True
102.45140457026325,29.045557094917367,17.805344400226357,13.680285388586828,4,2349.789810265808,401746272985.94824,36526405798.940994,-0.0003662109375,76923.07692307692,rectangular_hollow_section,True
20.678298504766673,58.61941644672947,18.719376944297423,12.413050755522345,4,,,,,,rectangular_hollow_section,False
218.19758771319002,219.40951506733552,15.798087964033998,15.12838292378296,4,12599.524703659597,17141066691973.25,17293327701920.59,-0.01171875,76923.07692307698,rectangular_hollow_section,True
210.97056316719986,263.1495057150404,9.17096001816476,14.210326798775295,4,8183.308190259536,11644854554013.691,16382355774758.777,0.109375,76923.07692307697,rectangular_hollow_section,True
221.69675958735726,159.42407303272697,3.64301606239768,19.906273708177025,4,2592.0061820833803,3631372428334.8613,2218082955957.5107,-0.037109375,76923.07692307682,rectangular_hollow_section,True
226.02689764615621,222.8003616091819,15.151341043445303,8.907533738380662,4,12603.073050185145,18628880474192.53,18205621108054.23,-0.02734375,76923.07692307727,rectangular_hollow_section,True
257.6500867991823,135.44992289080778,10.57549690778115,10.92089394469008,4,7747.944709026334,13033430031257.625,4684444215595.006,-0.080078125,76923.07692307698,rectangular_hollow_section,True
109.58830551616272,36.2165610149876,19.72852361952481,13.764704183807511,4,3552.1850956644053,675212011687.0134,78154297206.00119,0.001220703125,76923.0769230768,rectangular_hollow_section,True
294.9306536878355,60.07017800091445,12.3136429251994,16.53020790372102,4,7880.735397648553,12957010785211.957,828270056020.4312,0.005859375,76923.07692307691,rectangular_hollow_section,True
20.319675999666917,222.36992871893813,16.18040503839368,12.826913227822967,4,,,,,,rectangular_hollow_section,False
30.415615155026803,66.4713570656308,11.493297995494732,18.494344349672147,4,,,,,,rectangular_hollow_section,False
135.972505979338,98.64800795144845,4.556815067679098,19.336284465959984,4,1899.7271506349143,942923658518.7163,582388251468.0774,0.0009765625,76923.07692307686,rectangular_hollow_section,True
183.1206280202993,61.10537230328403,5.65252746480042,10.176233991745738,4,2550.0922644205207,1908877486915.879,328572877896.23737,-0.003173828125,76923.07692307717,rectangular_hollow_section,True
150.70270781845701,157.07674253567671,18.877261596376147,16.396011618617848,4,9925.833178137716,5820406066247.818,6236847955114.604,0.021484375,76923.0769230771,rectangular_hollow_section,True
295.2321817029933,65.54180062404254,7.4385165910541575,10.489034810991786,4,5045.206200163269,9075735318138.113,758627560938.067,0.0146484375,76923.07692307685,rectangular_hollow_section,True
253.0156418676077,106.58387099580317,17.97845136020029,18.345816640185305,4,11300.75181814229,15731784270730.758,3669988906123.468,-0.015625,76923.07692307705,rectangular_hollow_section,True
209.21499573578242,290.9283179302873,3.7681269400271695,10.252693480607466,4,3649.3437452662865,5521574197287.764,9095198943150.201,0.09375,76923.07692307631,rectangular_hollow_section,True
195.47330824850468,112.45558760964556,19.7512688993084,9.626678116205007,4,10510.84942383884,9216716088972.71,3569994716740.623,0.029296875,76923.07692307659,rectangular_hollow_section,True
272.34946511404416,100.25564680463147,14.41173561448032,18.599301243558703,4,9580.58192861389,15412032479726.547,2954036275290.998,0.01953125,76923.07692307694,rectangular_hollow_section,True
120.24734192190681,76.04121712661222,13.253408875960183,9.977302242999984,4,4400.827114104388,1457163159654.9604,666003856409.3665,-0.00341796875,76923.07692307714,rectangular_hollow_section,True
172.5756657342058,108.05364335946925,18.766498689047125,9.783342451236855,4,9028.419440727062,6226709713923.664,2788184251192.2197,-0.0009765625,76923.07692307695,rectangular_hollow_section,True
81.98177111975532,250.86564053957017,12.169796596343573,15.506764234762155,4,7279.630414228672,1515348960484.3354,9720729145757.5,0.0048828125,76923.07692307672,rectangular_hollow_section,True
136.1140190126794,31.105419622930714,15.77754326156697,16.21732083810791,4,,,,,,rectangular_hollow_section,False
97.04930196681366,67.99288395485218,12.655923479001768,18.948805964014063,4,3217.376077746531,642996807934.1436,355466638794.41394,-0.000732421875,76923.07692307711,rectangular_hollow_section,True
136.67507556653192,194.7823366306324,6.171128266218002,16.807618397630314,4,3769.2400007176,2290655560441.9604,3936057700172.6484,-0.0205078125,76923.07692307651,rectangular_hollow_section,True
55.931891500012014,266.1015897923909,3.5244143871446445,10.588097704002365,4,2158.0606911407344,262309871453.69977,3182811435267.33,0.00048828125,76923.0769230764,rectangular_hollow_section,True
216.5241280336464,280.7215617916958,6.245759468912324,10.820366921234124,4,5959.162598863312,9304520592395.414,13837574879423.125,-0.01171875,76923.07692307705,rectangular_hollow_section,True
151.30956854820062,226.20176304595103,8.71390117137944,15.8523512840623,4,6075.125003454185,4493738418359.465,8390240578622.994,0.025390625,76923.07692307705,rectangular_hollow_section,True
243.89810755706515,228.33733081240146,14.008068848893766,8.08817200943823,4,12379.89056917836,21434713959773.39,19305703169384.277,0.27734375,76923.07692307698,rectangular_hollow_section,True
213.39682754491955,168.04193174828592,11.622703706525407,18.561314967142255,4,8029.972310017011,9987763470420.844,6867408123865.721,0.046875,76923.07692307682,rectangular_hollow_section,True
121.61363850866984,30.86891977128722,17.691840860420385,8.187868812230425,4,3297.7327267148476,830714932429.6729,57026760180.80261,0.000244140625,76923.07692307704,rectangular_hollow_section,True
175.71826180929423,191.70472861564107,4.188955274941899,16.12000725627982,4,2890.542930008005,2836715395275.1865,3233679563673.409,-0.013671875,76923.0769230771,rectangular_hollow_section,True
113.03153185150873,92.46506018131056,14.622675696553086,9.964782507357572,4,5055.232575560452,1547555235919.9346,1098266362417.4126,-0.00244140625,76923.076923077,rectangular_hollow_section,True
90.7467818940048,35.54393613159399,15.094473640753746,8.377312664162465,4,2831.0319231797907,396481902532.0691,64245121056.918304,0.00042724609375,76923.07692307701,rectangular_hollow_section,True
287.12827072968753,129.50933775429303,5.4553308035671435,14.22865979662891,4,4301.265964281304,8928039870269.938,2613374938803.1304,-0.017578125,76923.07692307679,rectangular_hollow_section,True
133.14904884589575,28.73786848181433,11.468710747478372,14.329497169913815,4,2989.992762239743,842270880587.8433,47081995207.50362,0.000732421875,76923.07692307691,rectangular_hollow_section,True
278.4001072026402,233.2752295383375,5.787737343246911,19.760583260948103,4,5593.653066157759,12948990515945.453,9915941016703.725,0.0078125,76923.07692307692,rectangular_hollow_section,True
99.62774980159976,160.07687441996592,6.551764549809059,11.725586422415326,4,3120.6236817480262,1000202367775.6863,2096759776151.6191,-0.00048828125,76923.076923077,rectangular_hollow_section,True
87.0598532590625,267.6382164680159,14.157991370884249,8.546170891567185,4,9168.79250539042,2109697207677.687,14143262308844.094,0.017578125,76923.07692307683,rectangular_hollow_section,True
44.18843851800462,41.05430952854227,14.636641486983486,15.423605904516448,4,1401.1416828678005,41893828453.2632,36675109572.834564,-1.52587890625e-05,76923.07692307688,rectangular_hollow_section,True
225.38200183553192,91.09282350074034,13.163784878690828,16.168790807720683,4,7386.472375615662,8266864853611.473,1848809106449.3174,-0.001953125,76923.07692307697,rectangular_hollow_section,True
126.72321258050206,93.38358499315424,8.556484257381793,10.534935323994382,4,3366.756411718448,1413443495440.3613,867206260324.3606,0.005615234375,76923.07692307695,rectangular_hollow_section,True
218.40486949246855,273.2054774443784,7.947283919269024,18.37624374327406,4,7332.373591639523,11292018393687.875,15895760242161.996,0.0078125,76923.076923077,rectangular_hollow_section,True
106.25829991697373,105.99264195344712,2.353832435745861,13.942228684872779,4,916.9493813676769,316998297784.0883,315822581001.3331,0.0008544921875,76923.0769230769,rectangular_hollow_section,True
131.47904194524213,30.65091189753733,2.385169126572497,8.80393278573621,4,714.3498881637255,252321995558.49475,24828057128.57579,0.0003662109375,76923.07692307675,rectangular_hollow_section,True
130.1363813946573,194.0192517942145,18.943774914916915,19.874555856775935,4,10451.864655614112,4796414470350.371,9317922011907.29,-0.091796875,76923.07692307698,rectangular_hollow_section,True
224.02171110309382,245.36740649239184,13.648877754364044,18.357126278823202,4,11753.285433716213,17567650680623.637,20263477010095.21,-0.01171875,76923.07692307715,rectangular_hollow_section,True
63.06409310840819,140.84625669414936,9.778810751106871,19.81194518571268,4,3313.651497539785,372540078935.00757,1372133789522.0532,0.00048828125,76923.07692307701,rectangular_hollow_section,True
277.86578067798877,73.87348610917618,16.191857225168256,9.168289964620572,4,10257.861474129846,15870934976680.805,1554508947049.0151,-0.005859375,76923.07692307683,rectangular_hollow_section,True
107.95495672486568,248.77505892583366,10.0768993125759,14.081607608874144,4,6601.035315636507,2541713397662.9907,9676383475215.328,0.001953125,76923.07692307683,rectangular_hollow_section,True
268.09451574967574,185.0657990210498,11.332713002474716,19.604644518691437,4,9441.432811134602,18333999954814.4,10293985673968.297,0.0859375,76923.07692307702,rectangular_hollow_section,True
22.112446805679934,219.42000641953405,6.4102227840232135,19.509293739531056,4,,,,,,rectangular_hollow_section,False
137.66104905653134,152.23173636283988,5.174339503975233,10.767691338541221,4,2808.25463379916,1661777271955.6602,1938638852121.3745,-0.01513671875,76923.07692307685,rectangular_hollow_section,True
136.29716010722308,180.27394012101783,18.122073344274717,10.079436789141099,4,10058.616178860593,5115415419129.988,8170000413037.814,-0.02734375,76923.07692307733,rectangular_hollow_section,True
234.3679450930557,289.5669235572408,10.58587097184892,16.862946253421917,4,10399.413895183598,18140616277581.234,25153805976067.07,0.1171875,76923.07692307714,rectangular_hollow_section,True
261.1683275898432,86.55675711963984,9.661995149947955,12.62638788987856,4,6195.38151601696,9355209722551.918,1547923496068.9868,0.009765625,76923.07692307695,rectangular_hollow_section,True
167.31828071246113,191.9600695475047,11.232817136038738,12.979025383922938,4,7401.305438897635,6184908850545.154,7683700766042.9375,0.029296875,76923.07692307688,rectangular_hollow_section,True
223.6453249229569,131.3221234990126,19.21912946382826,16.154261658838394,4,11905.870774201532,14040329518633.68,5768534741334.844,0.099609375,76923.07692307686,rectangular_hollow_section,True
143.3108278423165,147.4798620641195,8.945513269912702,16.782081255033077,4,4662.2286665362335,2761248931836.253,2887366215881.4297,0.00390625,76923.0769230768,rectangular_hollow_section,True
67.68170343511929,236.28327347970344,2.0094368045833146,8.765101013782,4,1174.2574818729313,214957325938.48804,1498556385060.167,0.0009765625,76923.07692307715,rectangular_hollow_section,True
157.52489397814327,136.2019920019225,3.003752700739645,12.747381274772572,4,1660.9183013603665,1241332047268.7136,997852565462.749,-0.00341796875,76923.07692307691,rectangular_hollow_section,True
207.01839708564165,211.450703317376,17.115029302617685,8.185909485445062,4,13085.515805053923,15891508802022.875,16446859799526.918,0.12890625,76923.07692307666,rectangular_hollow_section,True
119.02064487196833,79.53900284047518,11.810908910099208,10.667708435999051,4,4018.5495442999368,1352130857884.21,688640251360.7156,-0.001220703125,76923.07692307673,rectangular_hollow_section,True
29.269732435909752,46.59841960254761,17.35311868111426,10.452222791711401,4,1190.0224050810755,16144165554.812447,39693595858.226364,-1.52587890625e-05,76923.07692307686,rectangular_hollow_section,True
23.27748014767876,171.27925671769756,7.754201996703474,13.219331518870952,4,,,,,,rectangular_hollow_section,False
77.65802733355893,276.1953151357226,13.511280264461696,14.198822960755104,4,8630.670729187235,1565986891926.8174,13484308208105.566,0.0,76923.07692307695,rectangular_hollow_section,True
174.00583580567147,232.67748212891686,17.990808466413036,10.77117272316695,4,13222.428439960113,11645869598914.898,18725923792646.625,-0.15234375,76923.07692307685,rectangular_hollow_section,True
292.06451446238117,191.4390100873582,2.177533492326398,8.438309678748752,4,2054.7158765106687,5095392982142.63,2694875470384.3506,-0.0146484375,76923.07692307691,rectangular_hollow_section,True
58.75720280523499,244.26961175774247,18.923081869258052,15.202737083986303,4,9804.94711654401,763451269300.5374,10558833528650.8,-0.0302734375,76923.07692307688,rectangular_hollow_section,True
249.3291917784038,88.74918136752792,12.72997780914266,12.947062865529743,4,7791.6717247903935,10596310013619.836,1901724391049.5615,-0.0166015625,76923.07692307702,rectangular_hollow_section,True
103.86318438462715,252.65599592243672,12.706564652510927,18.218704744474188,4,8112.903373617192,2747496263670.4897,11665325427944.496,-0.009765625,76923.07692307724,rectangular_hollow_section,True
101.66765979469406,235.3075912037736,15.252147432574468,15.334833682505257,4,9113.530126440544,2786349868741.3086,11277567752110.062,-0.029296875,76923.07692307686,rectangular_hollow_section,True
74.98085070942194,283.11517337510014,10.619586951699937,10.432061384377674,4,7045.733316820975,1284991678073.02,11852170426906.938,0.03515625,76923.07692307714,rectangular_hollow_section,True
132.75093478497666,248.3493893388991,19.026810926649148,13.186234331910159,4,12880.292710369453,6567931022329.475,18702882471975.93,-0.03125,76923.07692307708,rectangular_hollow_section,True
25.883924665758926,208.91463815193703,2.91434261321851,15.200578017029933,4,,,,,,rectangular_hollow_section,False
183.53335744263944,95.83502356956862,18.396367213586178,10.164255445973387,4,8821.709254531932,6600444675181.217,2146254247825.7612,-0.0078125,76923.0769230767,rectangular_hollow_section,True
175.70578440201245,164.48346157045137,18.708380761026405,8.370796151338553,4,11258.695617913001,9166670496652.34,8212941422900.904,-0.009765625,76923.07692307683,rectangular_hollow_section,True
209.99453191368752,118.25547250053032,19.927997775797788,15.62209376110507,4,11250.18052085465,11315710674306.16,4271561898356.4297,-0.021484375,76923.0769230769,rectangular_hollow_section,True
290.3092547980535,243.01635793631925,14.910659373065384,13.48825216114938,4,14833.22909470599,35561671855838.86,26862690662136.508,0.1484375,76923.07692307678,rectangular_hollow_section,True
64.8908215564546,116.93823756613183,4.300496457865769,15.04486310776459,4,1379.0268790271828,187714345556.91864,461570415693.50745,-0.000244140625,76923.07692307672,rectangular_hollow_section,True
54.94112289073075,193.3975473097257,18.83643834482186,11.282351630259503,4,7809.095003350047,505489755319.7566,5311991779293.977,0.005859375,76923.07692307679,rectangular_hollow_section,True
85.36566391124421,122.40972863637975,10.947436665075585,10.765149955222753,4,3953.9419692508936,803492308937.7405,1455711945901.456,-0.000732421875,76923.07692307695,rectangular_hollow_section,True
57.96506241956581,40.8749414308194,18.73076398088794,10.920701938848925,4,2180.0697599151486,115539884276.65668,58299417290.299805,-0.000274658203125,76923.0769230768,rectangular_hollow_section,True
114.53390610598434,160.0217352255495,11.673796737182764,19.935980122055785,4,5535.923749716362,2086232764372.705,3551777265377.5107,0.0009765625,76923.07692307714,rectangular_hollow_section,True
51.681555444549495,230.44512276023562,18.57566001181176,12.68533545176063,4,8940.240194166328,503411811341.21606,8387319972545.164,0.0068359375,76923.07692307685,rectangular_hollow_section,True
193.01441208075167,40.32183854081302,15.607683282128743,13.058443157349556,4,6138.754548446983,3892201506369.1426,198765081851.20874,0.005859375,76923.076923077,rectangular_hollow_section,True
177.642330314646,197.8427995086854,6.323839185489864,15.85526729839132,4,4428.510007683219,4373986958742.5205,5154213128697.932,-0.009765625,76923.07692307678,rectangular_hollow_section,True
227.56204009568174,178.17581840343968,7.529329450569941,8.484445713550194,4,5812.031234526052,8728300743749.887,5974076347092.059,-0.01953125,76923.07692307688,rectangular_hollow_section,True
34.136854314977256,193.87655782406918,16.62558328001355,13.737068854886735,4,6287.364806628951,121116638908.02557,3754128986824.201,-0.007080078125,76923.07692307682,rectangular_hollow_section,True
53.19180202550817,51.16956853065287,7.336330382087853,19.101626388997065,4,1089.5220725797749,64877455753.496796,61131372656.73584,9.1552734375e-05,76923.07692307678,rectangular_hollow_section,True
147.21271034609566,242.5326707089709,17.51685926364796,17.829491222724286,4,12109.075524827815,7708183018463.512,17429670083323.617,-0.09375,76923.07692307651,rectangular_hollow_section,True
251.42029152193825,277.7115571098387,18.40247721767876,10.622237290394201,4,18007.23698314689,33528279791955.71,39320291275234.16,0.2890625,76923.0769230768,rectangular_hollow_section,True
193.8796606571872,253.9273385390882,6.082677615493352,19.65620156004685,4,5097.609644752635,6291070006918.451,9465663881989.479,0.08984375,76923.07692307737,rectangular_hollow_section,True
232.6224609980522,74.84783399715806,9.243518084760373,8.715716828508707,4,5266.4802384615505,6281465565865.586,967758004766.5112,0.009765625,76923.07692307665,rectangular_hollow_section,True
193.766629140956,217.90660257798618,18.50418504156987,19.313826249447292,4,13493.367491057841,14173359394543.027,17137801852222.309,-0.05078125,76923.07692307704,rectangular_hollow_section,True
172.9014074832445,142.00158776863117,2.3583554552695114,13.158910957785034,4,1406.5540932203332,1262765379903.929,940978371108.9805,-0.001953125,76923.07692307663,rectangular_hollow_section,True
280.3537813057265,52.49207068867525,8.310001359610933,9.338652294904527,4,5169.522170903296,7982539956826.1875,462905391432.6997,0.00244140625,76923.07692307686,rectangular_hollow_section,True
96.0169666619328,210.24217471884637,13.608636319359588,19.380006828656818,4,7252.482672047266,1973684305381.85,7137126914938.928,0.001953125,76923.07692307702,rectangular_hollow_section,True
60.77838402586251,146.12891860942693,18.633042135382,10.06143806463426,4,6220.631403439037,507329629977.85693,2554261300614.95,0.013671875,76923.07692307707,rectangular_hollow_section,True
56.83350134125035,288.5998005119076,19.454619105205644,17.347773753802148,4,11625.672555285715,823007471960.8152,16936740533913.344,-0.0390625,76923.07692307666,rectangular_hollow_section,True
59.89113966002835,257.4615585795275,7.3296236593982,17.399526227037317,4,4235.9175836237055,514852467199.0598,5592383241532.426,0.00048828125,76923.07692307691,rectangular_hollow_section,True
209.8584466826201,47.03926617285225,4.8717821256369,14.804754612486525,4,2287.6455101825222,2002275703158.9004,178498271607.06232,-0.003662109375,76923.07692307705,rectangular_hollow_section,True
144.47193249999162,200.62112051659673,6.916056617862328,13.387541770092461,4,4444.692675051156,3004849953178.802,4985848939675.148,0.0087890625,76923.07692307686,rectangular_hollow_section,True
228.50548742722535,85.00668407644497,8.98751406435451,10.321982060469425,4,5207.525956419438,6216940115503.252,1248796437455.6592,0.0107421875,76923.07692307697,rectangular_hollow_section,True
177.0040374988858,174.42449052169428,19.14823075534586,10.534353658000297,4,11880.877525867547,9902750907092.258,9664274743191.54,-0.04296875,76923.0769230768,rectangular_hollow_section,True
176.93949331405884,20.183917324697383,2.5573429452929877,13.222965107498908,4,,,,,,rectangular_hollow_section,False
214.26844918219038,65.78078773166038,8.702555463361476,18.6690745073316,4,4322.147305951467,4082302564187.7246,597473795696.884,-0.009765625,76923.07692307701,rectangular_hollow_section,True
23.54167978015994,37.08424225306025,14.125214726809073,19.00667052270672,4,,,,,,rectangular_hollow_section,False
141.1108138533004,24.018359583208706,15.501426121007968,12.79632918511826,4,,,,,,rectangular_hollow_section,False
68.30178725043618,252.17018217037813,9.307674177751709,9.04437766326949,4,5537.365387230268,844948758187.4319,7453028697953.258,0.0,76923.07692307685,rectangular_hollow_section,True
238.23790683872852,183.2443672325755,8.361019624819512,13.218177099475001,4,6617.288306281874,10716162056855.516,7142134605280.164,0.001953125,76923.07692307708,rectangular_hollow_section,True
144.6786742738004,126.79116725279053,11.31644447912198,17.263020112409297,4,5369.249014548174,2991441322384.3477,2424987273108.342,0.0107421875,76923.07692307704,rectangular_hollow_section,True
269.56462145083844,68.01975501074567,6.330024134129053,17.030928130040145,4,3938.0145118179416,5933922478871.115,649496362424.9934,0.00341796875,76923.07692307692,rectangular_hollow_section,True
76.46650438573806,145.2027940646896,10.927079100279702,14.61187080146044,4,4166.862607450196,697332784687.3496,1999510238982.1519,-0.00146484375,76923.07692307686,rectangular_hollow_section,True
237.54304670936338,117.52974513888739,10.346044265430514,14.375180855213681,4,6728.623233094013,9285702286967.809,3026083212611.535,0.005859375,76923.07692307697,rectangular_hollow_section,True
66.69101729468183,214.7857493709921,5.396788819800781,14.992862519946577,4,2788.9387204046066,440109809248.8617,2804158093581.632,0.00537109375,76923.076923077,rectangular_hollow_section,True
245.6716902829389,146.41592504378076,17.77945098326095,9.538233091594497,4,12586.791676115947,18780137342331.375,7989656955184.553,0.01953125,76923.07692307656,rectangular_hollow_section,True
22.268115041205803,117.95947538457311,8.492158039382918,16.84406367478928,4,,,,,,rectangular_hollow_section,False
176.7992235628284,119.6056688995972,9.707907066897011,11.661798565616454,4,5245.788608123378,4312339302297.8984,2317234546733.444,-0.001953125,76923.07692307675,rectangular_hollow_section,True
295.10007847917075,267.8867762486184,9.414177778087323,17.389777283930265,4,10006.815534810326,26200804436461.79,22589312530782.062,0.09375,76923.07692307717,rectangular_hollow_section,True
152.45786812809078,134.1556173194422,7.688908764382151,18.330715706899493,4,3948.245525221914,2575625676975.134,2115401069085.7007,0.00537109375,76923.07692307697,rectangular_hollow_section,True
265.25113260678626,240.2963322349235,14.282812023184832,14.975678922520995,4,13401.49304645492,27207887327069.78,23289309723987.773,-0.3359375,76923.07692307694,rectangular_hollow_section,True
214.03556553693835,250.79418408345072,10.597898004810151,19.82631268814039,4,9095.255746434648,12872335977075.43,16442879242867.113,0.0234375,76923.0769230773,rectangular_hollow_section,True
25.578642532745658,72.66358502808015,17.890185950937834,8.78669977483621,4,1405.157215070472,17810889032.653397,136926985714.57709,0.0001068115234375,76923.07692307695,rectangular_hollow_section,True
232.49682194391497,179.3305820656442,4.362080364728554,10.453169581597699,4,3444.570098487432,5508883699857.158,3713642636891.926,-0.068359375,76923.07692307657,rectangular_hollow_section,True
135.24013890770107,36.649751122180795,6.645719048524673,9.436398765055333,4,2026.7437777803061,734486030527.7568,80602512774.31151,0.00048828125,76923.076923077,rectangular_hollow_section,True
31.847475662364097,71.08315171267421,8.954432384508113,12.023844666427966,4,1387.491700128652,30873869107.92636,126042151156.20978,-3.0517578125e-05,76923.07692307702,rectangular_hollow_section,True
27.498909792918393,233.55140806892138,17.101504320952195,11.399691922813938,4,4956.00475141532,76662083841.61151,4615577279285.74,0.001953125,76923.07692307672,rectangular_hollow_section,True
237.5445024878946,166.89595586992732,16.84633424925856,14.256841948911113,4,12288.224837931297,17937383491326.18,10114595841122.787,0.03515625,76923.07692307692,rectangular_hollow_section,True
163.39733313193716,101.3901582996175,3.7487784727996374,17.030381738853123,4,1815.4130184837863,1290064142274.0894,628979668667.0687,-0.001708984375,76923.07692307662,rectangular_hollow_section,True
68.78012424274837,126.92784685548547,5.511975139857298,12.822401155736133,4,1924.9758200960455,291648160171.2826,759139997781.666,-0.0008544921875,76923.07692307686,rectangular_hollow_section,True
288.5535905925188,222.11495388651466,18.351464685761787,15.8769936384181,4,17143.84756882751,38582765690899.28,25364958511740.953,-0.1640625,76923.07692307697,rectangular_hollow_section,True
101.25944870851883,21.319404754344244,18.62432247313348,16.77095593923596,4,,,,,,rectangular_hollow_section,False
67.67906453461224,168.94721710042154,10.751759860408098,18.497621286019957,4,4343.732929202591,576466229540.4677,2595993649609.2236,0.00048828125,76923.0769230768,rectangular_hollow_section,True
289.20099724292925,43.204257753476924,9.356407637760825,19.530287607862263,4,5592.1443774249465,8210944562299.027,301611653837.67834,0.0029296875,76923.07692307701,rectangular_hollow_section,True
218.81739923494862,206.36798280336188,16.73596100165882,10.488697527392134,4,13001.389606119996,17437072248388.129,15863657497503.582,0.0625,76923.07692307669,rectangular_hollow_section,True
271.94193369743124,71.40895456432592,4.9559806458780855,10.621120798992328,4,3224.3193432189373,5201423944084.975,615377303096.8042,0.00244140625,76923.07692307727,rectangular_hollow_section,True
162.5160922438489,205.08801871459593,18.41528169412002,13.839572216744253,4,11991.042351795011,8871203490486.93,13009657270312.824,-0.1484375,76923.07692307669,rectangular_hollow_section,True
194.14661151668716,90.02367212129963,7.78157529190586,8.308437205665562,4,4111.620714283829,3787458361295.2324,1106504282355.9524,0.00634765625,76923.07692307698,rectangular_hollow_section,True
67.6077765831915,260.1822101482311,18.27694489682669,9.494958237184202,4,10555.657959471007,1210470328339.4443,13763567363855.79,-0.041015625,76923.07692307733,rectangular_hollow_section,True
234.48621820807878,176.9820985792316,9.29638619244179,10.518724595297092,4,7195.49611672109,11178698001822.379,7205451545682.092,-0.01953125,76923.07692307667,rectangular_hollow_section,True
130.77718889255442,176.90667305939868,3.467819880077104,19.39376096591041,4,1963.3989626956293,1107495485246.8213,1737696562478.0498,-0.01318359375,76923.07692307665,rectangular_hollow_section,True
57.25899859660683,164.28925606966098,9.108245954344818,18.830035247176387,4,3443.9343706974296,332679284116.11646,1870482737430.7432,0.0048828125,76923.0769230771,rectangular_hollow_section,True
49.628764069971574,29.335081202405448,2.3392131385364747,8.676308301840901,4,312.4193055911619,18165260296.18048,8176047816.467707,3.4332275390625e-05,76923.07692307698,rectangular_hollow_section,True
241.23852793088216,40.68673652679915,14.202940581269061,15.583511279645084,4,6960.501625932143,6887781142256.293,250423267732.4297,0.017578125,76923.07692307695,rectangular_hollow_section,True
295.8301715351906,288.001041652516,7.343014593241087,10.32519049997918,4,8260.766597865559,22627360841070.203,21718120712240.676,0.015625,76923.0769230765,rectangular_hollow_section,True
68.81251234417721,137.80674625129157,11.443422778998181,9.079490704353368,4,4122.618209736185,545703834850.29675,1766350958317.4893,-0.00048828125,76923.07692307676,rectangular_hollow_section,True
22.932676587601915,51.43715373984037,15.129425266786662,14.262235666567864,4,,,,,,rectangular_hollow_section,False
85.58875404297217,286.22196471750493,7.116407227118569,11.397121932597853,4,4977.7700949689115,1306562684791.189,9073826842995.18,-0.0224609375,76923.0769230767,rectangular_hollow_section,True
45.25163603054828,40.65095687421321,16.039558992145217,16.613600178818434,4,1450.9274146806356,42725919275.506744,35220485115.93201,0.0001068115234375,76923.07692307691,rectangular_hollow_section,True
29.0019340576808,23.098555690666526,7.778683537509609,18.51852183154741,4,,,,,,rectangular_hollow_section,False
34.290145817135574,37.15717465429434,15.847699641679935,9.64893513509698,4,1166.8510650952337,20815336251.82042,24331913807.762695,-4.57763671875e-05,76923.07692307692,rectangular_hollow_section,True
91.15851365302495,256.91434915682305,11.657065019548746,19.66023778831689,4,7248.993151623526,1911012199106.6567,10335459154482.281,0.0029296875,76923.07692307673,rectangular_hollow_section,True
52.077160909867054,149.4041796189427,2.2770726926459446,17.47190956969655,4,822.4505207098568,81837122555.11835,402155420444.2621,-0.00042724609375,76923.0769230768,rectangular_hollow_section,True
26.00643924724355,229.76072511468496,19.511628453397094,16.611749757969278,4,,,,,,rectangular_hollow_section,False
180.41963318760236,282.5050211048429,14.345581391025474,15.316258038570421,4,12225.018243192855,12525451850704.523,25563689648859.29,-0.1015625,76923.07692307697,rectangular_hollow_section,True
46.3802774885726,220.92271689887434,13.792369371082998,14.837188164980422,4,6393.514947371886,328679291150.84485,5570073015238.42,-0.009765625,76923.07692307683,rectangular_hollow_section,True
264.6027196799679,59.26274903513721,6.948284087744178,19.1016334148972,4,4090.335459380527,5636481769724.578,492729754459.2899,-0.00634765625,76923.07692307697,rectangular_hollow_section,True
257.2758925460251,136.219138857528,3.7304556361061234,10.987189438502323,4,2812.1081720676602,4982132599859.963,1888389295130.6885,0.00390625,76923.07692307822,rectangular_hollow_section,True
297.1174170382472,132.87816497203877,3.6931545746892187,9.771692070894586,4,3062.985390908904,6963253884133.018,2024355931041.394,-0.029296875,76923.07692307659,rectangular_hollow_section,True
158.1233784534187,132.42203043639785,4.750426455908671,9.977734516003398,4,2597.932551497444,1912221569906.1982,1457771557735.9985,-0.01708984375,76923.0769230759,rectangular_hollow_section,True
159.9026071860822,95.40152115851645,3.2621913604547803,19.904360403913902,4,1503.9125010415999,1000707662123.2644,463510180341.0679,-0.0009765625,76923.07692307704,rectangular_hollow_section,True
21.645371563070253,37.27398850075283,11.902590086631434,16.37263750148053,4,,,,,,rectangular_hollow_section,False
174.62853357248463,118.08177559500893,12.716023730379451,18.752775525300258,4,6482.209219286045,4908530678164.57,2619262058658.122,-0.0029296875,76923.07692307682,rectangular_hollow_section,True
279.5850514607043,147.39442644555254,19.991219996450617,11.930129843012253,4,15330.757847730267,28528787152400.28,9829673462266.83,0.00390625,76923.07692307708,rectangular_hollow_section,True
93.8000835628461,33.26259242599711,17.076413466758453,13.981817450460307,4,2871.44268372715,380085990505.5867,50353739865.14151,0.000244140625,76923.076923077,rectangular_hollow_section,True
95.24139605921945,236.83451915812654,12.125417183284213,16.72000100885003,4,7206.566816381907,2040822850883.7544,9034979411028.723,-0.0224609375,76923.07692307695,rectangular_hollow_section,True
251.18741197158482,173.89015226626833,9.055945541726917,9.822799874376486,4,7275.018615072471,12767359134801.527,7190562018806.594,-0.00390625,76923.07692307676,rectangular_hollow_section,True
101.69433286829292,272.6029136219154,12.579662653034905,18.1195071562448,4,8486.447873291316,2795260420346.1406,13958099953117.055,0.041015625,76923.07692307688,rectangular_hollow_section,True
165.7013473996348,126.01480638963815,7.979202289586643,18.133786548748258,4,4174.93509461785,3099184094711.1797,2029816805032.8242,-0.00732421875,76923.07692307692,rectangular_hollow_section,True
154.86916720904458,75.11609662267944,8.660261346020004,19.90405447594663,4,3413.715974073873,1835092942853.8555,582699231619.0299,0.000244140625,76923.07692307679,rectangular_hollow_section,True
154.25364042922814,298.11544452675867,5.7342017310238536,15.717887656835947,4,4909.048894336752,4157922453330.744,11417527970160.46,-0.009765625,76923.07692307694,rectangular_hollow_section,True
184.27286933240393,161.24323148731085,7.978671885568533,16.26838322862305,4,5062.941400290877,4949996274742.547,4029300530581.8057,0.0166015625,76923.07692307701,rectangular_hollow_section,True
65.20262934038931,28.577117777376223,3.3713906948459664,8.571830631409004,4,540.4395278867482,49829893639.544754,13494168749.85949,-0.00012969970703125,76923.07692307695,rectangular_hollow_section,True
91.76530244911585,181.14588283462115,10.164398402086453,19.01562216735509,4,4851.4463274449345,1249389480511.2026,3699967640538.532,0.0078125,76923.07692307688,rectangular_hollow_section,True
175.34455163515054,72.02606859399276,6.325668472189329,16.922108546684164,4,2795.4395247652956,1949145509115.8735,482038638816.0885,-0.003662109375,76923.07692307685,rectangular_hollow_section,True
66.71164325649193,218.37412680471888,12.507535722277115,19.11775970168873,4,6183.893431577224,788821385258.883,5833829087793.52,-0.01171875,76923.07692307698,rectangular_hollow_section,True
175.74500795019586,291.8926163825275,4.32201667211601,19.86861090134296,4,3814.4907982727095,4142596151063.574,8901422182345.648,0.0078125,76923.07692307694,rectangular_hollow_section,True
69.49070918539435,151.4731847152188,3.41909610820006,9.696189772981564,4,1409.6185153509318,241534170230.26648,803933515045.1589,-0.0008544921875,76923.07692307729,rectangular_hollow_section,True
169.66279214509734,96.88704323022357,14.0826459545804,17.543643771872368,4,6418.369322453364,4252959846753.834,1688166084369.0137,0.021484375,76923.07692307675,rectangular_hollow_section,True
292.2763975187338,132.3364899859943,2.7214159363022756,11.977206063727731,4,2223.6883246256903,4913156709422.934,1471100101585.4624,0.00341796875,76923.07692307678,rectangular_hollow_section,True
132.31202137993716,227.81925729434357,16.876980314489607,17.05439625088486,4,10725.706188425273,5474192340639.092,13367733210149.453,0.08203125,76923.07692307685,rectangular_hollow_section,True
295.13958249782246,207.2164117649292,10.225727398899407,13.884660229255493,4,9676.252905496329,23520729217491.695,13577878900554.875,0.046875,76923.07692307724,rectangular_hollow_section,True
134.91131247377143,133.03699871113258,6.329894495207329,11.880674612332477,4,3121.559553321536,1683105771186.3457,1647120011666.4487,-0.00439453125,76923.07692307708,rectangular_hollow_section,True
157.89404696427175,219.89882568927274,17.482136985235506,10.861584241049771,4,11868.77903704258,8563463763404.016,14751856681264.953,-0.12890625,76923.07692307662,rectangular_hollow_section,True
67.64996135277418,173.97021677594125,16.70543039832784,17.31237628111822,4,6657.10252875383,750343017468.3123,3940907066707.619,0.005859375,76923.07692307702,rectangular_hollow_section,True
204.6806720381064,116.77814849468919,12.575150313347038,15.25113211929577,4,7226.812201594736,7411156870888.012,2994230393102.758,0.0205078125,76923.076923077,rectangular_hollow_section,True
231.97048935702014,24.356577761047884,8.119823537942997,11.55560337675439,4,3777.207582544957,3393771365994.959,51466103153.68364,-0.0010986328125,76923.07692307675,rectangular_hollow_section,True
216.4864450222611,112.67108057733749,18.234336800452045,18.36722600117362,4,10336.636878725145,10916068618623.145,3650746399706.4443,-0.0546875,76923.07692307727,rectangular_hollow_section,True
124.61521711774819,29.7666897898129,14.679194992952574,18.11413541855306,4,,,,,,rectangular_hollow_section,False
157.69110451839705,288.71129008964186,13.402593330385486,19.960663045377423,4,10891.961690540238,8678403024463.225,22649906421533.023,0.0234375,76923.07692307676,rectangular_hollow_section,True
58.08577071742405,103.46363748537541,12.106780956391992,17.379610920175516,4,3051.141877078153,249995239442.35437,662329295827.2563,0.0006103515625,76923.07692307695,rectangular_hollow_section,True
43.3607542387102,29.4384591324614,8.834356612641692,11.919508667020603,4,841.5284733795869,26756179764.514282,13643234320.60344,2.288818359375e-05,76923.07692307686,rectangular_hollow_section,True
167.8796660091364,170.27994054611457,11.18753702766544,8.380320797452423,4,6995.47252354541,5739766028020.414,5871095950446.332,-0.029296875,76923.07692307691,rectangular_hollow_section,True
181.53598417919187,152.51876195540342,14.430990928807594,9.923656093198076,4,8709.98907538162,7719412015531.461,5815659307951.457,0.0078125,76923.07692307707,rectangular_hollow_section,True
280.22611660777346,159.81565163538923,12.812467589853727,12.593214402320319,4,10460.815435647724,21106387441375.97,8622973222387.656,-0.125,76923.07692307683,rectangular_hollow_section,True
89.01182955857368,53.88709451089641,16.160868090041795,8.09834474555208,4,3508.463506878448,544151138527.5996,214448884146.25098,0.0001220703125,76923.07692307698,rectangular_hollow_section,True
221.82550641357375,69.08472404622617,14.408062865811077,13.232275463638441,4,7377.443561418459,7336034215354.699,974340601067.283,-0.009765625,76923.07692307702,rectangular_hollow_section,True
52.23615962389986,221.12502026051513,9.956437584537502,9.433790623278403,4,4957.888048086586,401870929646.8967,4815827600509.814,-0.00341796875,76923.07692307692,rectangular_hollow_section,True
168.473809126853,196.9694171283357,7.673968590701983,17.37328329168773,4,5165.486237545458,4546227634355.845,5777973180849.945,0.001953125,76923.07692307688,rectangular_hollow_section,True
163.49603629469942,26.157503931737946,7.508233204241672,17.8822081756272,4,,,,,,rectangular_hollow_section,False
188.20373072723143,82.94569733624127,16.344885607955163,18.118338156103448,4,7470.062582972833,5540181425846.424,1370309214558.9897,-0.0185546875,76923.07692307692,rectangular_hollow_section,True
81.21505587864485,269.91537063293686,19.455363021573945,18.71783936146572,4,11798.337719839266,2026210213032.415,16733594017634.562,-0.013671875,76923.07692307746,rectangular_hollow_section,True
79.54515488046246,101.42441341477732,8.429776853854548,8.0559465646529,4,2701.9233298588388,485049143941.52234,720525591771.5979,0.001220703125,76923.07692307688,rectangular_hollow_section,True
39.85922445648271,183.5747422224028,13.8725952894745,17.714193110212296,4,5130.387623324458,173036033196.94922,2882260975196.118,-0.009521484375,76923.076923077,rectangular_hollow_section,True
133.5279955928453,226.4039871948758,12.489027585084155,11.198384801302044,4,8241.093861337671,4586703854282.719,10735637366008.242,-0.05859375,76923.07692307701,rectangular_hollow_section,True
244.63378804628505,59.60437531837736,12.825820020314769,11.920450487635076,4,7004.104076650272,8196115411767.703,699787295976.1003,0.0009765625,76923.07692307701,rectangular_hollow_section,True
60.072270892371726,115.39969338723218,5.937248569537726,12.159473764266606,4,1833.500939670306,205852161963.50073,578139018712.7778,-0.00048828125,76923.07692307692,rectangular_hollow_section,True
183.66748103227994,164.54266351282854,13.941852971918374,9.814125617305676,4,8835.571158362021,8226024142497.117,6887423158272.547,0.015625,76923.07692307714,rectangular_hollow_section,True
148.4196543641527,145.83804233982755,19.742388119859097,10.119655564370222,4,9957.24432772953,5549923690101.3125,5386952112793.988,0.021484375,76923.07692307683,rectangular_hollow_section,True
265.3322145896437,76.81532060935986,19.712895224985868,9.001835858634319,4,11854.011024299418,16454554558804.555,1786278909667.7075,-0.09375,76923.07692307726,rectangular_hollow_section,True
72.57103790709209,57.19330269154784,10.492333054089213,11.034518552459696,4,2161.238513968688,253899227947.0061,169009585649.07532,0.001220703125,76923.076923077,rectangular_hollow_section,True
20.261698134723662,200.45525724809232,14.723468124714442,18.22511019656815,4,,,,,,rectangular_hollow_section,False
112.0839152476943,278.67643583186515,10.220402670754382,17.34500753666552,4,7319.540456635537,3084874548649.506,13192087998252.098,0.013671875,76923.07692307714,rectangular_hollow_section,True
242.92822578504442,159.74671753216785,11.069530981604535,10.240367577172325,4,8319.842328405251,13187896927294.8,6791025837448.076,-0.02734375,76923.07692307686,rectangular_hollow_section,True
181.9715608240031,41.643724404488864,14.424526984300277,14.044677658444712,4,5421.5685463478385,3113850317320.2227,201393869875.10175,0.005859375,76923.07692307692,rectangular_hollow_section,True
251.55352211866503,26.36398017186967,14.610036200133923,17.717341192917893,4,,,,,,rectangular_hollow_section,False
208.21340058460157,106.61149900838883,4.257216830552105,14.077658933181581,4,2506.320743931111,2799628990878.0186,1006262614171.0232,-0.0048828125,76923.07692307713,rectangular_hollow_section,True
177.6999987950681,85.84501194519146,12.231039204217586,15.123061921897897,4,5628.122230325673,4024539263554.0566,1213558642252.6333,0.0234375,76923.07692307683,rectangular_hollow_section,True
232.71803603180518,203.23754357851908,3.8765281744906157,10.67143308172323,4,3252.169540301906,5416047087088.203,4413134304988.135,-0.037109375,76923.07692307631,rectangular_hollow_section,True
57.69964781271751,269.45878377634244,7.415423421245615,11.28398214784685,4,4519.720067569982,512138084080.9,6623594121460.008,-0.001953125,76923.0769230771,rectangular_hollow_section,True
68.7291271107314,205.22563627988924,9.592367511120898,8.854883206464834,4,4809.286529256292,717054470704.0454,4425804020380.18,0.00390625,76923.0769230769,rectangular_hollow_section,True
46.36347370917451,274.65510162644085,17.12217200583028,14.402765792339366,4,9612.955768668196,432639889195.49023,12459988475781.594,-0.00390625,76923.07692307697,rectangular_hollow_section,True
97.28072945030713,287.7931618315131,18.761420648495246,12.446252865054749,4,12886.193680802187,3461043429905.83,22419680475658.664,0.0234375,76923.07692307678,rectangular_hollow_section,True
297.57739230995816,25.23127329825771,13.943344432554783,12.121270823752035,4,6645.19041421002,9587987693189.922,76644079394.53519,-0.001953125,76923.07692307682,rectangular_hollow_section,True
124.82573028754348,137.61281666056533,8.61827549241408,16.877116076523926,4,4009.8081057359846,1804573590552.1855,2100906910059.978,0.00341796875,76923.07692307676,rectangular_hollow_section,True
172.98131656222222,21.734177215310822,13.224189483591557,13.928533906169807,4,,,,,,rectangular_hollow_section,False
110.94209375241145,177.33105256812746,3.241245280310225,15.197134251883005,4,1738.6956576654295,735517672228.6521,1489667575875.77,0.00146484375,76923.07692307711,rectangular_hollow_section,True
138.81356246393042,239.33765475670913,15.3820690675748,11.627513996227046,4,10551.865005619613,6164730497666.662,15009458260102.746,-0.021484375,76923.07692307682,rectangular_hollow_section,True
131.9617019097114,262.4591374871874,7.130131144297454,18.41605372177931,4,5209.410555089175,3129679946944.4307,9054267977975.754,-0.0078125,76923.07692307695,rectangular_hollow_section,True
172.2835081051445,285.38887756453386,6.817572600792146,12.049028376632052,4,5936.701293406837,6069622516313.641,13209214884455.898,0.02734375,76923.07692307665,rectangular_hollow_section,True
296.9176619111015,148.41817973683777,5.937455003842608,16.96618055438084,4,4981.091059740978,11321916835693.035,3906156089569.759,0.01953125,76923.07692307691,rectangular_hollow_section,True
97.77658807821973,162.33282463552166,9.975958942149171,15.387867194970816,4,4584.10491026276,1321830813574.3533,2971552426390.8438,-0.00048828125,76923.07692307683,rectangular_hollow_section,True
180.01056247639883,219.89907627577435,19.397718836424005,13.779339994008522,4,13819.713270082795,12592543100470.688,17490047647814.992,0.11328125,76923.07692307686,rectangular_hollow_section,True
216.25943004726375,29.999039184251217,2.3365508150608374,15.324229145149388,4,,,,,,rectangular_hollow_section,False
193.84259033119193,51.93193428833339,14.22485636897651,15.126416746069125,4,5954.832796398197,4136416518917.203,393630671160.4541,-0.00830078125,76923.07692307691,rectangular_hollow_section,True
57.05160364088828,287.73572207577433,11.743467423134188,8.845738774428058,4,7468.114251987993,713053192195.9446,12015082527749.64,-0.00390625,76923.07692307683,rectangular_hollow_section,True
170.36702196951458,59.312888997288624,10.848241540340895,10.484621890127197,4,4402.58162801452,2677900001748.215,444349083487.3644,0.00537109375,76923.07692307704,rectangular_hollow_section,True
79.60991872528398,103.74494808378554,16.73434188866038,16.430117990519534,4,4746.544485296785,687503616469.7588,1090297134946.3398,0.001708984375,76923.07692307694,rectangular_hollow_section,True
270.279981364686,160.34096901720102,9.426835086251856,14.717971792012447,4,7574.701922865312,14620306079624.648,6472913562440.363,0.048828125,76923.07692307688,rectangular_hollow_section,True
200.46789430485813,116.97769992571983,12.34937546173715,19.15617766888345,4,6909.854779880822,6752469099428.824,2850761587054.626,-0.0361328125,76923.07692307678,rectangular_hollow_section,True
227.3305703039161,250.71526591890787,14.232413685508783,8.802686629874897,4,12719.758514350991,19766282780539.6,23088747890041.562,0.0,76923.07692307726,rectangular_hollow_section,True
254.5659211314958,221.17568119516613,17.596713115152845,14.327331951448597,4,15299.127295495984,27458170530505.242,21913459268915.64,0.1953125,76923.07692307678,rectangular_hollow_section,True
27.652660945320587,224.80063530648053,18.438334991715973,19.43223917199321,4,,,,,,rectangular_hollow_section,False
188.50304702150643,78.52054289461692,13.42330985337516,19.710345543501205,4,6098.9688778551545,4554173400987.352,1060300969350.0718,0.00390625,76923.07692307691,rectangular_hollow_section,True
210.64255225326505,205.667494362571,9.727519794111215,12.399270226088934,4,7574.226220737579,10039131375986.775,9672543301924.559,0.09375,76923.0769230767,rectangular_hollow_section,True
222.03535440946814,159.588273959836,15.841819176190047,15.115816954295397,4,10858.884166535878,13885084361946.457,8137328080012.008,-0.0390625,76923.07692307697,rectangular_hollow_section,True
73.55728596327423,232.21956878139608,8.032848053873686,8.881376960095619,4,4576.252578281511,836950057355.9558,5471982313583.729,0.0,76923.07692307704,rectangular_hollow_section,True
111.26383729433195,69.90237630311701,15.136969037352976,19.61138338540639,4,4203.517430595718,1059872123556.4883,479467293775.8397,0.00341796875,76923.07692307683,rectangular_hollow_section,True
263.730970348106,83.99559492360152,6.6346119981584275,9.67286677297907,4,4353.656019064645,6873743047848.4375,1100721447705.0376,-0.0244140625,76923.07692307673,rectangular_hollow_section,True
244.0149951703237,192.25065043294558,4.589012994589,14.187948373028169,4,3810.662953838068,6717079400016.375,4683531012220.035,0.0078125,76923.07692307691,rectangular_hollow_section,True
39.519155859619005,106.15581255622254,19.58140606971823,14.673562745755216,4,3956.002123165517,97505918499.393,680221455126.2988,-0.0032958984375,76923.07692307694,rectangular_hollow_section,True
292.23352768033413,150.3697292200061,17.445885983827353,14.477800083633158,4,14016.169465603267,28892936481529.875,9739617480857.107,-0.02734375,76923.07692307686,rectangular_hollow_section,True
53.665885706843,142.5289415908759,19.615147629298427,9.831166683230112,4,6061.113098668691,350348414164.4606,2232786156519.4414,0.0,76923.07692307691,rectangular_hollow_section,True
51.69661939289861,99.17800867077538,18.254692317698066,17.05349771340662,4,3884.582876982524,196594609026.0749,657440124424.7974,0.0001220703125,76923.07692307694,rectangular_hollow_section,True
155.79396944562131,120.18412298095232,5.257261438805818,10.014578360053996,4,2713.563059754398,1878598170058.0771,1260015103873.4287,0.00048828125,76923.07692307683,rectangular_hollow_section,True
239.6501325197016,294.2869481966024,5.768561269301852,8.004520043901866,4,5967.919502166224,11405152032104.72,15605628492953.605,0.0,76923.07692307676,rectangular_hollow_section,True
232.8945689742641,265.4066175400991,9.759686028725067,18.598147934893763,4,9077.747672984058,15368796634391.512,18789319830337.95,-0.0078125,76923.07692307686,rectangular_hollow_section,True
185.8116130573388,157.23872900544032,19.98600379402168,11.923869858508297,4,11972.470812993071,10519320222105.027,7956433148815.457,-0.025390625,76923.07692307708,rectangular_hollow_section,True
241.76586365338989,113.23135576016978,9.35338754205112,8.803279082171425,4,6213.411982405298,8965542370614.941,2663994070323.363,0.013671875,76923.076923077,rectangular_hollow_section,True
277.6689594519409,148.88743150949728,10.37135527026176,18.409704441615936,4,8143.373546128457,15884006890071.324,5980363652475.248,-0.00390625,76923.07692307692,rectangular_hollow_section,True
146.96748426411247,73.90888730190878,6.895910556937364,18.725686786241482,4,2645.3653353021514,1323287295884.3403,452848630357.0757,0.001220703125,76923.07692307692,rectangular_hollow_section,True
145.8484842177474,47.118428790644245,3.020810913640764,12.586524748671094,4,1062.41419519559,494367482350.301,85401901557.39336,-0.00091552734375,76923.07692307698,rectangular_hollow_section,True
43.68927801076828,213.56941583223536,12.267351452466979,19.71276571031789,4,5376.6550380371755,251466919965.46515,4222447486582.8086,-0.0029296875,76923.07692307715,rectangular_hollow_section,True
77.41959388654831,36.98134171681766,16.547438747869414,19.060381324204336,4,,,,,,rectangular_hollow_section,False
289.2921717969023,120.1821969760491,2.6498622667908336,13.31130816541231,4,2078.4897815017257,4372869865663.3447,1146748585455.9404,-0.02880859375,76923.07692307724,rectangular_hollow_section,True
296.23363485831027,216.92057281659862,2.431252926685833,10.442580744782084,4,2426.7052561253367,6360170437167.406,3980687369313.5586,0.01953125,76923.07692307659,rectangular_hollow_section,True
284.75490724657124,213.77581573986564,5.652517450789134,8.919238749677842,4,5439.222056915824,12993510592078.555,8384586874868.648,-0.048828125,76923.07692307702,rectangular_hollow_section,True
238.1448697411375,205.56369936058763,6.925509418079628,14.4761246511739,4,5801.418631075831,9797075140906.354,7824373114320.875,-0.009765625,76923.07692307707,rectangular_hollow_section,True
187.48566617202317,63.37845436132962,10.693794274895327,11.03904517677018,4,4786.208327667806,3552365896696.2246,569923986425.8049,-0.0068359375,76923.07692307701,rectangular_hollow_section,True
207.89071060952494,39.800421778584536,11.384755444090986,13.220754275027128,4,4949.937857836696,3810000032227.373,193254144167.81927,-0.001708984375,76923.07692307697,rectangular_hollow_section,True
173.0357428560443,110.83578714735569,3.515263552515892,12.598951660240768,4,1870.1179813625502,1542345579514.9785,785492914979.8464,-0.003173828125,76923.07692307682,rectangular_hollow_section,True
191.6605977004207,121.45952946990154,11.013746032439427,10.077579501854949,4,6310.483101313676,5985701696273.258,2875313986318.0684,0.005859375,76923.07692307662,rectangular_hollow_section,True
167.90812008028507,155.3446045989561,14.353462954300124,19.662037896090137,4,8097.089655683467,6103816123080.869,5388794361856.414,0.021484375,76923.07692307715,rectangular_hollow_section,True
41.27057588028262,119.77338672255595,8.758079780258985,12.093799470069504,4,2378.922939686606,108411007164.90826,669161205903.5818,0.00048828125,76923.07692307708,rectangular_hollow_section,True
197.94587369208529,28.249665149776728,6.617606613418616,18.785978726573187,4,,,,,,rectangular_hollow_section,False
263.27106167054393,271.96051308762884,13.40953310457018,17.18180717304705,4,13354.164282247368,27778031893414.07,29221680443615.35,0.28125,76923.07692307705,rectangular_hollow_section,True
299.3580364444381,68.2357121101746,13.64677481230253,16.522908816825215,4,9023.265997802222,15639202424090.21,1224519579144.9126,-0.03515625,76923.07692307698,rectangular_hollow_section,True
148.63882662549744,28.305696524276325,7.9791174316451645,12.979563049031,4,2425.5923976736944,918946661767.5923,47824705931.88866,0.000732421875,76923.07692307672,rectangular_hollow_section,True
45.517660786471765,91.19990043055328,2.6695314997934014,8.909679279191781,4,660.9951382246638,46441888627.10763,134959067747.49487,-0.0001678466796875,76923.07692307691,rectangular_hollow_section,True
88.61712098223468,78.973293802331,13.663069785724012,15.18941068399467,4,3604.492680972313,641655431565.344,527472765525.9436,-0.001708984375,76923.07692307691,rectangular_hollow_section,True
249.45081191884938,204.44411575272477,10.618464944751606,8.15134942463365,4,9121.883067588331,16397783545609.195,12004008722832.023,0.0546875,76923.07692307729,rectangular_hollow_section,True
246.836942027445,199.02475777422353,13.594195483124375,16.785341941529104,4,11111.48931937528,18758767251716.348,13358783419688.547,-0.00390625,76923.07692307702,rectangular_hollow_section,True
23.843628228849354,227.79315856300883,15.77738408846271,19.05759964495427,4,,,,,,rectangular_hollow_section,False
75.60252771785241,285.6209289412432,8.54198033446287,14.31705033139153,4,5707.639117397629,1116735059035.654,9794979381780.527,0.0009765625,76923.07692307694,rectangular_hollow_section,True
46.13895146800472,89.73530569202482,17.458244971897585,14.284650638669,4,3321.0396198848994,129577347486.68182,454580677154.2949,-0.000244140625,76923.07692307704,rectangular_hollow_section,True
139.1039865226198,98.71167435361602,15.486224064154792,8.273184591206412,4,6337.995094247952,2938413134311.676,1639054091371.1338,-0.0126953125,76923.07692307679,rectangular_hollow_section,True
269.2555911337032,146.2803138538681,2.802968768103562,10.675406989443875,4,2246.0527609102687,4435219029222.961,1758472232422.2002,0.0205078125,76923.07692307713,rectangular_hollow_section,True
230.10834803977474,195.39080556971317,11.683976272040772,15.529971700151075,4,9170.594482816674,13776964701593.723,10663801949221.715,0.02734375,76923.0769230765,rectangular_hollow_section,True
48.180212085791084,284.8307243996987,10.302648765938006,19.203843841247476,4,6147.654796764745,411791764100.00037,8945105021908.23,0.0009765625,76923.07692307665,rectangular_hollow_section,True
251.55048024101092,291.44943335803254,19.75486833148506,15.089671385553665,4,19665.06612061265,36608261770679.086,46358400375704.91,0.125,76923.07692307682,rectangular_hollow_section,True
100.24815592608108,260.73953408580064,2.2245527969329135,17.30181091827245,4,1514.2488617690951,585029761168.2106,2489944724491.1885,0.004150390625,76923.07692307726,rectangular_hollow_section,True
197.55121620067519,33.94799951555376,11.79404570038813,16.62504959392494,4,4651.172928209921,2990876472498.7656,115756364798.40295,-0.002197265625,76923.07692307691,rectangular_hollow_section,True
42.997000609471854,204.8776569440146,5.604701536949563,14.255926140536687,4,2524.4884880660657,157075044171.6683,2050210961621.8672,-0.000732421875,76923.07692307659,rectangular_hollow_section,True
112.12065622778286,223.5415504879222,4.995298677465568,12.936711204462604,4,3149.361455192348,1396308838527.6165,4040678821499.2363,0.01220703125,76923.07692307713,rectangular_hollow_section,True
102.24140794642612,225.39847960871853,7.072803980857385,17.76919615220093,4,4233.235650956515,1508009519485.333,5171309141926.01,-0.0107421875,76923.07692307688,rectangular_hollow_section,True
161.97672069991447,298.49207079174766,5.994604758594555,8.67882904227622,4,5308.798658933499,4944115474903.5205,12710794316886.184,-0.03125,76923.0769230768,rectangular_hollow_section,True
244.38108404891534,39.88843414107697,3.0821432982098385,14.525769591391489,4,1634.278952022338,1864765318694.9941,99804704423.9326,-0.0045166015625,76923.07692307643,rectangular_hollow_section,True
192.01122129779316,253.3255415072858,18.912200641246933,18.4707600237526,4,15072.742113951974,16150848515957.68,25287340566427.96,-0.0234375,76923.07692307678,rectangular_hollow_section,True
104.14778570820394,37.14086559849912,4.340605692657451,15.64733889026922,4,1034.1962184779802,223876289830.99573,44567072776.02695,0.000244140625,76923.07692307694,rectangular_hollow_section,True
259.819800716856,29.28920091639999,18.848578187154118,14.970607080390515,4,,,,,,rectangular_hollow_section,False
144.9373821617247,287.36695918752724,7.656368804629105,18.188501439328814,4,6165.387246560693,4485497767581.975,12934449160336.488,0.021484375,76923.07692307697,rectangular_hollow_section,True
23.653143314716903,44.03942711503656,2.9449599317689286,10.906467399286841,4,308.4472292128781,4669513652.249359,11947654806.302612,2.86102294921875e-05,76923.0769230769,rectangular_hollow_section,True
21.24592980369227,74.56275970603542,4.371404934202467,16.863691503977098,4,,,,,,rectangular_hollow_section,False
65.8965642263122,100.54989747811516,4.282792842944671,14.63479343966744,4,1245.3289090328742,168009511256.86584,319572241095.30457,0.0,76923.07692307686,rectangular_hollow_section,True
250.53067266354142,119.99808977370455,19.33553506824991,11.70982355379444,4,12696.172126638132,18148578496084.75,5225889875061.223,-0.0078125,76923.07692307702,rectangular_hollow_section,True
233.86640431346825,232.15154632941545,19.235330791840394,10.594341701518932,4,16335.786992327869,25115747544958.125,24817835558673.555,-0.234375,76923.07692307707,rectangular_hollow_section,True
127.41189039137001,100.91517075309004,3.983771463961009,13.719049422618166,4,1662.2872408385276,763927790123.7151,536887247667.3054,-0.003662109375,76923.07692307702,rectangular_hollow_section,True
250.15136516491367,119.03442227610284,14.450189014486478,9.68306092310005,4,9740.615300911411,14502212367125.77,4270280564935.663,-0.013671875,76923.07692307726,rectangular_hollow_section,True
253.9222877617915,117.32688497080082,4.031385363679253,19.91587500424936,4,2783.963624618896,4482659150811.117,1389313919424.6829,-0.0107421875,76923.07692307595,rectangular_hollow_section,True
107.737010107308,181.11985894711623,13.098379155692248,18.931355568105143,4,6556.470829358521,2210613473700.534,5124261438460.326,0.0185546875,76923.07692307694,rectangular_hollow_section,True
266.0926466739595,180.13380642279193,14.759721220051564,13.485189632564566,4,12119.108276040519,22715444029978.062,12176334078701.86,-0.078125,76923.07692307679,rectangular_hollow_section,True
125.60944059751091,142.06219597556972,18.441198517659945,8.752075074058837,4,8435.461546009315,3411476276193.9863,4208690381155.625,0.052734375,76923.07692307663,rectangular_hollow_section,True
286.534826948311,214.72483854768356,4.5014840000324465,12.661942970392738,4,4338.039586194987,10515544684801.336,6794219571790.803,0.013671875,76923.0769230775,rectangular_hollow_section,True
132.17109482946873,75.03708337033183,5.333157368408902,16.780142331295465,4,1945.8376627388814,834144746853.2676,349729510593.4786,0.0037841796875,76923.07692307695,rectangular_hollow_section,True
212.5159294886086,189.69890156568965,3.24733359022425,9.826445218642613,4,2516.7964451375938,3525137986711.375,2969937251705.8594,-0.0234375,76923.0769230767,rectangular_hollow_section,True
181.92927955599006,123.18256445202127,10.30290517797766,12.51372244465184,4,5710.771838124161,4948713401627.885,2660603904653.2266,0.0126953125,76923.07692307688,rectangular_hollow_section,True
139.63712590230554,30.82146323916751,11.554685357806127,19.6960075781874,4,,,,,,rectangular_hollow_section,False
183.50982559506696,204.72965952711868,16.487634989541903,11.815993552813925,4,11575.31570461099,11101081638342.008,13256862709184.61,0.015625,76923.07692307729,rectangular_hollow_section,True
197.4226626404414,162.53140960346056,4.904063697237088,8.630510473522659,4,3373.676728284741,3919250945301.449,2911054770868.6123,0.005859375,76923.07692307707,rectangular_hollow_section,True
188.6570098967131,41.47132248998669,3.047809363273001,9.14382459041208,4,1319.1698782550418,971675407330.6309,85739287773.11719,-0.00274658203125,76923.07692307685,rectangular_hollow_section,True
170.48292600937214,171.85033474799536,12.7652573382388,17.713564351443928,4,7798.852538630726,6377767750507.195,6459057620339.002,-0.03515625,76923.07692307691,rectangular_hollow_section,True
59.194063251923964,220.3599090710089,2.8966382315133816,15.124298361017775,4,1506.7426671564556,203029775982.8106,1570944760766.395,0.0030517578125,76923.07692307683,rectangular_hollow_section,True
43.96777145187132,116.21525022417067,12.626437989659996,14.578996331485968,4,3198.6395851956504,139912532302.2727,790078469725.1536,-0.003662109375,76923.07692307679,rectangular_hollow_section,True
108.31380737754758,33.77525986319652,13.740012198900178,12.424988215780036,4,2995.0789613704287,578982265383.8123,63075315210.26901,-0.00140380859375,76923.07692307695,rectangular_hollow_section,True
295.57787399174214,90.52572424676579,7.760760882898342,9.296346070378524,4,5667.933737593142,11146578931597.809,1653728086601.7417,0.0107421875,76923.07692307679,rectangular_hollow_section,True
195.63197812758227,273.0978225948718,18.069102755354976,11.726050250864517,4,15495.583715482035,17807467327779.332,30551433743249.312,-0.21875,76923.07692307749,rectangular_hollow_section,True
264.7582680082574,200.32357675917615,8.904508361656845,18.982703520549492,4,7706.716259233167,15271906717243.805,9950565828981.38,0.0390625,76923.0769230769,rectangular_hollow_section,True
122.39750175608334,134.29035082419193,5.530345619020501,17.967139295653208,4,2548.6619337687384,1146078324033.229,1319016402195.7017,-0.004638671875,76923.076923077,rectangular_hollow_section,True
199.75185919617942,178.9409491935238,2.6636633037526347,17.93549676641468,4,1900.5867184756523,2324564678171.5454,1973762047071.7085,-0.001953125,76923.07692307685,rectangular_hollow_section,True
137.01866942223006,286.9937952887781,8.741362966037496,19.532843003612044,4,6842.17209190738,4396973138923.8223,13917288457923.602,-0.03125,76923.07692307702,rectangular_hollow_section,True
89.49494065711374,264.90101088415446,17.173072145231977,17.77988567648645,4,10676.72074796411,2416064524040.45,15424685712298.969,-0.00390625,76923.076923077,rectangular_hollow_section,True
107.27677434018804,135.51408023471902,14.911240192107302,13.733171664696684,4,6162.645157787857,1874146983753.7202,2768566984593.634,0.01171875,76923.07692307688,rectangular_hollow_section,True
171.22635155892144,115.88257638488925,17.182307364831175,19.533894913849917,4,8309.417862212613,5717699965154.309,2989975484685.6484,0.0380859375,76923.07692307692,rectangular_hollow_section,True
168.5209155404682,229.4973402701984,4.861459820649761,18.223661884032094,4,3621.810942185298,3421288154796.461,5452094843925.463,0.0048828125,76923.07692307692,rectangular_hollow_section,True
85.71045368378431,148.11111302536057,7.246140466679707,13.805588440676697,4,3031.0137119059696,700085405850.5989,1655506146701.9155,0.0029296875,76923.07692307692,rectangular_hollow_section,True
57.88185386601426,218.23580220867916,13.765149308475607,8.87876346714494,4,6764.851742504884,605117022419.4485,6338071938182.701,0.0087890625,76923.07692307692,rectangular_hollow_section,True
209.53552800362064,225.1077261918127,3.643596131036457,15.611644258199005,4,3013.7365272003153,4261166629209.1074,4745063142033.161,-0.046875,76923.07692307672,rectangular_hollow_section,True
83.72581230685566,42.39977660837333,8.495511921380647,19.314364652907827,4,1598.3108896966687,206890266166.7782,69073875034.07721,-0.00030517578125,76923.07692307675,rectangular_hollow_section,True
179.94392606638715,127.54948795833106,11.89303866779439,19.294813292606214,4,6430.781098761338,5322006055857.771,3082122800726.5645,0.0205078125,76923.0769230769,rectangular_hollow_section,True
187.5564787305905,51.38497422370932,12.874852746524533,15.134053843560132,4,5265.689114532733,3474800551917.367,356197083381.9376,-0.00439453125,76923.07692307694,rectangular_hollow_section,True
249.81312307278682,295.42380305096475,13.46369347868886,10.969247885204094,4,13836.3971256661,26852316234583.54,34940347971604.086,0.0390625,76923.07692307692,rectangular_hollow_section,True
50.551383983375,92.42232608297667,15.996612842470471,10.021848809873958,4,3450.186229870524,181988422064.2699,558318391802.8186,-0.0006103515625,76923.0769230768,rectangular_hollow_section,True
261.54381401584493,24.22108716307548,12.128266041061964,13.86508019179879,4,,,,,,rectangular_hollow_section,False
94.78875024518358,159.39841364057307,7.359839335268235,13.945927924651116,4,3373.7720916371786,961991669069.5205,2173484037215.915,-0.00830078125,76923.07692307698,rectangular_hollow_section,True
190.596632583016,78.22457510949542,8.808393644792506,17.31083266716563,4,4198.0413821403845,3403688422863.615,816486736638.8789,0.00048828125,76923.07692307685,rectangular_hollow_section,True
190.44987985587358,114.33076997359525,8.987978576236221,18.70881727836864,4,4900.063727807178,4480149723441.398,2017120746852.1655,-0.00390625,76923.07692307676,rectangular_hollow_section,True
112.73396812390834,268.8609211394146,7.3995842707467006,10.86349850846408,4,5322.254793263707,2380013902512.5913,9377238460171.66,-0.021484375,76923.07692307682,rectangular_hollow_section,True
173.71781898187754,139.8582593668334,14.33766093619109,13.26122912436079,4,7993.7606957551625,6319514135526.98,4441414189778.805,-0.001953125,76923.07692307708,rectangular_hollow_section,True
35.10797726407063,253.5836635052118,18.48783480231589,16.793573531361965,4,8216.228289815139,171931558122.38306,8375353089456.316,-0.00927734375,76923.0769230768,rectangular_hollow_section,True
248.58527230314354,265.08075598811246,12.036445534821075,12.391362534808538,4,11632.502361388244,21957618588560.242,24274764818618.547,-0.0390625,76923.07692307697,rectangular_hollow_section,True
