0,1,2,3
"('section_type', 'rectangular_hollow_section')","('section_params', {'d': 38.17216627807256, 'b': 96.43413673731214, 't': 3.167429259232521, 'r_out': 19.10567735189518, 'n_r': 4})","('valid', False)","('stiffness_props', {'area': None, 'ixx': None, 'iyy': None, 'ixy': None, 'g_eff': None})"
"('section_type', 'rectangular_hollow_section')","('section_params', {'d': 33.228669304453575, 'b': 267.97719472696895, 't': 9.315205951129077, 'r_out': 17.119996430490765, 'n_r': 4})","('valid', False)","('stiffness_props', {'area': None, 'ixx': None, 'iyy': None, 'ixy': None, 'g_eff': None})"
"('section_type', 'rectangular_hollow_section')","('section_params', {'d': 46.02911879565633, 'b': 213.41088081984657, 't': 2.9876733464879943, 'r_out': 19.085128502627928, 'n_r': 4})","('valid', True)","('stiffness_props', {'area': 1409.425108169041, 'ixx': 112997367194.5531, 'iyy': 1254719305247.7788, 'ixy': -0.001953125, 'g_eff': 76923.07692307704})"
"('section_type', 'rectangular_hollow_section')","('section_params', {'d': 23.09768176105689, 'b': 64.4505039281093, 't': 9.338459600916732, 'r_out': 13.240121436529847, 'n_r': 4})","('valid', False)","('stiffness_props', {'area': None, 'ixx': None, 'iyy': None, 'ixy': None, 'g_eff': None})"
"('section_type', 'rectangular_hollow_section')","('section_params', {'d': 85.9300453813404, 'b': 43.104599961711486, 't': 3.256648308140001, 'r_out': 13.373355456946628, 'n_r': 4})","('valid', True)","('stiffness_props', {'area': 721.5190134410007, 'ixx': 122180429457.81879, 'iyy': 42820816846.13886, 'ixy': -7.62939453125e-05, 'g_eff': 76923.076923077})"
"('section_type', 'rectangular_hollow_section')","('section_params', {'d': 168.30256314741686, 'b': 190.19532582762682, 't': 4.031805944866624, 'r_out': 18.07505408795832, 'n_r': 4})","('valid', True)","('stiffness_props', {'area': 2696.2712414012162, 'ixx': 2438543129507.333, 'iyy': 2928965630465.6777, 'ixy': 0.00244140625, 'g_eff': 76923.07692307707})"
"('section_type', 'rectangular_hollow_section')","('section_params', {'d': 292.4522021338465, 'b': 29.280590519283702, 't': 12.982321852824311, 'r_out': 17.514070909730222, 'n_r': 4})","('valid', False)","('stiffness_props', {'area': None, 'ixx': None, 'iyy': None, 'ixy': None, 'g_eff': None})"
"('section_type', 'rectangular_hollow_section')","('section_params', {'d': 184.38338963927023, 'b': 124.61458914324844, 't': 8.911539215566549, 'r_out': 14.767597258099327, 'n_r': 4})","('valid', True)","('stiffness_props', {'area': 5005.844573160173, 'ixx': 4498075648985.285, 'iyy': 2433624757120.2314, 'ixy': 0.01171875, 'g_eff': 76923.07692307683})"
"('section_type', 'rectangular_hollow_section')","('section_params', {'d': 170.67524318498528, 'b': 184.10079119981904, 't': 5.911594557333748, 'r_out': 16.889599137870476, 'n_r': 4})","('valid', True)","('stiffness_props', {'area': 3890.054372574452, 'ixx': 3510691162944.958, 'iyy': 3938521218636.3145, 'ixy': -0.0009765625, 'g_eff': 76923.07692307695})"
"('section_type', 'rectangular_hollow_section')","('section_params', {'d': 216.10142648827576, 'b': 34.75568364684699, 't': 19.635042268743174, 'r_out': 16.41186908532752, 'n_r': 4})","('valid', True)","('stiffness_props', {'area': 6443.1158001894255, 'ixx': 4845986570161.23, 'iyy': 140648456551.51678, 'ixy': -0.00439453125, 'g_eff': 76923.07692307675})"
"('section_type', 'rectangular_hollow_section')","('section_params', {'d': 220.5853229463813, 'b': 133.2613836713807, 't': 5.554851636039033, 'r_out': 8.381228479246182, 'n_r': 4})","('valid', True)","('stiffness_props', {'area': 3745.4498227702547, 'ixx': 4978126118899.303, 'iyy': 2284288023223.061, 'ixy': 0.0244140625, 'g_eff': 76923.0769230768})"
"('section_type', 'rectangular_hollow_section')","('section_params', {'d': 182.37065635716795, 'b': 145.18605992489375, 't': 16.719968438380356, 'r_out': 18.13258544829535, 'n_r': 4})","('valid', True)","('stiffness_props', {'area': 9508.451369486304, 'ixx': 8031015262148.303, 'iyy': 5533101783128.297, 'ixy': 0.017578125, 'g_eff': 76923.07692307727})"
"('section_type', 'rectangular_hollow_section')","('section_params', {'d': 107.78103588462871, 'b': 150.1232596630035, 't': 7.888042637675361, 'r_out': 11.390064534541764, 'n_r': 4})","('valid', True)","('stiffness_props', {'area': 3702.365880088646, 'ixx': 1325945578602.9236, 'iyy': 2234404013465.6724, 'ixy': 0.0029296875, 'g_eff': 76923.07692307691})"
"('section_type', 'rectangular_hollow_section')","('section_params', {'d': 123.5160630061667, 'b': 34.89214984620416, 't': 15.37256957225344, 'r_out': 12.357995615977057, 'n_r': 4})","('valid', True)","('stiffness_props', {'area': 3772.29890911912, 'ixx': 935045376192.5264, 'iyy': 80766969422.23148, 'ixy': 0.0, 'g_eff': 76923.07692307698})"
"('section_type', 'rectangular_hollow_section')","('section_params', {'d': 90.93249726299703, 'b': 142.16446564109583, 't': 10.256823538059443, 'r_out': 14.177350639509648, 'n_r': 4})","('valid', True)","('stiffness_props', {'area': 4175.232376763672, 'ixx': 1005858971654.8352, 'iyy': 2068437857434.1123, 'ixy': -0.00341796875, 'g_eff': 76923.07692307691})"
"('section_type', 'rectangular_hollow_section')","('section_params', {'d': 61.64829984008854, 'b': 201.36314933294526, 't': 10.14336651333086, 'r_out': 18.001835028785493, 'n_r': 4})","('valid', True)","('stiffness_props', {'area': 4661.7809784385345, 'ixx': 530907170573.38416, 'iyy': 3791256005040.035, 'ixy': -0.00244140625, 'g_eff': 76923.07692307675})"
"('section_type', 'rectangular_hollow_section')","('section_params', {'d': 193.145730972443, 'b': 156.3108641136527, 't': 16.878078542020756, 'r_out': 16.203733990560792, 'n_r': 4})","('valid', True)","('stiffness_props', {'area': 10394.272581461306, 'ixx': 10049156026302.043, 'iyy': 7114596236775.416, 'ixy': 0.044921875, 'g_eff': 76923.07692307695})"
"('section_type', 'rectangular_hollow_section')","('section_params', {'d': 35.52226489407721, 'b': 210.2837447408549, 't': 2.6948233386853917, 'r_out': 12.61768462790397, 'n_r': 4})","('valid', True)","('stiffness_props', {'area': 1235.0164625954358, 'ixx': 59805300678.25659, 'iyy': 1050414673506.1729, 'ixy': -0.00042724609375, 'g_eff': 76923.07692307676})"
"('section_type', 'rectangular_hollow_section')","('section_params', {'d': 72.0497245666811, 'b': 30.932925358897897, 't': 7.714149529427833, 'r_out': 11.026477852543726, 'n_r': 4})","('valid', True)","('stiffness_props', {'area': 1240.2030141633008, 'ixx': 120424831439.52881, 'iyy': 28028770436.261864, 'ixy': 6.103515625e-05, 'g_eff': 76923.07692307694})"
"('section_type', 'rectangular_hollow_section')","('section_params', {'d': 288.5493184882541, 'b': 133.57403147634568, 't': 12.346548785046672, 'r_out': 17.102110939331624, 'n_r': 4})","('valid', True)","('stiffness_props', {'area': 9543.917172506644, 'ixx': 19078087513912.016, 'iyy': 5567679778619.8, 'ixy': -0.01953125, 'g_eff': 76923.07692307685})"
"('section_type', 'rectangular_hollow_section')","('section_params', {'d': 169.58563596711033, 'b': 189.33917199514093, 't': 7.222865801268599, 'r_out': 17.89907537083311, 'n_r': 4})","('valid', True)","('stiffness_props', {'area': 4769.85683142493, 'ixx': 4219366623813.502, 'iyy': 4993415119049.125, 'ixy': 0.0302734375, 'g_eff': 76923.0769230769})"
"('section_type', 'rectangular_hollow_section')","('section_params', {'d': 44.91624546302158, 'b': 96.1437435667754, 't': 19.74949767343102, 'r_out': 19.78018969050965, 'n_r': 4})","('valid', True)","('stiffness_props', {'area': 3620.3022547123037, 'ixx': 119341292693.33173, 'iyy': 501158331149.00977, 'ixy': -0.0015869140625, 'g_eff': 76923.07692307702})"
"('section_type', 'rectangular_hollow_section')","('section_params', {'d': 153.9891256724123, 'b': 293.7081621638602, 't': 17.02883488797309, 'r_out': 8.42170667383666, 'n_r': 4})","('valid', True)","('stiffness_props', {'area': 14016.676374846867, 'ixx': 10329707042652.518, 'iyy': 29738079675891.195, 'ixy': -0.09375, 'g_eff': 76923.076923077})"
"('section_type', 'rectangular_hollow_section')","('section_params', {'d': 263.31016426552014, 'b': 154.2527774547994, 't': 3.052082254781845, 'r_out': 15.028076588117395, 'n_r': 4})","('valid', True)","('stiffness_props', {'area': 2429.193419332, 'ixx': 4633023340952.7, 'iyy': 2069517125135.7358, 'ixy': 0.0048828125, 'g_eff': 76923.0769230761})"
"('section_type', 'rectangular_hollow_section')","('section_params', {'d': 21.564897446848548, 'b': 54.71971012986162, 't': 16.590652722247324, 'r_out': 10.738571991134062, 'n_r': 4})","('valid', True)","('stiffness_props', {'area': 814.5091124193729, 'ixx': 6926386153.39259, 'iyy': 42717368616.56532, 'ixy': 4.57763671875e-05, 'g_eff': 76923.07692307695})"
"('section_type', 'rectangular_hollow_section')","('section_params', {'d': 265.3030652548206, 'b': 43.844354598261155, 't': 9.354906137776728, 'r_out': 13.66080717164073, 'n_r': 4})","('valid', True)","('stiffness_props', {'area': 5265.9562466692505, 'ixx': 6794928996936.535, 'iyy': 294699690683.9453, 'ixy': -0.01171875, 'g_eff': 76923.07692307695})"
"('section_type', 'rectangular_hollow_section')","('section_params', {'d': 298.3681568998216, 'b': 255.2880586460779, 't': 15.2794110246104, 'r_out': 9.706794144961918, 'n_r': 4})","('valid', True)","('stiffness_props', {'area': 15891.018309703453, 'ixx': 40666394165372.72, 'iyy': 31781234233786.266, 'ixy': 0.2421875, 'g_eff': 76923.0769230769})"
"('section_type', 'rectangular_hollow_section')","('section_params', {'d': 88.88082899825613, 'b': 188.07188498509066, 't': 9.629012621337994, 'r_out': 19.994750164785362, 'n_r': 4})","('valid', True)","('stiffness_props', {'area': 4670.349301338836, 'ixx': 1147255601470.0225, 'iyy': 3779054125901.3154, 'ixy': 0.00048828125, 'g_eff': 76923.07692307704})"
"('section_type', 'rectangular_hollow_section')","('section_params', {'d': 262.6257179162493, 'b': 68.22756270391919, 't': 5.143428397809398, 'r_out': 15.832231261523724, 'n_r': 4})","('valid', True)","('stiffness_props', {'area': 3161.2118553075284, 'ixx': 4615690619865.887, 'iyy': 541657836925.42957, 'ixy': 0.00244140625, 'g_eff': 76923.07692307694})"
"('section_type', 'rectangular_hollow_section')","('section_params', {'d': 285.6296948978327, 'b': 143.04409672057852, 't': 8.183141770863104, 'r_out': 9.857359098439533, 'n_r': 4})","('valid', True)","('stiffness_props', {'area': 6653.5770588301375, 'ixx': 13965132368320.617, 'iyy': 4720061262185.61, 'ixy': -0.04296875, 'g_eff': 76923.07692307707})"
"('section_type', 'rectangular_hollow_section')","('section_params', {'d': 233.18659981125003, 'b': 180.69283872526864, 't': 18.29653945325072, 'r_out': 12.637088030187778, 'n_r': 4})","('valid', True)","('stiffness_props', {'area': 13646.37353440538, 'ixx': 19525741980347.43, 'iyy': 12880933423525.992, 'ixy': 0.01953125, 'g_eff': 76923.07692307695})"
"('section_type', 'rectangular_hollow_section')","('section_params', {'d': 31.227966166320464, 'b': 230.86773449633043, 't': 9.901106236723361, 'r_out': 19.009163615550005, 'n_r': 4})","('valid', False)","('stiffness_props', {'area': None, 'ixx': None, 'iyy': None, 'ixy': None, 'g_eff': None})"
"('section_type', 'rectangular_hollow_section')","('section_params', {'d': 50.54652029947303, 'b': 44.91925518919935, 't': 12.452500631789773, 'r_out': 18.80069403407737, 'n_r': 4})","('valid', True)","('stiffness_props', {'area': 1444.1496345449436, 'ixx': 60717698981.81882, 'iyy': 49807951204.63745, 'ixy': 0.000274658203125, 'g_eff': 76923.07692307692})"
"('section_type', 'rectangular_hollow_section')","('section_params', {'d': 89.06396118815466, 'b': 56.59722691275923, 't': 11.190329711540013, 'r_out': 13.118681780783954, 'n_r': 4})","('valid', True)","('stiffness_props', {'area': 2590.718255873335, 'ixx': 439063576025.1538, 'iyy': 202848969678.8308, 'ixy': -0.0009765625, 'g_eff': 76923.07692307666})"
"('section_type', 'rectangular_hollow_section')","('section_params', {'d': 85.04899082665554, 'b': 196.33758365931118, 't': 3.11338102075535, 'r_out': 14.436476539724438, 'n_r': 4})","('valid', True)","('stiffness_props', {'area': 1633.1553127280195, 'ixx': 432186051367.57935, 'iyy': 1546553062133.6704, 'ixy': 0.0009765625, 'g_eff': 76923.07692307713})"
"('section_type', 'rectangular_hollow_section')","('section_params', {'d': 34.538119768562154, 'b': 254.10246399720336, 't': 11.125138227959152, 'r_out': 9.06191299048787, 'n_r': 4})","('valid', True)","('stiffness_props', {'area': 5845.139715773883, 'ixx': 163528791758.32544, 'iyy': 6635914864415.094, 'ixy': 0.00390625, 'g_eff': 76923.07692307686})"
"('section_type', 'rectangular_hollow_section')","('section_params', {'d': 95.03356043651766, 'b': 246.15354309645312, 't': 19.893540264887122, 'r_out': 16.669407092989097, 'n_r': 4})","('valid', True)","('stiffness_props', {'area': 11713.95785407212, 'ixx': 2835582065427.0566, 'iyy': 14743409679948.414, 'ixy': -0.0703125, 'g_eff': 76923.07692307695})"
"('section_type', 'rectangular_hollow_section')","('section_params', {'d': 235.49106118267298, 'b': 121.37131589103299, 't': 6.844527247915269, 'r_out': 14.694544954217188, 'n_r': 4})","('valid', True)","('stiffness_props', {'area': 4543.411440861323, 'ixx': 6417005549975.939, 'iyy': 2293562584659.2256, 'ixy': -0.0087890625, 'g_eff': 76923.07692307685})"
"('section_type', 'rectangular_hollow_section')","('section_params', {'d': 288.78697641954074, 'b': 190.42162642292246, 't': 11.331203578598634, 'r_out': 16.6026133221477, 'n_r': 4})","('valid', True)","('stiffness_props', {'area': 10098.576764248624, 'ixx': 22748474072882.945, 'iyy': 11871749263125.797, 'ixy': -0.0546875, 'g_eff': 76923.07692307683})"
"('section_type', 'rectangular_hollow_section')","('section_params', {'d': 258.38064955184706, 'b': 110.98936159955228, 't': 6.9298699776330945, 'r_out': 10.571548406961924, 'n_r': 4})","('valid', True)","('stiffness_props', {'area': 4828.784096266385, 'ixx': 7922143734814.426, 'iyy': 2096738031071.6128, 'ixy': 0.0322265625, 'g_eff': 76923.07692307697})"
"('section_type', 'rectangular_hollow_section')","('section_params', {'d': 128.06050193514815, 'b': 279.7011281119731, 't': 17.365216701107016, 'r_out': 9.658628862491517, 'n_r': 4})","('valid', True)","('stiffness_props', {'area': 12862.246020520788, 'ixx': 6399930760598.238, 'iyy': 23483213637372.305, 'ixy': -0.09765625, 'g_eff': 76923.07692307688})"
"('section_type', 'rectangular_hollow_section')","('section_params', {'d': 133.32273586697656, 'b': 211.5711264208856, 't': 9.510652243546202, 'r_out': 17.66663988789377, 'n_r': 4})","('valid', True)","('stiffness_props', {'area': 5952.931115442464, 'ixx': 3361007778565.839, 'iyy': 6918647835173.246, 'ixy': -0.00390625, 'g_eff': 76923.0769230768})"
"('section_type', 'rectangular_hollow_section')","('section_params', {'d': 249.91855230773285, 'b': 130.90392176854238, 't': 2.159362288429003, 'r_out': 19.321151695583392, 'n_r': 4})","('valid', True)","('stiffness_props', {'area': 1547.2361090540794, 'ixx': 2550261726065.839, 'iyy': 970462026063.9133, 'ixy': 0.001953125, 'g_eff': 76923.07692307698})"
"('section_type', 'rectangular_hollow_section')","('section_params', {'d': 189.10427479135504, 'b': 23.71019098398845, 't': 19.794026217915434, 'r_out': 13.342009306409745, 'n_r': 4})","('valid', False)","('stiffness_props', {'area': None, 'ixx': None, 'iyy': None, 'ixy': None, 'g_eff': None})"
"('section_type', 'rectangular_hollow_section')","('section_params', {'d': 153.25488647633645, 'b': 251.94268214640567, 't': 8.277368950946592, 'r_out': 18.01910060406715, 'n_r': 4})","('valid', True)","('stiffness_props', {'area': 6204.093549055474, 'ixx': 4835764953740.637, 'iyy': 10424859739636.61, 'ixy': -0.017578125, 'g_eff': 76923.07692307688})"
"('section_type', 'rectangular_hollow_section')","('section_params', {'d': 204.17749882181135, 'b': 56.67160606110336, 't': 14.621697761001023, 'r_out': 13.763277232243354, 'n_r': 4})","('valid', True)","('stiffness_props', {'area': 6583.509563823415, 'ixx': 5222841936422.762, 'iyy': 535252459845.8695, 'ixy': 0.00537109375, 'g_eff': 76923.07692307702})"
"('section_type', 'rectangular_hollow_section')","('section_params', {'d': 152.09096962017702, 'b': 192.03595286471625, 't': 15.819888886303637, 'r_out': 9.052927039720423, 'n_r': 4})","('valid', True)","('stiffness_props', {'area': 9805.06832750689, 'ixx': 6498948563620.402, 'iyy': 9523123126522.816, 'ixy': -0.064453125, 'g_eff': 76923.07692307705})"
"('section_type', 'rectangular_hollow_section')","('section_params', {'d': 271.6931533512577, 'b': 106.76893402962578, 't': 13.604692962952466, 'r_out': 18.37847473444286, 'n_r': 4})","('valid', True)","('stiffness_props', {'area': 9242.39097024247, 'ixx': 15211496672101.57, 'iyy': 3303643906978.667, 'ixy': -0.005859375, 'g_eff': 76923.07692307698})"
"('section_type', 'rectangular_hollow_section')","('section_params', {'d': 132.97642755308186, 'b': 234.95733230453428, 't': 15.350505114691789, 'r_out': 16.389591236217797, 'n_r': 4})","('valid', True)","('stiffness_props', {'area': 10085.84709509729, 'ixx': 5356061662985.164, 'iyy': 13530600415099.41, 'ixy': 0.01953125, 'g_eff': 76923.07692307702})"
"('section_type', 'rectangular_hollow_section')","('section_params', {'d': 265.339965584306, 'b': 91.53563687947293, 't': 7.475188163186329, 'r_out': 18.45619523781147, 'n_r': 4})","('valid', True)","('stiffness_props', {'area': 4891.86217995088, 'ixx': 7704659507624.293, 'iyy': 1430836679153.893, 'ixy': 0.0166015625, 'g_eff': 76923.0769230766})"
"('section_type', 'rectangular_hollow_section')","('section_params', {'d': 20.59334575320117, 'b': 110.41209645590418, 't': 7.282455271477157, 'r_out': 15.533031714610575, 'n_r': 4})","('valid', False)","('stiffness_props', {'area': None, 'ixx': None, 'iyy': None, 'ixy': None, 'g_eff': None})"
"('section_type', 'rectangular_hollow_section')","('section_params', {'d': 141.6686415290149, 'b': 147.75298245233324, 't': 10.875617591800776, 'r_out': 18.265600208837597, 'n_r': 4})","('valid', True)","('stiffness_props', {'area': 5543.141270516947, 'ixx': 3122346992925.5547, 'iyy': 3336276993385.253, 'ixy': 0.0048828125, 'g_eff': 76923.07692307679})"
"('section_type', 'rectangular_hollow_section')","('section_params', {'d': 170.75901743263654, 'b': 221.14196504894204, 't': 16.077480317103685, 'r_out': 9.572092805141047, 'n_r': 4})","('valid', True)","('stiffness_props', {'area': 11475.994210144883, 'ixx': 9837983616788.838, 'iyy': 14970967521973.95, 'ixy': 0.0703125, 'g_eff': 76923.07692307708})"
"('section_type', 'rectangular_hollow_section')","('section_params', {'d': 146.90005665704857, 'b': 253.61983232374772, 't': 6.405801738300388, 'r_out': 13.965878248227527, 'n_r': 4})","('valid', True)","('stiffness_props', {'area': 4829.273820064205, 'ixx': 3580724742719.8857, 'iyy': 8300308773696.994, 'ixy': -0.01953125, 'g_eff': 76923.07692307691})"
"('section_type', 'rectangular_hollow_section')","('section_params', {'d': 159.5545823645156, 'b': 247.1162933604584, 't': 14.898293582854366, 'r_out': 8.993355645158818, 'n_r': 4})","('valid', True)","('stiffness_props', {'area': 11148.68714381025, 'ixx': 8718718066302.486, 'iyy': 17694755097729.09, 'ixy': -0.015625, 'g_eff': 76923.07692307697})"
"('section_type', 'rectangular_hollow_section')","('section_params', {'d': 163.98697552434993, 'b': 239.4400715257929, 't': 6.74975531613762, 'r_out': 18.679020367049162, 'n_r': 4})","('valid', True)","('stiffness_props', {'area': 5057.232486472375, 'ixx': 4494519835613.393, 'iyy': 8008264346375.717, 'ixy': -0.0234375, 'g_eff': 76923.07692307682})"
"('section_type', 'rectangular_hollow_section')","('section_params', {'d': 29.005091206983735, 'b': 154.7833443046369, 't': 9.785874123623028, 'r_out': 10.585873851096867, 'n_r': 4})","('valid', True)","('stiffness_props', {'area': 3102.5869355076793, 'ixx': 57762920085.56911, 'iyy': 1279045233605.9668, 'ixy': -0.0010986328125, 'g_eff': 76923.07692307697})"
"('section_type', 'rectangular_hollow_section')","('section_params', {'d': 297.96704859489734, 'b': 81.86574240123096, 't': 4.612247386359809, 'r_out': 13.706442615667397, 'n_r': 4})","('valid', True)","('stiffness_props', {'area': 3313.5121089315894, 'ixx': 6487723774431.537, 'iyy': 845991318983.2532, 'ixy': -0.0048828125, 'g_eff': 76923.07692307695})"
"('section_type', 'rectangular_hollow_section')","('section_params', {'d': 184.32553131753042, 'b': 279.74154160395693, 't': 16.478801304927327, 'r_out': 16.50870755785752, 'n_r': 4})","('valid', True)","('stiffness_props', {'area': 13935.798073028549, 'ixx': 14509692012166.094, 'iyy': 28328543131949.438, 'ixy': 0.0703125, 'g_eff': 76923.07692307679})"
"('section_type', 'rectangular_hollow_section')","('section_params', {'d': 162.51339782916295, 'b': 251.56875594444915, 't': 2.149380979496457, 'r_out': 12.714669557553464, 'n_r': 4})","('valid', True)","('stiffness_props', {'area': 1711.5237569394865, 'ixx': 1607510653128.127, 'iyy': 3096677429086.877, 'ixy': -0.0087890625, 'g_eff': 76923.07692307688})"
"('section_type', 'rectangular_hollow_section')","('section_params', {'d': 69.59399827978923, 'b': 198.0368434316683, 't': 17.64434248051164, 'r_out': 10.10235973957666, 'n_r': 4})","('valid', True)","('stiffness_props', {'area': 8096.991500422881, 'ixx': 981585478365.293, 'iyy': 6353575874426.16, 'ixy': -0.025390625, 'g_eff': 76923.07692307701})"
"('section_type', 'rectangular_hollow_section')","('section_params', {'d': 94.0325098984592, 'b': 179.5492249264032, 't': 6.1544866179404165, 'r_out': 18.409363605770793, 'n_r': 4})","('valid', True)","('stiffness_props', {'area': 3027.276771280648, 'ixx': 886409943554.6025, 'iyy': 2401764360159.755, 'ixy': 0.0078125, 'g_eff': 76923.07692307698})"
"('section_type', 'rectangular_hollow_section')","('section_params', {'d': 298.2845133737365, 'b': 247.96808700413771, 't': 17.04347849340156, 'r_out': 11.298329981672824, 'n_r': 4})","('valid', True)","('stiffness_props', {'area': 17330.515996015154, 'ixx': 43398440821360.08, 'iyy': 32342331514998.234, 'ixy': -0.0546875, 'g_eff': 76923.0769230774})"
"('section_type', 'rectangular_hollow_section')","('section_params', {'d': 274.21941518228095, 'b': 71.94040574795721, 't': 2.812953073889361, 'r_out': 16.25043070282232, 'n_r': 4})","('valid', True)","('stiffness_props', {'area': 1832.3011517024054, 'ixx': 2990881054697.8164, 'iyy': 373956155255.873, 'ixy': 0.008544921875, 'g_eff': 76923.07692307692})"
"('section_type', 'rectangular_hollow_section')","('section_params', {'d': 255.89229531370074, 'b': 166.9820524824706, 't': 4.111262055754833, 'r_out': 15.660098427204744, 'n_r': 4})","('valid', True)","('stiffness_props', {'area': 3297.6215569134624, 'ixx': 6068968192639.932, 'iyy': 3184356997717.8447, 'ixy': 0.0, 'g_eff': 76923.07692307755})"
"('section_type', 'rectangular_hollow_section')","('section_params', {'d': 176.39000395511212, 'b': 173.62315331031698, 't': 13.610099879856666, 'r_out': 19.400772733381658, 'n_r': 4})","('valid', True)","('stiffness_props', {'area': 8443.630693778634, 'ixx': 7292098641974.852, 'iyy': 7111348219357.104, 'ixy': -0.00390625, 'g_eff': 76923.07692307682})"
"('section_type', 'rectangular_hollow_section')","('section_params', {'d': 25.770965251995936, 'b': 276.7882486833128, 't': 11.349271016707863, 'r_out': 19.770609243002376, 'n_r': 4})","('valid', False)","('stiffness_props', {'area': None, 'ixx': None, 'iyy': None, 'ixy': None, 'g_eff': None})"
"('section_type', 'rectangular_hollow_section')","('section_params', {'d': 228.2352134075027, 'b': 122.11146748367884, 't': 12.715241453677267, 'r_out': 13.313217584633056, 'n_r': 4})","('valid', True)","('stiffness_props', {'area': 8085.891632147688, 'ixx': 10320486403517.02, 'iyy': 3753146777361.243, 'ixy': 0.0625, 'g_eff': 76923.07692307698})"
"('section_type', 'rectangular_hollow_section')","('section_params', {'d': 193.93611627463542, 'b': 176.1370646115069, 't': 12.473565221290043, 'r_out': 13.835062683760324, 'n_r': 4})","('valid', True)","('stiffness_props', {'area': 8420.349315424744, 'ixx': 8919499381913.832, 'iyy': 7656334387418.896, 'ixy': -0.015625, 'g_eff': 76923.07692307673})"
"('section_type', 'rectangular_hollow_section')","('section_params', {'d': 241.48986770409024, 'b': 273.0510539224655, 't': 2.98462220788541, 'r_out': 9.020037295700412, 'n_r': 4})","('valid', True)","('stiffness_props', {'area': 2990.853806675901, 'ixx': 5805625497785.037, 'iyy': 6985932673639.566, 'ixy': -0.068359375, 'g_eff': 76923.07692307647})"
"('section_type', 'rectangular_hollow_section')","('section_params', {'d': 237.0730109202746, 'b': 263.6361618374942, 't': 7.796266125299525, 'r_out': 17.000783384862068, 'n_r': 4})","('valid', True)","('stiffness_props', {'area': 7359.893364693118, 'ixx': 13074635810856.941, 'iyy': 15375872243413.125, 'ixy': -0.0546875, 'g_eff': 76923.07692307686})"
"('section_type', 'rectangular_hollow_section')","('section_params', {'d': 260.62014404989793, 'b': 193.26265690229684, 't': 15.557333314564236, 'r_out': 14.727542001648962, 'n_r': 4})","('valid', True)","('stiffness_props', {'area': 12937.389067470272, 'ixx': 23652880947943.35, 'iyy': 14671533909270.543, 'ixy': 0.00390625, 'g_eff': 76923.07692307673})"
"('section_type', 'rectangular_hollow_section')","('section_params', {'d': 201.0491661527716, 'b': 115.35635125165241, 't': 6.546755491694446, 'r_out': 19.12222835127337, 'n_r': 4})","('valid', True)","('stiffness_props', {'area': 3763.901987991144, 'ixx': 3895546864840.4834, 'iyy': 1660156556485.5835, 'ixy': -0.015625, 'g_eff': 76923.07692307707})"
"('section_type', 'rectangular_hollow_section')","('section_params', {'d': 56.97943916420978, 'b': 249.54166754412734, 't': 16.045617996422145, 'r_out': 10.648577232292158, 'n_r': 4})","('valid', True)","('stiffness_props', {'area': 8693.401547544463, 'ixx': 698199002001.791, 'iyy': 10153276978176.293, 'ixy': -0.0029296875, 'g_eff': 76923.07692307691})"
"('section_type', 'rectangular_hollow_section')","('section_params', {'d': 59.17083049881499, 'b': 46.735327524729534, 't': 14.52423200122647, 'r_out': 16.919887578366815, 'n_r': 4})","('valid', True)","('stiffness_props', {'area': 1952.0545280629483, 'ixx': 115704372901.66351, 'iyy': 76033534370.6117, 'ixy': 0.000335693359375, 'g_eff': 76923.07692307704})"
"('section_type', 'rectangular_hollow_section')","('section_params', {'d': 25.478764120613633, 'b': 93.83862191426203, 't': 10.754897040838161, 'r_out': 15.45145946905683, 'n_r': 4})","('valid', False)","('stiffness_props', {'area': None, 'ixx': None, 'iyy': None, 'ixy': None, 'g_eff': None})"
"('section_type', 'rectangular_hollow_section')","('section_params', {'d': 143.25649663589843, 'b': 139.70513912239275, 't': 12.193297846657464, 'r_out': 12.769018481298241, 'n_r': 4})","('valid', True)","('stiffness_props', {'area': 6143.0485797205965, 'ixx': 3464184201166.417, 'iyy': 3326818423307.0176, 'ixy': 0.001953125, 'g_eff': 76923.07692307702})"
"('section_type', 'rectangular_hollow_section')","('section_params', {'d': 278.4558656765981, 'b': 100.99785755844844, 't': 15.083314371037472, 'r_out': 14.494123543375203, 'n_r': 4})","('valid', True)","('stiffness_props', {'area': 10326.734486676636, 'ixx': 17500228847089.414, 'iyy': 3217634074366.9062, 'ixy': -0.0703125, 'g_eff': 76923.07692307647})"
"('section_type', 'rectangular_hollow_section')","('section_params', {'d': 287.0464247894149, 'b': 136.70501941392, 't': 13.214473317442204, 'r_out': 18.39134549329326, 'n_r': 4})","('valid', True)","('stiffness_props', {'area': 10189.373501546808, 'ixx': 20133988532740.86, 'iyy': 6135944150365.584, 'ixy': -0.01953125, 'g_eff': 76923.07692307717})"
"('section_type', 'rectangular_hollow_section')","('section_params', {'d': 94.79528245520618, 'b': 171.2972816723806, 't': 5.024057445238223, 'r_out': 13.135356468424332, 'n_r': 4})","('valid', True)","('stiffness_props', {'area': 2466.019625294179, 'ixx': 750056545157.6658, 'iyy': 1865853447573.853, 'ixy': 0.006103515625, 'g_eff': 76923.07692307686})"
"('section_type', 'rectangular_hollow_section')","('section_params', {'d': 103.95556418158722, 'b': 168.0265739662617, 't': 16.94012832184876, 'r_out': 18.07003048774122, 'n_r': 4})","('valid', True)","('stiffness_props', {'area': 7741.7035297845705, 'ixx': 2228306598236.4673, 'iyy': 4986207826933.318, 'ixy': 0.013671875, 'g_eff': 76923.07692307695})"
"('section_type', 'rectangular_hollow_section')","('section_params', {'d': 91.12973677187487, 'b': 88.8733459306101, 't': 7.0533202325622595, 'r_out': 12.076273568785444, 'n_r': 4})","('valid', True)","('stiffness_props', {'area': 2219.635141995378, 'ixx': 505435595235.64685, 'iyy': 485833341668.16895, 'ixy': 0.00048828125, 'g_eff': 76923.07692307686})"
"('section_type', 'rectangular_hollow_section')","('section_params', {'d': 48.0387830119424, 'b': 161.309346230431, 't': 13.360797445115558, 'r_out': 8.119831604208933, 'n_r': 4})","('valid', True)","('stiffness_props', {'area': 4814.140601884122, 'ixx': 269873794006.4668, 'iyy': 2412809103172.3906, 'ixy': -0.008544921875, 'g_eff': 76923.07692307694})"
"('section_type', 'rectangular_hollow_section')","('section_params', {'d': 124.02431385607994, 'b': 39.290315660318555, 't': 7.732109696616126, 'r_out': 11.716396992588528, 'n_r': 4})","('valid', True)","('stiffness_props', {'area': 2164.9917662929984, 'ixx': 653995497412.5957, 'iyy': 93378340544.89578, 'ixy': -0.0013427734375, 'g_eff': 76923.07692307713})"
"('section_type', 'rectangular_hollow_section')","('section_params', {'d': 213.81701652823472, 'b': 154.09164613725315, 't': 18.70664434634866, 'r_out': 18.480112240988067, 'n_r': 4})","('valid', True)","('stiffness_props', {'area': 12023.404289605682, 'ixx': 13712561922432.3, 'iyy': 8007972158871.746, 'ixy': -0.046875, 'g_eff': 76923.07692307682})"
"('section_type', 'rectangular_hollow_section')","('section_params', {'d': 128.48886694239536, 'b': 193.07336307447937, 't': 18.34441336573461, 'r_out': 11.647053076568215, 'n_r': 4})","('valid', True)","('stiffness_props', {'area': 10316.017088173776, 'ixx': 4707189905535.768, 'iyy': 9322874895441.098, 'ixy': 0.00390625, 'g_eff': 76923.0769230768})"
"('section_type', 'rectangular_hollow_section')","('section_params', {'d': 251.14491293029337, 'b': 37.1113325091141, 't': 11.989054180109562, 'r_out': 16.820675030448406, 'n_r': 4})","('valid', True)","('stiffness_props', {'area': 6077.299259683076, 'ixx': 6455168003755.738, 'iyy': 192961487136.73938, 'ixy': -0.00830078125, 'g_eff': 76923.07692307667})"
"('section_type', 'rectangular_hollow_section')","('section_params', {'d': 175.7242784182817, 'b': 120.21640365433495, 't': 8.970365475750185, 'r_out': 14.719209401348312, 'n_r': 4})","('valid', True)","('stiffness_props', {'area': 4803.916408674268, 'ixx': 3907658621970.824, 'iyy': 2152444433312.4146, 'ixy': 0.005859375, 'g_eff': 76923.07692307675})"
"('section_type', 'rectangular_hollow_section')","('section_params', {'d': 153.4639872935287, 'b': 228.61026850428345, 't': 3.802131174275786, 'r_out': 10.30553938421736, 'n_r': 4})","('valid', True)","('stiffness_props', {'area': 2783.6582481940573, 'ixx': 2266583712503.602, 'iyy': 4152075833236.949, 'ixy': 0.03515625, 'g_eff': 76923.07692307705})"
"('section_type', 'rectangular_hollow_section')","('section_params', {'d': 70.90165927614763, 'b': 70.45203184979147, 't': 8.954160221499354, 'r_out': 16.816216121050818, 'n_r': 4})","('valid', True)","('stiffness_props', {'area': 1989.7260537326324, 'ixx': 239390308206.40576, 'iyy': 236959512813.82532, 'ixy': 0.00079345703125, 'g_eff': 76923.07692307666})"
"('section_type', 'rectangular_hollow_section')","('section_params', {'d': 87.71844462181112, 'b': 114.8686107366589, 't': 8.824627862226599, 'r_out': 8.875936374963498, 'n_r': 4})","('valid', True)","('stiffness_props', {'area': 3185.2349048895608, 'ixx': 707313753988.9988, 'iyy': 1094597998068.8069, 'ixy': 0.004150390625, 'g_eff': 76923.0769230769})"
"('section_type', 'rectangular_hollow_section')","('section_params', {'d': 175.69964001988436, 'b': 262.1275648275418, 't': 17.95599895615714, 'r_out': 11.749207486372981, 'n_r': 4})","('valid', True)","('stiffness_props', {'area': 14295.534195823104, 'ixx': 13197795461693.395, 'iyy': 25317976348779.055, 'ixy': 0.13671875, 'g_eff': 76923.0769230771})"
"('section_type', 'rectangular_hollow_section')","('section_params', {'d': 291.64580174326704, 'b': 215.8473779824168, 't': 4.97219127143553, 'r_out': 19.637104871840737, 'n_r': 4})","('valid', True)","('stiffness_props', {'area': 4777.25937609118, 'ixx': 11801571804907.941, 'iyy': 7499970486604.473, 'ixy': 0.0546875, 'g_eff': 76923.0769230764})"
"('section_type', 'rectangular_hollow_section')","('section_params', {'d': 36.10045874850202, 'b': 288.20396121028335, 't': 9.60611966727916, 'r_out': 16.355484055191837, 'n_r': 4})","('valid', True)","('stiffness_props', {'area': 5639.556054216051, 'ixx': 193610690872.45227, 'iyy': 8034826807887.934, 'ixy': 0.0107421875, 'g_eff': 76923.07692307686})"
"('section_type', 'rectangular_hollow_section')","('section_params', {'d': 201.35536997635134, 'b': 132.46620835308994, 't': 16.323956058143562, 'r_out': 10.47288352780078, 'n_r': 4})","('valid', True)","('stiffness_props', {'area': 9723.010096880344, 'ixx': 9823935493365.914, 'iyy': 4915038729046.96, 'ixy': -0.03515625, 'g_eff': 76923.07692307644})"
"('section_type', 'rectangular_hollow_section')","('section_params', {'d': 196.2868482272339, 'b': 262.32930756979204, 't': 7.5990585469835725, 'r_out': 8.63431657769619, 'n_r': 4})","('valid', True)","('stiffness_props', {'area': 6665.639610213, 'ixx': 8469558515552.76, 'iyy': 13259473621189.71, 'ixy': -0.017578125, 'g_eff': 76923.07692307686})"
"('section_type', 'rectangular_hollow_section')","('section_params', {'d': 43.82102872721245, 'b': 85.43686481052202, 't': 5.067350602874058, 'r_out': 12.226722747763251, 'n_r': 4})","('valid', True)","('stiffness_props', {'area': 1109.041821317884, 'ixx': 63295082962.88046, 'iyy': 181577056147.6637, 'ixy': 0.000274658203125, 'g_eff': 76923.07692307686})"
"('section_type', 'rectangular_hollow_section')","('section_params', {'d': 254.66465664266667, 'b': 271.11881516933084, 't': 17.018074857944978, 'r_out': 8.04896128028684, 'n_r': 4})","('valid', True)","('stiffness_props', {'area': 16672.39969955964, 'ixx': 31990581498927.055, 'iyy': 35352753926402.09, 'ixy': -0.28125, 'g_eff': 76923.07692307656})"
"('section_type', 'rectangular_hollow_section')","('section_params', {'d': 249.105761777059, 'b': 159.09071505200038, 't': 14.545382704306116, 'r_out': 10.643093051667456, 'n_r': 4})","('valid', True)","('stiffness_props', {'area': 10915.199886290786, 'ixx': 17574437793846.398, 'iyy': 8526869897486.031, 'ixy': 0.0625, 'g_eff': 76923.07692307651})"
"('section_type', 'rectangular_hollow_section')","('section_params', {'d': 93.62300969797909, 'b': 62.82089298502156, 't': 14.020515537452214, 'r_out': 9.140676720286644, 'n_r': 4})","('valid', True)","('stiffness_props', {'area': 3516.9969419648432, 'ixx': 662433319577.6914, 'iyy': 326574202683.45654, 'ixy': -0.001220703125, 'g_eff': 76923.07692307675})"
"('section_type', 'rectangular_hollow_section')","('section_params', {'d': 180.43264592275665, 'b': 254.6761223894998, 't': 15.925603674489386, 'r_out': 10.896884297845213, 'n_r': 4})","('valid', True)","('stiffness_props', {'area': 12725.49810188429, 'ixx': 12569606042876.79, 'iyy': 21907542468250.453, 'ixy': 0.03125, 'g_eff': 76923.07692307694})"
"('section_type', 'rectangular_hollow_section')","('section_params', {'d': 67.81995098229135, 'b': 82.49457809398811, 't': 17.0898872197984, 'r_out': 15.415262332032917, 'n_r': 4})","('valid', True)","('stiffness_props', {'area': 3731.829405314273, 'ixx': 354526032402.4789, 'iyy': 504046307795.14746, 'ixy': 0.0018310546875, 'g_eff': 76923.0769230771})"
"('section_type', 'rectangular_hollow_section')","('section_params', {'d': 279.7767092212135, 'b': 111.37769894000387, 't': 4.56936964016721, 'r_out': 14.38431790974686, 'n_r': 4})","('valid', True)","('stiffness_props', {'area': 3380.5662067106564, 'ixx': 6444630324582.055, 'iyy': 1554837671917.3252, 'ixy': -0.001953125, 'g_eff': 76923.07692307685})"
"('section_type', 'rectangular_hollow_section')","('section_params', {'d': 148.48370811355684, 'b': 30.134835683655115, 't': 16.9175440657812, 'r_out': 11.616404305283643, 'n_r': 4})","('valid', True)","('stiffness_props', {'area': 3915.3624599804834, 'ixx': 1413483364561.5679, 'iyy': 63422262692.90622, 'ixy': -0.00146484375, 'g_eff': 76923.07692307702})"
"('section_type', 'rectangular_hollow_section')","('section_params', {'d': 191.04086708478076, 'b': 250.4345566109013, 't': 16.517921820149887, 'r_out': 17.748980370590246, 'n_r': 4})","('valid', True)","('stiffness_props', {'area': 13179.635304178419, 'ixx': 14286155487011.285, 'iyy': 22034364856502.914, 'ixy': -0.25390625, 'g_eff': 76923.07692307707})"
"('section_type', 'rectangular_hollow_section')","('section_params', {'d': 289.17689837927435, 'b': 47.9322596779142, 't': 4.281920139822731, 'r_out': 16.827269560780564, 'n_r': 4})","('valid', True)","('stiffness_props', {'area': 2687.838417295126, 'ixx': 4294598582178.8184, 'iyy': 231251627536.47656, 'ixy': -0.00439453125, 'g_eff': 76923.07692307694})"
"('section_type', 'rectangular_hollow_section')","('section_params', {'d': 221.8905566778886, 'b': 231.99582483920244, 't': 15.080428049705276, 'r_out': 10.134607539246616, 'n_r': 4})","('valid', True)","('stiffness_props', {'area': 12677.21432779519, 'ixx': 18291284077222.008, 'iyy': 19638339974699.285, 'ixy': 0.0546875, 'g_eff': 76923.07692307705})"
"('section_type', 'rectangular_hollow_section')","('section_params', {'d': 149.51388577880596, 'b': 116.97614183711937, 't': 16.899563802924117, 'r_out': 10.25837168624044, 'n_r': 4})","('valid', True)","('stiffness_props', {'area': 7759.515232507167, 'ixx': 4258244682048.425, 'iyy': 2812740751756.4326, 'ixy': -0.0009765625, 'g_eff': 76923.0769230769})"
"('section_type', 'rectangular_hollow_section')","('section_params', {'d': 172.46918143282022, 'b': 231.81476886148204, 't': 6.2889274182475345, 'r_out': 13.479662487028873, 'n_r': 4})","('valid', True)","('stiffness_props', {'area': 4796.827777303894, 'ixx': 4697779142889.657, 'iyy': 7386294845820.457, 'ixy': -0.01953125, 'g_eff': 76923.07692307692})"
"('section_type', 'rectangular_hollow_section')","('section_params', {'d': 164.3875061840436, 'b': 125.19541331518873, 't': 10.275758171075829, 'r_out': 8.554928206757046, 'n_r': 4})","('valid', True)","('stiffness_props', {'area': 5455.816481912061, 'ixx': 3985275932320.662, 'iyy': 2575652592617.279, 'ixy': 0.0, 'g_eff': 76923.07692307685})"
"('section_type', 'rectangular_hollow_section')","('section_params', {'d': 211.5531053872757, 'b': 76.32869888235581, 't': 18.537123338936198, 'r_out': 15.615518379268, 'n_r': 4})","('valid', True)","('stiffness_props', {'area': 9054.656844578247, 'ixx': 8061984144151.91, 'iyy': 1333955850957.4067, 'ixy': -0.013671875, 'g_eff': 76923.07692307715})"
"('section_type', 'rectangular_hollow_section')","('section_params', {'d': 182.09181613632393, 'b': 227.1373606276974, 't': 4.635739412654171, 'r_out': 9.278592032596062, 'n_r': 4})","('valid', True)","('stiffness_props', {'area': 3643.663137800871, 'ixx': 4009726525794.5635, 'iyy': 5614318658476.082, 'ixy': 0.005859375, 'g_eff': 76923.07692307663})"
"('section_type', 'rectangular_hollow_section')","('section_params', {'d': 289.46100347261347, 'b': 108.59121131049962, 't': 19.716685578609088, 'r_out': 18.268411426859956, 'n_r': 4})","('valid', True)","('stiffness_props', {'area': 13807.815108611223, 'ixx': 24564676541966.43, 'iyy': 4632492713524.969, 'ixy': 0.0234375, 'g_eff': 76923.07692307737})"
"('section_type', 'rectangular_hollow_section')","('section_params', {'d': 262.64170581061296, 'b': 284.2148531986452, 't': 17.15525457452245, 'r_out': 9.833109075818918, 'n_r': 4})","('valid', True)","('stiffness_props', {'area': 17489.02589893836, 'ixx': 35916778226364.93, 'iyy': 40726368490014.78, 'ixy': -0.2578125, 'g_eff': 76923.07692307678})"
"('section_type', 'rectangular_hollow_section')","('section_params', {'d': 25.387059025172224, 'b': 160.99966405762882, 't': 15.965744497349602, 'r_out': 11.14095775622487, 'n_r': 4})","('valid', True)","('stiffness_props', {'area': 3118.5094017439114, 'ixx': 40692109759.53064, 'iyy': 1380934721143.2725, 'ixy': -0.0003662109375, 'g_eff': 76923.07692307697})"
"('section_type', 'rectangular_hollow_section')","('section_params', {'d': 179.993610770742, 'b': 252.1274427119884, 't': 16.968072520225213, 'r_out': 11.073073253113982, 'n_r': 4})","('valid', True)","('stiffness_props', {'area': 13390.247854546687, 'ixx': 12986451461852.973, 'iyy': 22420597618666.953, 'ixy': 0.0625, 'g_eff': 76923.07692307682})"
"('section_type', 'rectangular_hollow_section')","('section_params', {'d': 146.32925431910377, 'b': 137.63556770678795, 't': 12.744959872618631, 'r_out': 19.199239797908483, 'n_r': 4})","('valid', True)","('stiffness_props', {'area': 6261.551435828485, 'ixx': 3571292525174.216, 'iyy': 3238498596228.21, 'ixy': 0.005859375, 'g_eff': 76923.07692307686})"
"('section_type', 'rectangular_hollow_section')","('section_params', {'d': 274.4068478145625, 'b': 190.55239243189425, 't': 16.97714903799327, 'r_out': 17.805593335360527, 'n_r': 4})","('valid', True)","('stiffness_props', {'area': 14318.11744460903, 'ixx': 28218920111842.72, 'iyy': 15729350627750.613, 'ixy': 0.1640625, 'g_eff': 76923.0769230769})"
"('section_type', 'rectangular_hollow_section')","('section_params', {'d': 203.07873339081578, 'b': 125.78029021174018, 't': 6.422597413053586, 'r_out': 15.674083441839379, 'n_r': 4})","('valid', True)","('stiffness_props', {'area': 3899.1723003766824, 'ixx': 4277121446477.45, 'iyy': 2046700609399.3774, 'ixy': -0.02734375, 'g_eff': 76923.07692307698})"
"('section_type', 'rectangular_hollow_section')","('section_params', {'d': 130.1584976085362, 'b': 121.09052191443689, 't': 7.92822622537924, 'r_out': 12.943235794241332, 'n_r': 4})","('valid', True)","('stiffness_props', {'area': 3590.114015192912, 'ixx': 1717996265131.4385, 'iyy': 1534292164334.874, 'ixy': -0.001953125, 'g_eff': 76923.0769230768})"
"('section_type', 'rectangular_hollow_section')","('section_params', {'d': 162.07992053743692, 'b': 286.98373990199923, 't': 18.684919914094685, 'r_out': 9.508441004355982, 'n_r': 4})","('valid', True)","('stiffness_props', {'area': 15294.521684164394, 'ixx': 12184263532102.2, 'iyy': 31161588146731.54, 'ixy': -0.1015625, 'g_eff': 76923.07692307727})"
"('section_type', 'rectangular_hollow_section')","('section_params', {'d': 241.71818673194264, 'b': 47.45607431710967, 't': 7.111474016969276, 'r_out': 19.605027521258023, 'n_r': 4})","('valid', True)","('stiffness_props', {'area': 3682.3500119324626, 'ixx': 3994765241409.1426, 'iyy': 268434597637.36853, 'ixy': -0.000732421875, 'g_eff': 76923.07692307685})"
"('section_type', 'rectangular_hollow_section')","('section_params', {'d': 24.35918534967484, 'b': 156.94203564923808, 't': 17.09432154187185, 'r_out': 17.17435483944595, 'n_r': 4})","('valid', False)","('stiffness_props', {'area': None, 'ixx': None, 'iyy': None, 'ixy': None, 'g_eff': None})"
"('section_type', 'rectangular_hollow_section')","('section_params', {'d': 58.3973377696432, 'b': 168.98388533790038, 't': 18.94394728678735, 'r_out': 10.534697080634135, 'n_r': 4})","('valid', True)","('stiffness_props', {'area': 7068.523411309942, 'ixx': 526184961299.55884, 'iyy': 3777323135905.3047, 'ixy': -0.01953125, 'g_eff': 76923.07692307683})"
"('section_type', 'rectangular_hollow_section')","('section_params', {'d': 132.31410634589076, 'b': 289.1410390028214, 't': 8.297294680814138, 'r_out': 19.792302266935437, 'n_r': 4})","('valid', True)","('stiffness_props', {'area': 6458.894645705318, 'ixx': 3908128742382.588, 'iyy': 13200557944584.965, 'ixy': 0.0078125, 'g_eff': 76923.07692307713})"
"('section_type', 'rectangular_hollow_section')","('section_params', {'d': 35.25098011200382, 'b': 295.01138152868566, 't': 10.938830903049528, 'r_out': 18.643129562071053, 'n_r': 4})","('valid', False)","('stiffness_props', {'area': None, 'ixx': None, 'iyy': None, 'ixy': None, 'g_eff': None})"
"('section_type', 'rectangular_hollow_section')","('section_params', {'d': 111.50487262816652, 'b': 36.81987977687568, 't': 3.4305792718807466, 'r_out': 17.740624138216397, 'n_r': 4})","('valid', True)","('stiffness_props', {'area': 860.6517849156531, 'ixx': 209301732860.622, 'iyy': 38277031509.94068, 'ixy': -0.000152587890625, 'g_eff': 76923.07692307656})"
"('section_type', 'rectangular_hollow_section')","('section_params', {'d': 279.72923193631857, 'b': 129.6799523374063, 't': 2.549364742169571, 'r_out': 15.345931144527867, 'n_r': 4})","('valid', True)","('stiffness_props', {'area': 1989.7241456586526, 'ixx': 4017028272440.7666, 'iyy': 1255632660596.3203, 'ixy': -0.017578125, 'g_eff': 76923.07692307698})"
"('section_type', 'rectangular_hollow_section')","('section_params', {'d': 291.8989302192335, 'b': 247.74773588895312, 't': 10.957726340545396, 'r_out': 10.807214992511842, 'n_r': 4})","('valid', True)","('stiffness_props', {'area': 11229.518013490708, 'ixx': 28146008565544.68, 'iyy': 21810294152825.863, 'ixy': -0.109375, 'g_eff': 76923.07692307682})"
"('section_type', 'rectangular_hollow_section')","('section_params', {'d': 242.24972386469275, 'b': 238.23479991353852, 't': 4.649498758198636, 'r_out': 19.29631865742568, 'n_r': 4})","('valid', True)","('stiffness_props', {'area': 4223.734457902937, 'ixx': 7750031635598.734, 'iyy': 7558018291413.359, 'ixy': 0.013671875, 'g_eff': 76923.07692307679})"
"('section_type', 'rectangular_hollow_section')","('section_params', {'d': 59.99512154701521, 'b': 85.3973362627217, 't': 7.658567487530833, 'r_out': 8.824818175907792, 'n_r': 4})","('valid', True)","('stiffness_props', {'area': 1915.8640016137867, 'ixx': 191191432347.13446, 'iyy': 341107714793.6455, 'ixy': -0.000732421875, 'g_eff': 76923.0769230767})"
"('section_type', 'rectangular_hollow_section')","('section_params', {'d': 190.50494005874916, 'b': 164.4538555670239, 't': 19.341821027290038, 'r_out': 16.128521045372192, 'n_r': 4})","('valid', True)","('stiffness_props', {'area': 11974.545640394359, 'ixx': 11180242452363.266, 'iyy': 8768180180855.996, 'ixy': 0.0234375, 'g_eff': 76923.07692307694})"
"('section_type', 'rectangular_hollow_section')","('section_params', {'d': 22.123321341180674, 'b': 32.16076730990751, 't': 16.238870857516687, 'r_out': 12.255832556819799, 'n_r': 4})","('valid', False)","('stiffness_props', {'area': None, 'ixx': None, 'iyy': None, 'ixy': None, 'g_eff': None})"
"('section_type', 'rectangular_hollow_section')","('section_params', {'d': 49.596817347888916, 'b': 140.3966127395737, 't': 17.36284806781692, 'r_out': 19.17128299694876, 'n_r': 4})","('valid', True)","('stiffness_props', {'area': 5027.512494023485, 'ixx': 248732050335.35632, 'iyy': 1680115725389.7646, 'ixy': 0.000244140625, 'g_eff': 76923.07692307702})"
"('section_type', 'rectangular_hollow_section')","('section_params', {'d': 184.47696535134736, 'b': 31.456882292909526, 't': 19.480058103482378, 'r_out': 11.482013186384492, 'n_r': 4})","('valid', True)","('stiffness_props', {'area': 4579.386600431686, 'ixx': 2695075887962.0664, 'iyy': 90117784306.4899, 'ixy': -0.004638671875, 'g_eff': 76923.07692307701})"
"('section_type', 'rectangular_hollow_section')","('section_params', {'d': 216.1812074684768, 'b': 61.45492788379419, 't': 13.332861809548017, 'r_out': 18.39269950043132, 'n_r': 4})","('valid', True)","('stiffness_props', {'area': 6379.618198392511, 'ixx': 5718975926229.525, 'iyy': 656981883883.6853, 'ixy': 0.00244140625, 'g_eff': 76923.07692307672})"
"('section_type', 'rectangular_hollow_section')","('section_params', {'d': 139.35492238761333, 'b': 230.60205148429003, 't': 3.5447231331985662, 'r_out': 15.937325385495717, 'n_r': 4})","('valid', True)","('stiffness_props', {'area': 2472.1080889201457, 'ixx': 1683519446906.7656, 'iyy': 3598475316925.2812, 'ixy': 0.02392578125, 'g_eff': 76923.07692307749})"
"('section_type', 'rectangular_hollow_section')","('section_params', {'d': 117.67614166533338, 'b': 202.1426624694319, 't': 19.948001690567786, 'r_out': 13.549991329746195, 'n_r': 4})","('valid', True)","('stiffness_props', {'area': 10984.198740287464, 'ixx': 4104032373859.8496, 'iyy': 10311955383800.855, 'ixy': -0.087890625, 'g_eff': 76923.07692307702})"
"('section_type', 'rectangular_hollow_section')","('section_params', {'d': 202.10949135114498, 'b': 199.6456940317559, 't': 2.9261482102266747, 'r_out': 19.095297992229217, 'n_r': 4})","('valid', True)","('stiffness_props', {'area': 2213.752059183041, 'ixx': 2840810409629.493, 'iyy': 2789462100563.454, 'ixy': 0.0029296875, 'g_eff': 76923.0769230769})"
"('section_type', 'rectangular_hollow_section')","('section_params', {'d': 44.50321723212814, 'b': 127.71418729996375, 't': 9.74899681635941, 'r_out': 9.112333084856658, 'n_r': 4})","('valid', True)","('stiffness_props', {'area': 2894.687487059095, 'ixx': 152689779989.77045, 'iyy': 953807726454.2417, 'ixy': 0.000732421875, 'g_eff': 76923.07692307678})"
"('section_type', 'rectangular_hollow_section')","('section_params', {'d': 205.1893217192201, 'b': 93.2545801039595, 't': 7.434765283080198, 'r_out': 13.264511713344504, 'n_r': 4})","('valid', True)","('stiffness_props', {'area': 4074.656453633772, 'ixx': 4133155079262.0527, 'iyy': 1188903602815.7239, 'ixy': 0.0126953125, 'g_eff': 76923.07692307695})"
"('section_type', 'rectangular_hollow_section')","('section_params', {'d': 292.7598746222575, 'b': 106.12035009460713, 't': 10.47194430682597, 'r_out': 14.778616312145067, 'n_r': 4})","('valid', True)","('stiffness_props', {'area': 7715.59645005726, 'ixx': 15046337164705.754, 'iyy': 2930804524831.4155, 'ixy': 0.0390625, 'g_eff': 76923.07692307679})"
"('section_type', 'rectangular_hollow_section')","('section_params', {'d': 77.93424788085272, 'b': 48.84024821686687, 't': 19.230653377701287, 'r_out': 17.914383363120116, 'n_r': 4})","('valid', True)","('stiffness_props', {'area': 3075.715534561954, 'ixx': 296918080041.7969, 'iyy': 123856777446.77368, 'ixy': -0.0006103515625, 'g_eff': 76923.07692307704})"
"('section_type', 'rectangular_hollow_section')","('section_params', {'d': 45.132108027734255, 'b': 232.37331936323534, 't': 8.76804130945589, 'r_out': 19.19387123180786, 'n_r': 4})","('valid', True)","('stiffness_props', {'area': 4299.137145013773, 'ixx': 258854374343.54413, 'iyy': 4199579563384.631, 'ixy': 0.00439453125, 'g_eff': 76923.07692307702})"
"('section_type', 'rectangular_hollow_section')","('section_params', {'d': 88.58934910252572, 'b': 131.7512702094478, 't': 16.747705101853303, 'r_out': 18.093408746594363, 'n_r': 4})","('valid', True)","('stiffness_props', {'area': 5932.896401906944, 'ixx': 1147994508636.9268, 'iyy': 2258266346838.7207, 'ixy': -0.00390625, 'g_eff': 76923.07692307707})"
"('section_type', 'rectangular_hollow_section')","('section_params', {'d': 202.1317281584842, 'b': 288.363348620954, 't': 17.066547375090586, 'r_out': 15.15064641872892, 'n_r': 4})","('valid', True)","('stiffness_props', {'area': 15347.504686079883, 'ixx': 19164685594358.73, 'iyy': 33865096178463.797, 'ixy': -0.0703125, 'g_eff': 76923.07692307653})"
"('section_type', 'rectangular_hollow_section')","('section_params', {'d': 200.81872321612406, 'b': 203.44286906556275, 't': 15.84293355397037, 'r_out': 11.010582548688577, 'n_r': 4})","('valid', True)","('stiffness_props', {'area': 11684.151987438423, 'ixx': 13378610980550.816, 'iyy': 13661593451553.71, 'ixy': 0.0234375, 'g_eff': 76923.07692307678})"
"('section_type', 'rectangular_hollow_section')","('section_params', {'d': 72.89722731142729, 'b': 112.6084149372995, 't': 19.176301150398615, 'r_out': 11.298225397804051, 'n_r': 4})","('valid', True)","('stiffness_props', {'area': 5516.05212133671, 'ixx': 646885349495.3977, 'iyy': 1425808296623.045, 'ixy': 0.001953125, 'g_eff': 76923.07692307682})"
"('section_type', 'rectangular_hollow_section')","('section_params', {'d': 191.2223219835833, 'b': 65.73181896899521, 't': 5.772906350656068, 'r_out': 16.98272726835042, 'n_r': 4})","('valid', True)","('stiffness_props', {'area': 2670.6856528668445, 'ixx': 2129144297369.0537, 'iyy': 395419286160.5486, 'ixy': 0.001708984375, 'g_eff': 76923.07692307691})"
"('section_type', 'rectangular_hollow_section')","('section_params', {'d': 70.24862318407254, 'b': 97.12273429419449, 't': 10.6281701497833, 'r_out': 16.446058038731422, 'n_r': 4})","('valid', True)","('stiffness_props', {'area': 2869.245522502532, 'ixx': 363059353221.4459, 'iyy': 617094408695.2871, 'ixy': 0.00341796875, 'g_eff': 76923.07692307675})"
"('section_type', 'rectangular_hollow_section')","('section_params', {'d': 289.5888797246036, 'b': 40.63635376969319, 't': 11.198466741863095, 'r_out': 8.564676044711607, 'n_r': 4})","('valid', True)","('stiffness_props', {'area': 6821.056283994378, 'ixx': 10350347726807.055, 'iyy': 291928426941.93896, 'ixy': -0.0087890625, 'g_eff': 76923.0769230767})"
"('section_type', 'rectangular_hollow_section')","('section_params', {'d': 107.14802605127191, 'b': 24.603241913194985, 't': 3.4307222230202123, 'r_out': 19.99599000227719, 'n_r': 4})","('valid', False)","('stiffness_props', {'area': None, 'ixx': None, 'iyy': None, 'ixy': None, 'g_eff': None})"
"('section_type', 'rectangular_hollow_section')","('section_params', {'d': 211.82439659365906, 'b': 234.99535627591825, 't': 6.134673373391623, 'r_out': 16.22879539070712, 'n_r': 4})","('valid', True)","('stiffness_props', {'area': 5170.167111143158, 'ixx': 7371005605077.824, 'iyy': 8629373392089.826, 'ixy': 0.005859375, 'g_eff': 76923.07692307682})"
"('section_type', 'rectangular_hollow_section')","('section_params', {'d': 87.71959249741417, 'b': 288.2592325440567, 't': 13.672576572811789, 'r_out': 13.860871386735742, 'n_r': 4})","('valid', True)","('stiffness_props', {'area': 9341.352849050476, 'ixx': 2222541811361.2134, 'iyy': 16384022446768.188, 'ixy': 0.00390625, 'g_eff': 76923.07692307705})"
"('section_type', 'rectangular_hollow_section')","('section_params', {'d': 276.3731276303711, 'b': 227.48506479329905, 't': 13.379795544445502, 'r_out': 9.438941555731098, 'n_r': 4})","('valid', True)","('stiffness_props', {'area': 12677.869863107979, 'ixx': 27677383230293.727, 'iyy': 20358804276577.965, 'ixy': -0.4453125, 'g_eff': 76923.07692307736})"
"('section_type', 'rectangular_hollow_section')","('section_params', {'d': 251.0028874966733, 'b': 124.69332628443314, 't': 6.518315888908091, 'r_out': 9.945903716003734, 'n_r': 4})","('valid', True)","('stiffness_props', {'area': 4640.686788858009, 'ixx': 7520380136410.623, 'iyy': 2525653840820.89, 'ixy': -0.001953125, 'g_eff': 76923.07692307697})"
"('section_type', 'rectangular_hollow_section')","('section_params', {'d': 221.98580064997662, 'b': 164.21261459698812, 't': 5.16082261057237, 'r_out': 16.39803393513473, 'n_r': 4})","('valid', True)","('stiffness_props', {'area': 3737.0460684912637, 'ixx': 5268569743633.0, 'iyy': 3336599841739.5596, 'ixy': -0.0390625, 'g_eff': 76923.07692307694})"
"('section_type', 'rectangular_hollow_section')","('section_params', {'d': 23.42665514602668, 'b': 126.98754741418585, 't': 17.082052059017077, 'r_out': 14.710509306159103, 'n_r': 4})","('valid', False)","('stiffness_props', {'area': None, 'ixx': None, 'iyy': None, 'ixy': None, 'g_eff': None})"
"('section_type', 'rectangular_hollow_section')","('section_params', {'d': 132.937242694475, 'b': 175.23689392693248, 't': 10.455118848039675, 'r_out': 19.466445185660035, 'n_r': 4})","('valid', True)","('stiffness_props', {'area': 5709.017922227965, 'ixx': 3002279887851.6914, 'iyy': 4629515471110.976, 'ixy': 0.015625, 'g_eff': 76923.07692307675})"
"('section_type', 'rectangular_hollow_section')","('section_params', {'d': 189.00286776473672, 'b': 142.32414920105543, 't': 14.50009014322467, 'r_out': 14.792094598245852, 'n_r': 4})","('valid', True)","('stiffness_props', {'area': 8548.811973131185, 'ixx': 7916715274311.256, 'iyy': 5000346180830.097, 'ixy': -0.015625, 'g_eff': 76923.07692307715})"
"('section_type', 'rectangular_hollow_section')","('section_params', {'d': 208.31961115093492, 'b': 126.95868035549736, 't': 11.769098916271597, 'r_out': 9.222463302680712, 'n_r': 4})","('valid', True)","('stiffness_props', {'area': 7252.746167862322, 'ixx': 8077658196932.129, 'iyy': 3634550823211.2812, 'ixy': 0.02734375, 'g_eff': 76923.07692307688})"
"('section_type', 'rectangular_hollow_section')","('section_params', {'d': 45.78598688406859, 'b': 250.29758141240387, 't': 7.317872531473739, 'r_out': 16.698072573206755, 'n_r': 4})","('valid', True)","('stiffness_props', {'area': 3928.3611145303357, 'ixx': 264412556811.06995, 'iyy': 4588077790099.602, 'ixy': 0.00634765625, 'g_eff': 76923.07692307682})"
"('section_type', 'rectangular_hollow_section')","('section_params', {'d': 189.48270758422643, 'b': 54.146318642553084, 't': 2.2684180214100618, 'r_out': 11.721141470220779, 'n_r': 4})","('valid', True)","('stiffness_props', {'area': 1036.6908892181432, 'ixx': 822081793208.3247, 'iyy': 117823435544.59988, 'ixy': -0.0010986328125, 'g_eff': 76923.07692307705})"
"('section_type', 'rectangular_hollow_section')","('section_params', {'d': 38.84863975343512, 'b': 235.34144320400344, 't': 2.769273902459229, 'r_out': 17.64007259754193, 'n_r': 4})","('valid', True)","('stiffness_props', {'area': 1397.9078628899813, 'ixx': 81257786441.191, 'iyy': 1449529992570.7485, 'ixy': -0.004638671875, 'g_eff': 76923.07692307702})"
"('section_type', 'rectangular_hollow_section')","('section_params', {'d': 78.14525504497553, 'b': 95.17992189199586, 't': 9.408662329574952, 'r_out': 16.658608921606774, 'n_r': 4})","('valid', True)","('stiffness_props', {'area': 2682.4768930840405, 'ixx': 430727376973.66125, 'iyy': 590839202387.4587, 'ixy': -0.0008544921875, 'g_eff': 76923.07692307698})"
"('section_type', 'rectangular_hollow_section')","('section_params', {'d': 57.506031397374265, 'b': 183.5941985016276, 't': 14.014570110040315, 'r_out': 8.61681637054016, 'n_r': 4})","('valid', True)","('stiffness_props', {'area': 5897.949925092167, 'ixx': 504896613898.0858, 'iyy': 3962080299344.834, 'ixy': -0.0009765625, 'g_eff': 76923.07692307692})"
"('section_type', 'rectangular_hollow_section')","('section_params', {'d': 223.19015671680154, 'b': 181.0518872017688, 't': 16.21862947181087, 'r_out': 11.491490223368565, 'n_r': 4})","('valid', True)","('stiffness_props', {'area': 11928.273739156308, 'ixx': 16044156475421.906, 'iyy': 11437954930515.96, 'ixy': -0.0859375, 'g_eff': 76923.0769230769})"
"('section_type', 'rectangular_hollow_section')","('section_params', {'d': 45.362329522285606, 'b': 268.9755787976826, 't': 3.3948271242056944, 'r_out': 13.834810929271274, 'n_r': 4})","('valid', True)","('stiffness_props', {'area': 2005.7375782499448, 'ixx': 159287866780.75354, 'iyy': 2827676686675.8125, 'ixy': 0.003662109375, 'g_eff': 76923.07692307731})"
"('section_type', 'rectangular_hollow_section')","('section_params', {'d': 152.13588088903714, 'b': 66.41483974100264, 't': 17.206112697643288, 'r_out': 11.135755726722932, 'n_r': 4})","('valid', True)","('stiffness_props', {'area': 6212.61034636201, 'ixx': 2893914533165.8135, 'iyy': 655302545504.302, 'ixy': -0.001953125, 'g_eff': 76923.0769230771})"
"('section_type', 'rectangular_hollow_section')","('section_params', {'d': 218.0777710203231, 'b': 117.47322612392409, 't': 10.107362745372713, 'r_out': 17.95084001847377, 'n_r': 4})","('valid', True)","('stiffness_props', {'area': 6113.7236471156375, 'ixx': 7158323683379.252, 'iyy': 2693857313405.088, 'ixy': -0.0361328125, 'g_eff': 76923.07692307679})"
"('section_type', 'rectangular_hollow_section')","('section_params', {'d': 181.06080675730334, 'b': 125.90367437884233, 't': 9.488730756656697, 'r_out': 13.562087424005002, 'n_r': 4})","('valid', True)","('stiffness_props', {'area': 5297.924600469109, 'ixx': 4608227111954.264, 'iyy': 2598160197666.6025, 'ixy': -0.0126953125, 'g_eff': 76923.07692307711})"
"('section_type', 'rectangular_hollow_section')","('section_params', {'d': 253.87579921378605, 'b': 135.6921959385735, 't': 19.917779131473054, 'r_out': 9.758863543429625, 'n_r': 4})","('valid', True)","('stiffness_props', {'area': 13836.551448490945, 'ixx': 21044053803269.17, 'iyy': 7347708406285.35, 'ixy': -0.015625, 'g_eff': 76923.0769230772})"
"('section_type', 'rectangular_hollow_section')","('section_params', {'d': 21.624622052664115, 'b': 280.1594255885872, 't': 10.548460443016383, 'r_out': 9.862891822903272, 'n_r': 4})","('valid', True)","('stiffness_props', {'area': 5824.357471772216, 'ixx': 45756131112.457596, 'iyy': 7403496005660.531, 'ixy': 0.001953125, 'g_eff': 76923.07692307694})"
"('section_type', 'rectangular_hollow_section')","('section_params', {'d': 149.7884821355855, 'b': 33.97152744978163, 't': 14.658252433117202, 'r_out': 19.549448690803427, 'n_r': 4})","('valid', False)","('stiffness_props', {'area': None, 'ixx': None, 'iyy': None, 'ixy': None, 'g_eff': None})"
"('section_type', 'rectangular_hollow_section')","('section_params', {'d': 187.98335322326545, 'b': 293.8008950619386, 't': 12.217585894377425, 'r_out': 15.193561124659565, 'n_r': 4})","('valid', True)","('stiffness_props', {'area': 10953.415380541368, 'ixx': 12523619306976.59, 'iyy': 25266034698093.375, 'ixy': -0.203125, 'g_eff': 76923.07692307724})"
"('section_type', 'rectangular_hollow_section')","('section_params', {'d': 223.30327503366698, 'b': 215.79725808442316, 't': 15.725344223002452, 'r_out': 14.464160830583104, 'n_r': 4})","('valid', True)","('stiffness_props', {'area': 12611.656311310728, 'ixx': 17862012371354.63, 'iyy': 16912804989676.543, 'ixy': -0.0234375, 'g_eff': 76923.07692307726})"
"('section_type', 'rectangular_hollow_section')","('section_params', {'d': 250.27621424390225, 'b': 157.32973476434722, 't': 13.052205696782616, 'r_out': 12.36292566336296, 'n_r': 4})","('valid', True)","('stiffness_props', {'area': 9806.031154213531, 'ixx': 16012918841489.484, 'iyy': 7626421553030.205, 'ixy': 0.0078125, 'g_eff': 76923.07692307672})"
"('section_type', 'rectangular_hollow_section')","('section_params', {'d': 117.2997052906943, 'b': 80.50234188675233, 't': 10.33140225800767, 'r_out': 17.508919360801798, 'n_r': 4})","('valid', True)","('stiffness_props', {'area': 3405.1480378059505, 'ixx': 1105620949932.2412, 'iyy': 602803477345.8062, 'ixy': -0.0068359375, 'g_eff': 76923.07692307683})"
"('section_type', 'rectangular_hollow_section')","('section_params', {'d': 169.33679681155115, 'b': 111.77273131000028, 't': 3.7187664656010755, 'r_out': 10.582050389807813, 'n_r': 4})","('valid', True)","('stiffness_props', {'area': 1970.5693523477983, 'ixx': 1574547437386.38, 'iyy': 836615037119.3691, 'ixy': 0.01416015625, 'g_eff': 76923.07692307729})"
"('section_type', 'rectangular_hollow_section')","('section_params', {'d': 272.0206048070502, 'b': 103.82937415211252, 't': 5.172970043374382, 'r_out': 13.008391466839246, 'n_r': 4})","('valid', True)","('stiffness_props', {'area': 3673.6584679674384, 'ixx': 6521381543255.898, 'iyy': 1455773446572.7063, 'ixy': -0.0009765625, 'g_eff': 76923.07692307692})"
"('section_type', 'rectangular_hollow_section')","('section_params', {'d': 117.58789531756689, 'b': 101.86919463262933, 't': 5.532824459138098, 'r_out': 9.734018927961179, 'n_r': 4})","('valid', True)","('stiffness_props', {'area': 2228.8854345078194, 'ixx': 880433298801.5334, 'iyy': 704728925287.6467, 'ixy': -0.00048828125, 'g_eff': 76923.0769230766})"
"('section_type', 'rectangular_hollow_section')","('section_params', {'d': 171.8905156009118, 'b': 102.07312960356555, 't': 15.331388469817618, 'r_out': 17.88966201212199, 'n_r': 4})","('valid', True)","('stiffness_props', {'area': 7146.785009433911, 'ixx': 4867027549903.994, 'iyy': 2050856654391.4912, 'ixy': 0.0244140625, 'g_eff': 76923.07692307697})"
"('section_type', 'rectangular_hollow_section')","('section_params', {'d': 269.8556666919251, 'b': 190.2855339604637, 't': 13.077849455256203, 'r_out': 12.085834942315763, 'n_r': 4})","('valid', True)","('stiffness_props', {'area': 11205.126708835092, 'ixx': 22222502351581.71, 'iyy': 12781425790516.812, 'ixy': -0.015625, 'g_eff': 76923.07692307651})"
"('section_type', 'rectangular_hollow_section')","('section_params', {'d': 41.20525914795358, 'b': 80.55915719584215, 't': 10.766965675954046, 'r_out': 10.747611678024853, 'n_r': 4})","('valid', True)","('stiffness_props', {'area': 2042.845226402153, 'ixx': 78855913325.66232, 'iyy': 258740695745.77283, 'ixy': 0.0, 'g_eff': 76923.07692307685})"
"('section_type', 'rectangular_hollow_section')","('section_params', {'d': 42.90404774747005, 'b': 181.45461558982922, 't': 11.185729166181718, 'r_out': 10.375526235028806, 'n_r': 4})","('valid', True)","('stiffness_props', {'area': 4411.096795784783, 'ixx': 208079007353.56616, 'iyy': 2726884633461.0947, 'ixy': -0.0009765625, 'g_eff': 76923.07692307673})"
"('section_type', 'rectangular_hollow_section')","('section_params', {'d': 199.50374125193466, 'b': 289.97918538541336, 't': 16.43702725681804, 'r_out': 13.946097381402518, 'n_r': 4})","('valid', True)","('stiffness_props', {'area': 14816.091321433214, 'ixx': 18190195732360.246, 'iyy': 33098288902409.008, 'ixy': 0.25, 'g_eff': 76923.0769230767})"
"('section_type', 'rectangular_hollow_section')","('section_params', {'d': 46.27998181611538, 'b': 251.94584351976937, 't': 12.443298008075901, 'r_out': 19.810668632471533, 'n_r': 4})","('valid', True)","('stiffness_props', {'area': 6464.298533698111, 'ixx': 352365952191.70264, 'iyy': 7144061297854.555, 'ixy': 0.01025390625, 'g_eff': 76923.07692307726})"
"('section_type', 'rectangular_hollow_section')","('section_params', {'d': 45.49897924892737, 'b': 95.43788512603045, 't': 12.195047423722789, 'r_out': 16.416651869034187, 'n_r': 4})","('valid', True)","('stiffness_props', {'area': 2590.902248442962, 'ixx': 119415213855.51715, 'iyy': 433610092241.29565, 'ixy': 0.00048828125, 'g_eff': 76923.07692307685})"
"('section_type', 'rectangular_hollow_section')","('section_params', {'d': 120.74109257504111, 'b': 280.2013670816552, 't': 4.407844358329762, 'r_out': 18.387514609558224, 'n_r': 4})","('valid', True)","('stiffness_props', {'area': 3314.1980368927825, 'ixx': 1774378784000.7837, 'iyy': 6424818073041.232, 'ixy': -0.0146484375, 'g_eff': 76923.07692307667})"
"('section_type', 'rectangular_hollow_section')","('section_params', {'d': 141.31122239893193, 'b': 74.7186770474548, 't': 7.414793351988902, 'r_out': 9.885381449006774, 'n_r': 4})","('valid', True)","('stiffness_props', {'area': 2892.100521833803, 'ixx': 1408069825158.5137, 'iyy': 506737535707.2716, 'ixy': 0.00048828125, 'g_eff': 76923.07692307685})"
"('section_type', 'rectangular_hollow_section')","('section_params', {'d': 80.29397017925726, 'b': 151.95624757053918, 't': 5.017784291390189, 'r_out': 17.566256362820063, 'n_r': 4})","('valid', True)","('stiffness_props', {'area': 2078.941140537119, 'ixx': 443091562185.73083, 'iyy': 1175696013503.753, 'ixy': -0.003662109375, 'g_eff': 76923.07692307707})"
"('section_type', 'rectangular_hollow_section')","('section_params', {'d': 243.98948144170646, 'b': 184.78147026385864, 't': 8.252427111832311, 'r_out': 9.141271903135529, 'n_r': 4})","('valid', True)","('stiffness_props', {'area': 6721.61903335383, 'ixx': 11478159050021.746, 'iyy': 7455139204714.475, 'ixy': 0.056640625, 'g_eff': 76923.07692307686})"
"('section_type', 'rectangular_hollow_section')","('section_params', {'d': 258.7190337263403, 'b': 57.139007200981425, 't': 9.160397457737385, 'r_out': 9.594765488457256, 'n_r': 4})","('valid', True)","('stiffness_props', {'area': 5359.24801470562, 'ixx': 7206848698993.664, 'iyy': 557315464680.6017, 'ixy': 0.001953125, 'g_eff': 76923.07692307694})"
"('section_type', 'rectangular_hollow_section')","('section_params', {'d': 140.4666795050635, 'b': 169.41673304148756, 't': 13.312118644329056, 'r_out': 15.51888912902632, 'n_r': 4})","('valid', True)","('stiffness_props', {'area': 7305.593412429098, 'ixx': 4104348420444.658, 'iyy': 5548653113996.252, 'ixy': -0.005859375, 'g_eff': 76923.07692307676})"
"('section_type', 'rectangular_hollow_section')","('section_params', {'d': 268.63200338539014, 'b': 247.35262641478522, 't': 3.864997729164486, 'r_out': 12.391067886581816, 'n_r': 4})","('valid', True)","('stiffness_props', {'area': 3847.9613240959798, 'ixx': 8700418270248.598, 'iyy': 7682919226818.383, 'ixy': 0.09375, 'g_eff': 76923.07692307747})"
"('section_type', 'rectangular_hollow_section')","('section_params', {'d': 147.0482669976888, 'b': 245.0020327868453, 't': 13.104302442450175, 'r_out': 11.703232316908599, 'n_r': 4})","('valid', True)","('stiffness_props', {'area': 9451.23478538312, 'ixx': 6412267753418.619, 'iyy': 14556328225729.04, 'ixy': -0.01171875, 'g_eff': 76923.07692307679})"
"('section_type', 'rectangular_hollow_section')","('section_params', {'d': 105.97763330138005, 'b': 139.5068960087399, 't': 7.940217769416463, 'r_out': 13.809001745975458, 'n_r': 4})","('valid', True)","('stiffness_props', {'area': 3489.967106730125, 'ixx': 1179451612825.432, 'iyy': 1815179375340.5059, 'ixy': -0.005859375, 'g_eff': 76923.076923077})"
"('section_type', 'rectangular_hollow_section')","('section_params', {'d': 294.61251491182827, 'b': 71.93218927964932, 't': 2.839235190697976, 'r_out': 8.783413294065387, 'n_r': 4})","('valid', True)","('stiffness_props', {'area': 2007.3531245666609, 'ixx': 3840921484846.3457, 'iyy': 416464571346.06525, 'ixy': 0.016357421875, 'g_eff': 76923.07692307714})"
"('section_type', 'rectangular_hollow_section')","('section_params', {'d': 193.37761663182437, 'b': 168.77641059055077, 't': 8.462942964445554, 'r_out': 12.295104741652526, 'n_r': 4})","('valid', True)","('stiffness_props', {'area': 5706.808002255228, 'ixx': 6194015684457.217, 'iyy': 5013687795707.239, 'ixy': -0.00390625, 'g_eff': 76923.07692307705})"
"('section_type', 'rectangular_hollow_section')","('section_params', {'d': 211.3427436669598, 'b': 66.17088629029814, 't': 7.090747133963191, 'r_out': 9.857875963270182, 'n_r': 4})","('valid', True)","('stiffness_props', {'area': 3644.9224562897552, 'ixx': 3577064796990.1113, 'iyy': 541400935146.22144, 'ixy': 0.00244140625, 'g_eff': 76923.07692307675})"
"('section_type', 'rectangular_hollow_section')","('section_params', {'d': 229.02660303659687, 'b': 66.1312131051154, 't': 19.39476955708148, 'r_out': 10.133558468680812, 'n_r': 4})","('valid', True)","('stiffness_props', {'area': 9841.718302152338, 'ixx': 9845532217439.492, 'iyy': 1019838112342.5164, 'ixy': -0.0146484375, 'g_eff': 76923.07692307692})"
"('section_type', 'rectangular_hollow_section')","('section_params', {'d': 47.81621108347724, 'b': 25.417389626196197, 't': 8.626378607850947, 'r_out': 18.682166058495405, 'n_r': 4})","('valid', False)","('stiffness_props', {'area': None, 'ixx': None, 'iyy': None, 'ixy': None, 'g_eff': None})"
"('section_type', 'rectangular_hollow_section')","('section_params', {'d': 286.05747005031367, 'b': 261.7462667049458, 't': 5.5891741289863415, 'r_out': 14.399770451823679, 'n_r': 4})","('valid', True)","('stiffness_props', {'area': 5868.858695191257, 'ixx': 14855511031909.684, 'iyy': 12985888542783.34, 'ixy': -0.02734375, 'g_eff': 76923.0769230766})"
"('section_type', 'rectangular_hollow_section')","('section_params', {'d': 92.70383333916833, 'b': 145.5817330092958, 't': 15.036242412909674, 'r_out': 9.65414133424774, 'n_r': 4})","('valid', True)","('stiffness_props', {'area': 6168.282289725181, 'ixx': 1423936807397.9077, 'iyy': 3065926546495.9043, 'ixy': -0.0048828125, 'g_eff': 76923.07692307711})"
"('section_type', 'rectangular_hollow_section')","('section_params', {'d': 130.171039957956, 'b': 144.44929177971596, 't': 3.8131304307884806, 'r_out': 13.096222782789003, 'n_r': 4})","('valid', True)","('stiffness_props', {'area': 1950.831185434712, 'ixx': 1042027568282.5391, 'iyy': 1219291598512.1782, 'ixy': -0.0068359375, 'g_eff': 76923.07692307692})"
"('section_type', 'rectangular_hollow_section')","('section_params', {'d': 222.64357493605124, 'b': 20.927320526526145, 't': 3.4862152168312273, 'r_out': 8.620890928400778, 'n_r': 4})","('valid', True)","('stiffness_props', {'area': 1601.7114723889208, 'ixx': 1398752457645.3687, 'iyy': 23331334995.965454, 'ixy': 0.0001220703125, 'g_eff': 76923.07692307707})"
"('section_type', 'rectangular_hollow_section')","('section_params', {'d': 171.230662024195, 'b': 162.9521873729121, 't': 10.136057440742801, 'r_out': 9.249932173214564, 'n_r': 4})","('valid', True)","('stiffness_props', {'area': 6278.073227423235, 'ixx': 5335377071936.59, 'iyy': 4932984042562.679, 'ixy': -0.005859375, 'g_eff': 76923.076923077})"
"('section_type', 'rectangular_hollow_section')","('section_params', {'d': 34.771521797288166, 'b': 172.52974726281278, 't': 11.667257032456156, 'r_out': 17.978718320770533, 'n_r': 4})","('valid', False)","('stiffness_props', {'area': None, 'ixx': None, 'iyy': None, 'ixy': None, 'g_eff': None})"
"('section_type', 'rectangular_hollow_section')","('section_params', {'d': 114.36383246683543, 'b': 60.353592688214064, 't': 18.419951019626357, 'r_out': 16.45219304802329, 'n_r': 4})","('valid', True)","('stiffness_props', {'area': 4808.7197889112695, 'ixx': 1168308781556.692, 'iyy': 364516861459.5176, 'ixy': 0.0, 'g_eff': 76923.07692307695})"
"('section_type', 'rectangular_hollow_section')","('section_params', {'d': 104.16761864091343, 'b': 292.23277422455305, 't': 13.313399380050194, 'r_out': 11.551872849645338, 'n_r': 4})","('valid', True)","('stiffness_props', {'area': 9712.441310708113, 'ixx': 3376450042300.5176, 'iyy': 18564302697088.906, 'ixy': -0.029296875, 'g_eff': 76923.07692307672})"
"('section_type', 'rectangular_hollow_section')","('section_params', {'d': 154.39664785560174, 'b': 26.784303250054556, 't': 9.63968936707272, 'r_out': 16.008108870470203, 'n_r': 4})","('valid', False)","('stiffness_props', {'area': None, 'ixx': None, 'iyy': None, 'ixy': None, 'g_eff': None})"
"('section_type', 'rectangular_hollow_section')","('section_params', {'d': 190.37818201522467, 'b': 183.27949602379914, 't': 6.027816555766526, 'r_out': 15.299053801688881, 'n_r': 4})","('valid', True)","('stiffness_props', {'area': 4211.236378869296, 'ixx': 4633116634549.906, 'iyy': 4372712552535.919, 'ixy': -0.0341796875, 'g_eff': 76923.07692307685})"
"('section_type', 'rectangular_hollow_section')","('section_params', {'d': 281.5142084110999, 'b': 230.69044277770675, 't': 7.485156323265338, 'r_out': 15.66388500531119, 'n_r': 4})","('valid', True)","('stiffness_props', {'area': 7265.287815963567, 'ixx': 17004481861316.914, 'iyy': 12545807491640.41, 'ixy': -0.171875, 'g_eff': 76923.07692307695})"
"('section_type', 'rectangular_hollow_section')","('section_params', {'d': 24.098308470699088, 'b': 121.25129703616986, 't': 16.008319002924033, 'r_out': 17.446238769772506, 'n_r': 4})","('valid', False)","('stiffness_props', {'area': None, 'ixx': None, 'iyy': None, 'ixy': None, 'g_eff': None})"
"('section_type', 'rectangular_hollow_section')","('section_params', {'d': 244.13716132813926, 'b': 72.64583777565288, 't': 2.7692284913553964, 'r_out': 8.03213021011265, 'n_r': 4})","('valid', True)","('stiffness_props', {'area': 1686.9975264302168, 'ixx': 2316876046610.1045, 'iyy': 348679143310.19464, 'ixy': -0.001708984375, 'g_eff': 76923.07692307717})"
"('section_type', 'rectangular_hollow_section')","('section_params', {'d': 225.88787178065223, 'b': 160.25447474668255, 't': 17.953336301599993, 'r_out': 9.732299937829232, 'n_r': 4})","('valid', True)","('stiffness_props', {'area': 12481.08001547516, 'ixx': 16342410742702.68, 'iyy': 9291716894208.303, 'ixy': 0.0, 'g_eff': 76923.07692307685})"
"('section_type', 'rectangular_hollow_section')","('section_params', {'d': 96.71455276333978, 'b': 245.90371517480884, 't': 11.603734131951636, 'r_out': 19.16701464396339, 'n_r': 4})","('valid', True)","('stiffness_props', {'area': 7102.544758329668, 'ixx': 2105954495053.6367, 'iyy': 9545790885423.59, 'ixy': 0.0078125, 'g_eff': 76923.07692307705})"
"('section_type', 'rectangular_hollow_section')","('section_params', {'d': 21.908030699592473, 'b': 262.3444421154605, 't': 2.739214963165669, 'r_out': 8.410862230004224, 'n_r': 4})","('valid', True)","('stiffness_props', {'area': 1488.6690385131687, 'ixx': 26132910062.429405, 'iyy': 1819863366740.9248, 'ixy': -0.001220703125, 'g_eff': 76923.07692307727})"
"('section_type', 'rectangular_hollow_section')","('section_params', {'d': 42.498729617175954, 'b': 130.30243330892597, 't': 5.830298398874417, 'r_out': 14.953768412819109, 'n_r': 4})","('valid', True)","('stiffness_props', {'area': 1738.6176847347149, 'ixx': 97360884116.30908, 'iyy': 593436748867.0337, 'ixy': 0.0, 'g_eff': 76923.07692307698})"
"('section_type', 'rectangular_hollow_section')","('section_params', {'d': 214.8220417754939, 'b': 174.4413351694317, 't': 8.749149812981178, 'r_out': 11.704735973837373, 'n_r': 4})","('valid', True)","('stiffness_props', {'area': 6376.99135873314, 'ixx': 8442870409343.529, 'iyy': 6107540259985.381, 'ixy': 0.01171875, 'g_eff': 76923.07692307695})"
"('section_type', 'rectangular_hollow_section')","('section_params', {'d': 278.34337001354777, 'b': 192.53796551191465, 't': 15.335926399066281, 'r_out': 14.249909667042697, 'n_r': 4})","('valid', True)","('stiffness_props', {'area': 13298.980529036005, 'ixx': 27466356076734.4, 'iyy': 15255207828017.8, 'ixy': -0.140625, 'g_eff': 76923.0769230771})"
"('section_type', 'rectangular_hollow_section')","('section_params', {'d': 98.78343696819361, 'b': 250.1521694044782, 't': 11.369565119082061, 'r_out': 17.680722091761126, 'n_r': 4})","('valid', True)","('stiffness_props', {'area': 7144.64692270045, 'ixx': 2234846968350.336, 'iyy': 10053418691395.633, 'ixy': -0.0390625, 'g_eff': 76923.07692307683})"
"('section_type', 'rectangular_hollow_section')","('section_params', {'d': 32.1778980812429, 'b': 240.89074048274523, 't': 10.950011558614174, 'r_out': 17.25017163079613, 'n_r': 4})","('valid', False)","('stiffness_props', {'area': None, 'ixx': None, 'iyy': None, 'ixy': None, 'g_eff': None})"
"('section_type', 'rectangular_hollow_section')","('section_params', {'d': 224.7176417459359, 'b': 168.47930912192265, 't': 17.63200734383691, 'r_out': 10.258347404518734, 'n_r': 4})","('valid', True)","('stiffness_props', {'area': 12516.918627188514, 'ixx': 16512653198330.457, 'iyy': 10305801744679.73, 'ixy': 0.02734375, 'g_eff': 76923.07692307718})"
"('section_type', 'rectangular_hollow_section')","('section_params', {'d': 131.11916489391334, 'b': 98.41976108121091, 't': 6.939488271993022, 'r_out': 19.4493121204406, 'n_r': 4})","('valid', True)","('stiffness_props', {'area': 2771.3593303928765, 'ixx': 1242835397423.5293, 'iyy': 800181179626.4292, 'ixy': 0.00341796875, 'g_eff': 76923.07692307682})"
"('section_type', 'rectangular_hollow_section')","('section_params', {'d': 43.860383839152846, 'b': 239.9660145485885, 't': 14.491726272162888, 'r_out': 14.829230946668035, 'n_r': 4})","('valid', True)","('stiffness_props', {'area': 7166.4362460445855, 'ixx': 310692257621.3639, 'iyy': 7176782360373.605, 'ixy': -0.00830078125, 'g_eff': 76923.07692307676})"
"('section_type', 'rectangular_hollow_section')","('section_params', {'d': 21.894335162549062, 'b': 149.2488494292636, 't': 18.69891467462122, 'r_out': 10.719930020202183, 'n_r': 4})","('valid', True)","('stiffness_props', {'area': 1418.7057928047789, 'ixx': 17445213119.39991, 'iyy': 732278406004.5715, 'ixy': 0.0, 'g_eff': 76923.076923077})"
"('section_type', 'rectangular_hollow_section')","('section_params', {'d': 22.48474496882837, 'b': 261.8559505719377, 't': 13.243471088547283, 'r_out': 9.814680735943897, 'n_r': 4})","('valid', True)","('stiffness_props', {'area': 4849.443120921374, 'ixx': 47767045820.31865, 'iyy': 5540472710132.396, 'ixy': 0.001953125, 'g_eff': 76923.07692307685})"
"('section_type', 'rectangular_hollow_section')","('section_params', {'d': 290.1531578894212, 'b': 74.5369852321951, 't': 7.206260831236672, 'r_out': 14.177440070182172, 'n_r': 4})","('valid', True)","('stiffness_props', {'area': 4895.981340197594, 'ixx': 8710869768240.934, 'iyy': 965253684573.1565, 'ixy': -0.01171875, 'g_eff': 76923.07692307667})"
"('section_type', 'rectangular_hollow_section')","('section_params', {'d': 87.25376388284045, 'b': 221.59971234079308, 't': 7.184002349637425, 'r_out': 13.708209150647765, 'n_r': 4})","('valid', True)","('stiffness_props', {'area': 4085.8189149943905, 'ixx': 1065152008022.1016, 'iyy': 4668381495051.719, 'ixy': -0.0068359375, 'g_eff': 76923.076923077})"
"('section_type', 'rectangular_hollow_section')","('section_params', {'d': 246.8701600001247, 'b': 178.47546016305975, 't': 2.174382017698008, 'r_out': 14.796316615656728, 'n_r': 4})","('valid', True)","('stiffness_props', {'area': 1771.1982345477136, 'ixx': 3173692763469.4707, 'iyy': 1954685561099.893, 'ixy': 0.0107421875, 'g_eff': 76923.07692307714})"
"('section_type', 'rectangular_hollow_section')","('section_params', {'d': 157.18704879706792, 'b': 243.69882255872128, 't': 12.402017830722837, 'r_out': 19.22629936614438, 'n_r': 4})","('valid', True)","('stiffness_props', {'area': 9005.26749534263, 'ixx': 6944075115348.596, 'iyy': 13867234389396.062, 'ixy': 0.0390625, 'g_eff': 76923.07692307711})"
"('section_type', 'rectangular_hollow_section')","('section_params', {'d': 195.16196808903558, 'b': 171.05764768197017, 't': 6.470310453938822, 'r_out': 13.825592573244764, 'n_r': 4})","('valid', True)","('stiffness_props', {'area': 4434.602712293154, 'ixx': 4993938282482.413, 'iyy': 4081296183477.916, 'ixy': -0.017578125, 'g_eff': 76923.07692307673})"
"('section_type', 'rectangular_hollow_section')","('section_params', {'d': 252.26035420732626, 'b': 53.341741124724514, 't': 17.377335827307277, 'r_out': 13.107323458958815, 'n_r': 4})","('valid', True)","('stiffness_props', {'area': 9241.411350149881, 'ixx': 10564094892069.7, 'iyy': 595638593400.9026, 'ixy': 0.0283203125, 'g_eff': 76923.07692307707})"
"('section_type', 'rectangular_hollow_section')","('section_params', {'d': 101.31911315853863, 'b': 52.678092694013834, 't': 12.248661230321927, 'r_out': 16.417569316017264, 'n_r': 4})","('valid', True)","('stiffness_props', {'area': 2920.2436144481253, 'ixx': 587107168084.8823, 'iyy': 191245603565.32037, 'ixy': 0.000244140625, 'g_eff': 76923.07692307683})"
"('section_type', 'rectangular_hollow_section')","('section_params', {'d': 61.61029760544966, 'b': 39.160624076961156, 't': 19.945297172603563, 'r_out': 18.721554720053405, 'n_r': 4})","('valid', True)","('stiffness_props', {'area': 2046.346355045632, 'ixx': 103144243950.47003, 'iyy': 44755714808.289825, 'ixy': 0.0003662109375, 'g_eff': 76923.07692307698})"
"('section_type', 'rectangular_hollow_section')","('section_params', {'d': 214.1865577189589, 'b': 142.44859890142789, 't': 3.5738848890351798, 'r_out': 16.04394244284936, 'n_r': 4})","('valid', True)","('stiffness_props', {'area': 2396.1496277741185, 'ixx': 3081219922358.665, 'iyy': 1667904622470.7935, 'ixy': 0.0146484375, 'g_eff': 76923.07692307768})"
"('section_type', 'rectangular_hollow_section')","('section_params', {'d': 255.19449960912388, 'b': 72.01462470026058, 't': 13.697821435846004, 'r_out': 19.627460503430434, 'n_r': 4})","('valid', True)","('stiffness_props', {'area': 7863.506479243803, 'ixx': 10082155103913.422, 'iyy': 1177865641537.6313, 'ixy': 0.0068359375, 'g_eff': 76923.07692307686})"
"('section_type', 'rectangular_hollow_section')","('section_params', {'d': 296.157249183289, 'b': 116.28634357449262, 't': 14.213206362593295, 'r_out': 8.998207049240973, 'n_r': 4})","('valid', True)","('stiffness_props', {'area': 10835.263123067885, 'ixx': 21897104850721.21, 'iyy': 4684606276126.245, 'ixy': -0.06640625, 'g_eff': 76923.07692307705})"
"('section_type', 'rectangular_hollow_section')","('section_params', {'d': 150.827320944009, 'b': 240.24487173964408, 't': 7.622580360597616, 'r_out': 9.92319923861742, 'n_r': 4})","('valid', True)","('stiffness_props', {'area': 5636.366469730336, 'ixx': 4292113470881.293, 'iyy': 8858110241902.691, 'ixy': 0.005859375, 'g_eff': 76923.07692307682})"
"('section_type', 'rectangular_hollow_section')","('section_params', {'d': 65.49755539558433, 'b': 79.88220998731953, 't': 7.385496844965582, 'r_out': 11.812963690856083, 'n_r': 4})","('valid', True)","('stiffness_props', {'area': 1809.2776940365575, 'ixx': 209684123704.6682, 'iyy': 288456045432.9872, 'ixy': 0.0001220703125, 'g_eff': 76923.07692307692})"
"('section_type', 'rectangular_hollow_section')","('section_params', {'d': 170.3347830062486, 'b': 227.8345757283157, 't': 6.854921181179043, 'r_out': 8.12851884916081, 'n_r': 4})","('valid', True)","('stiffness_props', {'area': 5206.4285965101, 'ixx': 4964862287487.64, 'iyy': 7784968705615.844, 'ixy': 0.0234375, 'g_eff': 76923.0769230767})"
"('section_type', 'rectangular_hollow_section')","('section_params', {'d': 197.44405650809892, 'b': 142.22844581103777, 't': 17.73229429718017, 'r_out': 10.090510489684812, 'n_r': 4})","('valid', True)","('stiffness_props', {'area': 10686.790105455311, 'ixx': 10494923624402.21, 'iyy': 6086449616200.096, 'ixy': 0.00390625, 'g_eff': 76923.07692307685})"
"('section_type', 'rectangular_hollow_section')","('section_params', {'d': 231.19702958281871, 'b': 125.34843667558813, 't': 5.521057837855862, 'r_out': 12.941696645610008, 'n_r': 4})","('valid', True)","('stiffness_props', {'area': 3702.6663317283464, 'ixx': 5194431113629.535, 'iyy': 2023813790858.0479, 'ixy': -0.0166015625, 'g_eff': 76923.07692307659})"
"('section_type', 'rectangular_hollow_section')","('section_params', {'d': 80.14526867028701, 'b': 149.03088412622336, 't': 19.235569548989897, 'r_out': 8.793923772138005, 'n_r': 4})","('valid', True)","('stiffness_props', {'area': 7259.306013368152, 'ixx': 1123002561478.4854, 'iyy': 3401641678207.8223, 'ixy': 0.00732421875, 'g_eff': 76923.07692307694})"
"('section_type', 'rectangular_hollow_section')","('section_params', {'d': 44.477330688615666, 'b': 50.84046009440422, 't': 4.6769742980035485, 'r_out': 19.590109271598216, 'n_r': 4})","('valid', True)","('stiffness_props', {'area': 642.7305744001071, 'ixx': 28935586412.57798, 'iyy': 35042224313.189575, 'ixy': 6.103515625e-05, 'g_eff': 76923.07692307691})"
"('section_type', 'rectangular_hollow_section')","('section_params', {'d': 104.49890666911327, 'b': 104.90406207438765, 't': 13.587122414285512, 'r_out': 19.509349940590162, 'n_r': 4})","('valid', True)","('stiffness_props', {'area': 4606.386002231365, 'ixx': 1232945984996.5688, 'iyy': 1240792161165.913, 'ixy': 0.00634765625, 'g_eff': 76923.07692307686})"
"('section_type', 'rectangular_hollow_section')","('section_params', {'d': 55.902138278544825, 'b': 291.3289138267831, 't': 10.753753121273409, 'r_out': 11.859323998471455, 'n_r': 4})","('valid', True)","('stiffness_props', {'area': 6866.079917252038, 'ixx': 647490287634.2495, 'iyy': 11207215364311.906, 'ixy': -0.0068359375, 'g_eff': 76923.07692307708})"
"('section_type', 'rectangular_hollow_section')","('section_params', {'d': 233.2942785545519, 'b': 132.70869691563598, 't': 10.998675741561426, 'r_out': 19.156414397936498, 'n_r': 4})","('valid', True)","('stiffness_props', {'area': 7266.793110414529, 'ixx': 9898865150135.719, 'iyy': 4066347697230.628, 'ixy': 0.0078125, 'g_eff': 76923.07692307695})"
"('section_type', 'rectangular_hollow_section')","('section_params', {'d': 229.9206188239501, 'b': 113.4682674799489, 't': 16.703578806543053, 'r_out': 14.917456238355527, 'n_r': 4})","('valid', True)","('stiffness_props', {'area': 10133.077966927585, 'ixx': 12307462909486.266, 'iyy': 3791548670395.584, 'ixy': 0.001953125, 'g_eff': 76923.07692307678})"
"('section_type', 'rectangular_hollow_section')","('section_params', {'d': 254.6327984582474, 'b': 262.12336252689636, 't': 9.851128251810163, 'r_out': 16.811624001115806, 'n_r': 4})","('valid', True)","('stiffness_props', {'area': 9558.901321742065, 'ixx': 19009235294906.598, 'iyy': 19876762482298.957, 'ixy': -0.0546875, 'g_eff': 76923.07692307701})"
"('section_type', 'rectangular_hollow_section')","('section_params', {'d': 57.232646767802365, 'b': 190.8584462328678, 't': 7.605379192040764, 'r_out': 18.93443882157118, 'n_r': 4})","('valid', True)","('stiffness_props', {'area': 3312.121120858557, 'ixx': 345351471603.7292, 'iyy': 2429808020498.3867, 'ixy': 0.000244140625, 'g_eff': 76923.07692307679})"
"('section_type', 'rectangular_hollow_section')","('section_params', {'d': 68.44307550888804, 'b': 124.03732547219171, 't': 6.641419365481838, 'r_out': 9.278242674539236, 'n_r': 4})","('valid', True)","('stiffness_props', {'area': 2301.119370385723, 'ixx': 336364651199.1421, 'iyy': 870518390574.5979, 'ixy': 0.0008544921875, 'g_eff': 76923.07692307683})"
"('section_type', 'rectangular_hollow_section')","('section_params', {'d': 39.20948812571588, 'b': 48.73413512768389, 't': 5.141112266519738, 'r_out': 15.25779262208345, 'n_r': 4})","('valid', True)","('stiffness_props', {'area': 668.0789249107999, 'ixx': 24254131607.44687, 'iyy': 33737069624.00403, 'ixy': 0.0, 'g_eff': 76923.07692307694})"
"('section_type', 'rectangular_hollow_section')","('section_params', {'d': 114.27280853157264, 'b': 95.66388882452382, 't': 18.200961580403014, 'r_out': 14.414043917137239, 'n_r': 4})","('valid', True)","('stiffness_props', {'area': 6109.234853939608, 'ixx': 1792922692129.8403, 'iyy': 1315274905271.495, 'ixy': 0.00439453125, 'g_eff': 76923.07692307717})"
"('section_type', 'rectangular_hollow_section')","('section_params', {'d': 280.3212072187265, 'b': 271.3445989554868, 't': 4.088702215218895, 'r_out': 15.866845126225067, 'n_r': 4})","('valid', True)","('stiffness_props', {'area': 4331.292340483414, 'ixx': 10769777145776.037, 'iyy': 10255695716317.676, 'ixy': -0.068359375, 'g_eff': 76923.07692307787})"
"('section_type', 'rectangular_hollow_section')","('section_params', {'d': 274.3640763472325, 'b': 31.580075049188405, 't': 19.937308850151283, 'r_out': 8.91615236911035, 'n_r': 4})","('valid', True)","('stiffness_props', {'area': 6639.957532793968, 'ixx': 8798074503117.902, 'iyy': 138783070199.08252, 'ixy': 0.0087890625, 'g_eff': 76923.07692307705})"
"('section_type', 'rectangular_hollow_section')","('section_params', {'d': 203.7654063033115, 'b': 214.16939060786862, 't': 15.137466119423829, 'r_out': 17.15344205714115, 'n_r': 4})","('valid', True)","('stiffness_props', {'area': 11446.199719249611, 'ixx': 13638339118303.547, 'iyy': 14763185242493.426, 'ixy': 0.0078125, 'g_eff': 76923.07692307663})"
"('section_type', 'rectangular_hollow_section')","('section_params', {'d': 125.64402111858446, 'b': 65.79308901345564, 't': 6.142218893577013, 'r_out': 9.905840411320579, 'n_r': 4})","('valid', True)","('stiffness_props', {'area': 2116.829030497404, 'ixx': 812977703417.5088, 'iyy': 290511792634.99133, 'ixy': -0.0013427734375, 'g_eff': 76923.07692307704})"
"('section_type', 'rectangular_hollow_section')","('section_params', {'d': 235.3063874388427, 'b': 168.17714638544345, 't': 7.358314237375298, 'r_out': 17.60718038784118, 'n_r': 4})","('valid', True)","('stiffness_props', {'area': 5516.364565467738, 'ixx': 8511709349993.363, 'iyy': 5087803835481.056, 'ixy': 0.017578125, 'g_eff': 76923.07692307688})"
"('section_type', 'rectangular_hollow_section')","('section_params', {'d': 264.6895315770412, 'b': 291.49145623085826, 't': 12.427346745298664, 'r_out': 8.407690089139665, 'n_r': 4})","('valid', True)","('stiffness_props', {'area': 13135.262936116535, 'ixx': 28545298411648.305, 'iyy': 33194336452413.22, 'ixy': -0.1484375, 'g_eff': 76923.0769230769})"
"('section_type', 'rectangular_hollow_section')","('section_params', {'d': 96.83083644558748, 'b': 85.55506944135318, 't': 18.045784863138437, 'r_out': 9.737660107520696, 'n_r': 4})","('valid', True)","('stiffness_props', {'area': 5185.170209732278, 'ixx': 1069589092135.667, 'iyy': 857100523990.9675, 'ixy': 0.005615234375, 'g_eff': 76923.07692307698})"
"('section_type', 'rectangular_hollow_section')","('section_params', {'d': 165.12329039316498, 'b': 69.25105236069993, 't': 11.197986335389448, 'r_out': 19.675007194349014, 'n_r': 4})","('valid', True)","('stiffness_props', {'area': 4432.215757722583, 'ixx': 2525399958396.259, 'iyy': 605662634839.3718, 'ixy': 0.00537109375, 'g_eff': 76923.07692307676})"
"('section_type', 'rectangular_hollow_section')","('section_params', {'d': 240.89160096965057, 'b': 33.1591193282216, 't': 8.277270573377079, 'r_out': 11.008012885825243, 'n_r': 4})","('valid', True)","('stiffness_props', {'area': 4149.011698771619, 'ixx': 4283161175174.1797, 'iyy': 124538294433.33432, 'ixy': 0.00390625, 'g_eff': 76923.07692307691})"
"('section_type', 'rectangular_hollow_section')","('section_params', {'d': 178.0863403262134, 'b': 38.991611013612314, 't': 7.878947888985244, 'r_out': 15.140942752339503, 'n_r': 4})","('valid', True)","('stiffness_props', {'area': 2995.8688755246194, 'ixx': 1746083417681.586, 'iyy': 131143811287.43774, 'ixy': -0.005615234375, 'g_eff': 76923.07692307694})"
"('section_type', 'rectangular_hollow_section')","('section_params', {'d': 250.70460074340454, 'b': 67.76494479832276, 't': 7.973269810882769, 'r_out': 19.020972767337092, 'n_r': 4})","('valid', True)","('stiffness_props', {'area': 4584.449435996661, 'ixx': 5888762073908.277, 'iyy': 706076594044.6005, 'ixy': -0.0009765625, 'g_eff': 76923.07692307683})"
"('section_type', 'rectangular_hollow_section')","('section_params', {'d': 261.23927230564857, 'b': 257.38289515802603, 't': 14.482232592807799, 'r_out': 16.407328057844214, 'n_r': 4})","('valid', True)","('stiffness_props', {'area': 13917.179049053357, 'ixx': 27917952040906.14, 'iyy': 27273415678238.875, 'ixy': -0.0625, 'g_eff': 76923.07692307672})"
"('section_type', 'rectangular_hollow_section')","('section_params', {'d': 287.33618802414986, 'b': 291.24267007055295, 't': 13.645018125462844, 'r_out': 9.689664940808045, 'n_r': 4})","('valid', True)","('stiffness_props', {'area': 14950.802326181809, 'ixx': 37416140243302.336, 'iyy': 38216357432281.41, 'ixy': -0.28125, 'g_eff': 76923.07692307697})"
"('section_type', 'rectangular_hollow_section')","('section_params', {'d': 52.86151836039115, 'b': 241.03574134507073, 't': 9.33196824751575, 'r_out': 15.839382458497031, 'n_r': 4})","('valid', True)","('stiffness_props', {'area': 4928.397668762804, 'ixx': 421112080948.1566, 'iyy': 5488688336371.596, 'ixy': -0.0068359375, 'g_eff': 76923.07692307695})"
"('section_type', 'rectangular_hollow_section')","('section_params', {'d': 294.77122115080897, 'b': 155.72941206106663, 't': 11.47368956429704, 'r_out': 12.748935172192821, 'n_r': 4})","('valid', True)","('stiffness_props', {'area': 9650.317522448877, 'ixx': 21358749822778.766, 'iyy': 7767814211745.426, 'ixy': 0.109375, 'g_eff': 76923.07692307657})"
"('section_type', 'rectangular_hollow_section')","('section_params', {'d': 158.6336167427784, 'b': 108.37622930758297, 't': 3.2046615573198274, 'r_out': 15.181635881315255, 'n_r': 4})","('valid', True)","('stiffness_props', {'area': 1583.2388012638946, 'ixx': 1105799544122.6726, 'iyy': 624224757234.4408, 'ixy': 0.00048828125, 'g_eff': 76923.07692307742})"
"('section_type', 'rectangular_hollow_section')","('section_params', {'d': 187.7418025685351, 'b': 60.22477282200227, 't': 13.106105666340751, 'r_out': 16.891863929671167, 'n_r': 4})","('valid', True)","('stiffness_props', {'area': 5541.669153238685, 'ixx': 3810834994750.3926, 'iyy': 539021145041.19836, 'ixy': 0.0009765625, 'g_eff': 76923.07692307694})"
"('section_type', 'rectangular_hollow_section')","('section_params', {'d': 120.05990468916778, 'b': 172.74849417415632, 't': 16.165957027912434, 'r_out': 10.572746881888147, 'n_r': 4})","('valid', True)","('stiffness_props', {'area': 8309.920343730902, 'ixx': 3328620422827.8467, 'iyy': 6110377954074.605, 'ixy': -0.021484375, 'g_eff': 76923.07692307727})"
"('section_type', 'rectangular_hollow_section')","('section_params', {'d': 130.08763705363128, 'b': 189.22883488601465, 't': 7.072861951848509, 'r_out': 14.908431577128919, 'n_r': 4})","('valid', True)","('stiffness_props', {'area': 4155.995964464013, 'ixx': 2265574836449.072, 'iyy': 4041514772253.552, 'ixy': -0.0087890625, 'g_eff': 76923.07692307697})"
"('section_type', 'rectangular_hollow_section')","('section_params', {'d': 112.2771924971319, 'b': 162.61871976167959, 't': 10.075933385343145, 'r_out': 19.152351709201483, 'n_r': 4})","('valid', True)","('stiffness_props', {'area': 4849.136858899079, 'ixx': 1815822893990.6147, 'iyy': 3253937565505.8135, 'ixy': -0.0078125, 'g_eff': 76923.0769230768})"
"('section_type', 'rectangular_hollow_section')","('section_params', {'d': 86.19194934020048, 'b': 295.17886874147416, 't': 5.9159205417032785, 'r_out': 11.268416292170297, 'n_r': 4})","('valid', True)","('stiffness_props', {'area': 4273.998454993078, 'ixx': 1174343153688.0007, 'iyy': 8333097394850.934, 'ixy': 0.01953125, 'g_eff': 76923.07692307698})"
"('section_type', 'rectangular_hollow_section')","('section_params', {'d': 24.00514976860089, 'b': 68.98954950533142, 't': 16.27828707953872, 'r_out': 15.057723547989797, 'n_r': 4})","('valid', False)","('stiffness_props', {'area': None, 'ixx': None, 'iyy': None, 'ixy': None, 'g_eff': None})"
"('section_type', 'rectangular_hollow_section')","('section_params', {'d': 135.98169093521068, 'b': 91.36159604008715, 't': 4.574735760098463, 'r_out': 12.717128986974704, 'n_r': 4})","('valid', True)","('stiffness_props', {'area': 1900.9312981791918, 'ixx': 946784735113.6211, 'iyy': 515172688804.7284, 'ixy': -0.000244140625, 'g_eff': 76923.07692307676})"
"('section_type', 'rectangular_hollow_section')","('section_params', {'d': 295.77551961852095, 'b': 111.7114133788283, 't': 14.837614445625064, 'r_out': 11.950351126319633, 'n_r': 4})","('valid', True)","('stiffness_props', {'area': 11068.837905099352, 'ixx': 21813144838240.14, 'iyy': 4343532175418.123, 'ixy': -0.01171875, 'g_eff': 76923.07692307708})"
"('section_type', 'rectangular_hollow_section')","('section_params', {'d': 215.57941257663626, 'b': 111.38068743811736, 't': 17.753323789454274, 'r_out': 14.12231189070522, 'n_r': 4})","('valid', True)","('stiffness_props', {'area': 10149.095328157258, 'ixx': 10780062005506.0, 'iyy': 3544462802104.7656, 'ixy': -0.009765625, 'g_eff': 76923.07692307695})"
"('section_type', 'rectangular_hollow_section')","('section_params', {'d': 275.84381684940536, 'b': 206.07431710213973, 't': 17.88461606820269, 'r_out': 11.090118411972021, 'n_r': 4})","('valid', True)","('stiffness_props', {'area': 15835.412910036614, 'ixx': 32363143497119.906, 'iyy': 20221227408913.348, 'ixy': 0.1484375, 'g_eff': 76923.07692307673})"
"('section_type', 'rectangular_hollow_section')","('section_params', {'d': 40.984903236766705, 'b': 101.31114226324783, 't': 17.466965430104445, 'r_out': 14.119272034232733, 'n_r': 4})","('valid', True)","('stiffness_props', {'area': 3551.2268470561494, 'ixx': 104054018639.79547, 'iyy': 591585857236.4714, 'ixy': 0.0025634765625, 'g_eff': 76923.07692307691})"
"('section_type', 'rectangular_hollow_section')","('section_params', {'d': 75.22001617598879, 'b': 77.7221872854335, 't': 10.791910607304963, 'r_out': 11.177501794853123, 'n_r': 4})","('valid', True)","('stiffness_props', {'area': 2710.4279716455703, 'ixx': 376411329716.0812, 'iyy': 397697206459.72046, 'ixy': 0.0013427734375, 'g_eff': 76923.07692307683})"
"('section_type', 'rectangular_hollow_section')","('section_params', {'d': 298.00741437264634, 'b': 162.37684155524065, 't': 4.640959116002213, 'r_out': 11.538601415242503, 'n_r': 4})","('valid', True)","('stiffness_props', {'area': 4101.533159427758, 'ixx': 9834106679208.66, 'iyy': 3886812960156.078, 'ixy': -0.0078125, 'g_eff': 76923.07692307679})"
"('section_type', 'rectangular_hollow_section')","('section_params', {'d': 258.1428456743295, 'b': 43.1451858362195, 't': 5.995848440118051, 'r_out': 11.40413820446144, 'n_r': 4})","('valid', True)","('stiffness_props', {'area': 3368.349183438938, 'ixx': 4297573461421.121, 'iyy': 213363679249.6377, 'ixy': 0.002197265625, 'g_eff': 76923.07692307726})"
"('section_type', 'rectangular_hollow_section')","('section_params', {'d': 245.323226404588, 'b': 86.71261526298056, 't': 12.120372456623056, 'r_out': 16.788184920282227, 'n_r': 4})","('valid', True)","('stiffness_props', {'area': 7201.127746247712, 'ixx': 9345569124042.066, 'iyy': 1683817656935.0244, 'ixy': 0.0185546875, 'g_eff': 76923.07692307701})"
"('section_type', 'rectangular_hollow_section')","('section_params', {'d': 79.71782461099066, 'b': 135.56559249739632, 't': 18.866466011662762, 'r_out': 13.348344137425098, 'n_r': 4})","('valid', True)","('stiffness_props', {'area': 6521.322093211989, 'ixx': 975926761584.8381, 'iyy': 2506299689721.158, 'ixy': 0.01171875, 'g_eff': 76923.07692307675})"
"('section_type', 'rectangular_hollow_section')","('section_params', {'d': 51.29146990703751, 'b': 125.26691447651723, 't': 12.18467969846681, 'r_out': 15.763448751027349, 'n_r': 4})","('valid', True)","('stiffness_props', {'area': 3473.0703175732247, 'ixx': 225139439964.96912, 'iyy': 1053458645075.7935, 'ixy': 0.001220703125, 'g_eff': 76923.07692307698})"
"('section_type', 'rectangular_hollow_section')","('section_params', {'d': 113.43791972639546, 'b': 254.3913143197415, 't': 15.342692754639195, 'r_out': 19.42238579465321, 'n_r': 4})","('valid', True)","('stiffness_props', {'area': 9984.803789779626, 'ixx': 3876513907820.7773, 'iyy': 14593050225020.387, 'ixy': -0.044921875, 'g_eff': 76923.07692307707})"
"('section_type', 'rectangular_hollow_section')","('section_params', {'d': 124.08231434108126, 'b': 138.0753879103333, 't': 16.94443761062373, 'r_out': 10.066906602556745, 'n_r': 4})","('valid', True)","('stiffness_props', {'area': 7634.431187581161, 'ixx': 3050275454971.8525, 'iyy': 3653885402912.1836, 'ixy': -0.00390625, 'g_eff': 76923.07692307714})"
"('section_type', 'rectangular_hollow_section')","('section_params', {'d': 105.00353922758408, 'b': 291.60434531759336, 't': 6.164697804263395, 'r_out': 15.985017794009986, 'n_r': 4})","('valid', True)","('stiffness_props', {'area': 4578.839404772776, 'ixx': 1838002390675.4453, 'iyy': 9084577577728.613, 'ixy': -0.0087890625, 'g_eff': 76923.0769230769})"
"('section_type', 'rectangular_hollow_section')","('section_params', {'d': 166.18113028826147, 'b': 131.9029704469072, 't': 3.5198951474160345, 'r_out': 18.2363616884618, 'n_r': 4})","('valid', True)","('stiffness_props', {'area': 1932.9004118252533, 'ixx': 1539650805095.9844, 'iyy': 1090567407855.7434, 'ixy': -0.00244140625, 'g_eff': 76923.07692307704})"
"('section_type', 'rectangular_hollow_section')","('section_params', {'d': 120.71854245661275, 'b': 106.49345557722324, 't': 18.8974895596614, 'r_out': 11.451428841432662, 'n_r': 4})","('valid', True)","('stiffness_props', {'area': 7027.877052207955, 'ixx': 2382497035252.1807, 'iyy': 1914909124165.1924, 'ixy': -0.009765625, 'g_eff': 76923.07692307691})"
"('section_type', 'rectangular_hollow_section')","('section_params', {'d': 184.80259544443805, 'b': 172.64722071920934, 't': 3.606420582954815, 'r_out': 15.055176335716475, 'n_r': 4})","('valid', True)","('stiffness_props', {'area': 2430.619344874178, 'ixx': 2554523114541.901, 'iyy': 2306505790640.0, 'ixy': 0.02392578125, 'g_eff': 76923.07692307698})"
"('section_type', 'rectangular_hollow_section')","('section_params', {'d': 106.41400792874079, 'b': 158.12259283987174, 't': 10.154354774053093, 'r_out': 17.946326371873198, 'n_r': 4})","('valid', True)","('stiffness_props', {'area': 4698.597497479126, 'ixx': 1575451729390.521, 'iyy': 2949868431098.045, 'ixy': -0.00732421875, 'g_eff': 76923.07692307701})"
"('section_type', 'rectangular_hollow_section')","('section_params', {'d': 141.15576465257828, 'b': 36.98339244911716, 't': 2.8232476320678215, 'r_out': 8.693403034425499, 'n_r': 4})","('valid', True)","('stiffness_props', {'area': 932.8624662928593, 'ixx': 393443293682.77344, 'iyy': 46810554934.64397, 'ixy': 0.000213623046875, 'g_eff': 76923.07692307676})"
"('section_type', 'rectangular_hollow_section')","('section_params', {'d': 94.41611827430665, 'b': 164.40578773164364, 't': 7.186150692647386, 'r_out': 14.235376546524694, 'n_r': 4})","('valid', True)","('stiffness_props', {'area': 3360.3490308418923, 'ixx': 960558148486.6914, 'iyy': 2289071223043.6797, 'ixy': -0.01123046875, 'g_eff': 76923.07692307695})"
"('section_type', 'rectangular_hollow_section')","('section_params', {'d': 91.30228306452044, 'b': 249.61841384546727, 't': 7.221728414618492, 'r_out': 17.482264646187957, 'n_r': 4})","('valid', True)","('stiffness_props', {'area': 4515.108949434465, 'ixx': 1308575447595.5835, 'iyy': 6396286912320.689, 'ixy': 0.0048828125, 'g_eff': 76923.07692307685})"
"('section_type', 'rectangular_hollow_section')","('section_params', {'d': 187.7849567918527, 'b': 234.31420983234713, 't': 16.29991459012728, 'r_out': 14.80084983086657, 'n_r': 4})","('valid', True)","('stiffness_props', {'area': 12478.546710779116, 'ixx': 12938305184404.43, 'iyy': 18469620260632.605, 'ixy': 0.125, 'g_eff': 76923.07692307647})"
"('section_type', 'rectangular_hollow_section')","('section_params', {'d': 233.9882036166177, 'b': 219.9088169695549, 't': 4.328918372124303, 'r_out': 13.171104090644231, 'n_r': 4})","('valid', True)","('stiffness_props', {'area': 3759.514431160042, 'ixx': 6414051816027.121, 'iyy': 5840368884182.615, 'ixy': 0.009765625, 'g_eff': 76923.07692307721})"
"('section_type', 'rectangular_hollow_section')","('section_params', {'d': 194.27247788034114, 'b': 282.32943745764584, 't': 5.402127706702945, 'r_out': 18.81943559377388, 'n_r': 4})","('valid', True)","('stiffness_props', {'area': 4858.449883660245, 'ixx': 6228410075780.516, 'iyy': 10964081134256.781, 'ixy': -0.037109375, 'g_eff': 76923.07692307669})"
"('section_type', 'rectangular_hollow_section')","('section_params', {'d': 100.8561705597353, 'b': 240.4680832701834, 't': 17.402258077709117, 'r_out': 8.039514525878001, 'n_r': 4})","('valid', True)","('stiffness_props', {'area': 10603.637368034808, 'ixx': 3093450358246.1396, 'iyy': 13616177681135.715, 'ixy': 0.0234375, 'g_eff': 76923.07692307704})"
"('section_type', 'rectangular_hollow_section')","('section_params', {'d': 245.3405814273746, 'b': 201.20228711683728, 't': 11.233719018214542, 'r_out': 14.190240094574516, 'n_r': 4})","('valid', True)","('stiffness_props', {'area': 9335.26656063904, 'ixx': 15991296091521.516, 'iyy': 11729249780558.93, 'ixy': 0.0078125, 'g_eff': 76923.07692307708})"
"('section_type', 'rectangular_hollow_section')","('section_params', {'d': 102.37479652387924, 'b': 99.3902551520186, 't': 5.092780772845058, 'r_out': 12.859206375772327, 'n_r': 4})","('valid', True)","('stiffness_props', {'area': 1846.3028656442357, 'ixx': 559473303855.6646, 'iyy': 534660488696.00684, 'ixy': 0.0015869140625, 'g_eff': 76923.07692307702})"
"('section_type', 'rectangular_hollow_section')","('section_params', {'d': 215.27919159518177, 'b': 92.95845834254224, 't': 6.130932025268203, 'r_out': 18.250221918761916, 'n_r': 4})","('valid', True)","('stiffness_props', {'area': 3443.021436237725, 'ixx': 3778984890161.491, 'iyy': 1026699398198.6528, 'ixy': 0.0146484375, 'g_eff': 76923.07692307679})"
"('section_type', 'rectangular_hollow_section')","('section_params', {'d': 293.39767187920353, 'b': 79.26445135605374, 't': 17.102727131877707, 'r_out': 15.57225118397217, 'n_r': 4})","('valid', True)","('stiffness_props', {'area': 11334.569103831212, 'ixx': 19297939162063.89, 'iyy': 1977232465016.1777, 'ixy': -0.060546875, 'g_eff': 76923.07692307682})"
"('section_type', 'rectangular_hollow_section')","('section_params', {'d': 68.178241499973, 'b': 71.60020248988667, 't': 10.785542232441074, 'r_out': 15.262931120796152, 'n_r': 4})","('valid', True)","('stiffness_props', {'area': 2336.950881543353, 'ixx': 252296425046.4568, 'iyy': 273699891229.36438, 'ixy': 0.000244140625, 'g_eff': 76923.07692307713})"
"('section_type', 'rectangular_hollow_section')","('section_params', {'d': 237.9600841117497, 'b': 69.40453222610645, 't': 3.7659428900368264, 'r_out': 18.848139377268208, 'n_r': 4})","('valid', True)","('stiffness_props', {'area': 2130.5261725832256, 'ixx': 2605280118774.7197, 'iyy': 384991532463.1167, 'ixy': 0.009033203125, 'g_eff': 76923.07692307715})"
"('section_type', 'rectangular_hollow_section')","('section_params', {'d': 227.22389723514377, 'b': 235.7487071549933, 't': 2.0613519223413763, 'r_out': 8.862301582848742, 'n_r': 4})","('valid', True)","('stiffness_props', {'area': 1859.4147760503142, 'ixx': 3143388038111.255, 'iyy': 3321986302860.832, 'ixy': -0.0205078125, 'g_eff': 76923.07692307711})"
"('section_type', 'rectangular_hollow_section')","('section_params', {'d': 132.19656075022783, 'b': 108.27211112206935, 't': 16.418864415491285, 'r_out': 19.376263691416472, 'n_r': 4})","('valid', True)","('stiffness_props', {'area': 6451.435220349739, 'ixx': 2655843001588.8496, 'iyy': 1903516198552.3643, 'ixy': -0.0029296875, 'g_eff': 76923.07692307682})"
"('section_type', 'rectangular_hollow_section')","('section_params', {'d': 237.24351670888717, 'b': 197.15075308663063, 't': 12.228770541977205, 'r_out': 18.70121490629202, 'n_r': 4})","('valid', True)","('stiffness_props', {'area': 9718.201481362843, 'ixx': 15327113927692.914, 'iyy': 11475697122187.172, 'ixy': -0.02734375, 'g_eff': 76923.07692307667})"
"('section_type', 'rectangular_hollow_section')","('section_params', {'d': 75.08570476124339, 'b': 257.5853774171902, 't': 2.1010890001867586, 'r_out': 19.934618787122762, 'n_r': 4})","('valid', True)","('stiffness_props', {'area': 1300.9305614173709, 'ixx': 289406961410.25525, 'iyy': 1899974152739.461, 'ixy': -0.000244140625, 'g_eff': 76923.07692307695})"
"('section_type', 'rectangular_hollow_section')","('section_params', {'d': 44.347318172044396, 'b': 251.80773127750535, 't': 6.842379429664244, 'r_out': 18.983667828285643, 'n_r': 4})","('valid', True)","('stiffness_props', {'area': 3652.5690514153134, 'ixx': 232972232731.00372, 'iyy': 4237335024536.6855, 'ixy': -0.001953125, 'g_eff': 76923.07692307705})"
"('section_type', 'rectangular_hollow_section')","('section_params', {'d': 25.686238859696203, 'b': 208.30218146179345, 't': 19.372891090019248, 'r_out': 14.42887254342675, 'n_r': 4})","('valid', False)","('stiffness_props', {'area': None, 'ixx': None, 'iyy': None, 'ixy': None, 'g_eff': None})"
"('section_type', 'rectangular_hollow_section')","('section_params', {'d': 122.21686892080973, 'b': 37.227477757068826, 't': 8.804682923317184, 'r_out': 15.095169015728896, 'n_r': 4})","('valid', True)","('stiffness_props', {'area': 2309.330154973123, 'ixx': 628057853423.7686, 'iyy': 81855043713.70474, 'ixy': 0.00079345703125, 'g_eff': 76923.07692307707})"
"('section_type', 'rectangular_hollow_section')","('section_params', {'d': 189.71747518780944, 'b': 66.81791574967826, 't': 7.482757181752053, 'r_out': 11.145804888729163, 'n_r': 4})","('valid', True)","('stiffness_props', {'area': 3504.406409543803, 'ixx': 2801438298385.9424, 'iyy': 515362339579.3678, 'ixy': -0.00244140625, 'g_eff': 76923.07692307673})"
"('section_type', 'rectangular_hollow_section')","('section_params', {'d': 101.51575825076675, 'b': 75.69465725925474, 't': 11.949528709415059, 'r_out': 8.21843695398794, 'n_r': 4})","('valid', True)","('stiffness_props', {'area': 3596.4542440135133, 'ixx': 884018470254.8677, 'iyy': 536649697422.24365, 'ixy': -0.001953125, 'g_eff': 76923.07692307708})"
"('section_type', 'rectangular_hollow_section')","('section_params', {'d': 23.549856058033804, 'b': 135.69572780359545, 't': 18.435294412269716, 'r_out': 8.567178364140975, 'n_r': 4})","('valid', True)","('stiffness_props', {'area': 1805.7950453890076, 'ixx': 24219201488.622032, 'iyy': 702897223732.8279, 'ixy': 0.000244140625, 'g_eff': 76923.07692307697})"
"('section_type', 'rectangular_hollow_section')","('section_params', {'d': 149.96260306950467, 'b': 29.883141711707815, 't': 17.953682562496944, 'r_out': 17.298695669737292, 'n_r': 4})","('valid', False)","('stiffness_props', {'area': None, 'ixx': None, 'iyy': None, 'ixy': None, 'g_eff': None})"
"('section_type', 'rectangular_hollow_section')","('section_params', {'d': 168.7514954301773, 'b': 181.87733800979092, 't': 3.520707226455944, 'r_out': 11.879679196415434, 'n_r': 4})","('valid', True)","('stiffness_props', {'area': 2348.087052478997, 'ixx': 2144031625574.2915, 'iyy': 2400367603241.239, 'ixy': -0.0009765625, 'g_eff': 76923.07692307718})"
"('section_type', 'rectangular_hollow_section')","('section_params', {'d': 79.86381109253696, 'b': 202.7920115531981, 't': 6.396947542695306, 'r_out': 13.346113777753686, 'n_r': 4})","('valid', True)","('stiffness_props', {'area': 3322.7573471419164, 'ixx': 727885620321.9052, 'iyy': 3174451933093.2744, 'ixy': 0.005859375, 'g_eff': 76923.07692307651})"
"('section_type', 'rectangular_hollow_section')","('section_params', {'d': 208.5322050861422, 'b': 287.76614447139565, 't': 17.079435292493223, 'r_out': 14.32383720672818, 'n_r': 4})","('valid', True)","('stiffness_props', {'area': 15580.990342111569, 'ixx': 20664315598640.453, 'iyy': 34608092806601.195, 'ixy': -0.2421875, 'g_eff': 76923.07692307713})"
"('section_type', 'rectangular_hollow_section')","('section_params', {'d': 53.748422652786125, 'b': 35.970370014448896, 't': 16.803148884515128, 'r_out': 12.918254270611474, 'n_r': 4})","('valid', True)","('stiffness_props', {'area': 1718.8519187120814, 'ixx': 73731164706.60571, 'iyy': 34091530039.57196, 'ixy': 0.0001220703125, 'g_eff': 76923.07692307701})"
"('section_type', 'rectangular_hollow_section')","('section_params', {'d': 211.62348745973617, 'b': 40.339293556373306, 't': 17.014644451007616, 'r_out': 17.280865150456968, 'n_r': 4})","('valid', True)","('stiffness_props', {'area': 7117.564337688055, 'ixx': 5165671627343.441, 'iyy': 214773277040.61523, 'ixy': 0.0078125, 'g_eff': 76923.07692307729})"
"('section_type', 'rectangular_hollow_section')","('section_params', {'d': 184.86358158305785, 'b': 269.56466262937056, 't': 18.45260233348642, 'r_out': 16.54870857277694, 'n_r': 4})","('valid', True)","('stiffness_props', {'area': 15134.913472174987, 'ixx': 15394896944710.383, 'iyy': 28358322502029.08, 'ixy': 0.0234375, 'g_eff': 76923.07692307694})"
"('section_type', 'rectangular_hollow_section')","('section_params', {'d': 205.81231136131902, 'b': 22.390521881174195, 't': 6.281064275376144, 'r_out': 10.832087678911112, 'n_r': 4})","('valid', True)","('stiffness_props', {'area': 2612.2839436483, 'ixx': 1872887634844.5566, 'iyy': 33669497618.35128, 'ixy': 0.0006103515625, 'g_eff': 76923.07692307694})"
"('section_type', 'rectangular_hollow_section')","('section_params', {'d': 115.10591623789979, 'b': 197.91722073561726, 't': 10.997642954129882, 'r_out': 11.739415654030871, 'n_r': 4})","('valid', True)","('stiffness_props', {'area': 6263.977138287046, 'ixx': 2581465759271.185, 'iyy': 6170058355473.211, 'ixy': -0.0087890625, 'g_eff': 76923.07692307726})"
"('section_type', 'rectangular_hollow_section')","('section_params', {'d': 253.3954166379381, 'b': 228.89438529707553, 't': 18.509894183377895, 'r_out': 19.006281261037493, 'n_r': 4})","('valid', True)","('stiffness_props', {'area': 16122.809341116712, 'ixx': 28596784692553.21, 'iyy': 24300279681152.484, 'ixy': -0.078125, 'g_eff': 76923.07692307659})"
"('section_type', 'rectangular_hollow_section')","('section_params', {'d': 267.525574978815, 'b': 200.88228810898016, 't': 19.029020822990088, 'r_out': 13.741195573198166, 'n_r': 4})","('valid', True)","('stiffness_props', {'area': 16189.45097099182, 'ixx': 30672353094158.203, 'iyy': 19278695014912.285, 'ixy': 0.0, 'g_eff': 76923.07692307633})"
"('section_type', 'rectangular_hollow_section')","('section_params', {'d': 212.1892550647349, 'b': 32.919064075218984, 't': 2.883993958290843, 'r_out': 13.153352170673243, 'n_r': 4})","('valid', True)","('stiffness_props', {'area': 1312.9611832156138, 'ixx': 1108940931683.8857, 'iyy': 53637677057.847046, 'ixy': 0.00244140625, 'g_eff': 76923.07692307612})"
"('section_type', 'rectangular_hollow_section')","('section_params', {'d': 48.062489343132825, 'b': 297.6671737226386, 't': 2.792260637190207, 'r_out': 17.153475985240664, 'n_r': 4})","('valid', True)","('stiffness_props', {'area': 1811.5505486079128, 'ixx': 167085391281.47028, 'iyy': 3092581627942.5264, 'ixy': 0.007080078125, 'g_eff': 76923.07692307695})"
"('section_type', 'rectangular_hollow_section')","('section_params', {'d': 258.4767175715541, 'b': 134.66239285819825, 't': 16.82731730194882, 'r_out': 11.04957753904433, 'n_r': 4})","('valid', True)","('stiffness_props', {'area': 11976.225515901573, 'ixx': 19236435625559.17, 'iyy': 6556229185305.646, 'ixy': 0.0625, 'g_eff': 76923.07692307705})"
"('section_type', 'rectangular_hollow_section')","('section_params', {'d': 119.82818539778329, 'b': 57.98472115977582, 't': 7.236527228462664, 'r_out': 14.4653391889925, 'n_r': 4})","('valid', True)","('stiffness_props', {'area': 2207.036258946773, 'ixx': 708419743718.6716, 'iyy': 221378724779.0287, 'ixy': 0.0001220703125, 'g_eff': 76923.0769230769})"
"('section_type', 'rectangular_hollow_section')","('section_params', {'d': 77.5721252056085, 'b': 115.75037125936217, 't': 16.35700146417789, 'r_out': 17.62536726214049, 'n_r': 4})","('valid', True)","('stiffness_props', {'area': 4945.101908547685, 'ixx': 700982152694.3318, 'iyy': 1398326889255.4092, 'ixy': 0.00634765625, 'g_eff': 76923.07692307702})"
"('section_type', 'rectangular_hollow_section')","('section_params', {'d': 270.454089833082, 'b': 290.14485107737386, 't': 15.903647937248369, 'r_out': 15.999643501767537, 'n_r': 4})","('valid', True)","('stiffness_props', {'area': 16563.452932584943, 'ixx': 36259717049032.234, 'iyy': 40503854702755.39, 'ixy': 0.21875, 'g_eff': 76923.07692307705})"
"('section_type', 'rectangular_hollow_section')","('section_params', {'d': 260.9692664015805, 'b': 29.434924531562622, 't': 10.66862095789531, 'r_out': 16.383083199653903, 'n_r': 4})","('valid', False)","('stiffness_props', {'area': None, 'ixx': None, 'iyy': None, 'ixy': None, 'g_eff': None})"
"('section_type', 'rectangular_hollow_section')","('section_params', {'d': 137.3017857066518, 'b': 159.71154960291884, 't': 13.196840295885234, 'r_out': 18.432534030452867, 'n_r': 4})","('valid', True)","('stiffness_props', {'area': 6830.302906575072, 'ixx': 3594014359206.335, 'iyy': 4579013772510.075, 'ixy': 0.013671875, 'g_eff': 76923.07692307688})"
"('section_type', 'rectangular_hollow_section')","('section_params', {'d': 60.76942159675623, 'b': 153.9337932759143, 't': 3.297600665659817, 'r_out': 13.858205978074285, 'n_r': 4})","('valid', True)","('stiffness_props', {'area': 1291.9907596001194, 'ixx': 170496361103.82095, 'iyy': 710902089191.8501, 'ixy': 0.000244140625, 'g_eff': 76923.07692307697})"
"('section_type', 'rectangular_hollow_section')","('section_params', {'d': 62.545713666931576, 'b': 295.74637731627473, 't': 4.493391639352575, 'r_out': 12.519987669417937, 'n_r': 4})","('valid', True)","('stiffness_props', {'area': 3046.8072510295506, 'ixx': 454547388980.70703, 'iyy': 5516149513277.363, 'ixy': 0.01611328125, 'g_eff': 76923.07692307621})"
"('section_type', 'rectangular_hollow_section')","('section_params', {'d': 67.54213396772386, 'b': 166.20996550223737, 't': 5.769442891978801, 'r_out': 9.437760079926223, 'n_r': 4})","('valid', True)","('stiffness_props', {'area': 2488.4781280741418, 'ixx': 385028386921.8584, 'iyy': 1614468536441.724, 'ixy': -0.001220703125, 'g_eff': 76923.07692307682})"
"('section_type', 'rectangular_hollow_section')","('section_params', {'d': 225.36837112259937, 'b': 251.03442666373982, 't': 19.909830511410124, 'r_out': 19.33230765803813, 'n_r': 4})","('valid', True)","('stiffness_props', {'area': 17010.854394817783, 'ixx': 24531395397115.273, 'iyy': 29189866078199.523, 'ixy': -0.15625, 'g_eff': 76923.07692307678})"
"('section_type', 'rectangular_hollow_section')","('section_params', {'d': 102.67410854861556, 'b': 83.01814303330818, 't': 17.117085119077593, 'r_out': 19.28022000496164, 'n_r': 4})","('valid', True)","('stiffness_props', {'area': 4817.994009761765, 'ixx': 1075122418022.4536, 'iyy': 745248108402.5823, 'ixy': 0.0009765625, 'g_eff': 76923.07692307705})"
"('section_type', 'rectangular_hollow_section')","('section_params', {'d': 68.43568877946717, 'b': 145.411246170252, 't': 2.919756144339022, 'r_out': 8.457390505654132, 'n_r': 4})","('valid', True)","('stiffness_props', {'area': 1173.7998409198972, 'ixx': 196901453587.4215, 'iyy': 627672549996.5942, 'ixy': 0.001220703125, 'g_eff': 76923.07692307694})"
"('section_type', 'rectangular_hollow_section')","('section_params', {'d': 266.0423218503931, 'b': 210.35800289551196, 't': 4.8149207610786, 'r_out': 13.48354234284816, 'n_r': 4})","('valid', True)","('stiffness_props', {'area': 4388.264866682314, 'ixx': 9244964104224.088, 'iyy': 6478238859863.932, 'ixy': 0.060546875, 'g_eff': 76923.0769230771})"
"('section_type', 'rectangular_hollow_section')","('section_params', {'d': 233.10059039682815, 'b': 230.61384378785968, 't': 4.824062052319166, 'r_out': 9.886644383510696, 'n_r': 4})","('valid', True)","('stiffness_props', {'area': 4308.772114081653, 'ixx': 7400021009744.342, 'iyy': 7280454825159.836, 'ixy': 0.021484375, 'g_eff': 76923.07692307718})"
"('section_type', 'rectangular_hollow_section')","('section_params', {'d': 130.61730890032834, 'b': 182.18503134832915, 't': 4.3944911867103915, 'r_out': 16.258680210832274, 'n_r': 4})","('valid', True)","('stiffness_props', {'area': 2548.3823426516988, 'ixx': 1436312331501.7544, 'iyy': 2374349005135.9985, 'ixy': -0.00537109375, 'g_eff': 76923.07692307683})"
"('section_type', 'rectangular_hollow_section')","('section_params', {'d': 68.4879067282109, 'b': 115.96322314082173, 't': 16.258922686893314, 'r_out': 8.086189237365174, 'n_r': 4})","('valid', True)","('stiffness_props', {'area': 4875.1565959654245, 'ixx': 542501476371.23755, 'iyy': 1390617997372.9956, 'ixy': -0.0009765625, 'g_eff': 76923.076923077})"
"('section_type', 'rectangular_hollow_section')","('section_params', {'d': 135.78499306338625, 'b': 151.75584959735644, 't': 16.017428791202512, 'r_out': 17.159965753331328, 'n_r': 4})","('valid', True)","('stiffness_props', {'area': 7891.938809490974, 'ixx': 3864668214254.4277, 'iyy': 4639526164915.492, 'ixy': 0.017578125, 'g_eff': 76923.07692307708})"
"('section_type', 'rectangular_hollow_section')","('section_params', {'d': 272.3639659307868, 'b': 275.6515817833411, 't': 18.129981711749362, 'r_out': 10.327005217584016, 'n_r': 4})","('valid', True)","('stiffness_props', {'area': 18449.59173138526, 'ixx': 39929278484655.055, 'iyy': 40701644736943.02, 'ixy': 0.0546875, 'g_eff': 76923.07692307727})"
"('section_type', 'rectangular_hollow_section')","('section_params', {'d': 121.06166697817339, 'b': 85.67120733046063, 't': 6.896327640536394, 'r_out': 15.7520571969932, 'n_r': 4})","('valid', True)","('stiffness_props', {'area': 2491.454570941553, 'ixx': 936317555469.1094, 'iyy': 546720243719.4188, 'ixy': 0.000732421875, 'g_eff': 76923.07692307688})"
"('section_type', 'rectangular_hollow_section')","('section_params', {'d': 153.35812088241724, 'b': 96.88123342857094, 't': 3.6431269392737464, 'r_out': 11.48863163924948, 'n_r': 4})","('valid', True)","('stiffness_props', {'area': 1699.7812573859924, 'ixx': 1087845890865.8528, 'iyy': 540819938736.54834, 'ixy': 0.0029296875, 'g_eff': 76923.07692307704})"
"('section_type', 'rectangular_hollow_section')","('section_params', {'d': 119.17238813867536, 'b': 163.75416227440348, 't': 13.829537372378763, 'r_out': 15.841667825029022, 'n_r': 4})","('valid', True)","('stiffness_props', {'area': 6813.5524188954705, 'ixx': 2726090378756.4854, 'iyy': 4574693272351.6, 'ixy': -0.013671875, 'g_eff': 76923.07692307698})"
"('section_type', 'rectangular_hollow_section')","('section_params', {'d': 71.86743295364506, 'b': 186.2483469280223, 't': 17.591363243691923, 'r_out': 13.955240562463333, 'n_r': 4})","('valid', True)","('stiffness_props', {'area': 7648.643903412221, 'ixx': 986369846684.0374, 'iyy': 5316849423113.375, 'ixy': -0.009765625, 'g_eff': 76923.0769230768})"
"('section_type', 'rectangular_hollow_section')","('section_params', {'d': 130.7394046929179, 'b': 52.20683519650986, 't': 10.416063593206154, 'r_out': 8.748091082540626, 'n_r': 4})","('valid', True)","('stiffness_props', {'area': 3300.6527169531487, 'ixx': 1188951805367.4985, 'iyy': 244634071747.19342, 'ixy': -0.00341796875, 'g_eff': 76923.07692307698})"
"('section_type', 'rectangular_hollow_section')","('section_params', {'d': 212.0910284724104, 'b': 132.524424308795, 't': 15.263710213880369, 'r_out': 10.131111883229611, 'n_r': 4})","('valid', True)","('stiffness_props', {'area': 9485.657986991007, 'ixx': 10677252300527.465, 'iyy': 4932705088107.119, 'ixy': 0.04296875, 'g_eff': 76923.07692307673})"
"('section_type', 'rectangular_hollow_section')","('section_params', {'d': 233.09335406271373, 'b': 210.37446267717698, 't': 14.671227936353961, 'r_out': 15.19824262559721, 'n_r': 4})","('valid', True)","('stiffness_props', {'area': 11920.746292590744, 'ixx': 18295548286563.07, 'iyy': 15547814891610.855, 'ixy': -0.12109375, 'g_eff': 76923.07692307676})"
"('section_type', 'rectangular_hollow_section')","('section_params', {'d': 226.81588444026124, 'b': 27.829460255865087, 't': 5.361183751925886, 'r_out': 9.917652747195364, 'n_r': 4})","('valid', True)","('stiffness_props', {'area': 2537.8333777801663, 'ixx': 2340205410926.408, 'iyy': 60993287597.49263, 'ixy': -0.00146484375, 'g_eff': 76923.07692307713})"
"('section_type', 'rectangular_hollow_section')","('section_params', {'d': 150.69595871285495, 'b': 104.41667110295376, 't': 18.8528963678762, 'r_out': 15.603217600326799, 'n_r': 4})","('valid', True)","('stiffness_props', {'area': 7954.0367387929, 'ixx': 4101962174237.4785, 'iyy': 2185608583723.5303, 'ixy': -0.0361328125, 'g_eff': 76923.07692307695})"
"('section_type', 'rectangular_hollow_section')","('section_params', {'d': 265.20208504953007, 'b': 150.34391745881578, 't': 2.8554019348281043, 'r_out': 10.996116450076558, 'n_r': 4})","('valid', True)","('stiffness_props', {'area': 2285.8450941422257, 'ixx': 4425912909123.428, 'iyy': 1873826337519.9282, 'ixy': 0.0, 'g_eff': 76923.07692307736})"
"('section_type', 'rectangular_hollow_section')","('section_params', {'d': 242.66401241286087, 'b': 157.56173916735167, 't': 7.96524852937689, 'r_out': 11.997047336890121, 'n_r': 4})","('valid', True)","('stiffness_props', {'area': 5994.340678667905, 'ixx': 9647792529352.496, 'iyy': 4934061067476.09, 'ixy': -0.0234375, 'g_eff': 76923.07692307695})"
"('section_type', 'rectangular_hollow_section')","('section_params', {'d': 89.62279342579936, 'b': 232.61099341663706, 't': 8.221581437828544, 'r_out': 19.28703119054527, 'n_r': 4})","('valid', True)","('stiffness_props', {'area': 4778.619641819429, 'ixx': 1286260202960.916, 'iyy': 5824232007891.523, 'ixy': 0.005859375, 'g_eff': 76923.07692307708})"
"('section_type', 'rectangular_hollow_section')","('section_params', {'d': 277.39527466118636, 'b': 140.7043315268113, 't': 9.367673906604175, 'r_out': 18.350465490345087, 'n_r': 4})","('valid', True)","('stiffness_props', {'area': 7226.179245740116, 'ixx': 13923130729417.402, 'iyy': 4819058745493.442, 'ixy': -0.068359375, 'g_eff': 76923.07692307691})"
"('section_type', 'rectangular_hollow_section')","('section_params', {'d': 203.58425524206726, 'b': 127.52280182786312, 't': 3.9735642034128915, 'r_out': 10.623708656957092, 'n_r': 4})","('valid', True)","('stiffness_props', {'area': 2499.5546846515062, 'ixx': 2870659382817.001, 'iyy': 1407073403649.5947, 'ixy': 0.00048828125, 'g_eff': 76923.07692307737})"
"('section_type', 'rectangular_hollow_section')","('section_params', {'d': 203.94215474426662, 'b': 55.12795474050149, 't': 16.065715920195863, 'r_out': 17.61028827255739, 'n_r': 4})","('valid', True)","('stiffness_props', {'area': 6984.12810338787, 'ixx': 5260711930081.139, 'iyy': 500257082844.3938, 'ixy': -0.01513671875, 'g_eff': 76923.07692307697})"
"('section_type', 'rectangular_hollow_section')","('section_params', {'d': 212.99339218173546, 'b': 269.4829138890113, 't': 19.66106924131227, 'r_out': 19.590961718707845, 'n_r': 4})","('valid', True)","('stiffness_props', {'area': 17041.963765988196, 'ixx': 22509462091522.04, 'iyy': 32882444956702.92, 'ixy': -0.234375, 'g_eff': 76923.07692307743})"
"('section_type', 'rectangular_hollow_section')","('section_params', {'d': 53.10320631697647, 'b': 178.78301772004798, 't': 18.267543827076445, 'r_out': 19.947907089028398, 'n_r': 4})","('valid', True)","('stiffness_props', {'area': 6742.075514546063, 'ixx': 396605632595.1864, 'iyy': 3695660147536.5938, 'ixy': -0.009765625, 'g_eff': 76923.07692307697})"
"('section_type', 'rectangular_hollow_section')","('section_params', {'d': 28.126633238067793, 'b': 190.43555569239675, 't': 5.663622065197523, 'r_out': 8.243271151946914, 'n_r': 4})","('valid', True)","('stiffness_props', {'area': 2286.1038822257633, 'ixx': 54535712194.91206, 'iyy': 1521171263993.2012, 'ixy': -0.0009765625, 'g_eff': 76923.07692307672})"
"('section_type', 'rectangular_hollow_section')","('section_params', {'d': 291.76708212451797, 'b': 183.45684089118845, 't': 9.658663368533814, 'r_out': 12.300535308692254, 'n_r': 4})","('valid', True)","('stiffness_props', {'area': 8662.573000366569, 'ixx': 20026369187744.477, 'iyy': 9715578299618.918, 'ixy': -0.05078125, 'g_eff': 76923.07692307663})"
"('section_type', 'rectangular_hollow_section')","('section_params', {'d': 242.81560550444723, 'b': 140.72917725039218, 't': 7.326985877179601, 'r_out': 10.099301295190854, 'n_r': 4})","('valid', True)","('stiffness_props', {'area': 5311.405370969569, 'ixx': 8351885023580.459, 'iyy': 3570575252404.661, 'ixy': 0.0, 'g_eff': 76923.07692307667})"
"('section_type', 'rectangular_hollow_section')","('section_params', {'d': 163.64639086588312, 'b': 117.03496649971193, 't': 2.087203643776736, 'r_out': 10.760547930670588, 'n_r': 4})","('valid', True)","('stiffness_props', {'area': 1113.6901368158365, 'ixx': 865113131037.4146, 'iyy': 523343986381.91003, 'ixy': -0.00146484375, 'g_eff': 76923.07692307662})"
"('section_type', 'rectangular_hollow_section')","('section_params', {'d': 27.432912930160626, 'b': 210.72566341863327, 't': 6.171757478277363, 'r_out': 13.567196657812724, 'n_r': 4})","('valid', True)","('stiffness_props', {'area': 2657.9752832169074, 'ixx': 57241830398.96939, 'iyy': 2034887799872.079, 'ixy': 0.0, 'g_eff': 76923.07692307695})"
"('section_type', 'rectangular_hollow_section')","('section_params', {'d': 153.1206773825889, 'b': 212.15183491999147, 't': 10.160629885924571, 'r_out': 17.104999667358932, 'n_r': 4})","('valid', True)","('stiffness_props', {'area': 6765.487269342814, 'ixx': 4939156553786.697, 'iyy': 8221185263258.74, 'ixy': 0.0078125, 'g_eff': 76923.07692307683})"
"('section_type', 'rectangular_hollow_section')","('section_params', {'d': 240.39648704504933, 'b': 161.11192840307388, 't': 18.092808286260635, 'r_out': 13.82153771225547, 'n_r': 4})","('valid', True)","('stiffness_props', {'area': 13028.395820581622, 'ixx': 19051430360601.508, 'iyy': 9891919239984.105, 'ixy': -0.03125, 'g_eff': 76923.07692307679})"
"('section_type', 'rectangular_hollow_section')","('section_params', {'d': 59.40077031081361, 'b': 130.8736950045517, 't': 5.202790383391256, 'r_out': 15.524263565447285, 'n_r': 4})","('valid', True)","('stiffness_props', {'area': 1737.1702549998427, 'ixx': 198528515573.55347, 'iyy': 678929287345.5647, 'ixy': 0.0008544921875, 'g_eff': 76923.07692307698})"
"('section_type', 'rectangular_hollow_section')","('section_params', {'d': 248.99542685394266, 'b': 274.8297984113433, 't': 14.400106639170597, 'r_out': 16.734894644162537, 'n_r': 4})","('valid', True)","('stiffness_props', {'area': 13982.220459614557, 'ixx': 26132798096948.83, 'iyy': 30511625089011.35, 'ixy': 0.1484375, 'g_eff': 76923.07692307723})"
"('section_type', 'rectangular_hollow_section')","('section_params', {'d': 104.56332905383152, 'b': 61.932685697974364, 't': 11.910893411185015, 'r_out': 17.218490016278032, 'n_r': 4})","('valid', True)","('stiffness_props', {'area': 3130.449226062974, 'ixx': 716467851979.7334, 'iyy': 298010376265.7566, 'ixy': -0.000244140625, 'g_eff': 76923.07692307683})"
"('section_type', 'rectangular_hollow_section')","('section_params', {'d': 296.87205855266865, 'b': 224.46755398173553, 't': 18.77717389576137, 'r_out': 10.31395733592463, 'n_r': 4})","('valid', True)","('stiffness_props', {'area': 18061.86237264097, 'ixx': 43107379937149.09, 'iyy': 27481075276622.47, 'ixy': 0.140625, 'g_eff': 76923.0769230771})"
"('section_type', 'rectangular_hollow_section')","('section_params', {'d': 237.50958414866477, 'b': 62.98702137645701, 't': 11.647047257476794, 'r_out': 10.501695036487853, 'n_r': 4})","('valid', True)","('stiffness_props', {'area': 6346.895892614054, 'ixx': 7264207264767.617, 'iyy': 747351276017.908, 'ixy': 0.0205078125, 'g_eff': 76923.07692307663})"
"('section_type', 'rectangular_hollow_section')","('section_params', {'d': 40.23276065181123, 'b': 127.91163369389196, 't': 11.465909860510253, 'r_out': 16.823362795092166, 'n_r': 4})","('valid', True)","('stiffness_props', {'area': 3075.6653487293947, 'ixx': 114853853437.71051, 'iyy': 881273394959.2012, 'ixy': -0.003662109375, 'g_eff': 76923.07692307705})"
"('section_type', 'rectangular_hollow_section')","('section_params', {'d': 137.07601092524294, 'b': 299.7529392990234, 't': 4.962500790855269, 'r_out': 9.855705499557896, 'n_r': 4})","('valid', True)","('stiffness_props', {'area': 4163.8308869428665, 'ixx': 2871178787673.6084, 'iyy': 9615445803646.55, 'ixy': 0.0224609375, 'g_eff': 76923.07692307721})"
"('section_type', 'rectangular_hollow_section')","('section_params', {'d': 229.1896850678762, 'b': 130.62972565441837, 't': 4.823145485646703, 'r_out': 17.249310639351066, 'n_r': 4})","('valid', True)","('stiffness_props', {'area': 3234.742666337914, 'ixx': 4499579904017.536, 'iyy': 1914306776704.2686, 'ixy': -0.01171875, 'g_eff': 76923.07692307705})"
"('section_type', 'rectangular_hollow_section')","('section_params', {'d': 237.54080933505927, 'b': 266.70564114229285, 't': 19.522392888159324, 'r_out': 10.425793092116304, 'n_r': 4})","('valid', True)","('stiffness_props', {'area': 18055.00217943874, 'ixx': 29610434579759.914, 'iyy': 35699428779769.01, 'ixy': 0.3359375, 'g_eff': 76923.07692307753})"
"('section_type', 'rectangular_hollow_section')","('section_params', {'d': 93.03386630461927, 'b': 269.1327236340716, 't': 12.375352087237369, 'r_out': 14.21394894566334, 'n_r': 4})","('valid', True)","('stiffness_props', {'area': 8152.624866096197, 'ixx': 2240681058306.0684, 'iyy': 12931768482667.574, 'ixy': -0.046875, 'g_eff': 76923.07692307705})"
"('section_type', 'rectangular_hollow_section')","('section_params', {'d': 264.8370316424057, 'b': 74.36162855015907, 't': 9.48684763628293, 'r_out': 16.14306287726496, 'n_r': 4})","('valid', True)","('stiffness_props', {'area': 5859.5576253351455, 'ixx': 8571249482348.0, 'iyy': 1066534986766.6394, 'ixy': 0.0068359375, 'g_eff': 76923.07692307704})"
"('section_type', 'rectangular_hollow_section')","('section_params', {'d': 239.92217062233345, 'b': 102.25647551614045, 't': 11.06238866495351, 'r_out': 11.600623237432265, 'n_r': 4})","('valid', True)","('stiffness_props', {'area': 6946.8358179229745, 'ixx': 9370399985826.27, 'iyy': 2344959779510.42, 'ixy': 0.021484375, 'g_eff': 76923.07692307694})"
"('section_type', 'rectangular_hollow_section')","('section_params', {'d': 244.07048292693688, 'b': 55.908001225233456, 't': 15.908283305274228, 'r_out': 8.132982023603095, 'n_r': 4})","('valid', True)","('stiffness_props', {'area': 8465.846115279039, 'ixx': 9517557738597.586, 'iyy': 652437146261.4175, 'ixy': -0.015625, 'g_eff': 76923.07692307692})"
"('section_type', 'rectangular_hollow_section')","('section_params', {'d': 285.0108950197237, 'b': 286.2969703710146, 't': 18.158429095721257, 'r_out': 16.36289352610492, 'n_r': 4})","('valid', True)","('stiffness_props', {'area': 19161.448257607473, 'ixx': 45359277977424.8, 'iyy': 45684430400946.64, 'ixy': 0.015625, 'g_eff': 76923.07692307676})"
"('section_type', 'rectangular_hollow_section')","('section_params', {'d': 258.44434017793594, 'b': 80.16829004990142, 't': 14.503930472949484, 'r_out': 14.943942765326513, 'n_r': 4})","('valid', True)","('stiffness_props', {'area': 8757.844280961468, 'ixx': 12062267742154.832, 'iyy': 1647559826020.8828, 'ixy': 0.0390625, 'g_eff': 76923.07692307669})"
"('section_type', 'rectangular_hollow_section')","('section_params', {'d': 177.29055797343028, 'b': 266.38362449017, 't': 18.924952614528806, 'r_out': 17.85548212389699, 'n_r': 4})","('valid', True)","('stiffness_props', {'area': 15041.592191101638, 'ixx': 13959997245496.629, 'iyy': 27056158501740.0, 'ixy': -0.1796875, 'g_eff': 76923.07692307675})"
"('section_type', 'rectangular_hollow_section')","('section_params', {'d': 130.60550340804133, 'b': 226.03434847558944, 't': 17.01608186483214, 'r_out': 9.98248545100214, 'n_r': 4})","('valid', True)","('stiffness_props', {'area': 10879.387647924703, 'ixx': 5431739298703.348, 'iyy': 13501721504537.41, 'ixy': 0.052734375, 'g_eff': 76923.07692307686})"
"('section_type', 'rectangular_hollow_section')","('section_params', {'d': 106.28308597198661, 'b': 294.77657726958057, 't': 13.399784454886666, 'r_out': 12.892336640883144, 'n_r': 4})","('valid', True)","('stiffness_props', {'area': 9863.796844161556, 'ixx': 3572324968140.999, 'iyy': 19187666646653.203, 'ixy': -0.013671875, 'g_eff': 76923.07692307705})"
"('section_type', 'rectangular_hollow_section')","('section_params', {'d': 257.500165775518, 'b': 65.48504458988108, 't': 2.6938537607741413, 'r_out': 19.061951020603992, 'n_r': 4})","('valid', True)","('stiffness_props', {'area': 1615.6790860920548, 'ixx': 2262922700682.0635, 'iyy': 271635224396.71008, 'ixy': 0.005859375, 'g_eff': 76923.07692307679})"
"('section_type', 'rectangular_hollow_section')","('section_params', {'d': 238.93405747463507, 'b': 284.78022819048584, 't': 2.03341600841052, 'r_out': 9.601486469735743, 'n_r': 4})","('valid', True)","('stiffness_props', {'area': 2078.4060500356954, 'ixx': 4028193652219.8037, 'iyy': 5241667506673.071, 'ixy': 0.0517578125, 'g_eff': 76923.07692307679})"
"('section_type', 'rectangular_hollow_section')","('section_params', {'d': 172.27541256250316, 'b': 59.27524079255513, 't': 7.900031880027021, 'r_out': 15.960018430134397, 'n_r': 4})","('valid', True)","('stiffness_props', {'area': 3219.1142667680097, 'ixx': 2005562547980.7637, 'iyy': 354456654045.0604, 'ixy': -0.0029296875, 'g_eff': 76923.07692307704})"
"('section_type', 'rectangular_hollow_section')","('section_params', {'d': 117.75267980699317, 'b': 150.53106590170714, 't': 6.424397983137889, 'r_out': 15.60510598202878, 'n_r': 4})","('valid', True)","('stiffness_props', {'area': 3122.79761854693, 'ixx': 1341470019648.4438, 'iyy': 1956545930820.4517, 'ixy': 0.0048828125, 'g_eff': 76923.07692307702})"
"('section_type', 'rectangular_hollow_section')","('section_params', {'d': 206.9398716147413, 'b': 28.25052449684163, 't': 6.678988389965987, 'r_out': 15.894175000528353, 'n_r': 4})","('valid', False)","('stiffness_props', {'area': None, 'ixx': None, 'iyy': None, 'ixy': None, 'g_eff': None})"
"('section_type', 'rectangular_hollow_section')","('section_params', {'d': 127.88689117576105, 'b': 149.62501187832416, 't': 9.27483623882458, 'r_out': 18.972342559755617, 'n_r': 4})","('valid', True)","('stiffness_props', {'area': 4537.756407914177, 'ixx': 2157562460191.0493, 'iyy': 2755448450296.917, 'ixy': -0.0048828125, 'g_eff': 76923.07692307714})"
"('section_type', 'rectangular_hollow_section')","('section_params', {'d': 131.5163995053278, 'b': 129.57137348413195, 't': 6.635223160122458, 'r_out': 19.623811232207817, 'n_r': 4})","('valid', True)","('stiffness_props', {'area': 3072.2559836194364, 'ixx': 1525965377892.8804, 'iyy': 1491719709520.0283, 'ixy': -0.0087890625, 'g_eff': 76923.0769230769})"
"('section_type', 'rectangular_hollow_section')","('section_params', {'d': 63.85871234062791, 'b': 149.9202572377788, 't': 10.448161513312339, 'r_out': 15.922420507956108, 'n_r': 4})","('valid', True)","('stiffness_props', {'area': 3806.982125284484, 'ixx': 442140014335.26575, 'iyy': 1815562165431.2666, 'ixy': 0.004638671875, 'g_eff': 76923.07692307711})"
"('section_type', 'rectangular_hollow_section')","('section_params', {'d': 165.51986568005537, 'b': 206.93356375368987, 't': 16.796740832790995, 'r_out': 16.206905744394994, 'n_r': 4})","('valid', True)","('stiffness_props', {'area': 11120.821648742165, 'ixx': 8679392204732.223, 'iyy': 12472357952255.39, 'ixy': 0.1171875, 'g_eff': 76923.07692307692})"
"('section_type', 'rectangular_hollow_section')","('section_params', {'d': 190.57002559500148, 'b': 205.5489343437937, 't': 4.179540461037754, 'r_out': 16.62906981897769, 'n_r': 4})","('valid', True)","('stiffness_props', {'area': 3119.781025224768, 'ixx': 3607618017351.217, 'iyy': 4042068038343.6143, 'ixy': 0.0400390625, 'g_eff': 76923.0769230769})"
"('section_type', 'rectangular_hollow_section')","('section_params', {'d': 282.7057466590344, 'b': 181.58704522983857, 't': 13.48677438980968, 'r_out': 8.67902735822565, 'n_r': 4})","('valid', True)","('stiffness_props', {'area': 11720.726420388904, 'ixx': 24991686632163.61, 'iyy': 12340277198191.059, 'ixy': 0.03125, 'g_eff': 76923.07692307724})"
"('section_type', 'rectangular_hollow_section')","('section_params', {'d': 140.8404130621537, 'b': 135.8378481196399, 't': 15.216955029245648, 'r_out': 9.408737643696353, 'n_r': 4})","('valid', True)","('stiffness_props', {'area': 7405.654090450396, 'ixx': 3878400227129.9863, 'iyy': 3652386614283.616, 'ixy': 0.0234375, 'g_eff': 76923.07692307691})"
"('section_type', 'rectangular_hollow_section')","('section_params', {'d': 222.41741784990043, 'b': 22.292630416744604, 't': 13.448178182050926, 'r_out': 15.152886599346651, 'n_r': 4})","('valid', False)","('stiffness_props', {'area': None, 'ixx': None, 'iyy': None, 'ixy': None, 'g_eff': None})"
"('section_type', 'rectangular_hollow_section')","('section_params', {'d': 77.69160065431802, 'b': 293.1462171420292, 't': 9.935825180969971, 'r_out': 16.62802278090885, 'n_r': 4})","('valid', True)","('stiffness_props', {'area': 6742.571335240863, 'ixx': 1349823363313.707, 'iyy': 11992447903196.71, 'ixy': 0.0234375, 'g_eff': 76923.07692307694})"
"('section_type', 'rectangular_hollow_section')","('section_params', {'d': 61.11806295644326, 'b': 216.783729871178, 't': 11.764479973443763, 'r_out': 13.53066775100628, 'n_r': 4})","('valid', True)","('stiffness_props', {'area': 5805.168645904508, 'ixx': 626503584358.9922, 'iyy': 5457025564370.164, 'ixy': -0.01025390625, 'g_eff': 76923.07692307688})"
"('section_type', 'rectangular_hollow_section')","('section_params', {'d': 176.7550452537892, 'b': 60.8097970281398, 't': 8.737387137487026, 'r_out': 16.579389570564782, 'n_r': 4})","('valid', True)","('stiffness_props', {'area': 3632.645102213059, 'ixx': 2360858427950.159, 'iyy': 412346634864.0376, 'ixy': -0.000732421875, 'g_eff': 76923.07692307692})"
"('section_type', 'rectangular_hollow_section')","('section_params', {'d': 21.121992525836273, 'b': 299.1258856670424, 't': 7.736338893810774, 'r_out': 12.553927079294885, 'n_r': 4})","('valid', False)","('stiffness_props', {'area': None, 'ixx': None, 'iyy': None, 'ixy': None, 'g_eff': None})"
"('section_type', 'rectangular_hollow_section')","('section_params', {'d': 194.70572776661976, 'b': 214.4669359894511, 't': 9.94909827466239, 'r_out': 9.930684240582059, 'n_r': 4})","('valid', True)","('stiffness_props', {'area': 7647.241370627268, 'ixx': 8884283674175.525, 'iyy': 10335007990497.854, 'ixy': -0.009765625, 'g_eff': 76923.07692307723})"
"('section_type', 'rectangular_hollow_section')","('section_params', {'d': 207.27915744337577, 'b': 59.69961415188398, 't': 10.516191833704259, 'r_out': 15.280912687104689, 'n_r': 4})","('valid', True)","('stiffness_props', {'area': 4962.035064771675, 'ixx': 4269324171696.707, 'iyy': 524739006809.71423, 'ixy': 0.00439453125, 'g_eff': 76923.07692307702})"
"('section_type', 'rectangular_hollow_section')","('section_params', {'d': 52.6029894660474, 'b': 133.95735308525695, 't': 17.642119269660043, 'r_out': 14.86355200167315, 'n_r': 4})","('valid', True)","('stiffness_props', {'area': 5116.73696115139, 'ixx': 293270321424.6677, 'iyy': 1652373618922.8682, 'ixy': 0.00390625, 'g_eff': 76923.07692307694})"
"('section_type', 'rectangular_hollow_section')","('section_params', {'d': 35.9002900899455, 'b': 115.40247427483774, 't': 5.865515397650267, 'r_out': 17.435099876863337, 'n_r': 4})","('valid', True)","('stiffness_props', {'area': 1467.1928819625716, 'ixx': 54815999790.64583, 'iyy': 360713767951.6267, 'ixy': 6.103515625e-05, 'g_eff': 76923.07692307702})"
"('section_type', 'rectangular_hollow_section')","('section_params', {'d': 77.24463290499881, 'b': 85.87574198802142, 't': 7.078530041712982, 'r_out': 11.055988663084985, 'n_r': 4})","('valid', True)","('stiffness_props', {'area': 2002.4678897521853, 'ixx': 330807870463.49365, 'iyy': 391580165769.1196, 'ixy': -0.0001220703125, 'g_eff': 76923.07692307708})"
"('section_type', 'rectangular_hollow_section')","('section_params', {'d': 65.86088995710756, 'b': 220.1569340181782, 't': 14.102771983088044, 'r_out': 11.406779929670723, 'n_r': 4})","('valid', True)","('stiffness_props', {'area': 7141.620970453086, 'ixx': 853630895024.6672, 'iyy': 6974775629324.861, 'ixy': -0.01171875, 'g_eff': 76923.07692307702})"
"('section_type', 'rectangular_hollow_section')","('section_params', {'d': 231.34636101598065, 'b': 60.14200121397922, 't': 5.617390510878133, 'r_out': 12.606585051368619, 'n_r': 4})","('valid', True)","('stiffness_props', {'area': 3038.5104691045185, 'ixx': 3430123271180.342, 'iyy': 391308618996.4898, 'ixy': 0.009033203125, 'g_eff': 76923.0769230769})"
"('section_type', 'rectangular_hollow_section')","('section_params', {'d': 23.64294005129334, 'b': 185.8258822064751, 't': 4.8946820035215675, 'r_out': 18.163848607452085, 'n_r': 4})","('valid', False)","('stiffness_props', {'area': None, 'ixx': None, 'iyy': None, 'ixy': None, 'g_eff': None})"
"('section_type', 'rectangular_hollow_section')","('section_params', {'d': 136.60283069976398, 'b': 107.67089070676427, 't': 16.76351368993646, 'r_out': 17.946579096417903, 'n_r': 4})","('valid', True)","('stiffness_props', {'area': 6745.030123341263, 'ixx': 2957604589361.039, 'iyy': 1983532741070.336, 'ixy': 0.0185546875, 'g_eff': 76923.07692307686})"
"('section_type', 'rectangular_hollow_section')","('section_params', {'d': 64.98598043536794, 'b': 164.92907137632767, 't': 6.2760891377753705, 'r_out': 19.432617868167334, 'n_r': 4})","('valid', True)","('stiffness_props', {'area': 2523.8451501349964, 'ixx': 347442867898.27893, 'iyy': 1494422024040.5479, 'ixy': 0.00146484375, 'g_eff': 76923.07692307675})"
"('section_type', 'rectangular_hollow_section')","('section_params', {'d': 93.26380960392049, 'b': 263.0207536787509, 't': 16.53125691698556, 'r_out': 11.993042367678619, 'n_r': 4})","('valid', True)","('stiffness_props', {'area': 10542.700416109217, 'ixx': 2664788682475.9463, 'iyy': 15606441744377.906, 'ixy': -0.05078125, 'g_eff': 76923.07692307701})"
"('section_type', 'rectangular_hollow_section')","('section_params', {'d': 146.4045159601368, 'b': 48.32827128344749, 't': 12.62919448483613, 'r_out': 14.540319786015122, 'n_r': 4})","('valid', True)","('stiffness_props', {'area': 4072.881772440792, 'ixx': 1641080804190.2056, 'iyy': 232349097690.47736, 'ixy': -0.0068359375, 'g_eff': 76923.07692307678})"
"('section_type', 'rectangular_hollow_section')","('section_params', {'d': 24.969460332959716, 'b': 108.18827943223799, 't': 2.2661547306692573, 'r_out': 9.967464940865389, 'n_r': 4})","('valid', True)","('stiffness_props', {'area': 542.9300763412498, 'ixx': 12083325762.675493, 'iyy': 124129347010.38483, 'ixy': 6.103515625e-05, 'g_eff': 76923.07692307697})"
"('section_type', 'rectangular_hollow_section')","('section_params', {'d': 280.2732478122494, 'b': 185.85488935423825, 't': 18.905772728795665, 'r_out': 13.94350365211178, 'n_r': 4})","('valid', True)","('stiffness_props', {'area': 16000.890983544883, 'ixx': 32300474185727.4, 'iyy': 16564660238109.203, 'ixy': 0.046875, 'g_eff': 76923.07692307707})"
"('section_type', 'rectangular_hollow_section')","('section_params', {'d': 127.56026906260696, 'b': 112.77697193189854, 't': 17.945894958891422, 'r_out': 17.709419514906994, 'n_r': 4})","('valid', True)","('stiffness_props', {'area': 7024.289640137061, 'ixx': 2691632176968.8857, 'iyy': 2184161505551.7559, 'ixy': 0.0078125, 'g_eff': 76923.07692307683})"
"('section_type', 'rectangular_hollow_section')","('section_params', {'d': 88.70865639821014, 'b': 260.54563806256107, 't': 7.9696563608742235, 'r_out': 10.14943327106003, 'n_r': 4})","('valid', True)","('stiffness_props', {'area': 5214.552160436486, 'ixx': 1425358085189.3662, 'iyy': 8077112608830.801, 'ixy': 0.001953125, 'g_eff': 76923.07692307697})"
"('section_type', 'rectangular_hollow_section')","('section_params', {'d': 67.74795401396051, 'b': 76.73952624606676, 't': 2.581117723306079, 'r_out': 9.672108874783822, 'n_r': 4})","('valid', True)","('stiffness_props', {'area': 675.9621828084374, 'ixx': 95403151063.51743, 'iyy': 115104222470.36511, 'ixy': -0.00054931640625, 'g_eff': 76923.0769230767})"
"('section_type', 'rectangular_hollow_section')","('section_params', {'d': 261.08663074266076, 'b': 276.70211070595985, 't': 3.1519057937660335, 'r_out': 14.442493803905197, 'n_r': 4})","('valid', True)","('stiffness_props', {'area': 3269.2726097958302, 'ixx': 7263055046143.094, 'iyy': 7923928149774.072, 'ixy': 0.052734375, 'g_eff': 76923.07692307653})"
"('section_type', 'rectangular_hollow_section')","('section_params', {'d': 285.6396100521312, 'b': 282.0642738634981, 't': 8.785163478402199, 'r_out': 12.14313486445994, 'n_r': 4})","('valid', True)","('stiffness_props', {'area': 9529.84671316926, 'ixx': 24103856387135.867, 'iyy': 23641981209366.92, 'ixy': 0.0078125, 'g_eff': 76923.07692307663})"
"('section_type', 'rectangular_hollow_section')","('section_params', {'d': 42.38632866125265, 'b': 74.74445808313044, 't': 10.066221576484928, 'r_out': 10.319119515044214, 'n_r': 4})","('valid', True)","('stiffness_props', {'area': 1846.3933680879124, 'ixx': 77304879602.76193, 'iyy': 208616454637.37256, 'ixy': -0.00030517578125, 'g_eff': 76923.07692307692})"
"('section_type', 'rectangular_hollow_section')","('section_params', {'d': 264.4996499924679, 'b': 286.10858246862847, 't': 7.3075510636438095, 'r_out': 15.503215663364678, 'n_r': 4})","('valid', True)","('stiffness_props', {'area': 7660.413561679478, 'ixx': 17043568009767.867, 'iyy': 19209367393124.71, 'ixy': 0.0546875, 'g_eff': 76923.07692307704})"
"('section_type', 'rectangular_hollow_section')","('section_params', {'d': 167.13579885704917, 'b': 28.058770564829466, 't': 15.074929916209399, 'r_out': 8.47103387156198, 'n_r': 4})","('valid', True)","('stiffness_props', {'area': 4331.416791541189, 'ixx': 1998398475013.7021, 'iyy': 59414048988.200836, 'ixy': -0.0013427734375, 'g_eff': 76923.07692307695})"
"('section_type', 'rectangular_hollow_section')","('section_params', {'d': 217.62741297667736, 'b': 153.2547734299954, 't': 2.1371546286787417, 'r_out': 10.57932340321986, 'n_r': 4})","('valid', True)","('stiffness_props', {'area': 1526.3435730672356, 'ixx': 2116138576793.9204, 'iyy': 1249748587233.0881, 'ixy': 0.009765625, 'g_eff': 76923.0769230772})"
"('section_type', 'rectangular_hollow_section')","('section_params', {'d': 258.06071355185264, 'b': 123.60205898109943, 't': 8.896196600532626, 'r_out': 10.429520164467014, 'n_r': 4})","('valid', True)","('stiffness_props', {'area': 6367.701053584401, 'ixx': 10601190360140.27, 'iyy': 3302773313699.673, 'ixy': 0.060546875, 'g_eff': 76923.076923077})"
"('section_type', 'rectangular_hollow_section')","('section_params', {'d': 184.49135700994435, 'b': 155.3696348368706, 't': 3.9922920174071517, 'r_out': 9.534438909001883, 'n_r': 4})","('valid', True)","('stiffness_props', {'area': 2589.704934205841, 'ixx': 2652309767358.9365, 'iyy': 2043071488207.6396, 'ixy': -0.0107421875, 'g_eff': 76923.07692307717})"
"('section_type', 'rectangular_hollow_section')","('section_params', {'d': 229.80041872098022, 'b': 104.56160620855562, 't': 13.92496600597735, 'r_out': 18.44540755780455, 'n_r': 4})","('valid', True)","('stiffness_props', {'area': 8216.542280446562, 'ixx': 9828168072717.266, 'iyy': 2708270013212.6406, 'ixy': 0.03125, 'g_eff': 76923.0769230769})"
"('section_type', 'rectangular_hollow_section')","('section_params', {'d': 298.6663019887497, 'b': 194.33830645671827, 't': 3.8798377116544938, 'r_out': 18.873391304440553, 'n_r': 4})","('valid', True)","('stiffness_props', {'area': 3633.9449310661857, 'ixx': 9147497111658.617, 'iyy': 4794091387719.141, 'ixy': -0.017578125, 'g_eff': 76923.07692307694})"
"('section_type', 'rectangular_hollow_section')","('section_params', {'d': 279.31267554207346, 'b': 23.268029045813094, 't': 11.740387250047084, 'r_out': 12.66222036461105, 'n_r': 4})","('valid', False)","('stiffness_props', {'area': None, 'ixx': None, 'iyy': None, 'ixy': None, 'g_eff': None})"
"('section_type', 'rectangular_hollow_section')","('section_params', {'d': 102.94104884132949, 'b': 133.32783004300924, 't': 18.66735541014217, 'r_out': 12.181727571440664, 'n_r': 4})","('valid', True)","('stiffness_props', {'area': 7278.7551503204395, 'ixx': 1902229976972.0679, 'iyy': 2978511794597.9717, 'ixy': -0.00390625, 'g_eff': 76923.07692307711})"
"('section_type', 'rectangular_hollow_section')","('section_params', {'d': 128.5147034307109, 'b': 34.12183467592699, 't': 4.580011575745927, 'r_out': 12.794166373543408, 'n_r': 4})","('valid', True)","('stiffness_props', {'area': 1309.6300760477202, 'ixx': 422048826844.02185, 'iyy': 49072940925.058136, 'ixy': 0.00030517578125, 'g_eff': 76923.07692307701})"
"('section_type', 'rectangular_hollow_section')","('section_params', {'d': 183.13344636149225, 'b': 160.71367493112746, 't': 7.098344293338993, 'r_out': 8.305059697596711, 'n_r': 4})","('valid', True)","('stiffness_props', {'area': 4612.426681076135, 'ixx': 4569289018398.224, 'iyy': 3730833647817.4766, 'ixy': -0.0126953125, 'g_eff': 76923.07692307694})"
"('section_type', 'rectangular_hollow_section')","('section_params', {'d': 31.2835332655508, 'b': 32.37693282122859, 't': 16.915425980365043, 'r_out': 9.815628748940991, 'n_r': 4})","('valid', True)","('stiffness_props', {'area': 912.8146918070597, 'ixx': 13055070911.94844, 'iyy': 13945518627.14132, 'ixy': -6.103515625e-05, 'g_eff': 76923.07692307692})"
"('section_type', 'rectangular_hollow_section')","('section_params', {'d': 99.04409644286193, 'b': 57.26674466432636, 't': 19.269312472005552, 'r_out': 11.2136669542014, 'n_r': 4})","('valid', True)","('stiffness_props', {'area': 4413.032940977933, 'ixx': 803003568029.9797, 'iyy': 286382588353.115, 'ixy': 0.004150390625, 'g_eff': 76923.07692307711})"
"('section_type', 'rectangular_hollow_section')","('section_params', {'d': 73.99970759838666, 'b': 226.90959051866358, 't': 15.329928086601589, 'r_out': 8.180811883200159, 'n_r': 4})","('valid', True)","('stiffness_props', {'area': 8218.88333781867, 'ixx': 1249759263239.8247, 'iyy': 8783158467639.34, 'ixy': -0.009765625, 'g_eff': 76923.07692307702})"
"('section_type', 'rectangular_hollow_section')","('section_params', {'d': 77.91988933788727, 'b': 289.5547906238267, 't': 17.706148178857887, 'r_out': 16.470805610588915, 'n_r': 4})","('valid', True)","('stiffness_props', {'area': 11487.804099972525, 'ixx': 1890858784736.0298, 'iyy': 18822694339647.227, 'ixy': -0.009765625, 'g_eff': 76923.07692307701})"
"('section_type', 'rectangular_hollow_section')","('section_params', {'d': 135.93761251739988, 'b': 232.5846550401194, 't': 4.153056895583546, 'r_out': 9.773123721379308, 'n_r': 4})","('valid', True)","('stiffness_props', {'area': 2928.067566453033, 'ixx': 1908326769983.1934, 'iyy': 4337557193438.254, 'ixy': -0.001953125, 'g_eff': 76923.0769230777})"
"('section_type', 'rectangular_hollow_section')","('section_params', {'d': 225.8851962385809, 'b': 123.70755016887782, 't': 7.473280310616694, 'r_out': 19.437148284237225, 'n_r': 4})","('valid', True)","('stiffness_props', {'area': 4767.140905985287, 'ixx': 6165361521885.455, 'iyy': 2432576607903.525, 'ixy': 0.015625, 'g_eff': 76923.07692307708})"
"('section_type', 'rectangular_hollow_section')","('section_params', {'d': 44.55247577587898, 'b': 293.5406750253871, 't': 19.093151491721216, 'r_out': 14.534673995193334, 'n_r': 4})","('valid', True)","('stiffness_props', {'area': 11241.077009433904, 'ixx': 416321743740.59106, 'iyy': 16147508289472.906, 'ixy': 0.0283203125, 'g_eff': 76923.07692307692})"
"('section_type', 'rectangular_hollow_section')","('section_params', {'d': 230.4425046812882, 'b': 44.760681168730684, 't': 11.405981391366534, 'r_out': 17.18677460816135, 'n_r': 4})","('valid', True)","('stiffness_props', {'area': 5495.571536083194, 'ixx': 5195870702096.023, 'iyy': 288130934338.83276, 'ixy': -0.00146484375, 'g_eff': 76923.07692307678})"
"('section_type', 'rectangular_hollow_section')","('section_params', {'d': 121.45358136129222, 'b': 41.219367243945015, 't': 14.474993636425317, 'r_out': 13.256592236560502, 'n_r': 4})","('valid', True)","('stiffness_props', {'area': 3695.5407909339774, 'ixx': 952465244472.6841, 'iyy': 128025061010.97058, 'ixy': 0.005859375, 'g_eff': 76923.07692307708})"
"('section_type', 'rectangular_hollow_section')","('section_params', {'d': 203.88206279008918, 'b': 219.0081041237961, 't': 18.456515765856985, 'r_out': 10.087864699793165, 'n_r': 4})","('valid', True)","('stiffness_props', {'area': 14145.8211546814, 'ixx': 16606040089717.414, 'iyy': 18659069715138.13, 'ixy': -0.01953125, 'g_eff': 76923.07692307665})"
"('section_type', 'rectangular_hollow_section')","('section_params', {'d': 274.24575609586867, 'b': 219.63189666096005, 't': 18.361488533890874, 'r_out': 8.996706386827906, 'n_r': 4})","('valid', True)","('stiffness_props', {'area': 16707.13994594741, 'ixx': 34357482982394.04, 'iyy': 24013319643654.25, 'ixy': 0.0546875, 'g_eff': 76923.07692307679})"
"('section_type', 'rectangular_hollow_section')","('section_params', {'d': 127.09383184578653, 'b': 210.7504898897979, 't': 18.880778885101314, 'r_out': 14.058993466636881, 'n_r': 4})","('valid', True)","('stiffness_props', {'area': 11133.937330025923, 'ixx': 5012322864291.131, 'iyy': 11709341071157.09, 'ixy': 0.001953125, 'g_eff': 76923.07692307685})"
"('section_type', 'rectangular_hollow_section')","('section_params', {'d': 182.9234857459455, 'b': 246.7081765895095, 't': 4.179189365695017, 'r_out': 13.095447055934075, 'n_r': 4})","('valid', True)","('stiffness_props', {'area': 3429.170571383413, 'ixx': 3883509332033.05, 'iyy': 6105653782208.469, 'ixy': -0.017578125, 'g_eff': 76923.07692307723})"
"('section_type', 'rectangular_hollow_section')","('section_params', {'d': 277.1059477731312, 'b': 284.0274067255404, 't': 13.056433783724334, 'r_out': 8.910928596812932, 'n_r': 4})","('valid', True)","('stiffness_props', {'area': 13891.514472649118, 'ixx': 32462886504343.89, 'iyy': 33742061117012.227, 'ixy': 0.2578125, 'g_eff': 76923.07692307669})"
"('section_type', 'rectangular_hollow_section')","('section_params', {'d': 167.63470517005473, 'b': 224.41777318989912, 't': 10.533810359143912, 'r_out': 16.11045585258, 'n_r': 4})","('valid', True)","('stiffness_props', {'area': 7587.320460204244, 'ixx': 6649030970170.775, 'iyy': 10490522001062.406, 'ixy': -0.01953125, 'g_eff': 76923.07692307682})"
"('section_type', 'rectangular_hollow_section')","('section_params', {'d': 93.29416974337593, 'b': 208.11807932684732, 't': 11.816987600285254, 'r_out': 18.44149587804026, 'n_r': 4})","('valid', True)","('stiffness_props', {'area': 6268.800175594842, 'ixx': 1665056377286.8818, 'iyy': 6123428233526.803, 'ixy': -0.0078125, 'g_eff': 76923.07692307682})"
"('section_type', 'rectangular_hollow_section')","('section_params', {'d': 255.30111179976802, 'b': 254.6396144946373, 't': 10.923504676624066, 'r_out': 16.7884624695495, 'n_r': 4})","('valid', True)","('stiffness_props', {'area': 10415.933257096365, 'ixx': 20485669947636.195, 'iyy': 20403616692910.957, 'ixy': 0.09765625, 'g_eff': 76923.07692307704})"
"('section_type', 'rectangular_hollow_section')","('section_params', {'d': 137.30849685102547, 'b': 225.1892622488922, 't': 7.602219851656447, 'r_out': 10.953275594418484, 'n_r': 4})","('valid', True)","('stiffness_props', {'area': 5171.655662472575, 'ixx': 3248298722725.9443, 'iyy': 7024639462233.77, 'ixy': 0.041015625, 'g_eff': 76923.07692307697})"
"('section_type', 'rectangular_hollow_section')","('section_params', {'d': 163.45266082288484, 'b': 258.42239019017927, 't': 10.763005398633213, 'r_out': 11.092850028614397, 'n_r': 4})","('valid', True)","('stiffness_props', {'area': 8494.975238082956, 'ixx': 7367301577589.064, 'iyy': 15173115827111.36, 'ixy': 0.01171875, 'g_eff': 76923.07692307686})"
"('section_type', 'rectangular_hollow_section')","('section_params', {'d': 123.38615118088292, 'b': 228.3182231952409, 't': 5.101493368730861, 'r_out': 17.490606932985628, 'n_r': 4})","('valid', True)","('stiffness_props', {'area': 3331.902932925921, 'ixx': 1762913369964.6113, 'iyy': 4507041922719.941, 'ixy': 0.0126953125, 'g_eff': 76923.0769230766})"
"('section_type', 'rectangular_hollow_section')","('section_params', {'d': 175.5065863876178, 'b': 272.2184470358831, 't': 10.847509741895609, 'r_out': 18.13129283850389, 'n_r': 4})","('valid', True)","('stiffness_props', {'area': 8967.039169304964, 'ixx': 8935796626428.525, 'iyy': 17719301550360.254, 'ixy': 0.046875, 'g_eff': 76923.07692307718})"
"('section_type', 'rectangular_hollow_section')","('section_params', {'d': 215.0647389375213, 'b': 118.01511784745792, 't': 9.326088625080274, 'r_out': 9.616289722310876, 'n_r': 4})","('valid', True)","('stiffness_props', {'area': 5772.371999693373, 'ixx': 6812911404789.949, 'iyy': 2620778364230.0825, 'ixy': -0.013671875, 'g_eff': 76923.0769230768})"
"('section_type', 'rectangular_hollow_section')","('section_params', {'d': 186.21616582670114, 'b': 149.02205547261622, 't': 9.384356692679436, 'r_out': 8.337838810774485, 'n_r': 4})","('valid', True)","('stiffness_props', {'area': 5870.205933207954, 'ixx': 5730352383322.934, 'iyy': 4030757022237.9043, 'ixy': -0.01171875, 'g_eff': 76923.07692307657})"
"('section_type', 'rectangular_hollow_section')","('section_params', {'d': 263.7696270783781, 'b': 128.01015357411626, 't': 7.602251636602601, 'r_out': 9.467294229580013, 'n_r': 4})","('valid', True)","('stiffness_props', {'area': 5639.488761365671, 'ixx': 9989299036509.273, 'iyy': 3208710007966.879, 'ixy': -0.0234375, 'g_eff': 76923.07692307683})"
"('section_type', 'rectangular_hollow_section')","('section_params', {'d': 123.58142900928321, 'b': 170.9111753559815, 't': 18.873482451078036, 'r_out': 18.538095400966323, 'n_r': 4})","('valid', True)","('stiffness_props', {'area': 9347.70766050032, 'ixx': 3746234452504.001, 'iyy': 6453477129693.318, 'ixy': -0.046875, 'g_eff': 76923.07692307704})"
"('section_type', 'rectangular_hollow_section')","('section_params', {'d': 232.09644436407817, 'b': 84.51260946180436, 't': 11.781639647654341, 'r_out': 14.401276349804316, 'n_r': 4})","('valid', True)","('stiffness_props', {'area': 6704.585167521591, 'ixx': 7887951851635.832, 'iyy': 1486626013937.708, 'ixy': -0.0029296875, 'g_eff': 76923.076923077})"
"('section_type', 'rectangular_hollow_section')","('section_params', {'d': 27.687074458122126, 'b': 59.08043789198127, 't': 17.413426167797354, 'r_out': 15.336036842278869, 'n_r': 4})","('valid', False)","('stiffness_props', {'area': None, 'ixx': None, 'iyy': None, 'ixy': None, 'g_eff': None})"
"('section_type', 'rectangular_hollow_section')","('section_params', {'d': 215.41909660189836, 'b': 224.7108998233249, 't': 12.305147059015468, 'r_out': 10.013129835426565, 'n_r': 4})","('valid', True)","('stiffness_props', {'area': 10125.799316515393, 'ixx': 14048610759688.59, 'iyy': 15016605983164.738, 'ixy': 0.15234375, 'g_eff': 76923.076923077})"
"('section_type', 'rectangular_hollow_section')","('section_params', {'d': 287.6002699116515, 'b': 257.8242543464143, 't': 5.30472837508155, 'r_out': 18.63969277348933, 'n_r': 4})","('valid', True)","('stiffness_props', {'area': 5504.480456877586, 'ixx': 13960562686122.812, 'iyy': 11841034512593.27, 'ixy': 0.02734375, 'g_eff': 76923.07692307682})"
"('section_type', 'rectangular_hollow_section')","('section_params', {'d': 23.506326174296873, 'b': 114.2384792104208, 't': 16.240801095307585, 'r_out': 14.92403420910708, 'n_r': 4})","('valid', False)","('stiffness_props', {'area': None, 'ixx': None, 'iyy': None, 'ixy': None, 'g_eff': None})"
"('section_type', 'rectangular_hollow_section')","('section_params', {'d': 98.05371327055381, 'b': 176.2867086848993, 't': 10.40736929388486, 'r_out': 16.18205205699249, 'n_r': 4})","('valid', True)","('stiffness_props', {'area': 5048.558976823382, 'ixx': 1478061816230.037, 'iyy': 3782324201750.493, 'ixy': -0.01220703125, 'g_eff': 76923.07692307705})"
"('section_type', 'rectangular_hollow_section')","('section_params', {'d': 21.863857961702475, 'b': 238.34567503343823, 't': 9.07879996001451, 'r_out': 11.28249825809862, 'n_r': 4})","('valid', False)","('stiffness_props', {'area': None, 'ixx': None, 'iyy': None, 'ixy': None, 'g_eff': None})"
"('section_type', 'rectangular_hollow_section')","('section_params', {'d': 121.6484729792691, 'b': 152.16215542052137, 't': 6.306960562532621, 'r_out': 16.372475225219514, 'n_r': 4})","('valid', True)","('stiffness_props', {'area': 3127.9713041145487, 'ixx': 1431735653657.1875, 'iyy': 2017198144151.606, 'ixy': 0.00830078125, 'g_eff': 76923.07692307686})"
"('section_type', 'rectangular_hollow_section')","('section_params', {'d': 147.92225271556214, 'b': 102.1229696964063, 't': 15.359487663186846, 'r_out': 11.435094196443343, 'n_r': 4})","('valid', True)","('stiffness_props', {'area': 6606.716193367061, 'ixx': 3460397792021.4307, 'iyy': 1853511185192.4404, 'ixy': -0.029296875, 'g_eff': 76923.07692307692})"
"('section_type', 'rectangular_hollow_section')","('section_params', {'d': 208.2955762503827, 'b': 22.939624699410693, 't': 13.170408265837239, 'r_out': 19.003202089192307, 'n_r': 4})","('valid', False)","('stiffness_props', {'area': None, 'ixx': None, 'iyy': None, 'ixy': None, 'g_eff': None})"
"('section_type', 'rectangular_hollow_section')","('section_params', {'d': 110.6578371387294, 'b': 97.087685570998, 't': 7.9718966361088786, 'r_out': 15.705376324120028, 'n_r': 4})","('valid', True)","('stiffness_props', {'area': 2871.194986008116, 'ixx': 936915459676.8137, 'iyy': 763176503815.5813, 'ixy': -0.000732421875, 'g_eff': 76923.07692307683})"
"('section_type', 'rectangular_hollow_section')","('section_params', {'d': 134.76795001243258, 'b': 53.37173287194165, 't': 13.577463845681732, 'r_out': 11.002959104552742, 'n_r': 4})","('valid', True)","('stiffness_props', {'area': 4250.46427762168, 'ixx': 1531288963148.7812, 'iyy': 295083874977.6935, 'ixy': 0.000244140625, 'g_eff': 76923.07692307697})"
"('section_type', 'rectangular_hollow_section')","('section_params', {'d': 298.0328798332045, 'b': 81.23442651658563, 't': 17.003367930249226, 'r_out': 8.182267574786673, 'n_r': 4})","('valid', True)","('stiffness_props', {'area': 11674.235521009075, 'ixx': 21064385112167.555, 'iyy': 2179216889712.6968, 'ixy': -0.033203125, 'g_eff': 76923.0769230767})"
"('section_type', 'rectangular_hollow_section')","('section_params', {'d': 258.4901459610001, 'b': 184.43899946130756, 't': 4.227524923939681, 'r_out': 19.53550588829154, 'n_r': 4})","('valid', True)","('stiffness_props', {'area': 3526.198426587844, 'ixx': 6749965102699.705, 'iyy': 4065749497568.7373, 'ixy': -0.0703125, 'g_eff': 76923.0769230768})"
"('section_type', 'rectangular_hollow_section')","('section_params', {'d': 36.07723560336524, 'b': 100.58714182174444, 't': 11.672857940420105, 'r_out': 19.481378312661015, 'n_r': 4})","('valid', False)","('stiffness_props', {'area': None, 'ixx': None, 'iyy': None, 'ixy': None, 'g_eff': None})"
"('section_type', 'rectangular_hollow_section')","('section_params', {'d': 38.955903303516095, 'b': 256.111255287172, 't': 15.741573758537896, 'r_out': 15.408273521690235, 'n_r': 4})","('valid', True)","('stiffness_props', {'area': 8061.039410853934, 'ixx': 238542312573.7301, 'iyy': 8761338996033.344, 'ixy': -0.01171875, 'g_eff': 76923.07692307691})"
"('section_type', 'rectangular_hollow_section')","('section_params', {'d': 218.40758782823144, 'b': 164.6840747166377, 't': 12.599793184023971, 'r_out': 15.24596843642928, 'n_r': 4})","('valid', True)","('stiffness_props', {'area': 8793.294973959686, 'ixx': 11324236850349.191, 'iyy': 7238197421683.221, 'ixy': 0.048828125, 'g_eff': 76923.07692307676})"
"('section_type', 'rectangular_hollow_section')","('section_params', {'d': 127.85965140832533, 'b': 245.90278406062723, 't': 12.15038838521547, 'r_out': 10.145156838337197, 'n_r': 4})","('valid', True)","('stiffness_props', {'area': 8389.265550582531, 'ixx': 4386952977898.7637, 'iyy': 12604843345603.426, 'ixy': 0.03125, 'g_eff': 76923.07692307688})"
"('section_type', 'rectangular_hollow_section')","('section_params', {'d': 172.8028892081977, 'b': 207.23260801083364, 't': 19.402660630449212, 'r_out': 13.277066220452243, 'n_r': 4})","('valid', True)","('stiffness_props', {'area': 13065.266114546152, 'ixx': 10824173517974.438, 'iyy': 14605540955790.18, 'ixy': 0.015625, 'g_eff': 76923.0769230771})"
"('section_type', 'rectangular_hollow_section')","('section_params', {'d': 282.4299747430234, 'b': 103.57598993736651, 't': 3.2257258877980837, 'r_out': 17.29270085028233, 'n_r': 4})","('valid', True)","('stiffness_props', {'area': 2347.519918113161, 'ixx': 4458413586561.98, 'iyy': 961083256663.5952, 'ixy': -0.0009765625, 'g_eff': 76923.07692307683})"
"('section_type', 'rectangular_hollow_section')","('section_params', {'d': 149.70004549295027, 'b': 109.77850367213378, 't': 7.565814674166905, 'r_out': 10.757943070903021, 'n_r': 4})","('valid', True)","('stiffness_props', {'area': 3591.8233676586096, 'ixx': 2182210886256.644, 'iyy': 1340331254485.6072, 'ixy': 0.01123046875, 'g_eff': 76923.07692307702})"
"('section_type', 'rectangular_hollow_section')","('section_params', {'d': 200.54578209467593, 'b': 226.09701630970272, 't': 13.6170593961724, 'r_out': 11.819266726651447, 'n_r': 4})","('valid', True)","('stiffness_props', {'area': 10737.848361291872, 'ixx': 12874731130461.758, 'iyy': 15576400490636.027, 'ixy': -0.046875, 'g_eff': 76923.07692307688})"
"('section_type', 'rectangular_hollow_section')","('section_params', {'d': 276.76639462297555, 'b': 285.60725690008235, 't': 14.441803762765765, 'r_out': 18.730466908906, 'n_r': 4})","('valid', True)","('stiffness_props', {'area': 15076.67929055854, 'ixx': 34542702265048.484, 'iyy': 36280933073828.1, 'ixy': 0.015625, 'g_eff': 76923.07692307678})"
"('section_type', 'rectangular_hollow_section')","('section_params', {'d': 231.9457580982685, 'b': 67.9588364681501, 't': 4.519607965245065, 'r_out': 9.407458402606078, 'n_r': 4})","('valid', True)","('stiffness_props', {'area': 2564.5857724951297, 'ixx': 3086735377108.6104, 'iyy': 439405870944.64465, 'ixy': -0.00390625, 'g_eff': 76923.0769230771})"
"('section_type', 'rectangular_hollow_section')","('section_params', {'d': 146.5760975579771, 'b': 256.66457885136424, 't': 13.343356739524255, 'r_out': 11.677331720622377, 'n_r': 4})","('valid', True)","('stiffness_props', {'area': 9912.627642007365, 'ixx': 6730589513515.369, 'iyy': 16571531873669.852, 'ixy': -0.015625, 'g_eff': 76923.07692307692})"
"('section_type', 'rectangular_hollow_section')","('section_params', {'d': 173.47041853428846, 'b': 289.0128545971313, 't': 10.387374919612105, 'r_out': 19.681252487203935, 'n_r': 4})","('valid', True)","('stiffness_props', {'area': 8875.40853402473, 'ixx': 8801342959505.541, 'iyy': 19464675851700.18, 'ixy': 0.0234375, 'g_eff': 76923.07692307686})"
"('section_type', 'rectangular_hollow_section')","('section_params', {'d': 269.6650123913306, 'b': 288.05006332620917, 't': 13.442077023355896, 'r_out': 11.65083182543752, 'n_r': 4})","('valid', True)","('stiffness_props', {'area': 14135.198388732002, 'ixx': 31381817501921.453, 'iyy': 34797107744075.203, 'ixy': 0.1328125, 'g_eff': 76923.0769230769})"
"('section_type', 'rectangular_hollow_section')","('section_params', {'d': 214.55544312648396, 'b': 78.2009850029842, 't': 17.66310636323835, 'r_out': 13.915616360240543, 'n_r': 4})","('valid', True)","('stiffness_props', {'area': 8900.390172863246, 'ixx': 8340591190457.027, 'iyy': 1424970071816.455, 'ixy': 0.0078125, 'g_eff': 76923.07692307679})"
"('section_type', 'rectangular_hollow_section')","('section_params', {'d': 174.36055160240034, 'b': 257.3276525074915, 't': 10.173508973146097, 'r_out': 11.511063059508311, 'n_r': 4})","('valid', True)","('stiffness_props', {'area': 8238.850975093941, 'ixx': 8118442034592.777, 'iyy': 14940078706762.059, 'ixy': 0.09765625, 'g_eff': 76923.07692307682})"
"('section_type', 'rectangular_hollow_section')","('section_params', {'d': 188.23489635285318, 'b': 241.61830751487003, 't': 15.283341735556498, 'r_out': 19.73835020093477, 'n_r': 4})","('valid', True)","('stiffness_props', {'area': 11835.109315016774, 'ixx': 12472558443581.652, 'iyy': 18542590339048.42, 'ixy': -0.01953125, 'g_eff': 76923.07692307683})"
"('section_type', 'rectangular_hollow_section')","('section_params', {'d': 279.5600137682328, 'b': 96.76833186264325, 't': 3.06302034477239, 'r_out': 9.743947713198615, 'n_r': 4})","('valid', True)","('stiffness_props', {'area': 2217.564656898345, 'ixx': 4157759720149.632, 'iyy': 804977619035.123, 'ixy': 0.0029296875, 'g_eff': 76923.07692307638})"
"('section_type', 'rectangular_hollow_section')","('section_params', {'d': 51.84236345521258, 'b': 112.73666129541436, 't': 18.42631269786137, 'r_out': 15.745606482429562, 'n_r': 4})","('valid', True)","('stiffness_props', {'area': 4459.129025071239, 'ixx': 232810683648.71826, 'iyy': 991494913392.0815, 'ixy': -0.001708984375, 'g_eff': 76923.07692307705})"
"('section_type', 'rectangular_hollow_section')","('section_params', {'d': 263.2072629346984, 'b': 193.80641980546437, 't': 6.128892025005, 'r_out': 17.93750538420067, 'n_r': 4})","('valid', True)","('stiffness_props', {'area': 5269.411011170757, 'ixx': 10457094485330.0, 'iyy': 6570304239061.771, 'ixy': 0.05078125, 'g_eff': 76923.07692307705})"
"('section_type', 'rectangular_hollow_section')","('section_params', {'d': 294.0760814009482, 'b': 229.64947568818658, 't': 19.860712601954464, 'r_out': 13.885985100667487, 'n_r': 4})","('valid', True)","('stiffness_props', {'area': 19032.51334084583, 'ixx': 44454017301415.84, 'iyy': 29838310140847.35, 'ixy': 0.3203125, 'g_eff': 76923.07692307667})"
"('section_type', 'rectangular_hollow_section')","('section_params', {'d': 167.86376383238118, 'b': 241.1810754207975, 't': 13.06649811236209, 'r_out': 13.176705651531542, 'n_r': 4})","('valid', True)","('stiffness_props', {'area': 9833.020322139462, 'ixx': 8582885657958.676, 'iyy': 15278984598795.652, 'ixy': 0.09765625, 'g_eff': 76923.07692307688})"
"('section_type', 'rectangular_hollow_section')","('section_params', {'d': 246.93500943705115, 'b': 122.4142259778283, 't': 8.44735779148162, 'r_out': 11.945005919098715, 'n_r': 4})","('valid', True)","('stiffness_props', {'area': 5824.169244507341, 'ixx': 8928665133058.95, 'iyy': 2954550891851.589, 'ixy': -0.04296875, 'g_eff': 76923.07692307701})"
"('section_type', 'rectangular_hollow_section')","('section_params', {'d': 82.70183470825734, 'b': 124.94719640244293, 't': 8.887826531419114, 'r_out': 8.201302324611689, 'n_r': 4})","('valid', True)","('stiffness_props', {'area': 3307.86193422818, 'ixx': 668199117060.5784, 'iyy': 1307463385267.6147, 'ixy': -0.00244140625, 'g_eff': 76923.07692307714})"
"('section_type', 'rectangular_hollow_section')","('section_params', {'d': 55.6678559953905, 'b': 53.27674061193834, 't': 17.889860231265498, 'r_out': 10.87319877696099, 'n_r': 4})","('valid', True)","('stiffness_props', {'area': 2499.5923644932127, 'ixx': 135765845094.66406, 'iyy': 124797699330.89288, 'ixy': 0.00054931640625, 'g_eff': 76923.07692307702})"
"('section_type', 'rectangular_hollow_section')","('section_params', {'d': 145.96761539905702, 'b': 107.56352486515162, 't': 4.87075670523407, 'r_out': 11.297998115140157, 'n_r': 4})","('valid', True)","('stiffness_props', {'area': 2288.5445900602167, 'ixx': 1364437800593.3013, 'iyy': 854239511910.7102, 'ixy': -0.0078125, 'g_eff': 76923.07692307692})"
"('section_type', 'rectangular_hollow_section')","('section_params', {'d': 23.811262630362386, 'b': 252.63667829348404, 't': 2.4227535538859293, 'r_out': 16.30575368112459, 'n_r': 4})","('valid', False)","('stiffness_props', {'area': None, 'ixx': None, 'iyy': None, 'ixy': None, 'g_eff': None})"
"('section_type', 'rectangular_hollow_section')","('section_params', {'d': 20.32379664441053, 'b': 125.17455067981821, 't': 16.328154740970525, 'r_out': 18.51667742761615, 'n_r': 4})","('valid', False)","('stiffness_props', {'area': None, 'ixx': None, 'iyy': None, 'ixy': None, 'g_eff': None})"
"('section_type', 'rectangular_hollow_section')","('section_params', {'d': 143.61301589705693, 'b': 187.50218057824864, 't': 3.90405173877213, 'r_out': 15.796736731891087, 'n_r': 4})","('valid', True)","('stiffness_props', {'area': 2416.3143021193378, 'ixx': 1643797917467.666, 'iyy': 2455432458424.4033, 'ixy': 0.0185546875, 'g_eff': 76923.07692307707})"
"('section_type', 'rectangular_hollow_section')","('section_params', {'d': 63.85643481673128, 'b': 97.10884082818075, 't': 18.539385617105268, 'r_out': 15.11202658329923, 'n_r': 4})","('valid', True)","('stiffness_props', {'area': 4365.186008596053, 'ixx': 365316076321.36426, 'iyy': 785645572150.4761, 'ixy': -0.003173828125, 'g_eff': 76923.07692307683})"
"('section_type', 'rectangular_hollow_section')","('section_params', {'d': 166.47289071192245, 'b': 283.3663153534966, 't': 5.026365851045444, 'r_out': 17.215370302470923, 'n_r': 4})","('valid', True)","('stiffness_props', {'area': 4273.258287848491, 'ixx': 4152206165099.8926, 'iyy': 9314081298672.73, 'ixy': 0.048828125, 'g_eff': 76923.07692307663})"
"('section_type', 'rectangular_hollow_section')","('section_params', {'d': 65.74679064031962, 'b': 226.46855221762425, 't': 14.579420220170473, 'r_out': 9.565248364783704, 'n_r': 4})","('valid', True)","('stiffness_props', {'area': 7578.928604509028, 'ixx': 894494011062.502, 'iyy': 7818319285407.098, 'ixy': 0.0263671875, 'g_eff': 76923.0769230768})"
"('section_type', 'rectangular_hollow_section')","('section_params', {'d': 77.98829508603828, 'b': 96.73129661395326, 't': 19.716351869423562, 'r_out': 16.49055219377008, 'n_r': 4})","('valid', True)","('stiffness_props', {'area': 5062.789461066927, 'ixx': 642807479795.553, 'iyy': 947975360441.7603, 'ixy': -0.00244140625, 'g_eff': 76923.0769230769})"
"('section_type', 'rectangular_hollow_section')","('section_params', {'d': 95.85104626343606, 'b': 153.52217740870364, 't': 2.2274713510018715, 'r_out': 12.864278897746477, 'n_r': 4})","('valid', True)","('stiffness_props', {'area': 1038.7489116227555, 'ixx': 332007179751.57733, 'iyy': 672269897178.4438, 'ixy': 0.0001220703125, 'g_eff': 76923.07692307682})"
"('section_type', 'rectangular_hollow_section')","('section_params', {'d': 48.16227878751992, 'b': 241.0045276097327, 't': 8.682769967056764, 'r_out': 11.065270174722333, 'n_r': 4})","('valid', True)","('stiffness_props', {'area': 4603.211850108319, 'ixx': 328788689181.7746, 'iyy': 5169479254096.713, 'ixy': 0.01025390625, 'g_eff': 76923.07692307695})"
"('section_type', 'rectangular_hollow_section')","('section_params', {'d': 151.22183983291575, 'b': 140.01518959887613, 't': 16.770150479993525, 'r_out': 19.237827958731224, 'n_r': 4})","('valid', True)","('stiffness_props', {'area': 8279.22123691784, 'ixx': 4808373396023.326, 'iyy': 4236964991062.0273, 'ixy': 0.037109375, 'g_eff': 76923.07692307682})"
"('section_type', 'rectangular_hollow_section')","('section_params', {'d': 237.11581649035625, 'b': 160.68180517528063, 't': 11.524287956950777, 'r_out': 10.128049711372327, 'n_r': 4})","('valid', True)","('stiffness_props', {'area': 8534.854438715178, 'ixx': 12923723755058.922, 'iyy': 6968588876570.734, 'ixy': -0.029296875, 'g_eff': 76923.07692307697})"
"('section_type', 'rectangular_hollow_section')","('section_params', {'d': 170.33578963847097, 'b': 220.8359764869679, 't': 5.504155042695168, 'r_out': 8.07478481705888, 'n_r': 4})","('valid', True)","('stiffness_props', {'area': 4126.36319481743, 'ixx': 3963736632980.9277, 'iyy': 5904102053669.143, 'ixy': 0.0439453125, 'g_eff': 76923.07692307692})"
"('section_type', 'rectangular_hollow_section')","('section_params', {'d': 26.343758021267973, 'b': 53.228093181051925, 't': 7.814212676479013, 'r_out': 13.206173062991429, 'n_r': 4})","('valid', False)","('stiffness_props', {'area': None, 'ixx': None, 'iyy': None, 'ixy': None, 'g_eff': None})"
"('section_type', 'rectangular_hollow_section')","('section_params', {'d': 124.32786879629624, 'b': 292.967856569912, 't': 6.6681651186205055, 'r_out': 14.150181157970412, 'n_r': 4})","('valid', True)","('stiffness_props', {'area': 5243.088833085751, 'ixx': 2905158800907.5415, 'iyy': 11050340564165.2, 'ixy': 0.013671875, 'g_eff': 76923.07692307708})"
"('section_type', 'rectangular_hollow_section')","('section_params', {'d': 214.22070248866294, 'b': 82.03530461007452, 't': 8.814564812954632, 'r_out': 14.992789798473684, 'n_r': 4})","('valid', True)","('stiffness_props', {'area': 4725.336058261482, 'ixx': 4875119379443.613, 'iyy': 1039740447313.1938, 'ixy': -0.01708984375, 'g_eff': 76923.07692307697})"
"('section_type', 'rectangular_hollow_section')","('section_params', {'d': 113.06518781251695, 'b': 83.80314700722812, 't': 15.280503431236966, 'r_out': 13.144798333259214, 'n_r': 4})","('valid', True)","('stiffness_props', {'area': 4909.733667759834, 'ixx': 1421928437287.146, 'iyy': 849523772269.0369, 'ixy': -0.00732421875, 'g_eff': 76923.07692307686})"
"('section_type', 'rectangular_hollow_section')","('section_params', {'d': 231.0948972169706, 'b': 102.00729003491892, 't': 11.102132983804115, 'r_out': 17.799999635147078, 'n_r': 4})","('valid', True)","('stiffness_props', {'area': 6631.281563640657, 'ixx': 8169102280226.531, 'iyy': 2193091063941.566, 'ixy': -0.0068359375, 'g_eff': 76923.076923077})"
"('section_type', 'rectangular_hollow_section')","('section_params', {'d': 80.27628800726234, 'b': 193.83647925444552, 't': 11.728877170128877, 'r_out': 14.643140835835466, 'n_r': 4})","('valid', True)","('stiffness_props', {'area': 5673.875076440699, 'ixx': 1093943134996.6882, 'iyy': 4698506274181.578, 'ixy': -0.013671875, 'g_eff': 76923.07692307701})"
"('section_type', 'rectangular_hollow_section')","('section_params', {'d': 50.299659628656705, 'b': 55.30567534932599, 't': 13.176157176624027, 'r_out': 17.21739864844715, 'n_r': 4})","('valid', True)","('stiffness_props', {'area': 1808.3933293614932, 'ixx': 84259659343.5141, 'iyy': 99321691640.16064, 'ixy': -0.00048828125, 'g_eff': 76923.07692307673})"
"('section_type', 'rectangular_hollow_section')","('section_params', {'d': 281.7963331527706, 'b': 155.51171735050116, 't': 3.7134369621989554, 'r_out': 11.67533238282906, 'n_r': 4})","('valid', True)","('stiffness_props', {'area': 3119.751693362689, 'ixx': 6734741982741.162, 'iyy': 2726512922351.5977, 'ixy': 0.0009765625, 'g_eff': 76923.07692307637})"
"('section_type', 'rectangular_hollow_section')","('section_params', {'d': 101.18240333790136, 'b': 68.17193099473394, 't': 2.41317929858095, 'r_out': 16.65009108174587, 'n_r': 4})","('valid', True)","('stiffness_props', {'area': 719.5351342557417, 'ixx': 193137252143.68256, 'iyy': 108011637525.77069, 'ixy': 0.000274658203125, 'g_eff': 76923.07692307702})"
"('section_type', 'rectangular_hollow_section')","('section_params', {'d': 83.32226174637401, 'b': 221.56132973977773, 't': 19.14929848406034, 'r_out': 14.88180698700111, 'n_r': 4})","('valid', True)","('stiffness_props', {'area': 9988.36308359626, 'ixx': 1792846823791.7427, 'iyy': 9976393631695.203, 'ixy': 0.00390625, 'g_eff': 76923.076923077})"
"('section_type', 'rectangular_hollow_section')","('section_params', {'d': 286.54931267481896, 'b': 83.47921098157725, 't': 7.101205092288213, 'r_out': 12.721058456832418, 'n_r': 4})","('valid', True)","('stiffness_props', {'area': 4923.345841487117, 'ixx': 8890574790637.535, 'iyy': 1227618618685.611, 'ixy': 0.009765625, 'g_eff': 76923.07692307695})"
"('section_type', 'rectangular_hollow_section')","('section_params', {'d': 101.7713833398, 'b': 223.9851788426956, 't': 9.21426186258049, 'r_out': 13.488709262976773, 'n_r': 4})","('valid', True)","('stiffness_props', {'area': 5499.927671115641, 'ixx': 1875022327081.413, 'iyy': 6603396965530.043, 'ixy': -0.009765625, 'g_eff': 76923.07692307708})"
"('section_type', 'rectangular_hollow_section')","('section_params', {'d': 81.58240486029811, 'b': 160.88984580374066, 't': 18.200480437519605, 'r_out': 14.080424895618835, 'n_r': 4})","('valid', True)","('stiffness_props', {'area': 7302.934591837094, 'ixx': 1208967725209.3574, 'iyy': 3974510357733.8223, 'ixy': 0.0068359375, 'g_eff': 76923.07692307698})"
"('section_type', 'rectangular_hollow_section')","('section_params', {'d': 48.37691927750027, 'b': 105.43370320801773, 't': 4.667662013278672, 'r_out': 15.249007171279048, 'n_r': 4})","('valid', True)","('stiffness_props', {'area': 1228.1563705909848, 'ixx': 90203799933.02908, 'iyy': 301795208831.17505, 'ixy': 0.00140380859375, 'g_eff': 76923.07692307701})"
"('section_type', 'rectangular_hollow_section')","('section_params', {'d': 275.5412256141601, 'b': 121.55128338372421, 't': 13.300885951939772, 'r_out': 15.121961027024415, 'n_r': 4})","('valid', True)","('stiffness_props', {'area': 9630.352689801315, 'ixx': 17155134665932.898, 'iyy': 4547723315822.095, 'ixy': 0.013671875, 'g_eff': 76923.0769230772})"
"('section_type', 'rectangular_hollow_section')","('section_params', {'d': 191.549544684223, 'b': 39.10803784714785, 't': 9.539039125169705, 'r_out': 17.88500482683343, 'n_r': 4})","('valid', True)","('stiffness_props', {'area': 3786.312084679139, 'ixx': 2431595805124.327, 'iyy': 153096528242.3559, 'ixy': -0.00439453125, 'g_eff': 76923.07692307692})"
"('section_type', 'rectangular_hollow_section')","('section_params', {'d': 249.56473486009853, 'b': 28.58774593514678, 't': 16.94700380972484, 'r_out': 18.09639682443712, 'n_r': 4})","('valid', False)","('stiffness_props', {'area': None, 'ixx': None, 'iyy': None, 'ixy': None, 'g_eff': None})"
"('section_type', 'rectangular_hollow_section')","('section_params', {'d': 227.1394955623395, 'b': 280.4001875978971, 't': 10.542614259858778, 'r_out': 18.369659423415396, 'n_r': 4})","('valid', True)","('stiffness_props', {'area': 9980.82158919023, 'ixx': 16275143354157.223, 'iyy': 22531149007792.07, 'ixy': 0.12109375, 'g_eff': 76923.07692307662})"
"('section_type', 'rectangular_hollow_section')","('section_params', {'d': 51.80540294100863, 'b': 186.5349334576653, 't': 19.04495129874262, 'r_out': 11.854897433904767, 'n_r': 4})","('valid', True)","('stiffness_props', {'area': 7486.980925423159, 'ixx': 410804931799.2449, 'iyy': 4626577350785.721, 'ixy': -0.00537109375, 'g_eff': 76923.07692307713})"
"('section_type', 'rectangular_hollow_section')","('section_params', {'d': 24.924913050578006, 'b': 53.04398430726793, 't': 17.640461663939064, 'r_out': 18.66128777681921, 'n_r': 4})","('valid', False)","('stiffness_props', {'area': None, 'ixx': None, 'iyy': None, 'ixy': None, 'g_eff': None})"
"('section_type', 'rectangular_hollow_section')","('section_params', {'d': 78.97139596115079, 'b': 59.429236770601605, 't': 16.423548194654124, 'r_out': 15.905639711338676, 'n_r': 4})","('valid', True)","('stiffness_props', {'area': 3214.137807845729, 'ixx': 379622896883.24097, 'iyy': 227474028970.21863, 'ixy': 0.0009765625, 'g_eff': 76923.07692307692})"
"('section_type', 'rectangular_hollow_section')","('section_params', {'d': 166.03868337462916, 'b': 73.92867701113639, 't': 18.81719154480463, 'r_out': 18.337448374355347, 'n_r': 4})","('valid', True)","('stiffness_props', {'area': 7278.414766342597, 'ixx': 3943576094152.252, 'iyy': 943810615276.4988, 'ixy': 0.0126953125, 'g_eff': 76923.0769230769})"
"('section_type', 'rectangular_hollow_section')","('section_params', {'d': 211.2101419783684, 'b': 112.5057997867801, 't': 14.136033587124459, 'r_out': 11.721744319394865, 'n_r': 4})","('valid', True)","('stiffness_props', {'area': 8215.409778764772, 'ixx': 8781923641407.277, 'iyy': 3112118330932.9307, 'ixy': -0.01171875, 'g_eff': 76923.07692307683})"
"('section_type', 'rectangular_hollow_section')","('section_params', {'d': 259.7957290524673, 'b': 145.87867441029573, 't': 19.69784575089962, 'r_out': 9.475548038758243, 'n_r': 4})","('valid', True)","('stiffness_props', {'area': 14340.01712945585, 'ixx': 23339250557091.297, 'iyy': 8917038597102.627, 'ixy': -0.01171875, 'g_eff': 76923.0769230769})"
"('section_type', 'rectangular_hollow_section')","('section_params', {'d': 51.77509129767091, 'b': 279.7544413426637, 't': 4.1527107297875325, 'r_out': 15.18994120171927, 'n_r': 4})","('valid', True)","('stiffness_props', {'area': 2575.598612031875, 'ixx': 261289816991.23224, 'iyy': 3977088819908.4805, 'ixy': -0.001220703125, 'g_eff': 76923.07692307643})"
"('section_type', 'rectangular_hollow_section')","('section_params', {'d': 213.54253440145578, 'b': 242.27959877520308, 't': 14.184653740734293, 'r_out': 8.756998352578702, 'n_r': 4})","('valid', True)","('stiffness_props', {'area': 12049.855625822116, 'ixx': 16515709373929.309, 'iyy': 20190265298326.54, 'ixy': 0.09765625, 'g_eff': 76923.07692307746})"
"('section_type', 'rectangular_hollow_section')","('section_params', {'d': 200.37147042158892, 'b': 216.19260277034283, 't': 15.406233897981854, 'r_out': 15.923127506062972, 'n_r': 4})","('valid', True)","('stiffness_props', {'area': 11632.680107932403, 'ixx': 13454416224985.406, 'iyy': 15190406746348.203, 'ixy': -0.03515625, 'g_eff': 76923.07692307721})"
"('section_type', 'rectangular_hollow_section')","('section_params', {'d': 284.3145103109798, 'b': 200.3350279340391, 't': 13.014805977472209, 'r_out': 12.358469443150627, 'n_r': 4})","('valid', True)","('stiffness_props', {'area': 11784.966949158452, 'ixx': 26088967035066.156, 'iyy': 15013762505487.996, 'ixy': 0.05859375, 'g_eff': 76923.0769230764})"
"('section_type', 'rectangular_hollow_section')","('section_params', {'d': 175.05786461330524, 'b': 260.3753430358502, 't': 11.820136902867333, 'r_out': 13.459141446259203, 'n_r': 4})","('valid', True)","('stiffness_props', {'area': 9556.435554747852, 'ixx': 9328715351980.988, 'iyy': 17444298222279.7, 'ixy': -0.04296875, 'g_eff': 76923.07692307666})"
"('section_type', 'rectangular_hollow_section')","('section_params', {'d': 278.00997738448865, 'b': 243.94440497177268, 't': 13.964252096905827, 'r_out': 9.888751689289126, 'n_r': 4})","('valid', True)","('stiffness_props', {'area': 13699.61640013922, 'ixx': 30687501088965.72, 'iyy': 24970838838461.633, 'ixy': 0.1875, 'g_eff': 76923.07692307651})"
"('section_type', 'rectangular_hollow_section')","('section_params', {'d': 82.45385207847052, 'b': 71.45126040447492, 't': 5.122563747553358, 'r_out': 17.020025917120414, 'n_r': 4})","('valid', True)","('stiffness_props', {'area': 1323.6831860023092, 'ixx': 234486113376.63354, 'iyy': 188735703469.96387, 'ixy': 0.00018310546875, 'g_eff': 76923.07692307698})"
"('section_type', 'rectangular_hollow_section')","('section_params', {'d': 73.3403256964685, 'b': 258.9152720857127, 't': 19.350335530074087, 'r_out': 13.514947776126277, 'n_r': 4})","('valid', True)","('stiffness_props', {'area': 11178.11884376381, 'ixx': 1508757185407.296, 'iyy': 14468925248331.64, 'ixy': 0.046875, 'g_eff': 76923.07692307727})"
"('section_type', 'rectangular_hollow_section')","('section_params', {'d': 244.96640839522556, 'b': 218.96559846853214, 't': 2.3176329360240464, 'r_out': 18.932497543793463, 'n_r': 4})","('valid', True)","('stiffness_props', {'area': 2046.576771350499, 'ixx': 3808452515473.1562, 'iyy': 3223728789768.411, 'ixy': -0.0283203125, 'g_eff': 76923.07692307662})"
"('section_type', 'rectangular_hollow_section')","('section_params', {'d': 101.4563267983988, 'b': 273.77412646092785, 't': 5.22814098357562, 'r_out': 18.864165594557235, 'n_r': 4})","('valid', True)","('stiffness_props', {'area': 3644.2660129775645, 'ixx': 1371909859788.6462, 'iyy': 6373712523261.225, 'ixy': -0.013671875, 'g_eff': 76923.07692307702})"
"('section_type', 'rectangular_hollow_section')","('section_params', {'d': 85.84674243687698, 'b': 195.54596526741904, 't': 18.76495871404575, 'r_out': 9.704693675818376, 'n_r': 4})","('valid', True)","('stiffness_props', {'area': 9057.969303508598, 'ixx': 1733785475314.4092, 'iyy': 7349633336380.631, 'ixy': -0.0068359375, 'g_eff': 76923.07692307662})"
"('section_type', 'rectangular_hollow_section')","('section_params', {'d': 142.3385982607671, 'b': 140.11918757423425, 't': 16.88624932320946, 'r_out': 18.74951718073388, 'n_r': 4})","('valid', True)","('stiffness_props', {'area': 8050.650897558736, 'ixx': 4155663722049.96, 'iyy': 4049288620279.166, 'ixy': -0.046875, 'g_eff': 76923.07692307697})"
"('section_type', 'rectangular_hollow_section')","('section_params', {'d': 154.36113198549768, 'b': 108.78090674020244, 't': 15.482740153348983, 'r_out': 17.42031144067606, 'n_r': 4})","('valid', True)","('stiffness_props', {'area': 6889.745579203849, 'ixx': 3910702445392.865, 'iyy': 2190295854324.2847, 'ixy': 0.015625, 'g_eff': 76923.07692307701})"
"('section_type', 'rectangular_hollow_section')","('section_params', {'d': 189.8086558021327, 'b': 111.93827085851461, 't': 2.851724806092342, 'r_out': 15.31971184872844, 'n_r': 4})","('valid', True)","('stiffness_props', {'area': 1609.2261841292097, 'ixx': 1564942058697.2168, 'iyy': 707861401252.5941, 'ixy': 0.005126953125, 'g_eff': 76923.07692307695})"
"('section_type', 'rectangular_hollow_section')","('section_params', {'d': 217.3549645624611, 'b': 51.308244133775744, 't': 15.758320757018192, 'r_out': 8.725901357514287, 'n_r': 4})","('valid', True)","('stiffness_props', {'area': 7397.921989664598, 'ixx': 6491009068656.275, 'iyy': 456813055594.2554, 'ixy': 0.01220703125, 'g_eff': 76923.07692307705})"
"('section_type', 'rectangular_hollow_section')","('section_params', {'d': 139.9654617539972, 'b': 59.496884811606215, 't': 17.579348394866823, 'r_out': 19.671074843391704, 'n_r': 4})","('valid', True)","('stiffness_props', {'area': 5394.126337957597, 'ixx': 1924175955386.4795, 'iyy': 416716292291.5852, 'ixy': -0.0029296875, 'g_eff': 76923.07692307666})"
"('section_type', 'rectangular_hollow_section')","('section_params', {'d': 86.40662684557057, 'b': 81.57811732966371, 't': 6.381809562131702, 'r_out': 8.708941473830869, 'n_r': 4})","('valid', True)","('stiffness_props', {'area': 1910.7532015301745, 'ixx': 394843329303.8159, 'iyy': 360386914925.03455, 'ixy': 0.0003662109375, 'g_eff': 76923.07692307713})"
"('section_type', 'rectangular_hollow_section')","('section_params', {'d': 50.39991350375338, 'b': 169.6295922964718, 't': 11.825171588807525, 'r_out': 19.659881155099196, 'n_r': 4})","('valid', True)","('stiffness_props', {'area': 4319.306335912933, 'ixx': 283489332827.99115, 'iyy': 2278867544084.4873, 'ixy': 0.00439453125, 'g_eff': 76923.07692307679})"
"('section_type', 'rectangular_hollow_section')","('section_params', {'d': 170.51158608278632, 'b': 117.03694884619398, 't': 9.956084866667286, 'r_out': 15.45630618924794, 'n_r': 4})","('valid', True)","('stiffness_props', {'area': 5120.575764169854, 'ixx': 3856473732991.42, 'iyy': 2125997311462.6455, 'ixy': -0.009765625, 'g_eff': 76923.07692307691})"
"('section_type', 'rectangular_hollow_section')","('section_params', {'d': 118.57189993925982, 'b': 272.7303814365588, 't': 18.09176581179375, 'r_out': 10.472827636106658, 'n_r': 4})","('valid', True)","('stiffness_props', {'area': 12739.770393093297, 'ixx': 5302050709702.807, 'iyy': 21522013152721.58, 'ixy': -0.04296875, 'g_eff': 76923.07692307643})"
"('section_type', 'rectangular_hollow_section')","('section_params', {'d': 219.8112041209544, 'b': 148.64866049012113, 't': 18.44201442471415, 'r_out': 11.07895590535834, 'n_r': 4})","('valid', True)","('stiffness_props', {'area': 12107.109428052949, 'ixx': 14627889777199.066, 'iyy': 7650774479712.303, 'ixy': 0.01953125, 'g_eff': 76923.07692307685})"
"('section_type', 'rectangular_hollow_section')","('section_params', {'d': 276.40636878785784, 'b': 218.59956575691092, 't': 9.779925974705183, 'r_out': 8.600637033092013, 'n_r': 4})","('valid', True)","('stiffness_props', {'area': 9225.684028117186, 'ixx': 20454649617853.555, 'iyy': 14196771895612.383, 'ixy': -0.05078125, 'g_eff': 76923.07692307669})"
"('section_type', 'rectangular_hollow_section')","('section_params', {'d': 252.19083680100934, 'b': 79.4897844614284, 't': 15.863909181792224, 'r_out': 16.676622144648853, 'n_r': 4})","('valid', True)","('stiffness_props', {'area': 9239.398824227344, 'ixx': 11892344634416.172, 'iyy': 1639354330563.7993, 'ixy': 0.017578125, 'g_eff': 76923.07692307697})"
"('section_type', 'rectangular_hollow_section')","('section_params', {'d': 158.31066020309132, 'b': 35.69704514948607, 't': 13.955601979386367, 'r_out': 15.766645705451326, 'n_r': 4})","('valid', True)","('stiffness_props', {'area': 4390.646089817439, 'ixx': 1793041785648.377, 'iyy': 108696389052.88757, 'ixy': 0.00341796875, 'g_eff': 76923.07692307702})"
"('section_type', 'rectangular_hollow_section')","('section_params', {'d': 295.6068160446441, 'b': 209.88064219767307, 't': 13.51883076966528, 'r_out': 15.815280038057384, 'n_r': 4})","('valid', True)","('stiffness_props', {'area': 12691.314263376686, 'ixx': 30306261831499.86, 'iyy': 17684685996826.414, 'ixy': -0.0625, 'g_eff': 76923.07692307717})"
"('section_type', 'rectangular_hollow_section')","('section_params', {'d': 299.2908946285885, 'b': 128.46594434188165, 't': 13.096154563776967, 'r_out': 13.478464673492958, 'n_r': 4})","('valid', True)","('stiffness_props', {'area': 10336.379451371837, 'ixx': 21903392139236.297, 'iyy': 5571239561682.893, 'ixy': -0.04296875, 'g_eff': 76923.0769230769})"
"('section_type', 'rectangular_hollow_section')","('section_params', {'d': 118.39803778307297, 'b': 129.9673668584, 't': 6.8426386196693425, 'r_out': 11.96387847128409, 'n_r': 4})","('valid', True)","('stiffness_props', {'area': 3094.755315603521, 'ixx': 1292839099442.3276, 'iyy': 1494588161281.6191, 'ixy': 0.01171875, 'g_eff': 76923.0769230769})"
"('section_type', 'rectangular_hollow_section')","('section_params', {'d': 36.62748523884851, 'b': 30.611998119257777, 't': 3.6714558590555573, 'r_out': 12.795126234353003, 'n_r': 4})","('valid', True)","('stiffness_props', {'area': 359.3413435340588, 'ixx': 10160544009.240925, 'iyy': 7795478062.272446, 'ixy': 1.9073486328125e-05, 'g_eff': 76923.07692307691})"
"('section_type', 'rectangular_hollow_section')","('section_params', {'d': 52.47026096269495, 'b': 72.56106864833677, 't': 18.618704228181947, 'r_out': 8.513758227523185, 'n_r': 4})","('valid', True)","('stiffness_props', {'area': 3196.7340228654652, 'ixx': 164110909665.46234, 'iyy': 305900710113.9863, 'ixy': 0.00048828125, 'g_eff': 76923.07692307704})"
"('section_type', 'rectangular_hollow_section')","('section_params', {'d': 51.42925773173546, 'b': 41.16997488672279, 't': 17.631545257544065, 'r_out': 18.347113754786722, 'n_r': 4})","('valid', True)","('stiffness_props', {'area': 1685.745023920236, 'ixx': 61536568542.59155, 'iyy': 41263829022.01944, 'ixy': 0.000335693359375, 'g_eff': 76923.07692307704})"
"('section_type', 'rectangular_hollow_section')","('section_params', {'d': 299.94058383726946, 'b': 48.52843025342529, 't': 9.398193998420053, 'r_out': 17.794309586962697, 'n_r': 4})","('valid', True)","('stiffness_props', {'area': 5950.511895296752, 'ixx': 9739611562583.438, 'iyy': 424474647799.45374, 'ixy': 0.0244140625, 'g_eff': 76923.07692307688})"
"('section_type', 'rectangular_hollow_section')","('section_params', {'d': 188.20423470416682, 'b': 114.72889152629327, 't': 19.83060664275743, 'r_out': 12.837000931211163, 'n_r': 4})","('valid', True)","('stiffness_props', {'area': 10276.894898486937, 'ixx': 8373359139684.879, 'iyy': 3592473769780.967, 'ixy': -0.04296875, 'g_eff': 76923.07692307695})"
"('section_type', 'rectangular_hollow_section')","('section_params', {'d': 190.80227950121008, 'b': 179.4453074015707, 't': 16.56669744646568, 'r_out': 9.022450923202133, 'n_r': 4})","('valid', True)","('stiffness_props', {'area': 11088.333027212471, 'ixx': 11075080236580.29, 'iyy': 10019639492479.758, 'ixy': -0.0546875, 'g_eff': 76923.07692307679})"
"('section_type', 'rectangular_hollow_section')","('section_params', {'d': 21.877560897112993, 'b': 25.941065951906864, 't': 12.979682003305161, 'r_out': 11.53034787016777, 'n_r': 4})","('valid', False)","('stiffness_props', {'area': None, 'ixx': None, 'iyy': None, 'ixy': None, 'g_eff': None})"
"('section_type', 'rectangular_hollow_section')","('section_params', {'d': 194.5381955949676, 'b': 217.48975078012316, 't': 13.814701106789462, 'r_out': 16.97534738268844, 'n_r': 4})","('valid', True)","('stiffness_props', {'area': 10342.529253070808, 'ixx': 11486574678031.422, 'iyy': 13703646215456.914, 'ixy': 0.06640625, 'g_eff': 76923.07692307711})"
"('section_type', 'rectangular_hollow_section')","('section_params', {'d': 77.90829342881614, 'b': 265.924812199095, 't': 7.690244523271695, 'r_out': 9.943205091240607, 'n_r': 4})","('valid', True)","('stiffness_props', {'area': 4957.970375472806, 'ixx': 1049499956226.1389, 'iyy': 7706835448735.379, 'ixy': 0.00390625, 'g_eff': 76923.07692307701})"
"('section_type', 'rectangular_hollow_section')","('section_params', {'d': 100.34730111136817, 'b': 233.0801510008267, 't': 4.559185953048312, 'r_out': 16.145505751074992, 'n_r': 4})","('valid', True)","('stiffness_props', {'area': 2830.7362563473757, 'ixx': 1028407393714.2329, 'iyy': 3755107936105.2236, 'ixy': -0.00146484375, 'g_eff': 76923.0769230768})"
"('section_type', 'rectangular_hollow_section')","('section_params', {'d': 121.21011124600851, 'b': 187.92910014569654, 't': 2.8360648121574883, 'r_out': 8.568651668802875, 'n_r': 4})","('valid', True)","('stiffness_props', {'area': 1680.7453851449536, 'ixx': 863347080462.917, 'iyy': 1679056185190.9648, 'ixy': 0.009765625, 'g_eff': 76923.07692307676})"
"('section_type', 'rectangular_hollow_section')","('section_params', {'d': 274.3720558063966, 'b': 264.133617567548, 't': 14.03445141932474, 'r_out': 19.13640707560767, 'n_r': 4})","('valid', True)","('stiffness_props', {'area': 13987.227993184812, 'ixx': 30928701781799.78, 'iyy': 29146253240902.383, 'ixy': 0.0546875, 'g_eff': 76923.07692307682})"
"('section_type', 'rectangular_hollow_section')","('section_params', {'d': 136.56240456236685, 'b': 235.37313086799696, 't': 3.3517264172692065, 'r_out': 13.527884988550618, 'n_r': 4})","('valid', True)","('stiffness_props', {'area': 2368.866570345616, 'ixx': 1570889127536.3555, 'iyy': 3580171381036.657, 'ixy': -0.041015625, 'g_eff': 76923.07692307743})"
"('section_type', 'rectangular_hollow_section')","('section_params', {'d': 170.13621534892587, 'b': 177.07843616022325, 't': 18.996462310738305, 'r_out': 8.83548005203734, 'n_r': 4})","('valid', True)","('stiffness_props', {'area': 11670.17205321602, 'ixx': 9078349960443.748, 'iyy': 9702736048892.984, 'ixy': -0.1015625, 'g_eff': 76923.0769230771})"
"('section_type', 'rectangular_hollow_section')","('section_params', {'d': 217.3764408860541, 'b': 253.87920675979407, 't': 15.792004215846838, 'r_out': 8.949252023419545, 'n_r': 4})","('valid', True)","('stiffness_props', {'area': 13806.503648337866, 'ixx': 19519708032136.137, 'iyy': 25020610445473.492, 'ixy': -0.09375, 'g_eff': 76923.07692307705})"
"('section_type', 'rectangular_hollow_section')","('section_params', {'d': 97.00420564076846, 'b': 39.86151360074012, 't': 6.8877103608324255, 'r_out': 17.154285148469242, 'n_r': 4})","('valid', True)","('stiffness_props', {'area': 1506.753707781228, 'ixx': 271739366358.01465, 'iyy': 64843603695.33925, 'ixy': -0.000244140625, 'g_eff': 76923.07692307692})"
"('section_type', 'rectangular_hollow_section')","('section_params', {'d': 208.791220806502, 'b': 36.26136713190691, 't': 9.695139467273215, 'r_out': 10.18704295072769, 'n_r': 4})","('valid', True)","('stiffness_props', {'area': 4272.121241555692, 'ixx': 3375166694113.297, 'iyy': 145585025439.44446, 'ixy': 0.003173828125, 'g_eff': 76923.07692307697})"
"('section_type', 'rectangular_hollow_section')","('section_params', {'d': 123.15127419396805, 'b': 38.02547097582253, 't': 16.595219553939874, 'r_out': 19.547364722482776, 'n_r': 4})","('valid', False)","('stiffness_props', {'area': None, 'ixx': None, 'iyy': None, 'ixy': None, 'g_eff': None})"
"('section_type', 'rectangular_hollow_section')","('section_params', {'d': 232.4554237155356, 'b': 253.70884540268239, 't': 18.817554179551475, 'r_out': 18.68537043542306, 'n_r': 4})","('valid', True)","('stiffness_props', {'area': 16531.30049907763, 'ixx': 25612548736179.594, 'iyy': 29468305713723.86, 'ixy': -0.140625, 'g_eff': 76923.07692307683})"
"('section_type', 'rectangular_hollow_section')","('section_params', {'d': 95.97635413709206, 'b': 139.40486499384747, 't': 15.84394766271894, 'r_out': 15.225751847952054, 'n_r': 4})","('valid', True)","('stiffness_props', {'area': 6222.789203903776, 'ixx': 1485709125184.1846, 'iyy': 2792041795216.242, 'ixy': -0.00439453125, 'g_eff': 76923.0769230771})"
"('section_type', 'rectangular_hollow_section')","('section_params', {'d': 165.50321367958912, 'b': 25.41187599633482, 't': 15.8450692308991, 'r_out': 13.25997316461223, 'n_r': 4})","('valid', False)","('stiffness_props', {'area': None, 'ixx': None, 'iyy': None, 'ixy': None, 'g_eff': None})"
"('section_type', 'rectangular_hollow_section')","('section_params', {'d': 74.92938440068302, 'b': 136.83165266835047, 't': 10.99214667268279, 'r_out': 8.752425224734449, 'n_r': 4})","('valid', True)","('stiffness_props', {'area': 4095.5026568348208, 'ixx': 656122646894.0288, 'iyy': 1795271774704.8071, 'ixy': 0.0078125, 'g_eff': 76923.07692307697})"
"('section_type', 'rectangular_hollow_section')","('section_params', {'d': 108.16628553093865, 'b': 108.01175266068603, 't': 4.683281333292829, 'r_out': 18.9630897364913, 'n_r': 4})","('valid', True)","('stiffness_props', {'area': 1781.4268013521998, 'ixx': 601902253194.2026, 'iyy': 600613576906.4388, 'ixy': -0.0015869140625, 'g_eff': 76923.07692307673})"
"('section_type', 'rectangular_hollow_section')","('section_params', {'d': 175.01015671576715, 'b': 188.49881788551843, 't': 14.607961726997006, 'r_out': 18.60230022459658, 'n_r': 4})","('valid', True)","('stiffness_props', {'area': 9436.58935990874, 'ixx': 8152279144093.006, 'iyy': 9178115270067.602, 'ixy': -0.015625, 'g_eff': 76923.07692307717})"
"('section_type', 'rectangular_hollow_section')","('section_params', {'d': 263.51510354372687, 'b': 59.98844527639474, 't': 2.7128405051188986, 'r_out': 11.61182716306889, 'n_r': 4})","('valid', True)","('stiffness_props', {'area': 1670.1464806264764, 'ixx': 2468149188095.9717, 'iyy': 239363187751.9408, 'ixy': -0.000244140625, 'g_eff': 76923.07692307622})"
"('section_type', 'rectangular_hollow_section')","('section_params', {'d': 251.24474121647214, 'b': 177.05341985999596, 't': 12.499148312636512, 'r_out': 13.99595771685697, 'n_r': 4})","('valid', True)","('stiffness_props', {'area': 9888.16324646411, 'ixx': 16870932487117.254, 'iyy': 9702978943926.508, 'ixy': 0.04296875, 'g_eff': 76923.07692307685})"
"('section_type', 'rectangular_hollow_section')","('section_params', {'d': 284.3111670084362, 'b': 229.08425368741766, 't': 17.884762658899888, 'r_out': 12.15025804103262, 'n_r': 4})","('valid', True)","('stiffness_props', {'area': 16936.82278669855, 'ixx': 37706948735459.93, 'iyy': 26674290920384.758, 'ixy': -0.328125, 'g_eff': 76923.07692307688})"
"('section_type', 'rectangular_hollow_section')","('section_params', {'d': 224.07867472235495, 'b': 79.9746977904397, 't': 6.174916162317487, 'r_out': 15.426784271408495, 'n_r': 4})","('valid', True)","('stiffness_props', {'area': 3450.1012003776295, 'ixx': 3924447129901.1943, 'iyy': 773161289617.5691, 'ixy': 0.0029296875, 'g_eff': 76923.07692307678})"
"('section_type', 'rectangular_hollow_section')","('section_params', {'d': 145.0252542393947, 'b': 164.02126273586424, 't': 3.038721530051008, 'r_out': 10.46050223270877, 'n_r': 4})","('valid', True)","('stiffness_props', {'area': 1786.938017529041, 'ixx': 1219932970253.7388, 'iyy': 1468640341689.2217, 'ixy': -0.01123046875, 'g_eff': 76923.0769230775})"
"('section_type', 'rectangular_hollow_section')","('section_params', {'d': 220.8685345721035, 'b': 48.843730659180714, 't': 12.512485010959608, 'r_out': 18.81676261820396, 'n_r': 4})","('valid', True)","('stiffness_props', {'area': 5808.965588078409, 'ixx': 5068696810361.8125, 'iyy': 356730733051.6543, 'ixy': 0.001953125, 'g_eff': 76923.07692307675})"
"('section_type', 'rectangular_hollow_section')","('section_params', {'d': 198.0205282257001, 'b': 158.54719021354563, 't': 13.134895019390175, 'r_out': 16.186493548186377, 'n_r': 4})","('valid', True)","('stiffness_props', {'area': 8424.166909519889, 'ixx': 8888086975603.12, 'iyy': 6238055019997.514, 'ixy': 0.001953125, 'g_eff': 76923.07692307667})"
"('section_type', 'rectangular_hollow_section')","('section_params', {'d': 126.557496983561, 'b': 162.47201053248972, 't': 10.638707054857836, 'r_out': 13.593624388584479, 'n_r': 4})","('valid', True)","('stiffness_props', {'area': 5521.017082581156, 'ixx': 2614461777446.8555, 'iyy': 3891048184950.658, 'ixy': -0.0146484375, 'g_eff': 76923.0769230772})"
"('section_type', 'rectangular_hollow_section')","('section_params', {'d': 168.12607523790626, 'b': 289.9311132496918, 't': 4.618778775442623, 'r_out': 9.245055279199097, 'n_r': 4})","('valid', True)","('stiffness_props', {'area': 4081.9285579187776, 'ixx': 4110417602745.6953, 'iyy': 9461458149631.137, 'ixy': 0.005859375, 'g_eff': 76923.07692307691})"
"('section_type', 'rectangular_hollow_section')","('section_params', {'d': 166.3221847195015, 'b': 100.90686641212021, 't': 8.911007211575615, 'r_out': 10.636411916315668, 'n_r': 4})","('valid', True)","('stiffness_props', {'area': 4334.779568395398, 'ixx': 3059378471134.8213, 'iyy': 1377686403510.8643, 'ixy': 0.0, 'g_eff': 76923.07692307675})"
"('section_type', 'rectangular_hollow_section')","('section_params', {'d': 167.23813176319175, 'b': 155.1754935654987, 't': 7.993106184820697, 'r_out': 17.09301135202212, 'n_r': 4})","('valid', True)","('stiffness_props', {'area': 4689.250936415063, 'ixx': 3789622280274.705, 'iyy': 3376586667272.622, 'ixy': -0.0107421875, 'g_eff': 76923.0769230768})"
"('section_type', 'rectangular_hollow_section')","('section_params', {'d': 179.1206293813903, 'b': 26.169135748091016, 't': 5.014844326850702, 'r_out': 9.559477668929427, 'n_r': 4})","('valid', True)","('stiffness_props', {'area': 1887.6678524612669, 'ixx': 1095701065106.9077, 'iyy': 39668820197.434525, 'ixy': 0.00238037109375, 'g_eff': 76923.07692307697})"
"('section_type', 'rectangular_hollow_section')","('section_params', {'d': 119.52624841166514, 'b': 283.2896878710278, 't': 5.2385044187863, 'r_out': 11.621851883972003, 'n_r': 4})","('valid', True)","('stiffness_props', {'area': 4016.218093814367, 'ixx': 2101341284628.4526, 'iyy': 8014470506478.066, 'ixy': -0.03125, 'g_eff': 76923.07692307724})"
"('section_type', 'rectangular_hollow_section')","('section_params', {'d': 160.84816660218652, 'b': 30.32146818706806, 't': 10.100329297906002, 'r_out': 12.788383337225918, 'n_r': 4})","('valid', True)","('stiffness_props', {'area': 3297.3688046976936, 'ixx': 1445039991353.5142, 'iyy': 67347919435.35623, 'ixy': 0.0028076171875, 'g_eff': 76923.0769230771})"
"('section_type', 'rectangular_hollow_section')","('section_params', {'d': 218.35019617954046, 'b': 146.2572103724077, 't': 6.203282518313798, 'r_out': 11.481758665789668, 'n_r': 4})","('valid', True)","('stiffness_props', {'area': 4265.63417459484, 'ixx': 5649713891549.873, 'iyy': 3047896019756.658, 'ixy': 0.0283203125, 'g_eff': 76923.07692307662})"
"('section_type', 'rectangular_hollow_section')","('section_params', {'d': 283.960579762941, 'b': 152.53374382045934, 't': 7.673004435546891, 'r_out': 18.318600298151598, 'n_r': 4})","('valid', True)","('stiffness_props', {'area': 6240.703368007778, 'ixx': 13016844398578.824, 'iyy': 4988703687816.709, 'ixy': 0.0703125, 'g_eff': 76923.07692307686})"
"('section_type', 'rectangular_hollow_section')","('section_params', {'d': 20.102807725977215, 'b': 105.2263181864818, 't': 6.560821194055895, 'r_out': 13.170361099883937, 'n_r': 4})","('valid', False)","('stiffness_props', {'area': None, 'ixx': None, 'iyy': None, 'ixy': None, 'g_eff': None})"
"('section_type', 'rectangular_hollow_section')","('section_params', {'d': 194.52537473092147, 'b': 60.41226437174187, 't': 13.653783734991014, 'r_out': 18.30674308473282, 'n_r': 4})","('valid', True)","('stiffness_props', {'area': 5902.536727646231, 'ixx': 4282906496334.6934, 'iyy': 569324781287.004, 'ixy': 0.0078125, 'g_eff': 76923.07692307656})"
"('section_type', 'rectangular_hollow_section')","('section_params', {'d': 156.22944334055924, 'b': 181.53213652685227, 't': 8.381226187523758, 'r_out': 8.777724390080127, 'n_r': 4})","('valid', True)","('stiffness_props', {'area': 5303.841352379143, 'ixx': 3998376812090.6426, 'iyy': 5057655691381.426, 'ixy': 0.0029296875, 'g_eff': 76923.07692307695})"
"('section_type', 'rectangular_hollow_section')","('section_params', {'d': 140.17921521572163, 'b': 243.07416253658084, 't': 4.767008079804549, 'r_out': 19.876574059588112, 'n_r': 4})","('valid', True)","('stiffness_props', {'area': 3396.2672203349757, 'ixx': 2316130886325.1567, 'iyy': 5326511939570.715, 'ixy': -0.0224609375, 'g_eff': 76923.07692307694})"
"('section_type', 'rectangular_hollow_section')","('section_params', {'d': 33.9275338659129, 'b': 271.8965338008189, 't': 8.899503774182346, 'r_out': 17.427243319933936, 'n_r': 4})","('valid', False)","('stiffness_props', {'area': None, 'ixx': None, 'iyy': None, 'ixy': None, 'g_eff': None})"
"('section_type', 'rectangular_hollow_section')","('section_params', {'d': 185.51334137647672, 'b': 50.5780546101299, 't': 16.556257676809103, 'r_out': 16.3798226022192, 'n_r': 4})","('valid', True)","('stiffness_props', {'area': 6452.842712939851, 'ixx': 3928140636037.2363, 'iyy': 361534500763.3883, 'ixy': -0.00537109375, 'g_eff': 76923.07692307688})"
"('section_type', 'rectangular_hollow_section')","('section_params', {'d': 73.64056291265575, 'b': 135.18067153185314, 't': 15.069184209306485, 'r_out': 11.692516006644482, 'n_r': 4})","('valid', True)","('stiffness_props', {'area': 5248.495115816447, 'ixx': 723890921849.4316, 'iyy': 2076767061874.9453, 'ixy': -0.00537109375, 'g_eff': 76923.07692307698})"
"('section_type', 'rectangular_hollow_section')","('section_params', {'d': 190.63787971337362, 'b': 93.7848607404703, 't': 14.638667816403409, 'r_out': 10.106188594777613, 'n_r': 4})","('valid', True)","('stiffness_props', {'area': 7367.842604200517, 'ixx': 6136296481146.584, 'iyy': 1858622796095.3486, 'ixy': 0.0283203125, 'g_eff': 76923.07692307704})"
"('section_type', 'rectangular_hollow_section')","('section_params', {'d': 175.14639244807753, 'b': 84.28359607213805, 't': 10.250121691199233, 'r_out': 9.085654951632486, 'n_r': 4})","('valid', True)","('stiffness_props', {'area': 4815.568800719523, 'ixx': 3495381737254.3574, 'iyy': 1052550059545.4446, 'ixy': -0.01611328125, 'g_eff': 76923.076923077})"
"('section_type', 'rectangular_hollow_section')","('section_params', {'d': 212.06645054449174, 'b': 286.6033634176642, 't': 17.938174280478975, 'r_out': 10.040524959889384, 'n_r': 4})","('valid', True)","('stiffness_props', {'area': 16502.527534996912, 'ixx': 22483919082615.04, 'iyy': 36523508258815.61, 'ixy': -0.25, 'g_eff': 76923.07692307697})"
"('section_type', 'rectangular_hollow_section')","('section_params', {'d': 190.27933588351846, 'b': 119.14585031856573, 't': 5.665970675274996, 'r_out': 12.421430795880143, 'n_r': 4})","('valid', True)","('stiffness_props', {'area': 3269.319466076946, 'ixx': 3192181413933.8115, 'iyy': 1552282827660.9663, 'ixy': -0.0009765625, 'g_eff': 76923.07692307758})"
"('section_type', 'rectangular_hollow_section')","('section_params', {'d': 130.48261760932616, 'b': 28.488346539202848, 't': 8.063224145076575, 'r_out': 16.452816968289895, 'n_r': 4})","('valid', False)","('stiffness_props', {'area': None, 'ixx': None, 'iyy': None, 'ixy': None, 'g_eff': None})"
"('section_type', 'rectangular_hollow_section')","('section_params', {'d': 118.63237779664199, 'b': 289.3314087865051, 't': 16.636577048161868, 'r_out': 18.741922387982502, 'n_r': 4})","('valid', True)","('stiffness_props', {'area': 12120.31197738595, 'ixx': 5186774502831.463, 'iyy': 22639401139118.086, 'ixy': 0.16796875, 'g_eff': 76923.07692307695})"
"('section_type', 'rectangular_hollow_section')","('section_params', {'d': 177.66246740290123, 'b': 53.03197793597133, 't': 15.19556419537087, 'r_out': 19.29219777640447, 'n_r': 4})","('valid', True)","('stiffness_props', {'area': 5732.037334115453, 'ixx': 3240856328056.7344, 'iyy': 376844060350.0459, 'ixy': 0.00537109375, 'g_eff': 76923.07692307704})"
"('section_type', 'rectangular_hollow_section')","('section_params', {'d': 112.08367889675424, 'b': 54.179949484660305, 't': 2.3641159074537375, 'r_out': 9.916889458714351, 'n_r': 4})","('valid', True)","('stiffness_props', {'area': 722.476493059683, 'ixx': 225765387109.53607, 'iyy': 74668019084.95445, 'ixy': -9.1552734375e-05, 'g_eff': 76923.07692307683})"
"('section_type', 'rectangular_hollow_section')","('section_params', {'d': 48.35439092512384, 'b': 33.81604270174349, 't': 4.267422565716032, 'r_out': 12.664774159754948, 'n_r': 4})","('valid', True)","('stiffness_props', {'area': 538.5873532467102, 'ixx': 27163937405.465942, 'iyy': 15709654970.55476, 'ixy': -1.52587890625e-05, 'g_eff': 76923.07692307694})"
"('section_type', 'rectangular_hollow_section')","('section_params', {'d': 108.77199480393122, 'b': 227.46348182765232, 't': 11.617351825207216, 'r_out': 14.47525373552924, 'n_r': 4})","('valid', True)","('stiffness_props', {'area': 7071.114835189035, 'ixx': 2642646577756.004, 'iyy': 8699085369413.348, 'ixy': 0.046875, 'g_eff': 76923.0769230771})"
"('section_type', 'rectangular_hollow_section')","('section_params', {'d': 51.25593406162734, 'b': 22.798417946066962, 't': 3.5909669901727876, 'r_out': 15.542634935258484, 'n_r': 4})","('valid', False)","('stiffness_props', {'area': None, 'ixx': None, 'iyy': None, 'ixy': None, 'g_eff': None})"
"('section_type', 'rectangular_hollow_section')","('section_params', {'d': 47.93730878901273, 'b': 283.11874162291235, 't': 15.812073874170101, 'r_out': 19.203306706549455, 'n_r': 4})","('valid', True)","('stiffness_props', {'area': 9112.012202057389, 'ixx': 473074777139.8113, 'iyy': 12459343941228.07, 'ixy': 0.005859375, 'g_eff': 76923.07692307666})"
"('section_type', 'rectangular_hollow_section')","('section_params', {'d': 99.63851389259983, 'b': 196.72128208004082, 't': 3.563933915626067, 'r_out': 13.371410561993041, 'n_r': 4})","('valid', True)","('stiffness_props', {'area': 1978.998934121654, 'ixx': 700788908134.1135, 'iyy': 1975314342730.292, 'ixy': -0.0146484375, 'g_eff': 76923.07692307644})"
"('section_type', 'rectangular_hollow_section')","('section_params', {'d': 258.1642244926251, 'b': 248.61226465430047, 't': 7.033961439297828, 'r_out': 12.764366662791275, 'n_r': 4})","('valid', True)","('stiffness_props', {'area': 6801.294599609485, 'ixx': 14019856555436.973, 'iyy': 13235248178712.82, 'ixy': -0.0078125, 'g_eff': 76923.0769230769})"
"('section_type', 'rectangular_hollow_section')","('section_params', {'d': 29.096283189657473, 'b': 262.96316589322896, 't': 7.48650090455287, 'r_out': 17.700779643658095, 'n_r': 4})","('valid', False)","('stiffness_props', {'area': None, 'ixx': None, 'iyy': None, 'ixy': None, 'g_eff': None})"
"('section_type', 'rectangular_hollow_section')","('section_params', {'d': 40.57831133386339, 'b': 125.37114969208824, 't': 5.506657879628509, 'r_out': 14.159820374834258, 'n_r': 4})","('valid', True)","('stiffness_props', {'area': 1580.737398465078, 'ixx': 81086250538.73924, 'iyy': 500200665881.48584, 'ixy': -0.00067138671875, 'g_eff': 76923.07692307701})"
"('section_type', 'rectangular_hollow_section')","('section_params', {'d': 236.76244469878682, 'b': 87.07136239652303, 't': 8.881032274032533, 'r_out': 16.722260977252745, 'n_r': 4})","('valid', True)","('stiffness_props', {'area': 5218.31690284799, 'ixx': 6538089179921.02, 'iyy': 1315068190395.3381, 'ixy': 0.0029296875, 'g_eff': 76923.07692307711})"
"('section_type', 'rectangular_hollow_section')","('section_params', {'d': 85.71703224172299, 'b': 111.99006429642033, 't': 9.478241966369819, 'r_out': 14.019082407026364, 'n_r': 4})","('valid', True)","('stiffness_props', {'area': 3212.567676194264, 'ixx': 656963820626.6711, 'iyy': 1010122807372.1091, 'ixy': 0.00244140625, 'g_eff': 76923.07692307686})"
"('section_type', 'rectangular_hollow_section')","('section_params', {'d': 73.41308130349043, 'b': 37.72717582693667, 't': 15.117196519033062, 'r_out': 18.095464855680884, 'n_r': 4})","('valid', True)","('stiffness_props', {'area': 2127.5639279946968, 'ixx': 170246642232.31335, 'iyy': 50774877217.29712, 'ixy': -0.00048828125, 'g_eff': 76923.076923077})"
"('section_type', 'rectangular_hollow_section')","('section_params', {'d': 119.9486986909454, 'b': 29.640456920866917, 't': 14.569522117444146, 'r_out': 15.99921508765819, 'n_r': 4})","('valid', False)","('stiffness_props', {'area': None, 'ixx': None, 'iyy': None, 'ixy': None, 'g_eff': None})"
"('section_type', 'rectangular_hollow_section')","('section_params', {'d': 151.06978404881767, 'b': 202.35587182993902, 't': 9.715189111000075, 'r_out': 17.905108901785695, 'n_r': 4})","('valid', True)","('stiffness_props', {'area': 6236.136430627389, 'ixx': 4402076052923.24, 'iyy': 6938998983609.516, 'ixy': 0.0703125, 'g_eff': 76923.07692307694})"
"('section_type', 'rectangular_hollow_section')","('section_params', {'d': 231.02881835340025, 'b': 72.96187166657188, 't': 19.153340608294567, 'r_out': 18.237525760702997, 'n_r': 4})","('valid', True)","('stiffness_props', {'area': 9844.865283704501, 'ixx': 10038931535025.887, 'iyy': 1292619373518.9536, 'ixy': -0.017578125, 'g_eff': 76923.0769230768})"
"('section_type', 'rectangular_hollow_section')","('section_params', {'d': 96.70181573069821, 'b': 294.7116460099452, 't': 13.946871100909945, 'r_out': 17.25204263201425, 'n_r': 4})","('valid', True)","('stiffness_props', {'area': 9853.216525967027, 'ixx': 2878676291385.9395, 'iyy': 18288972478281.586, 'ixy': -0.078125, 'g_eff': 76923.07692307679})"
"('section_type', 'rectangular_hollow_section')","('section_params', {'d': 122.9739243602527, 'b': 138.61475748551712, 't': 18.99345830204484, 'r_out': 13.48644023598171, 'n_r': 4})","('valid', True)","('stiffness_props', {'area': 8312.057538524306, 'ixx': 3143331146382.625, 'iyy': 3856578696211.586, 'ixy': 0.0107421875, 'g_eff': 76923.0769230768})"
"('section_type', 'rectangular_hollow_section')","('section_params', {'d': 288.83474348097724, 'b': 167.4477295427997, 't': 12.353028586674663, 'r_out': 19.710776712891494, 'n_r': 4})","('valid', True)","('stiffness_props', {'area': 10328.173343533324, 'ixx': 22077924026042.734, 'iyy': 9365468385114.111, 'ixy': -0.00390625, 'g_eff': 76923.07692307707})"
"('section_type', 'rectangular_hollow_section')","('section_params', {'d': 269.66973492682666, 'b': 62.77100612203726, 't': 12.035810926117824, 'r_out': 9.901947922722245, 'n_r': 4})","('valid', True)","('stiffness_props', {'area': 7324.896255544023, 'ixx': 10617680565980.145, 'iyy': 857841922158.2432, 'ixy': -0.0126953125, 'g_eff': 76923.07692307682})"
"('section_type', 'rectangular_hollow_section')","('section_params', {'d': 28.392635123001547, 'b': 190.25138575759416, 't': 5.889577889652167, 'r_out': 11.376476940904498, 'n_r': 4})","('valid', True)","('stiffness_props', {'area': 2337.3753049047045, 'ixx': 55709291933.90759, 'iyy': 1510209649394.4556, 'ixy': 0.002197265625, 'g_eff': 76923.07692307711})"
"('section_type', 'rectangular_hollow_section')","('section_params', {'d': 158.02736162656194, 'b': 170.53945648138162, 't': 16.791247804348593, 'r_out': 9.097502412309156, 'n_r': 4})","('valid', True)","('stiffness_props', {'area': 9823.545164823709, 'ixx': 6720060170276.838, 'iyy': 7620981260130.924, 'ixy': 0.0390625, 'g_eff': 76923.07692307691})"
"('section_type', 'rectangular_hollow_section')","('section_params', {'d': 40.44126786263141, 'b': 50.542484441364216, 't': 16.598700121275996, 'r_out': 15.402502138270174, 'n_r': 4})","('valid', True)","('stiffness_props', {'area': 1681.1195858213339, 'ixx': 42237597699.25964, 'iyy': 63926108776.82437, 'ixy': 0.0, 'g_eff': 76923.07692307691})"
"('section_type', 'rectangular_hollow_section')","('section_params', {'d': 163.91106309240593, 'b': 291.82503894541946, 't': 8.994012713393522, 'r_out': 15.410983906371023, 'n_r': 4})","('valid', True)","('stiffness_props', {'area': 7677.902626935763, 'ixx': 6988712512523.936, 'iyy': 17143435390881.156, 'ixy': -0.09765625, 'g_eff': 76923.07692307708})"
"('section_type', 'rectangular_hollow_section')","('section_params', {'d': 168.38026364737613, 'b': 96.73356601383867, 't': 12.087509841642358, 'r_out': 19.23025297099093, 'n_r': 4})","('valid', True)","('stiffness_props', {'area': 5505.916623767195, 'ixx': 3652047097471.076, 'iyy': 1491988768928.7144, 'ixy': 0.001953125, 'g_eff': 76923.07692307692})"
"('section_type', 'rectangular_hollow_section')","('section_params', {'d': 104.738770888867, 'b': 86.68321192277055, 't': 5.118368348015011, 'r_out': 18.652763952318804, 'n_r': 4})","('valid', True)","('stiffness_props', {'area': 1689.9999190037443, 'ixx': 495551230602.2894, 'iyy': 372523234996.2051, 'ixy': 0.00048828125, 'g_eff': 76923.07692307683})"
"('section_type', 'rectangular_hollow_section')","('section_params', {'d': 149.97612407992085, 'b': 119.85429291398421, 't': 4.8407724972964115, 'r_out': 15.481331476675823, 'n_r': 4})","('valid', True)","('stiffness_props', {'area': 2392.192880656754, 'ixx': 1527998856949.249, 'iyy': 1087570117498.4602, 'ixy': 0.00146484375, 'g_eff': 76923.07692307688})"
"('section_type', 'rectangular_hollow_section')","('section_params', {'d': 199.87341422723912, 'b': 290.72967621477443, 't': 7.721628620245754, 'r_out': 18.954302228158394, 'n_r': 4})","('valid', True)","('stiffness_props', {'area': 7104.922917905732, 'ixx': 9456102381544.434, 'iyy': 16768860792112.633, 'ixy': 0.1015625, 'g_eff': 76923.07692307695})"
"('section_type', 'rectangular_hollow_section')","('section_params', {'d': 280.3022442487361, 'b': 80.5355967582625, 't': 6.03403860063098, 'r_out': 15.929629289154605, 'n_r': 4})","('valid', True)","('stiffness_props', {'area': 4053.150060858179, 'ixx': 6934730418861.201, 'iyy': 957553145190.1384, 'ixy': 0.0, 'g_eff': 76923.07692307676})"
"('section_type', 'rectangular_hollow_section')","('section_params', {'d': 242.81120621206736, 'b': 259.051579065391, 't': 9.67591185203201, 'r_out': 19.89221861052362, 'n_r': 4})","('valid', True)","('stiffness_props', {'area': 9046.139626181435, 'ixx': 16403076468676.832, 'iyy': 18116004189827.438, 'ixy': 0.01171875, 'g_eff': 76923.07692307683})"
"('section_type', 'rectangular_hollow_section')","('section_params', {'d': 178.94616638386577, 'b': 179.8763364967268, 't': 10.969593549756144, 'r_out': 16.951447691143507, 'n_r': 4})","('valid', True)","('stiffness_props', {'area': 7139.377095768388, 'ixx': 6613888452568.883, 'iyy': 6667810733437.85, 'ixy': 0.05078125, 'g_eff': 76923.07692307678})"
"('section_type', 'rectangular_hollow_section')","('section_params', {'d': 78.55662311394934, 'b': 264.5932230311321, 't': 14.105617069986273, 'r_out': 10.232317457233506, 'n_r': 4})","('valid', True)","('stiffness_props', {'area': 8780.106602448312, 'ixx': 1606676127564.7769, 'iyy': 12817374342688.488, 'ixy': 0.0234375, 'g_eff': 76923.0769230771})"
"('section_type', 'rectangular_hollow_section')","('section_params', {'d': 214.56728073177837, 'b': 173.97456196572367, 't': 11.766220488109246, 'r_out': 9.100596334195117, 'n_r': 4})","('valid', True)","('stiffness_props', {'area': 8506.741348132984, 'ixx': 10979943107733.871, 'iyy': 7870741636196.326, 'ixy': -0.072265625, 'g_eff': 76923.0769230768})"
"('section_type', 'rectangular_hollow_section')","('section_params', {'d': 187.4626243838122, 'b': 278.84245178570404, 't': 6.103557781302185, 'r_out': 8.038689726867787, 'n_r': 4})","('valid', True)","('stiffness_props', {'area': 5482.3504849932615, 'ixx': 6591920383580.439, 'iyy': 12138310828472.312, 'ixy': -0.125, 'g_eff': 76923.07692307705})"
"('section_type', 'rectangular_hollow_section')","('section_params', {'d': 22.766166040787965, 'b': 241.81660384701564, 't': 3.5481489977291742, 'r_out': 10.152204226545951, 'n_r': 4})","('valid', True)","('stiffness_props', {'area': 1767.7470291549866, 'ixx': 31127766328.40287, 'iyy': 1815728112267.1006, 'ixy': 0.00128173828125, 'g_eff': 76923.07692307721})"
"('section_type', 'rectangular_hollow_section')","('section_params', {'d': 82.44918647472117, 'b': 20.776153982505427, 't': 5.032105347565008, 'r_out': 18.32126815011086, 'n_r': 4})","('valid', False)","('stiffness_props', {'area': None, 'ixx': None, 'iyy': None, 'ixy': None, 'g_eff': None})"
"('section_type', 'rectangular_hollow_section')","('section_params', {'d': 167.29048526457254, 'b': 39.966704945543356, 't': 2.2326868585150033, 'r_out': 8.465152832615718, 'n_r': 4})","('valid', True)","('stiffness_props', {'area': 872.7260670357726, 'ixx': 518563968787.9087, 'iyy': 53986440203.417435, 'ixy': 0.00067138671875, 'g_eff': 76923.07692307705})"
"('section_type', 'rectangular_hollow_section')","('section_params', {'d': 193.31534797058225, 'b': 164.61749604641446, 't': 13.454204219467755, 'r_out': 18.806537912515548, 'n_r': 4})","('valid', True)","('stiffness_props', {'area': 8582.302323509386, 'ixx': 8682505068822.391, 'iyy': 6727770124677.754, 'ixy': 0.05078125, 'g_eff': 76923.07692307698})"
"('section_type', 'rectangular_hollow_section')","('section_params', {'d': 108.32186634790418, 'b': 227.04030942343653, 't': 14.997169205864457, 'r_out': 17.791034550411293, 'n_r': 4})","('valid', True)","('stiffness_props', {'area': 8850.59102701134, 'ixx': 3075594853724.5586, 'iyy': 10400491312684.113, 'ixy': 0.0078125, 'g_eff': 76923.07692307713})"
"('section_type', 'rectangular_hollow_section')","('section_params', {'d': 236.8391082596384, 'b': 97.25797147028987, 't': 8.558660152324782, 'r_out': 8.716214857644006, 'n_r': 4})","('valid', True)","('stiffness_props', {'area': 5349.896494213852, 'ixx': 7160582867410.996, 'iyy': 1713663393657.6777, 'ixy': -0.0146484375, 'g_eff': 76923.07692307691})"
"('section_type', 'rectangular_hollow_section')","('section_params', {'d': 28.97635931416241, 'b': 37.85831716823914, 't': 14.303951867920734, 'r_out': 16.158614011024564, 'n_r': 4})","('valid', False)","('stiffness_props', {'area': None, 'ixx': None, 'iyy': None, 'ixy': None, 'g_eff': None})"
"('section_type', 'rectangular_hollow_section')","('section_params', {'d': 69.61758296474693, 'b': 277.026751932095, 't': 13.841213195015694, 'r_out': 10.0795489383693, 'n_r': 4})","('valid', True)","('stiffness_props', {'area': 8728.042246662888, 'ixx': 1230032084048.553, 'iyy': 13456802318404.781, 'ixy': 0.021484375, 'g_eff': 76923.07692307695})"
"('section_type', 'rectangular_hollow_section')","('section_params', {'d': 213.77845674488816, 'b': 148.9055892511262, 't': 3.634733427607542, 'r_out': 10.205821959418868, 'n_r': 4})","('valid', True)","('stiffness_props', {'area': 2522.6949055497707, 'ixx': 3319453841550.4404, 'iyy': 1917812475916.5693, 'ixy': -0.00537109375, 'g_eff': 76923.07692307766})"
"('section_type', 'rectangular_hollow_section')","('section_params', {'d': 134.17379521248165, 'b': 224.15344066633628, 't': 5.338947151565457, 'r_out': 17.079984487426007, 'n_r': 4})","('valid', True)","('stiffness_props', {'area': 3558.2890115295213, 'ixx': 2186747888223.2354, 'iyy': 4779341567597.322, 'ixy': -0.0341796875, 'g_eff': 76923.0769230771})"
"('section_type', 'rectangular_hollow_section')","('section_params', {'d': 80.13652132408197, 'b': 155.20334519362228, 't': 10.972009404352168, 'r_out': 10.707195700041819, 'n_r': 4})","('valid', True)","('stiffness_props', {'area': 4568.11845606664, 'ixx': 861236787167.7151, 'iyy': 2569047649695.087, 'ixy': 0.01123046875, 'g_eff': 76923.07692307698})"
"('section_type', 'rectangular_hollow_section')","('section_params', {'d': 74.22247015720683, 'b': 182.26462447175038, 't': 5.637159853319213, 'r_out': 16.151647406388648, 'n_r': 4})","('valid', True)","('stiffness_props', {'area': 2614.28595518945, 'ixx': 491833043161.96594, 'iyy': 2000062471383.856, 'ixy': -0.00439453125, 'g_eff': 76923.07692307705})"
"('section_type', 'rectangular_hollow_section')","('section_params', {'d': 121.43996398575156, 'b': 137.03881091803981, 't': 13.914189933196017, 'r_out': 11.323913088049538, 'n_r': 4})","('valid', True)","('stiffness_props', {'area': 6290.39580180843, 'ixx': 2511069641307.24, 'iyy': 3065581341626.2607, 'ixy': 0.015625, 'g_eff': 76923.07692307678})"
"('section_type', 'rectangular_hollow_section')","('section_params', {'d': 104.26862490888156, 'b': 286.77617273019246, 't': 12.908647496818482, 'r_out': 13.652766405432494, 'n_r': 4})","('valid', True)","('stiffness_props', {'area': 9243.341858015372, 'ixx': 3229224227913.627, 'iyy': 17019712044945.367, 'ixy': -0.115234375, 'g_eff': 76923.07692307704})"
"('section_type', 'rectangular_hollow_section')","('section_params', {'d': 277.914296420381, 'b': 142.54618506305195, 't': 7.449825878843791, 'r_out': 12.052189726395174, 'n_r': 4})","('valid', True)","('stiffness_props', {'area': 5918.64160525681, 'ixx': 11822762594600.281, 'iyy': 4179844478531.909, 'ixy': 0.015625, 'g_eff': 76923.07692307683})"
"('section_type', 'rectangular_hollow_section')","('section_params', {'d': 161.12274841828665, 'b': 170.7261012860432, 't': 5.5489748712265445, 'r_out': 14.708004302418992, 'n_r': 4})","('valid', True)","('stiffness_props', {'area': 3427.2397971851183, 'ixx': 2750611817057.995, 'iyy': 3003893763439.34, 'ixy': -0.0146484375, 'g_eff': 76923.0769230769})"
"('section_type', 'rectangular_hollow_section')","('section_params', {'d': 199.5912626755814, 'b': 122.46753174094306, 't': 7.39436644747959, 'r_out': 8.468975877136428, 'n_r': 4})","('valid', True)","('stiffness_props', {'area': 4473.566099479025, 'ixx': 4767321345802.523, 'iyy': 2215116393604.5874, 'ixy': 0.029296875, 'g_eff': 76923.0769230768})"
"('section_type', 'rectangular_hollow_section')","('section_params', {'d': 118.26905554590977, 'b': 74.43213670072215, 't': 19.03630747119112, 'r_out': 15.326130925263001, 'n_r': 4})","('valid', True)","('stiffness_props', {'area': 5652.223993654748, 'ixx': 1594999151228.1724, 'iyy': 695438810353.5779, 'ixy': 0.0029296875, 'g_eff': 76923.07692307695})"
"('section_type', 'rectangular_hollow_section')","('section_params', {'d': 52.61190595082386, 'b': 169.8299278986647, 't': 7.156928905003953, 'r_out': 17.716967995741918, 'n_r': 4})","('valid', True)","('stiffness_props', {'area': 2776.737725949618, 'ixx': 241617243938.6988, 'iyy': 1611882369595.8594, 'ixy': 0.00390625, 'g_eff': 76923.07692307705})"
"('section_type', 'rectangular_hollow_section')","('section_params', {'d': 69.590091292886, 'b': 233.8782719589351, 't': 15.574176956390069, 'r_out': 9.96954591161102, 'n_r': 4})","('valid', True)","('stiffness_props', {'area': 8382.928182740248, 'ixx': 1100800550222.8105, 'iyy': 9238615126495.207, 'ixy': 0.013671875, 'g_eff': 76923.07692307708})"
"('section_type', 'rectangular_hollow_section')","('section_params', {'d': 197.3954764845262, 'b': 289.30539511190347, 't': 17.176207191453702, 'r_out': 16.79152931350805, 'n_r': 4})","('valid', True)","('stiffness_props', {'area': 15257.306190981455, 'ixx': 18164340797019.906, 'iyy': 33514975636983.47, 'ixy': -0.1015625, 'g_eff': 76923.076923077})"
"('section_type', 'rectangular_hollow_section')","('section_params', {'d': 118.08710907134147, 'b': 270.3293169937739, 't': 8.115505206464064, 'r_out': 11.942396936702703, 'n_r': 4})","('valid', True)","('stiffness_props', {'area': 5912.969612711777, 'ixx': 2861149454850.9194, 'iyy': 10576887070798.453, 'ixy': -0.005859375, 'g_eff': 76923.076923077})"
"('section_type', 'rectangular_hollow_section')","('section_params', {'d': 92.06854841816437, 'b': 52.39714890073649, 't': 7.7645053627319776, 'r_out': 13.491999878247546, 'n_r': 4})","('valid', True)","('stiffness_props', {'area': 1853.0293217258306, 'ixx': 348134035489.5061, 'iyy': 139324486486.39197, 'ixy': -0.00030517578125, 'g_eff': 76923.07692307694})"
"('section_type', 'rectangular_hollow_section')","('section_params', {'d': 158.96618401298358, 'b': 176.8510200917491, 't': 9.95986572524137, 'r_out': 19.628110511635164, 'n_r': 4})","('valid', True)","('stiffness_props', {'area': 6000.805056151472, 'ixx': 4462357205821.061, 'iyy': 5266235905194.771, 'ixy': 0.0126953125, 'g_eff': 76923.07692307701})"
"('section_type', 'rectangular_hollow_section')","('section_params', {'d': 191.6398178696145, 'b': 221.21756807202527, 't': 15.683571620521462, 'r_out': 16.146566221908472, 'n_r': 4})","('valid', True)","('stiffness_props', {'area': 11705.761851091873, 'ixx': 12481944640705.77, 'iyy': 15705361519304.898, 'ixy': 0.09375, 'g_eff': 76923.07692307766})"
"('section_type', 'rectangular_hollow_section')","('section_params', {'d': 71.65378203862298, 'b': 128.62871487219854, 't': 6.911740034154769, 'r_out': 18.772895624471726, 'n_r': 4})","('valid', True)","('stiffness_props', {'area': 2365.777904689526, 'ixx': 367912259945.3419, 'iyy': 914285357975.6738, 'ixy': 0.001708984375, 'g_eff': 76923.07692307694})"
"('section_type', 'rectangular_hollow_section')","('section_params', {'d': 253.53052033184923, 'b': 175.09095546421216, 't': 8.505668641552962, 'r_out': 17.626192170596674, 'n_r': 4})","('valid', True)","('stiffness_props', {'area': 6774.540194398917, 'ixx': 11987354102241.79, 'iyy': 6776242344931.172, 'ixy': 0.009765625, 'g_eff': 76923.0769230768})"
"('section_type', 'rectangular_hollow_section')","('section_params', {'d': 252.43863074131454, 'b': 78.31574868746021, 't': 9.56945675287355, 'r_out': 15.796114123576013, 'n_r': 4})","('valid', True)","('stiffness_props', {'area': 5753.235489961035, 'ixx': 7828408230001.895, 'iyy': 1158512385397.8374, 'ixy': -0.021484375, 'g_eff': 76923.07692307683})"
"('section_type', 'rectangular_hollow_section')","('section_params', {'d': 211.63432677464553, 'b': 66.36822690590469, 't': 15.421006690409554, 'r_out': 16.639315890675892, 'n_r': 4})","('valid', True)","('stiffness_props', {'area': 7347.546135132731, 'ixx': 6414377526105.133, 'iyy': 848456934565.7683, 'ixy': -0.0048828125, 'g_eff': 76923.07692307731})"
"('section_type', 'rectangular_hollow_section')","('section_params', {'d': 67.725063042788, 'b': 69.78099737582312, 't': 4.649287384615121, 'r_out': 10.49764870992509, 'n_r': 4})","('valid', True)","('stiffness_props', {'area': 1116.149593040137, 'ixx': 143808649756.30597, 'iyy': 150633967977.88098, 'ixy': 0.0003662109375, 'g_eff': 76923.0769230769})"
"('section_type', 'rectangular_hollow_section')","('section_params', {'d': 272.53858557880653, 'b': 235.65421891212375, 't': 9.302088715267212, 'r_out': 14.781856524345692, 'n_r': 4})","('valid', True)","('stiffness_props', {'area': 8919.918258738413, 'ixx': 19598433552497.22, 'iyy': 15665397007390.918, 'ixy': -0.14453125, 'g_eff': 76923.07692307727})"
"('section_type', 'rectangular_hollow_section')","('section_params', {'d': 63.437734689662506, 'b': 184.15318225849626, 't': 16.972187532655504, 'r_out': 11.431427377071772, 'n_r': 4})","('valid', True)","('stiffness_props', {'area': 7121.420817200955, 'ixx': 697302949251.4304, 'iyy': 4728439188004.055, 'ixy': 0.0, 'g_eff': 76923.07692307675})"
"('section_type', 'rectangular_hollow_section')","('section_params', {'d': 260.96061290306636, 'b': 80.43890131105957, 't': 4.319114155676884, 'r_out': 13.20725656084276, 'n_r': 4})","('valid', True)","('stiffness_props', {'area': 2779.0354103584136, 'ixx': 4279061911733.326, 'iyy': 677077361109.0021, 'ixy': -0.01513671875, 'g_eff': 76923.07692307707})"
"('section_type', 'rectangular_hollow_section')","('section_params', {'d': 160.3055430161057, 'b': 73.10267908324428, 't': 12.82743071536736, 'r_out': 19.926251371064204, 'n_r': 4})","('valid', True)","('stiffness_props', {'area': 4983.221440721624, 'ixx': 2680331741914.1445, 'iyy': 727755165177.5212, 'ixy': -0.00439453125, 'g_eff': 76923.07692307695})"
"('section_type', 'rectangular_hollow_section')","('section_params', {'d': 242.87719739367432, 'b': 267.9575785618051, 't': 11.388341195394483, 'r_out': 17.153928363691918, 'n_r': 4})","('valid', True)","('stiffness_props', {'area': 10855.328922465049, 'ixx': 19682029564659.977, 'iyy': 22920135249857.555, 'ixy': -0.078125, 'g_eff': 76923.07692307707})"
"('section_type', 'rectangular_hollow_section')","('section_params', {'d': 279.01859993180614, 'b': 146.75008092082277, 't': 7.713204654145628, 'r_out': 9.290854852467131, 'n_r': 4})","('valid', True)","('stiffness_props', {'area': 6246.276833595749, 'ixx': 12726041364613.086, 'iyy': 4661655711011.081, 'ixy': -0.033203125, 'g_eff': 76923.07692307691})"
"('section_type', 'rectangular_hollow_section')","('section_params', {'d': 77.052534408473, 'b': 231.8983855173198, 't': 8.377096761389243, 'r_out': 11.195149504921353, 'n_r': 4})","('valid', True)","('stiffness_props', {'area': 4778.1305497060985, 'ixx': 951092406057.1353, 'iyy': 5703868921580.854, 'ixy': -0.01611328125, 'g_eff': 76923.07692307697})"
"('section_type', 'rectangular_hollow_section')","('section_params', {'d': 295.70524927388146, 'b': 158.05724408534803, 't': 8.340940561098165, 'r_out': 13.704759202139275, 'n_r': 4})","('valid', True)","('stiffness_props', {'area': 7132.2769397801785, 'ixx': 16254582224066.91, 'iyy': 6132119769570.482, 'ixy': -0.04296875, 'g_eff': 76923.07692307718})"
"('section_type', 'rectangular_hollow_section')","('section_params', {'d': 177.94500619966064, 'b': 25.006511266950046, 't': 8.841932650948504, 'r_out': 12.736715433513178, 'n_r': 4})","('valid', False)","('stiffness_props', {'area': None, 'ixx': None, 'iyy': None, 'ixy': None, 'g_eff': None})"
"('section_type', 'rectangular_hollow_section')","('section_params', {'d': 94.75004332907024, 'b': 94.60069822792254, 't': 10.856426204553761, 'r_out': 10.388234882190162, 'n_r': 4})","('valid', True)","('stiffness_props', {'area': 3531.981321274868, 'ixx': 824361538548.6375, 'iyy': 822215011425.165, 'ixy': 0.002685546875, 'g_eff': 76923.076923077})"
"('section_type', 'rectangular_hollow_section')","('section_params', {'d': 293.20231088833924, 'b': 24.70344223920316, 't': 11.441253013482191, 'r_out': 11.627141181681456, 'n_r': 4})","('valid', True)","('stiffness_props', {'area': 6615.715372225796, 'ixx': 9219526176174.793, 'iyy': 71029156546.49585, 'ixy': 0.0068359375, 'g_eff': 76923.07692307685})"
"('section_type', 'rectangular_hollow_section')","('section_params', {'d': 251.5993784937686, 'b': 59.02874113300496, 't': 7.1873090184109545, 'r_out': 9.209648547366431, 'n_r': 4})","('valid', True)","('stiffness_props', {'area': 4177.803158230969, 'ixx': 5485869861466.695, 'iyy': 498151142302.8375, 'ixy': 0.0, 'g_eff': 76923.07692307679})"
"('section_type', 'rectangular_hollow_section')","('section_params', {'d': 53.93940656476319, 'b': 128.04042762071023, 't': 14.26442826540758, 'r_out': 9.956702937520022, 'n_r': 4})","('valid', True)","('stiffness_props', {'area': 4278.644992637024, 'ixx': 295657804130.3197, 'iyy': 1394470460653.4473, 'ixy': 0.00244140625, 'g_eff': 76923.07692307665})"
"('section_type', 'rectangular_hollow_section')","('section_params', {'d': 173.33619956444744, 'b': 47.70798370720675, 't': 8.021746299178684, 'r_out': 8.244617589747161, 'n_r': 4})","('valid', True)","('stiffness_props', {'area': 3221.003015886258, 'ixx': 1989865675752.1924, 'iyy': 223943383455.05847, 'ixy': -0.00244140625, 'g_eff': 76923.07692307695})"
"('section_type', 'rectangular_hollow_section')","('section_params', {'d': 225.38383768587212, 'b': 226.40562813037178, 't': 10.103048930594378, 'r_out': 15.305942483580981, 'n_r': 4})","('valid', True)","('stiffness_props', {'area': 8513.413994174223, 'ixx': 13016568952859.934, 'iyy': 13108114466755.004, 'ixy': 0.05078125, 'g_eff': 76923.07692307698})"
"('section_type', 'rectangular_hollow_section')","('section_params', {'d': 285.91442149150294, 'b': 179.00528103662825, 't': 19.368748927613236, 'r_out': 18.82336012794068, 'n_r': 4})","('valid', True)","('stiffness_props', {'area': 16154.913352946036, 'ixx': 33068172391786.438, 'iyy': 15451435080725.45, 'ixy': -0.1484375, 'g_eff': 76923.07692307679})"
"('section_type', 'rectangular_hollow_section')","('section_params', {'d': 203.8398378975492, 'b': 181.34636107539887, 't': 19.51543610444667, 'r_out': 16.433750829586582, 'n_r': 4})","('valid', True)","('stiffness_props', {'area': 13240.67615702679, 'ixx': 14462634884785.402, 'iyy': 11937368472429.016, 'ixy': 0.0546875, 'g_eff': 76923.07692307714})"
"('section_type', 'rectangular_hollow_section')","('section_params', {'d': 55.768185274516135, 'b': 148.8311066684785, 't': 17.37106765973381, 'r_out': 18.73207294197091, 'n_r': 4})","('valid', True)","('stiffness_props', {'area': 5552.1620990695865, 'ixx': 373336555336.36914, 'iyy': 2201522696366.208, 'ixy': -0.00244140625, 'g_eff': 76923.07692307672})"
"('section_type', 'rectangular_hollow_section')","('section_params', {'d': 280.994303889871, 'b': 282.76456538946894, 't': 11.104320711614895, 'r_out': 12.240985262100743, 'n_r': 4})","('valid', True)","('stiffness_props', {'area': 11878.545109238175, 'ixx': 28736541525338.117, 'iyy': 29017697756777.914, 'ixy': -0.28125, 'g_eff': 76923.07692307685})"
"('section_type', 'rectangular_hollow_section')","('section_params', {'d': 292.79289950932025, 'b': 108.60303888152355, 't': 18.086436055881517, 'r_out': 16.201120842535122, 'n_r': 4})","('valid', True)","('stiffness_props', {'area': 12948.690952224953, 'ixx': 23966886411937.016, 'iyy': 4491931769809.265, 'ixy': 0.0390625, 'g_eff': 76923.07692307678})"
"('section_type', 'rectangular_hollow_section')","('section_params', {'d': 84.89544781694121, 'b': 275.4669061746546, 't': 9.060300826826932, 'r_out': 14.94224293838595, 'n_r': 4})","('valid', True)","('stiffness_props', {'area': 6012.953082338324, 'ixx': 1471478397579.828, 'iyy': 9917129507379.633, 'ixy': 0.0048828125, 'g_eff': 76923.07692307682})"
"('section_type', 'rectangular_hollow_section')","('section_params', {'d': 28.52805590730119, 'b': 109.89239379948204, 't': 11.793964037419173, 'r_out': 9.012363332863526, 'n_r': 4})","('valid', True)","('stiffness_props', {'area': 2627.4385680630567, 'ixx': 39926103886.31177, 'iyy': 532807668250.7344, 'ixy': -0.00054931640625, 'g_eff': 76923.076923077})"
"('section_type', 'rectangular_hollow_section')","('section_params', {'d': 146.44182114157533, 'b': 140.7815957455681, 't': 10.697249263459241, 'r_out': 16.808453323496074, 'n_r': 4})","('valid', True)","('stiffness_props', {'area': 5442.099114205349, 'ixx': 3235132092462.5312, 'iyy': 3039901624668.7783, 'ixy': -0.0068359375, 'g_eff': 76923.07692307659})"
"('section_type', 'rectangular_hollow_section')","('section_params', {'d': 260.71424476805066, 'b': 115.14047518835203, 't': 19.725740217671873, 'r_out': 15.819692180827328, 'n_r': 4})","('valid', True)","('stiffness_props', {'area': 13021.343161655246, 'ixx': 19540831710601.04, 'iyy': 4888827726968.2, 'ixy': -0.02734375, 'g_eff': 76923.07692307705})"
"('section_type', 'rectangular_hollow_section')","('section_params', {'d': 107.66626684014832, 'b': 166.55573377885455, 't': 8.651919287868798, 'r_out': 18.37903346812832, 'n_r': 4})","('valid', True)","('stiffness_props', {'area': 4202.4982822250395, 'ixx': 1498350440942.7617, 'iyy': 2962202591881.6074, 'ixy': 0.00439453125, 'g_eff': 76923.07692307676})"
"('section_type', 'rectangular_hollow_section')","('section_params', {'d': 178.89931775196285, 'b': 282.13246009415946, 't': 14.411612825641553, 'r_out': 8.634044705545756, 'n_r': 4})","('valid', True)","('stiffness_props', {'area': 12383.097900349065, 'ixx': 12539143320945.164, 'iyy': 26017292357313.453, 'ixy': 0.12109375, 'g_eff': 76923.07692307685})"
"('section_type', 'rectangular_hollow_section')","('section_params', {'d': 36.94750815527849, 'b': 100.00603885975438, 't': 19.723146665570965, 'r_out': 9.544845019913646, 'n_r': 4})","('valid', True)","('stiffness_props', {'area': 3452.544075512716, 'ixx': 79227722963.00009, 'iyy': 565166093848.6213, 'ixy': -0.0009765625, 'g_eff': 76923.07692307701})"
"('section_type', 'rectangular_hollow_section')","('section_params', {'d': 231.92035662409083, 'b': 44.33862255729402, 't': 16.814068246518772, 'r_out': 19.497870479872283, 'n_r': 4})","('valid', True)","('stiffness_props', {'area': 7786.258936522478, 'ixx': 6898874758990.793, 'iyy': 308537326334.79126, 'ixy': 0.00390625, 'g_eff': 76923.0769230767})"
"('section_type', 'rectangular_hollow_section')","('section_params', {'d': 121.80875811387376, 'b': 91.6269704909558, 't': 4.782884768173324, 'r_out': 15.101954397228766, 'n_r': 4})","('valid', True)","('stiffness_props', {'area': 1828.5872152268748, 'ixx': 737438054275.3647, 'iyy': 478197887565.6262, 'ixy': 0.001708984375, 'g_eff': 76923.07692307717})"
"('section_type', 'rectangular_hollow_section')","('section_params', {'d': 157.6006990519122, 'b': 65.92540047933022, 't': 12.398465448372988, 'r_out': 12.852363692605309, 'n_r': 4})","('valid', True)","('stiffness_props', {'area': 4762.896232926528, 'ixx': 2506316185335.0723, 'iyy': 568993632364.5645, 'ixy': -0.00537109375, 'g_eff': 76923.07692307694})"
"('section_type', 'rectangular_hollow_section')","('section_params', {'d': 213.3646037439203, 'b': 114.58467634422375, 't': 7.87324338257935, 'r_out': 19.334273728067522, 'n_r': 4})","('valid', True)","('stiffness_props', {'area': 4673.638229094304, 'ixx': 5300543880653.588, 'iyy': 2019140244848.6792, 'ixy': 0.0009765625, 'g_eff': 76923.076923077})"
"('section_type', 'rectangular_hollow_section')","('section_params', {'d': 65.47466415142588, 'b': 232.50397293822743, 't': 19.11645635272082, 'r_out': 12.588907386360159, 'n_r': 4})","('valid', True)","('stiffness_props', {'area': 9772.35501681098, 'ixx': 994095261655.583, 'iyy': 9980345231630.914, 'ixy': -0.0205078125, 'g_eff': 76923.07692307694})"
"('section_type', 'rectangular_hollow_section')","('section_params', {'d': 134.51592919075466, 'b': 20.635146667174542, 't': 8.67041707326127, 'r_out': 19.759077836768995, 'n_r': 4})","('valid', False)","('stiffness_props', {'area': None, 'ixx': None, 'iyy': None, 'ixy': None, 'g_eff': None})"
"('section_type', 'rectangular_hollow_section')","('section_params', {'d': 201.26975830953847, 'b': 96.17647610280841, 't': 18.739016349621025, 'r_out': 9.547478705143012, 'n_r': 4})","('valid', True)","('stiffness_props', {'area': 9651.942414941679, 'ixx': 8594229944051.113, 'iyy': 2393889473579.675, 'ixy': -0.00390625, 'g_eff': 76923.07692307713})"
"('section_type', 'rectangular_hollow_section')","('section_params', {'d': 53.20661605699233, 'b': 165.80729816954448, 't': 4.564019116473415, 'r_out': 16.46808264888018, 'n_r': 4})","('valid', True)","('stiffness_props', {'area': 1786.3552830781107, 'ixx': 174834427419.36353, 'iyy': 1039932682237.8574, 'ixy': 0.001220703125, 'g_eff': 76923.0769230773})"
"('section_type', 'rectangular_hollow_section')","('section_params', {'d': 145.16901532480213, 'b': 266.2004451081406, 't': 5.956046929534442, 'r_out': 17.190694923643605, 'n_r': 4})","('valid', True)","('stiffness_props', {'area': 4589.070966918024, 'ixx': 3370357835676.704, 'iyy': 8529349092524.178, 'ixy': 0.017578125, 'g_eff': 76923.07692307714})"
"('section_type', 'rectangular_hollow_section')","('section_params', {'d': 133.3813491975643, 'b': 250.04148389589872, 't': 13.995058008007874, 'r_out': 13.056542690418054, 'n_r': 4})","('valid', True)","('stiffness_props', {'area': 9778.129679858832, 'ixx': 5418824676937.013, 'iyy': 15014146815927.68, 'ixy': -0.00390625, 'g_eff': 76923.0769230768})"
"('section_type', 'rectangular_hollow_section')","('section_params', {'d': 144.4049774029818, 'b': 190.17479217572378, 't': 15.949367121553129, 'r_out': 8.406001828238534, 'n_r': 4})","('valid', True)","('stiffness_props', {'area': 9584.481039862094, 'ixx': 5718207327936.652, 'iyy': 8996297694737.45, 'ixy': 0.048828125, 'g_eff': 76923.07692307721})"
"('section_type', 'rectangular_hollow_section')","('section_params', {'d': 119.6231885568491, 'b': 34.77617842407524, 't': 14.380685317315967, 'r_out': 8.874706999248394, 'n_r': 4})","('valid', True)","('stiffness_props', {'area': 3534.760554385754, 'ixx': 864547747952.3721, 'iyy': 79815377716.8718, 'ixy': 0.001220703125, 'g_eff': 76923.0769230767})"
"('section_type', 'rectangular_hollow_section')","('section_params', {'d': 111.51781770374254, 'b': 295.57667318870296, 't': 17.475041920440283, 'r_out': 14.581566542383245, 'n_r': 4})","('valid', True)","('stiffness_props', {'area': 12793.856144537041, 'ixx': 4765908608425.493, 'iyy': 24519016601038.844, 'ixy': 0.03515625, 'g_eff': 76923.07692307727})"
"('section_type', 'rectangular_hollow_section')","('section_params', {'d': 243.1878605786591, 'b': 215.8481371888193, 't': 14.897928216475588, 'r_out': 13.82567318658031, 'n_r': 4})","('valid', True)","('stiffness_props', {'area': 12598.428387401033, 'ixx': 21073606397753.438, 'iyy': 17436832539362.05, 'ixy': 0.09765625, 'g_eff': 76923.0769230773})"
"('section_type', 'rectangular_hollow_section')","('section_params', {'d': 93.95948877942223, 'b': 69.10797052948044, 't': 8.648713488417464, 'r_out': 14.855545241155589, 'n_r': 4})","('valid', True)","('stiffness_props', {'area': 2339.2840256694676, 'ixx': 493430749737.84314, 'iyy': 301096392819.42126, 'ixy': 0.000732421875, 'g_eff': 76923.07692307694})"
"('section_type', 'rectangular_hollow_section')","('section_params', {'d': 178.0260767412958, 'b': 62.43984411559901, 't': 2.9104509893345814, 'r_out': 13.091841732645317, 'n_r': 4})","('valid', True)","('stiffness_props', {'area': 1298.1100521886287, 'ixx': 945084299513.8516, 'iyy': 188103882277.32013, 'ixy': -0.00048828125, 'g_eff': 76923.07692307695})"
"('section_type', 'rectangular_hollow_section')","('section_params', {'d': 287.2825992554516, 'b': 132.30793812532607, 't': 11.24770112955707, 'r_out': 18.762200911476647, 'n_r': 4})","('valid', True)","('stiffness_props', {'area': 8637.262323628931, 'ixx': 17135643935880.953, 'iyy': 5009489477111.142, 'ixy': -0.015625, 'g_eff': 76923.07692307698})"
"('section_type', 'rectangular_hollow_section')","('section_params', {'d': 119.59499558776292, 'b': 109.92349125493661, 't': 4.915018708006406, 'r_out': 9.965847631952997, 'n_r': 4})","('valid', True)","('stiffness_props', {'area': 2085.738431525785, 'ixx': 876881649804.6262, 'iyy': 770196568571.3596, 'ixy': -0.001708984375, 'g_eff': 76923.07692307676})"
"('section_type', 'rectangular_hollow_section')","('section_params', {'d': 42.54783921230886, 'b': 254.4811764940619, 't': 17.821194001547426, 'r_out': 13.709944189081511, 'n_r': 4})","('valid', True)","('stiffness_props', {'area': 9128.481033752969, 'ixx': 313086253394.1206, 'iyy': 9903186621976.297, 'ixy': -0.01953125, 'g_eff': 76923.07692307682})"
"('section_type', 'rectangular_hollow_section')","('section_params', {'d': 35.307226271661285, 'b': 235.21170645353928, 't': 3.4545706259162716, 'r_out': 8.821094113363058, 'n_r': 4})","('valid', True)","('stiffness_props', {'area': 1772.3051576400067, 'ixx': 82571818426.38377, 'iyy': 1891297392361.2598, 'ixy': -0.001708984375, 'g_eff': 76923.07692307673})"
"('section_type', 'rectangular_hollow_section')","('section_params', {'d': 286.8222426664702, 'b': 240.7378984912276, 't': 6.7738376607052215, 'r_out': 17.50231087671521, 'n_r': 4})","('valid', True)","('stiffness_props', {'area': 6772.44324982909, 'ixx': 16626364285973.133, 'iyy': 12742951389767.617, 'ixy': 0.015625, 'g_eff': 76923.0769230771})"
"('section_type', 'rectangular_hollow_section')","('section_params', {'d': 210.2201249589764, 'b': 194.0990804144229, 't': 16.1789717971331, 'r_out': 17.509182799540966, 'n_r': 4})","('valid', True)","('stiffness_props', {'area': 11731.099506904391, 'ixx': 14264260661712.094, 'iyy': 12551742351675.11, 'ixy': 0.04296875, 'g_eff': 76923.07692307723})"
"('section_type', 'rectangular_hollow_section')","('section_params', {'d': 173.71119650253848, 'b': 224.42703675548458, 't': 11.855134270760846, 'r_out': 10.179203327186716, 'n_r': 4})","('valid', True)","('stiffness_props', {'area': 8774.171412507367, 'ixx': 8168683789040.168, 'iyy': 12261145957829.785, 'ixy': 0.009765625, 'g_eff': 76923.07692307678})"
"('section_type', 'rectangular_hollow_section')","('section_params', {'d': 64.86456530249889, 'b': 207.41105099902876, 't': 2.3904310239226207, 'r_out': 18.58991023046801, 'n_r': 4})","('valid', True)","('stiffness_props', {'area': 1195.6938827957206, 'ixx': 192368359402.47678, 'iyy': 1132035882208.8389, 'ixy': -0.0003662109375, 'g_eff': 76923.07692307717})"
"('section_type', 'rectangular_hollow_section')","('section_params', {'d': 297.7066574048652, 'b': 167.71843374447542, 't': 19.80950543103107, 'r_out': 15.97482051258288, 'n_r': 4})","('valid', True)","('stiffness_props', {'area': 16614.820829624416, 'ixx': 35979947077107.7, 'iyy': 14040053107525.426, 'ixy': -0.140625, 'g_eff': 76923.07692307723})"
"('section_type', 'rectangular_hollow_section')","('section_params', {'d': 137.7859348307495, 'b': 241.14658545542778, 't': 12.569880575153741, 'r_out': 10.648053420849697, 'n_r': 4})","('valid', True)","('stiffness_props', {'area': 8780.884419730955, 'ixx': 5267704473081.497, 'iyy': 12965297475547.54, 'ixy': -0.025390625, 'g_eff': 76923.07692307682})"
"('section_type', 'rectangular_hollow_section')","('section_params', {'d': 205.02502944495095, 'b': 164.2584082264684, 't': 4.875226583162738, 'r_out': 11.939859418023595, 'n_r': 4})","('valid', True)","('stiffness_props', {'area': 3412.958321335349, 'ixx': 4227519494857.8447, 'iyy': 3017210855899.3994, 'ixy': 0.0302734375, 'g_eff': 76923.07692307711})"
"('section_type', 'rectangular_hollow_section')","('section_params', {'d': 203.74509147304306, 'b': 116.17667334846819, 't': 2.4246935062427246, 'r_out': 19.707543733946594, 'n_r': 4})","('valid', True)","('stiffness_props', {'area': 1438.217528907966, 'ixx': 1587071014494.9224, 'iyy': 687903659754.6047, 'ixy': 0.004638671875, 'g_eff': 76923.07692307721})"
"('section_type', 'rectangular_hollow_section')","('section_params', {'d': 296.8720357364278, 'b': 259.0484901075895, 't': 14.090029724817192, 'r_out': 13.89734370417743, 'n_r': 4})","('valid', True)","('stiffness_props', {'area': 14678.621554939504, 'ixx': 37509413789646.875, 'iyy': 30291780693353.35, 'ixy': -0.1796875, 'g_eff': 76923.07692307737})"
"('section_type', 'rectangular_hollow_section')","('section_params', {'d': 135.56361144667017, 'b': 249.1113559426559, 't': 15.712946255686928, 'r_out': 12.926464181054428, 'n_r': 4})","('valid', True)","('stiffness_props', {'area': 10934.073980632757, 'ixx': 6106421893766.879, 'iyy': 16531315709425.562, 'ixy': 0.015625, 'g_eff': 76923.07692307667})"
"('section_type', 'rectangular_hollow_section')","('section_params', {'d': 110.81112419943484, 'b': 129.51906607128507, 't': 2.70723111335395, 'r_out': 18.31990377281701, 'n_r': 4})","('valid', True)","('stiffness_props', {'area': 1180.0790092801672, 'ixx': 457402570159.01526, 'iyy': 575898555085.0273, 'ixy': 0.0009765625, 'g_eff': 76923.07692307715})"
"('section_type', 'rectangular_hollow_section')","('section_params', {'d': 83.92376324748102, 'b': 74.44620425737837, 't': 3.272167777148744, 'r_out': 12.540940624466245, 'n_r': 4})","('valid', True)","('stiffness_props', {'area': 922.2328395765221, 'ixx': 184117111260.38318, 'iyy': 153742968072.3201, 'ixy': 0.00054931640625, 'g_eff': 76923.07692307713})"
"('section_type', 'rectangular_hollow_section')","('section_params', {'d': 23.172382145575277, 'b': 75.08327894717857, 't': 14.534063562776916, 'r_out': 15.121236489158816, 'n_r': 4})","('valid', False)","('stiffness_props', {'area': None, 'ixx': None, 'iyy': None, 'ixy': None, 'g_eff': None})"
"('section_type', 'rectangular_hollow_section')","('section_params', {'d': 293.70560656912886, 'b': 205.58921517112842, 't': 8.692867599938928, 'r_out': 14.10368612195277, 'n_r': 4})","('valid', True)","('stiffness_props', {'area': 8208.706763857454, 'ixx': 19926427050225.93, 'iyy': 11493494384091.879, 'ixy': -0.078125, 'g_eff': 76923.07692307683})"
"('section_type', 'rectangular_hollow_section')","('section_params', {'d': 104.82443247154426, 'b': 264.8652105462797, 't': 16.81521099864078, 'r_out': 18.116294869435507, 'n_r': 4})","('valid', True)","('stiffness_props', {'area': 10975.306098441173, 'ixx': 3542219503960.3545, 'iyy': 16719951648015.04, 'ixy': 0.1328125, 'g_eff': 76923.0769230772})"
"('section_type', 'rectangular_hollow_section')","('section_params', {'d': 53.998023066242624, 'b': 139.42497306831444, 't': 4.110027278732437, 'r_out': 10.22151533376347, 'n_r': 4})","('valid', True)","('stiffness_props', {'area': 1455.2491944950773, 'ixx': 146870921971.21832, 'iyy': 652129728635.6211, 'ixy': 0.00079345703125, 'g_eff': 76923.07692307702})"
"('section_type', 'rectangular_hollow_section')","('section_params', {'d': 66.21657221949049, 'b': 57.752222809695354, 't': 16.737250580191894, 'r_out': 19.594995598657828, 'n_r': 4})","('valid', True)","('stiffness_props', {'area': 2653.454199198452, 'ixx': 202702476232.59167, 'iyy': 159067095187.52106, 'ixy': 0.0003662109375, 'g_eff': 76923.07692307688})"
"('section_type', 'rectangular_hollow_section')","('section_params', {'d': 116.85111147806792, 'b': 218.46732559017184, 't': 10.317338021538603, 'r_out': 17.586901407214388, 'n_r': 4})","('valid', True)","('stiffness_props', {'area': 6236.944915482865, 'ixx': 2713066583012.7114, 'iyy': 7308132330571.156, 'ixy': -0.029296875, 'g_eff': 76923.07692307686})"
"('section_type', 'rectangular_hollow_section')","('section_params', {'d': 183.740001299577, 'b': 273.98416479421235, 't': 9.063405346438694, 'r_out': 17.108907729299418, 'n_r': 4})","('valid', True)","('stiffness_props', {'area': 7740.513427344898, 'ixx': 8589577678120.16, 'iyy': 15924320761956.3, 'ixy': -0.05078125, 'g_eff': 76923.0769230769})"
"('section_type', 'rectangular_hollow_section')","('section_params', {'d': 256.15308187823507, 'b': 84.54028164291309, 't': 11.912520285688236, 'r_out': 9.298787951043678, 'n_r': 4})","('valid', True)","('stiffness_props', {'area': 7462.933192703721, 'ixx': 10718127235253.84, 'iyy': 1685134544616.2988, 'ixy': -0.0126953125, 'g_eff': 76923.07692307691})"
"('section_type', 'rectangular_hollow_section')","('section_params', {'d': 42.53768869947583, 'b': 86.29233625010649, 't': 10.602315899005077, 'r_out': 11.07438393711955, 'n_r': 4})","('valid', True)","('stiffness_props', {'area': 2159.737702541025, 'ixx': 91580154938.45435, 'iyy': 317303833047.22925, 'ixy': -0.00054931640625, 'g_eff': 76923.07692307702})"
"('section_type', 'rectangular_hollow_section')","('section_params', {'d': 261.6606490352257, 'b': 46.2715859985456, 't': 13.204687405791962, 'r_out': 15.777713630236844, 'n_r': 4})","('valid', True)","('stiffness_props', {'area': 7192.5269501908415, 'ixx': 8720717983295.113, 'iyy': 382358784839.68726, 'ixy': -0.01220703125, 'g_eff': 76923.07692307682})"
"('section_type', 'rectangular_hollow_section')","('section_params', {'d': 259.69544501468334, 'b': 188.68483419890052, 't': 10.585434016973446, 'r_out': 10.520469991621763, 'n_r': 4})","('valid', True)","('stiffness_props', {'area': 8933.713778099534, 'ixx': 16831569514005.531, 'iyy': 10201933944980.107, 'ixy': 0.00390625, 'g_eff': 76923.07692307673})"
"('section_type', 'rectangular_hollow_section')","('section_params', {'d': 117.56416569810798, 'b': 160.28449236753588, 't': 16.744531772421077, 'r_out': 9.748463930492495, 'n_r': 4})","('valid', True)","('stiffness_props', {'area': 8088.341439694868, 'ixx': 3024307397657.286, 'iyy': 5097131644686.709, 'ixy': 0.0048828125, 'g_eff': 76923.0769230767})"
"('section_type', 'rectangular_hollow_section')","('section_params', {'d': 90.33944007045905, 'b': 144.6851242936301, 't': 2.1305697895074447, 'r_out': 9.346906892623588, 'n_r': 4})","('valid', True)","('stiffness_props', {'area': 948.0260154669489, 'ixx': 270755529705.55194, 'iyy': 550811330979.695, 'ixy': -0.001220703125, 'g_eff': 76923.07692307714})"
"('section_type', 'rectangular_hollow_section')","('section_params', {'d': 31.726808822796237, 'b': 28.906658065150673, 't': 17.885155507839315, 'r_out': 16.988720889529084, 'n_r': 4})","('valid', False)","('stiffness_props', {'area': None, 'ixx': None, 'iyy': None, 'ixy': None, 'g_eff': None})"
"('section_type', 'rectangular_hollow_section')","('section_params', {'d': 191.90603817020792, 'b': 242.20354698676297, 't': 11.775189314877487, 'r_out': 13.11167087751099, 'n_r': 4})","('valid', True)","('stiffness_props', {'area': 9498.695033414633, 'ixx': 10846480320400.186, 'iyy': 15638118781209.973, 'ixy': -0.05078125, 'g_eff': 76923.07692307692})"
"('section_type', 'rectangular_hollow_section')","('section_params', {'d': 115.12588095196908, 'b': 225.53734918573068, 't': 19.78733103101323, 'r_out': 18.515685903685156, 'n_r': 4})","('valid', True)","('stiffness_props', {'area': 11572.647707850263, 'ixx': 4205110315994.1553, 'iyy': 13110546626082.742, 'ixy': -0.080078125, 'g_eff': 76923.07692307682})"
"('section_type', 'rectangular_hollow_section')","('section_params', {'d': 271.9853246887021, 'b': 79.13841224124027, 't': 5.930879575118449, 'r_out': 18.73715614886672, 'n_r': 4})","('valid', True)","('stiffness_props', {'area': 3837.1635683919703, 'ixx': 6117483395102.1, 'iyy': 870278298064.4353, 'ixy': 0.00244140625, 'g_eff': 76923.07692307676})"
"('section_type', 'rectangular_hollow_section')","('section_params', {'d': 173.38730381171024, 'b': 285.5414529082882, 't': 16.886461977063682, 'r_out': 13.63352615893988, 'n_r': 4})","('valid', True)","('stiffness_props', {'area': 14172.882573128818, 'ixx': 13128737321972.031, 'iyy': 29419930488144.523, 'ixy': -0.1328125, 'g_eff': 76923.0769230771})"
"('section_type', 'rectangular_hollow_section')","('section_params', {'d': 137.78898053310093, 'b': 33.23157104506751, 't': 13.958728693146, 'r_out': 8.061319876451359, 'n_r': 4})","('valid', True)","('stiffness_props', {'area': 3930.089655797781, 'ixx': 1273188092972.7363, 'iyy': 81176293190.24365, 'ixy': -0.001708984375, 'g_eff': 76923.07692307688})"
"('section_type', 'rectangular_hollow_section')","('section_params', {'d': 70.18862726908904, 'b': 209.54514736002378, 't': 4.427020699616769, 'r_out': 19.01602952990614, 'n_r': 4})","('valid', True)","('stiffness_props', {'area': 2249.610171798793, 'ixx': 399259917824.56726, 'iyy': 2173199095759.6309, 'ixy': 0.006591796875, 'g_eff': 76923.07692307723})"
"('section_type', 'rectangular_hollow_section')","('section_params', {'d': 235.50024312828896, 'b': 107.38255751341556, 't': 6.355583124640729, 'r_out': 10.091206026965141, 'n_r': 4})","('valid', True)","('stiffness_props', {'area': 4108.988974948929, 'ixx': 5690404069714.289, 'iyy': 1661888899659.8667, 'ixy': 0.001953125, 'g_eff': 76923.07692307698})"
"('section_type', 'rectangular_hollow_section')","('section_params', {'d': 215.13747091137427, 'b': 179.94125192278386, 't': 11.645314046218857, 'r_out': 8.096995797622158, 'n_r': 4})","('valid', True)","('stiffness_props', {'area': 8593.616902878775, 'ixx': 11281291809150.629, 'iyy': 8497969552510.547, 'ixy': 0.095703125, 'g_eff': 76923.0769230772})"
"('section_type', 'rectangular_hollow_section')","('section_params', {'d': 218.6227047898626, 'b': 46.694242044825856, 't': 9.492951031050435, 'r_out': 18.22568084213417, 'n_r': 4})","('valid', True)","('stiffness_props', {'area': 4420.902218701405, 'ixx': 3871705452676.1562, 'iyy': 277602409618.7501, 'ixy': 0.00439453125, 'g_eff': 76923.07692307673})"
"('section_type', 'rectangular_hollow_section')","('section_params', {'d': 258.4657947372007, 'b': 221.9504632672414, 't': 5.824385064612995, 'r_out': 15.086819346656105, 'n_r': 4})","('valid', True)","('stiffness_props', {'area': 5318.745281143631, 'ixx': 10705614383945.238, 'iyy': 8496459887688.23, 'ixy': -0.001953125, 'g_eff': 76923.07692307765})"
"('section_type', 'rectangular_hollow_section')","('section_params', {'d': 189.84219211250306, 'b': 97.18096178192401, 't': 8.343712011316212, 'r_out': 12.753823792650806, 'n_r': 4})","('valid', True)","('stiffness_props', {'area': 4367.996017428244, 'ixx': 3870864948831.3633, 'iyy': 1337266381540.4368, 'ixy': -0.0009765625, 'g_eff': 76923.07692307692})"
"('section_type', 'rectangular_hollow_section')","('section_params', {'d': 160.56154235914323, 'b': 295.610029578699, 't': 8.282586984594893, 'r_out': 19.581529286074392, 'n_r': 4})","('valid', True)","('stiffness_props', {'area': 7026.386268270503, 'ixx': 6191591232200.646, 'iyy': 15888490657418.723, 'ixy': 0.072265625, 'g_eff': 76923.07692307686})"
"('section_type', 'rectangular_hollow_section')","('section_params', {'d': 126.96559287132466, 'b': 142.42292760451204, 't': 3.5873765244839486, 'r_out': 10.301599715508294, 'n_r': 4})","('valid', True)","('stiffness_props', {'area': 1820.2768636876417, 'ixx': 935131995333.4658, 'iyy': 1112976676893.4602, 'ixy': 0.001708984375, 'g_eff': 76923.07692307675})"
"('section_type', 'rectangular_hollow_section')","('section_params', {'d': 150.8510535332971, 'b': 52.10438187686799, 't': 13.422863514817376, 'r_out': 10.117661115749787, 'n_r': 4})","('valid', True)","('stiffness_props', {'area': 4625.426091999038, 'ixx': 2069223986736.838, 'iyy': 310860051700.9901, 'ixy': 0.00390625, 'g_eff': 76923.07692307695})"
"('section_type', 'rectangular_hollow_section')","('section_params', {'d': 144.9005234837945, 'b': 127.54190092267886, 't': 12.683497320394155, 'r_out': 8.70639419761153, 'n_r': 4})","('valid', True)","('stiffness_props', {'area': 6191.759802812324, 'ixx': 3483644131524.3936, 'iyy': 2827731692742.091, 'ixy': 0.0224609375, 'g_eff': 76923.07692307686})"
"('section_type', 'rectangular_hollow_section')","('section_params', {'d': 264.8661321987382, 'b': 41.40098115793399, 't': 14.25928312850544, 'r_out': 14.201699208787206, 'n_r': 4})","('valid', True)","('stiffness_props', {'area': 7719.302082833107, 'ixx': 9315554688550.254, 'iyy': 292489161499.7274, 'ixy': 0.01025390625, 'g_eff': 76923.07692307708})"
"('section_type', 'rectangular_hollow_section')","('section_params', {'d': 187.07023174717733, 'b': 285.5259392924757, 't': 13.300824534198329, 'r_out': 17.934560087022803, 'n_r': 4})","('valid', True)","('stiffness_props', {'area': 11564.012819564983, 'ixx': 12836519211000.879, 'iyy': 24987777821911.42, 'ixy': -0.04296875, 'g_eff': 76923.07692307739})"
"('section_type', 'rectangular_hollow_section')","('section_params', {'d': 56.687922635206604, 'b': 214.47426855783135, 't': 16.77570210364062, 'r_out': 16.317158811517125, 'n_r': 4})","('valid', True)","('stiffness_props', {'area': 7705.925886489185, 'ixx': 581578984161.6267, 'iyy': 6469036698390.555, 'ixy': 0.0205078125, 'g_eff': 76923.07692307669})"
"('section_type', 'rectangular_hollow_section')","('section_params', {'d': 78.5910485249799, 'b': 64.8454468128856, 't': 5.950443920251186, 'r_out': 19.759537500760665, 'n_r': 4})","('valid', True)","('stiffness_props', {'area': 1365.6422551297726, 'ixx': 203304879343.4361, 'iyy': 152014200536.18323, 'ixy': 0.000244140625, 'g_eff': 76923.07692307692})"
"('section_type', 'rectangular_hollow_section')","('section_params', {'d': 77.60985600373098, 'b': 162.04490008700557, 't': 10.727597592515508, 'r_out': 14.028321415497377, 'n_r': 4})","('valid', True)","('stiffness_props', {'area': 4495.615144539259, 'ixx': 799592863540.439, 'iyy': 2676353071624.284, 'ixy': 0.00146484375, 'g_eff': 76923.07692307686})"
"('section_type', 'rectangular_hollow_section')","('section_params', {'d': 242.2358369071033, 'b': 279.3946000465889, 't': 18.676037596569884, 'r_out': 11.010967259842369, 'n_r': 4})","('valid', True)","('stiffness_props', {'area': 17967.560382893524, 'ixx': 31153478700917.71, 'iyy': 39176347632406.84, 'ixy': 0.078125, 'g_eff': 76923.07692307683})"
"('section_type', 'rectangular_hollow_section')","('section_params', {'d': 61.62355433155018, 'b': 299.5262570553321, 't': 4.008238378906116, 'r_out': 12.285949497251567, 'n_r': 4})","('valid', True)","('stiffness_props', {'area': 2748.461115772354, 'ixx': 404657657320.22595, 'iyy': 5099635155918.201, 'ixy': -0.00927734375, 'g_eff': 76923.07692307695})"
"('section_type', 'rectangular_hollow_section')","('section_params', {'d': 243.4253181825851, 'b': 171.61161882353707, 't': 19.494402454270382, 'r_out': 16.020622016942124, 'n_r': 4})","('valid', True)","('stiffness_props', {'area': 14405.006928763758, 'ixx': 21657459218990.008, 'iyy': 12211796193577.36, 'ixy': -0.01171875, 'g_eff': 76923.07692307694})"
"('section_type', 'rectangular_hollow_section')","('section_params', {'d': 192.36997260745267, 'b': 53.41275864829306, 't': 19.262297969737926, 'r_out': 15.53424089273306, 'n_r': 4})","('valid', True)","('stiffness_props', {'area': 7743.223278115079, 'ixx': 5021256839525.875, 'iyy': 454229890812.9165, 'ixy': -0.0078125, 'g_eff': 76923.07692307742})"
"('section_type', 'rectangular_hollow_section')","('section_params', {'d': 229.88881137030452, 'b': 32.93713185117448, 't': 7.685960861308876, 'r_out': 15.805218941907096, 'n_r': 4})","('valid', True)","('stiffness_props', {'area': 3619.961254405031, 'ixx': 3308553531157.4434, 'iyy': 109667185420.74884, 'ixy': -0.00439453125, 'g_eff': 76923.07692307675})"
"('section_type', 'rectangular_hollow_section')","('section_params', {'d': 116.41008723581292, 'b': 133.76070875103576, 't': 7.248822906098837, 'r_out': 13.997715476018211, 'n_r': 4})","('valid', True)","('stiffness_props', {'area': 3266.317371049773, 'ixx': 1317042379793.37, 'iyy': 1634408563123.4785, 'ixy': 0.0, 'g_eff': 76923.07692307718})"
"('section_type', 'rectangular_hollow_section')","('section_params', {'d': 22.428777298547068, 'b': 163.8994371427979, 't': 12.587929906173265, 'r_out': 10.211984981297505, 'n_r': 4})","('valid', True)","('stiffness_props', {'area': 3190.69422423863, 'ixx': 29087405521.857834, 'iyy': 1391828782299.8047, 'ixy': -0.0009765625, 'g_eff': 76923.07692307685})"
"('section_type', 'rectangular_hollow_section')","('section_params', {'d': 133.85449478181715, 'b': 178.96055394769908, 't': 7.235938858643156, 'r_out': 19.044285966190287, 'n_r': 4})","('valid', True)","('stiffness_props', {'area': 4094.338122126656, 'ixx': 2296373184462.1206, 'iyy': 3583976476568.4717, 'ixy': -0.00390625, 'g_eff': 76923.0769230772})"
"('section_type', 'rectangular_hollow_section')","('section_params', {'d': 159.3522974368125, 'b': 47.43859011033852, 't': 5.692951790179751, 'r_out': 17.108857367011417, 'n_r': 4})","('valid', True)","('stiffness_props', {'area': 2062.47220630205, 'ixx': 1050490878785.605, 'iyy': 151036823840.1373, 'ixy': -0.000244140625, 'g_eff': 76923.07692307686})"
"('section_type', 'rectangular_hollow_section')","('section_params', {'d': 178.2059709813661, 'b': 146.9587377434593, 't': 16.11028234306795, 'r_out': 16.454720941415314, 'n_r': 4})","('valid', True)","('stiffness_props', {'area': 9168.1865391115, 'ixx': 7519368106386.318, 'iyy': 5489556083775.377, 'ixy': 0.01171875, 'g_eff': 76923.07692307711})"
"('section_type', 'rectangular_hollow_section')","('section_params', {'d': 100.86720221494953, 'b': 250.9036997677612, 't': 19.49080177148577, 'r_out': 9.123067387739619, 'n_r': 4})","('valid', True)","('stiffness_props', {'area': 12109.798065700954, 'ixx': 3415587431930.177, 'iyy': 16483825532319.297, 'ixy': 0.03515625, 'g_eff': 76923.07692307739})"
"('section_type', 'rectangular_hollow_section')","('section_params', {'d': 23.113966910634748, 'b': 213.46257010650604, 't': 16.4447040775853, 'r_out': 17.768627023901534, 'n_r': 4})","('valid', False)","('stiffness_props', {'area': None, 'ixx': None, 'iyy': None, 'ixy': None, 'g_eff': None})"
"('section_type', 'rectangular_hollow_section')","('section_params', {'d': 194.34792686110194, 'b': 80.82610648702703, 't': 18.457041683367724, 'r_out': 14.954962629204275, 'n_r': 4})","('valid', True)","('stiffness_props', {'area': 8571.496749326625, 'ixx': 6641227626539.404, 'iyy': 1427259052672.6343, 'ixy': 0.0126953125, 'g_eff': 76923.07692307697})"
"('section_type', 'rectangular_hollow_section')","('section_params', {'d': 106.88666398424357, 'b': 275.4134092774116, 't': 19.702525279544425, 'r_out': 13.458641423532413, 'n_r': 4})","('valid', True)","('stiffness_props', {'area': 13330.660677087339, 'ixx': 4305190030154.534, 'iyy': 21776083967482.35, 'ixy': 0.04296875, 'g_eff': 76923.07692307724})"
"('section_type', 'rectangular_hollow_section')","('section_params', {'d': 65.85190380800303, 'b': 60.70741636304631, 't': 5.160022735917975, 'r_out': 10.419541474801612, 'n_r': 4})","('valid', True)","('stiffness_props', {'area': 1118.6902933286651, 'ixx': 128854723595.29974, 'iyy': 113418778663.95456, 'ixy': 6.103515625e-05, 'g_eff': 76923.0769230768})"
"('section_type', 'rectangular_hollow_section')","('section_params', {'d': 251.425066650282, 'b': 56.710481211650794, 't': 17.673618678611355, 'r_out': 14.656806781399002, 'n_r': 4})","('valid', True)","('stiffness_props', {'area': 9427.49117465852, 'ixx': 10788935643068.113, 'iyy': 702360715139.3445, 'ixy': -0.0185546875, 'g_eff': 76923.07692307736})"
"('section_type', 'rectangular_hollow_section')","('section_params', {'d': 132.58556044354702, 'b': 158.74676607828104, 't': 19.79892920603795, 'r_out': 11.414894880789248, 'n_r': 4})","('valid', True)","('stiffness_props', {'area': 9837.846000509751, 'ixx': 4464621703508.365, 'iyy': 6065668494524.6875, 'ixy': 0.005859375, 'g_eff': 76923.07692307665})"
"('section_type', 'rectangular_hollow_section')","('section_params', {'d': 157.68627393446897, 'b': 23.690439751974885, 't': 10.849811755488398, 'r_out': 16.322441183951916, 'n_r': 4})","('valid', False)","('stiffness_props', {'area': None, 'ixx': None, 'iyy': None, 'ixy': None, 'g_eff': None})"
"('section_type', 'rectangular_hollow_section')","('section_params', {'d': 216.93991125526708, 'b': 293.5683954888831, 't': 12.018662892881995, 'r_out': 17.23343136841248, 'n_r': 4})","('valid', True)","('stiffness_props', {'area': 11423.664108140541, 'ixx': 17111764920231.27, 'iyy': 27413972377761.53, 'ixy': 0.2265625, 'g_eff': 76923.07692307675})"
"('section_type', 'rectangular_hollow_section')","('section_params', {'d': 157.26776051702018, 'b': 283.2405373619782, 't': 4.54688557249754, 'r_out': 15.200265220763784, 'n_r': 4})","('valid', True)","('stiffness_props', {'area': 3805.6314098939047, 'ixx': 3353951280012.742, 'iyy': 8208522495219.574, 'ixy': 0.0576171875, 'g_eff': 76923.07692307657})"
"('section_type', 'rectangular_hollow_section')","('section_params', {'d': 119.82953234838874, 'b': 28.99701668809062, 't': 4.6736208105675665, 'r_out': 11.668960384130566, 'n_r': 4})","('valid', True)","('stiffness_props', {'area': 1216.5169268629431, 'ixx': 329117113720.8148, 'iyy': 31524922546.01915, 'ixy': -9.1552734375e-05, 'g_eff': 76923.07692307682})"
"('section_type', 'rectangular_hollow_section')","('section_params', {'d': 47.76601762038905, 'b': 231.79567931748915, 't': 15.128262168891851, 'r_out': 17.15875987200214, 'n_r': 4})","('valid', True)","('stiffness_props', {'area': 7252.807902887517, 'ixx': 379424372863.4592, 'iyy': 6798548223998.102, 'ixy': -0.00390625, 'g_eff': 76923.07692307705})"
"('section_type', 'rectangular_hollow_section')","('section_params', {'d': 164.93856083022857, 'b': 61.643344549752875, 't': 12.82114810092513, 'r_out': 10.867179948861878, 'n_r': 4})","('valid', True)","('stiffness_props', {'area': 5034.45737718871, 'ixx': 2837662659083.9375, 'iyy': 516721038788.6063, 'ixy': -0.0087890625, 'g_eff': 76923.07692307695})"
"('section_type', 'rectangular_hollow_section')","('section_params', {'d': 277.4834201479263, 'b': 247.46302873061705, 't': 14.278142166108788, 'r_out': 19.314533910973644, 'n_r': 4})","('valid', True)","('stiffness_props', {'area': 13827.372700110756, 'ixx': 30578460303412.72, 'iyy': 25563982212418.92, 'ixy': -0.2265625, 'g_eff': 76923.07692307683})"
"('section_type', 'rectangular_hollow_section')","('section_params', {'d': 271.2869917714946, 'b': 222.3459757007864, 't': 11.756839746415045, 'r_out': 16.29600343882214, 'n_r': 4})","('valid', True)","('stiffness_props', {'area': 10809.278539894643, 'ixx': 22721370494319.336, 'iyy': 16668761838053.367, 'ixy': 0.015625, 'g_eff': 76923.07692307695})"
"('section_type', 'rectangular_hollow_section')","('section_params', {'d': 164.43348038961267, 'b': 252.7029402284912, 't': 7.634031291628809, 'r_out': 15.632835830450277, 'n_r': 4})","('valid', True)","('stiffness_props', {'area': 5955.3465586556185, 'ixx': 5357879136078.307, 'iyy': 10387785809360.031, 'ixy': 0.0078125, 'g_eff': 76923.07692307691})"
"('section_type', 'rectangular_hollow_section')","('section_params', {'d': 228.7946331218305, 'b': 149.62325821762659, 't': 10.585617724248603, 'r_out': 18.655642295843098, 'n_r': 4})","('valid', True)","('stiffness_props', {'area': 7280.4453721715945, 'ixx': 9999719300090.977, 'iyy': 5144672850060.456, 'ixy': 0.056640625, 'g_eff': 76923.07692307683})"
"('section_type', 'rectangular_hollow_section')","('section_params', {'d': 171.13411864344178, 'b': 148.1450687008155, 't': 10.725327631167673, 'r_out': 14.37783045051445, 'n_r': 4})","('valid', True)","('stiffness_props', {'area': 6195.2359373584595, 'ixx': 5029284263914.135, 'iyy': 4004374481214.4834, 'ixy': 0.0107421875, 'g_eff': 76923.07692307715})"
"('section_type', 'rectangular_hollow_section')","('section_params', {'d': 97.30862462962305, 'b': 264.9257182316835, 't': 18.043114870887276, 'r_out': 11.27669632448688, 'n_r': 4})","('valid', True)","('stiffness_props', {'area': 11642.291859882947, 'ixx': 3139488802109.622, 'iyy': 17499955312271.68, 'ixy': 0.03515625, 'g_eff': 76923.07692307657})"
"('section_type', 'rectangular_hollow_section')","('section_params', {'d': 298.071311677504, 'b': 20.9059167800366, 't': 3.037398395836204, 'r_out': 16.862175743595138, 'n_r': 4})","('valid', False)","('stiffness_props', {'area': None, 'ixx': None, 'iyy': None, 'ixy': None, 'g_eff': None})"
"('section_type', 'rectangular_hollow_section')","('section_params', {'d': 206.9541193182154, 'b': 157.33374573662277, 't': 9.202255553638278, 'r_out': 13.599498638573838, 'n_r': 4})","('valid', True)","('stiffness_props', {'area': 6200.203413077404, 'ixx': 7384269620468.686, 'iyy': 4814600784802.84, 'ixy': 0.037109375, 'g_eff': 76923.07692307695})"
"('section_type', 'rectangular_hollow_section')","('section_params', {'d': 23.005555973760366, 'b': 144.52433616884332, 't': 19.897453758419516, 'r_out': 16.57409607646369, 'n_r': 4})","('valid', False)","('stiffness_props', {'area': None, 'ixx': None, 'iyy': None, 'ixy': None, 'g_eff': None})"
"('section_type', 'rectangular_hollow_section')","('section_params', {'d': 231.92744504220383, 'b': 228.4886891681802, 't': 17.994462235865605, 'r_out': 16.437004241095728, 'n_r': 4})","('valid', True)","('stiffness_props', {'area': 15004.503686610293, 'ixx': 22695930817146.36, 'iyy': 22157914393901.195, 'ixy': -0.015625, 'g_eff': 76923.07692307713})"
"('section_type', 'rectangular_hollow_section')","('section_params', {'d': 59.69402732828908, 'b': 294.48800846312645, 't': 15.554172775557763, 'r_out': 13.943408160802193, 'n_r': 4})","('valid', True)","('stiffness_props', {'area': 9855.869363330685, 'ixx': 913949784625.5583, 'iyy': 15899335561745.04, 'ixy': -0.0185546875, 'g_eff': 76923.0769230771})"
"('section_type', 'rectangular_hollow_section')","('section_params', {'d': 21.768214625981905, 'b': 143.38243471239173, 't': 6.687005383866089, 'r_out': 8.179951804326489, 'n_r': 4})","('valid', True)","('stiffness_props', {'area': 1965.1796760272034, 'ixx': 22277010373.310196, 'iyy': 698838389921.9731, 'ixy': 0.0, 'g_eff': 76923.0769230769})"
"('section_type', 'rectangular_hollow_section')","('section_params', {'d': 187.75116755426234, 'b': 63.32108814789646, 't': 14.40714522457482, 'r_out': 16.03862745376779, 'n_r': 4})","('valid', True)","('stiffness_props', {'area': 6149.62972910052, 'ixx': 4261994612747.76, 'iyy': 645571232555.6765, 'ixy': 0.01708984375, 'g_eff': 76923.07692307686})"
"('section_type', 'rectangular_hollow_section')","('section_params', {'d': 236.44833245891223, 'b': 76.18815174451132, 't': 15.648512134978885, 'r_out': 19.052522573363877, 'n_r': 4})","('valid', True)","('stiffness_props', {'area': 8453.676576290653, 'ixx': 9412230901634.215, 'iyy': 1352163769914.9004, 'ixy': 0.0185546875, 'g_eff': 76923.07692307678})"
"('section_type', 'rectangular_hollow_section')","('section_params', {'d': 226.68738826442532, 'b': 271.73823993545363, 't': 2.4154950965280957, 'r_out': 18.182602370610354, 'n_r': 4})","('valid', True)","('stiffness_props', {'area': 2302.5454983806903, 'ixx': 3966249760326.968, 'iyy': 5195352680279.386, 'ixy': -0.0302734375, 'g_eff': 76923.07692307579})"
"('section_type', 'rectangular_hollow_section')","('section_params', {'d': 79.4200175874615, 'b': 207.29791150126087, 't': 14.359991310389052, 'r_out': 13.076656675455949, 'n_r': 4})","('valid', True)","('stiffness_props', {'area': 7238.6975889482055, 'ixx': 1296988257132.915, 'iyy': 6633783132360.73, 'ixy': 0.01953125, 'g_eff': 76923.07692307713})"
"('section_type', 'rectangular_hollow_section')","('section_params', {'d': 190.98255001613643, 'b': 281.0462840224835, 't': 10.144520720888016, 'r_out': 12.662047750054626, 'n_r': 4})","('valid', True)","('stiffness_props', {'area': 9011.377862014557, 'ixx': 10750334739184.223, 'iyy': 19635864184111.094, 'ixy': 0.05078125, 'g_eff': 76923.0769230771})"
"('section_type', 'rectangular_hollow_section')","('section_params', {'d': 42.73304179465726, 'b': 24.180784949677548, 't': 14.610309630199021, 'r_out': 11.167542877099125, 'n_r': 4})","('valid', True)","('stiffness_props', {'area': 840.5041092612489, 'ixx': 22433350602.86493, 'iyy': 7712355901.876923, 'ixy': 1.52587890625e-05, 'g_eff': 76923.07692307686})"
"('section_type', 'rectangular_hollow_section')","('section_params', {'d': 33.006739942798305, 'b': 248.43792081140856, 't': 19.410615306232877, 'r_out': 15.268266611600433, 'n_r': 4})","('valid', True)","('stiffness_props', {'area': 6748.191589460245, 'ixx': 140101545779.27106, 'iyy': 6865417641154.367, 'ixy': 0.01171875, 'g_eff': 76923.07692307701})"
"('section_type', 'rectangular_hollow_section')","('section_params', {'d': 276.69237550837454, 'b': 54.04644618771771, 't': 17.432232624753812, 'r_out': 19.22906486700571, 'n_r': 4})","('valid', True)","('stiffness_props', {'area': 9948.972888999788, 'ixx': 13247108826735.172, 'iyy': 661517291198.4705, 'ixy': -0.0546875, 'g_eff': 76923.07692307705})"
"('section_type', 'rectangular_hollow_section')","('section_params', {'d': 182.04316077771435, 'b': 292.25566323387073, 't': 2.7817460777576106, 'r_out': 12.089945889103596, 'n_r': 4})","('valid', True)","('stiffness_props', {'area': 2548.2811339206582, 'ixx': 3023547280775.0425, 'iyy': 6173928626484.984, 'ixy': -0.06640625, 'g_eff': 76923.07692307633})"
"('section_type', 'rectangular_hollow_section')","('section_params', {'d': 134.6257827180698, 'b': 273.6065209906888, 't': 7.122375385743412, 'r_out': 18.726305226417306, 'n_r': 4})","('valid', True)","('stiffness_props', {'area': 5396.2311789737805, 'ixx': 3397084768200.9326, 'iyy': 10158941978761.34, 'ixy': 0.0, 'g_eff': 76923.07692307688})"
"('section_type', 'rectangular_hollow_section')","('section_params', {'d': 176.9870722162514, 'b': 50.76306123395136, 't': 19.019268441156807, 'r_out': 14.24618487776024, 'n_r': 4})","('valid', True)","('stiffness_props', {'area': 7013.397779478809, 'ixx': 3827840367866.08, 'iyy': 361241974157.7666, 'ixy': 0.00927734375, 'g_eff': 76923.07692307708})"
"('section_type', 'rectangular_hollow_section')","('section_params', {'d': 35.051779349740784, 'b': 233.51895130448716, 't': 6.274817942154623, 'r_out': 9.06544003650562, 'n_r': 4})","('valid', True)","('stiffness_props', {'area': 3138.5768866828735, 'ixx': 121907634126.12329, 'iyy': 3195838890351.4697, 'ixy': -0.000732421875, 'g_eff': 76923.07692307682})"
"('section_type', 'rectangular_hollow_section')","('section_params', {'d': 149.43927047442182, 'b': 269.01805619712513, 't': 9.709307695837985, 'r_out': 19.728684714647983, 'n_r': 4})","('valid', True)","('stiffness_props', {'area': 7459.946176008928, 'ixx': 5516243720174.642, 'iyy': 13783466318637.895, 'ixy': 0.07421875, 'g_eff': 76923.0769230768})"
"('section_type', 'rectangular_hollow_section')","('section_params', {'d': 252.61387723663967, 'b': 199.41865438254482, 't': 13.013395786610918, 'r_out': 13.721535380322532, 'n_r': 4})","('valid', True)","('stiffness_props', {'area': 10899.783533663216, 'ixx': 19390746903077.69, 'iyy': 13353197577297.223, 'ixy': -0.04296875, 'g_eff': 76923.07692307695})"
"('section_type', 'rectangular_hollow_section')","('section_params', {'d': 92.86744951821818, 'b': 176.2214064823638, 't': 2.990250810131788, 'r_out': 18.90533726899237, 'n_r': 4})","('valid', True)","('stiffness_props', {'area': 1469.3981394151272, 'ixx': 444883704699.34814, 'iyy': 1160587751454.0024, 'ixy': 0.001220703125, 'g_eff': 76923.07692307704})"
"('section_type', 'rectangular_hollow_section')","('section_params', {'d': 45.406583218927786, 'b': 124.50478475637661, 't': 15.586763520310818, 'r_out': 13.53894454601539, 'n_r': 4})","('valid', True)","('stiffness_props', {'area': 4141.644816514766, 'ixx': 175676955151.70752, 'iyy': 1140029248181.5854, 'ixy': 0.00048828125, 'g_eff': 76923.07692307663})"
"('section_type', 'rectangular_hollow_section')","('section_params', {'d': 64.65770802330074, 'b': 172.18944635026375, 't': 8.259220144679691, 'r_out': 15.05449126469849, 'n_r': 4})","('valid', True)","('stiffness_props', {'area': 3459.0247099870558, 'ixx': 453275159525.6373, 'iyy': 2220104966733.246, 'ixy': -0.004638671875, 'g_eff': 76923.0769230769})"
"('section_type', 'rectangular_hollow_section')","('section_params', {'d': 288.86234276548817, 'b': 200.5914080337489, 't': 13.549866280264819, 'r_out': 18.947217404837556, 'n_r': 4})","('valid', True)","('stiffness_props', {'area': 12199.804594331079, 'ixx': 27412348271818.71, 'iyy': 15459805620900.824, 'ixy': -0.1953125, 'g_eff': 76923.07692307701})"
"('section_type', 'rectangular_hollow_section')","('section_params', {'d': 79.5821949713285, 'b': 161.36346565344496, 't': 18.919473827954434, 'r_out': 16.08525862786998, 'n_r': 4})","('valid', True)","('stiffness_props', {'area': 7426.608735467004, 'ixx': 1138586207217.3794, 'iyy': 3956131503719.6074, 'ixy': 0.0029296875, 'g_eff': 76923.07692307697})"
"('section_type', 'rectangular_hollow_section')","('section_params', {'d': 33.99906321957343, 'b': 158.62355509883753, 't': 2.665207698997243, 'r_out': 13.522594203502393, 'n_r': 4})","('valid', True)","('stiffness_props', {'area': 933.3675300868454, 'ixx': 39878856811.63681, 'iyy': 458054864813.5708, 'ixy': 0.000579833984375, 'g_eff': 76923.07692307704})"
"('section_type', 'rectangular_hollow_section')","('section_params', {'d': 289.34748264999985, 'b': 252.78534396531484, 't': 8.256711211084452, 'r_out': 15.59305187540703, 'n_r': 4})","('valid', True)","('stiffness_props', {'area': 8490.453882284024, 'ixx': 21315151090312.164, 'iyy': 17335178006424.89, 'ixy': 0.02734375, 'g_eff': 76923.07692307701})"
"('section_type', 'rectangular_hollow_section')","('section_params', {'d': 74.4046287938136, 'b': 57.5560307658635, 't': 15.65407842925292, 'r_out': 10.622486247505705, 'n_r': 4})","('valid', True)","('stiffness_props', {'area': 3038.4071286910375, 'ixx': 332965130931.62585, 'iyy': 207861247515.844, 'ixy': 0.0, 'g_eff': 76923.07692307692})"
"('section_type', 'rectangular_hollow_section')","('section_params', {'d': 272.14751124441636, 'b': 137.9559895236849, 't': 15.98435818142956, 'r_out': 18.008475953589247, 'n_r': 4})","('valid', True)","('stiffness_props', {'area': 11768.275516166847, 'ixx': 20756976571530.4, 'iyy': 6873857448116.691, 'ixy': -0.05859375, 'g_eff': 76923.07692307665})"
"('section_type', 'rectangular_hollow_section')","('section_params', {'d': 75.879364696416, 'b': 200.68835525977, 't': 17.688016500962675, 'r_out': 14.467117808435889, 'n_r': 4})","('valid', True)","('stiffness_props', {'area': 8323.107579800968, 'ixx': 1228275798700.8052, 'iyy': 6779642445523.637, 'ixy': 0.0078125, 'g_eff': 76923.07692307675})"
"('section_type', 'rectangular_hollow_section')","('section_params', {'d': 103.35333332281874, 'b': 140.1583504218212, 't': 8.733586763903414, 'r_out': 10.991718362096476, 'n_r': 4})","('valid', True)","('stiffness_props', {'area': 3832.6399707285973, 'ixx': 1227153906992.071, 'iyy': 1992928408826.0356, 'ixy': 0.00634765625, 'g_eff': 76923.07692307691})"
"('section_type', 'rectangular_hollow_section')","('section_params', {'d': 28.750296287874324, 'b': 103.31535393014397, 't': 14.869980451367137, 'r_out': 16.98003911861828, 'n_r': 4})","('valid', False)","('stiffness_props', {'area': None, 'ixx': None, 'iyy': None, 'ixy': None, 'g_eff': None})"
"('section_type', 'rectangular_hollow_section')","('section_params', {'d': 50.63306709711782, 'b': 158.83629285063094, 't': 7.507278223220677, 'r_out': 16.990017124535534, 'n_r': 4})","('valid', True)","('stiffness_props', {'area': 2720.9142786306397, 'ixx': 213080857397.90387, 'iyy': 1374972080441.1157, 'ixy': 0.00048828125, 'g_eff': 76923.07692307692})"
"('section_type', 'rectangular_hollow_section')","('section_params', {'d': 196.31942082226655, 'b': 73.1962841522642, 't': 8.214768254581719, 'r_out': 13.453410119900841, 'n_r': 4})","('valid', True)","('stiffness_props', {'area': 4004.537569504988, 'ixx': 3439954802076.7783, 'iyy': 698269341250.7289, 'ixy': -0.00634765625, 'g_eff': 76923.07692307697})"
"('section_type', 'rectangular_hollow_section')","('section_params', {'d': 21.857808163129743, 'b': 68.07944605368209, 't': 15.356735807049049, 'r_out': 9.514131043147678, 'n_r': 4})","('valid', True)","('stiffness_props', {'area': 1066.6482880329083, 'ixx': 10001090233.613861, 'iyy': 88961057799.1857, 'ixy': 0.000152587890625, 'g_eff': 76923.07692307695})"
"('section_type', 'rectangular_hollow_section')","('section_params', {'d': 44.19327939617213, 'b': 185.39829970145166, 't': 7.726342113091488, 'r_out': 16.097607702505442, 'n_r': 4})","('valid', True)","('stiffness_props', {'area': 3119.965836816724, 'ixx': 183915356895.552, 'iyy': 2030074333961.8672, 'ixy': -0.002197265625, 'g_eff': 76923.07692307707})"
"('section_type', 'rectangular_hollow_section')","('section_params', {'d': 52.703485743921725, 'b': 271.98116549814574, 't': 15.247160471989943, 'r_out': 19.493923488008704, 'n_r': 4})","('valid', True)","('stiffness_props', {'area': 8609.156293883265, 'ixx': 583125671715.8296, 'iyy': 11201526531693.258, 'ixy': -0.0224609375, 'g_eff': 76923.076923077})"
"('section_type', 'rectangular_hollow_section')","('section_params', {'d': 168.13351302388034, 'b': 100.76672793509461, 't': 16.027179143209846, 'r_out': 16.34714778223576, 'n_r': 4})","('valid', True)","('stiffness_props', {'area': 7324.815921165169, 'ixx': 4753293246570.58, 'iyy': 2015739758380.1733, 'ixy': -0.0087890625, 'g_eff': 76923.07692307691})"
"('section_type', 'rectangular_hollow_section')","('section_params', {'d': 239.145607110769, 'b': 223.60482253166208, 't': 14.160634987690305, 'r_out': 13.769659782151413, 'n_r': 4})","('valid', True)","('stiffness_props', {'area': 12113.981985591836, 'ixx': 19959462241105.73, 'iyy': 17946951318296.566, 'ixy': 0.0703125, 'g_eff': 76923.07692307675})"
"('section_type', 'rectangular_hollow_section')","('section_params', {'d': 138.96929111906553, 'b': 104.91440675850649, 't': 6.764069413975177, 'r_out': 12.432850206315, 'n_r': 4})","('valid', True)","('stiffness_props', {'area': 2993.8412940323424, 'ixx': 1573929876081.3267, 'iyy': 1015955066538.0146, 'ixy': -0.0068359375, 'g_eff': 76923.07692307679})"
"('section_type', 'rectangular_hollow_section')","('section_params', {'d': 47.81349467297707, 'b': 236.32126062858381, 't': 9.461540718123276, 'r_out': 14.351660570274575, 'n_r': 4})","('valid', True)","('stiffness_props', {'area': 4836.56521344051, 'ixx': 326468246849.5657, 'iyy': 5083394111533.123, 'ixy': -0.00439453125, 'g_eff': 76923.07692307713})"
"('section_type', 'rectangular_hollow_section')","('section_params', {'d': 114.69207892189465, 'b': 36.10156023546135, 't': 4.4006006715103885, 'r_out': 14.770095736795025, 'n_r': 4})","('valid', True)","('stiffness_props', {'area': 1139.074734225118, 'ixx': 295838800793.5729, 'iyy': 47258303284.502914, 'ixy': 0.0, 'g_eff': 76923.07692307701})"
"('section_type', 'rectangular_hollow_section')","('section_params', {'d': 137.15211539215503, 'b': 291.0456712764284, 't': 17.188583915426815, 'r_out': 14.658352244121227, 'n_r': 4})","('valid', True)","('stiffness_props', {'area': 13323.57021852261, 'ixx': 7688733583176.75, 'iyy': 26525334310436.008, 'ixy': 0.06640625, 'g_eff': 76923.07692307686})"
"('section_type', 'rectangular_hollow_section')","('section_params', {'d': 27.754457943064303, 'b': 272.33098274415744, 't': 2.7371387466659964, 'r_out': 12.590396912012723, 'n_r': 4})","('valid', True)","('stiffness_props', {'area': 1551.351862027616, 'ixx': 45485971494.55098, 'iyy': 2057611899825.6758, 'ixy': 0.0006103515625, 'g_eff': 76923.07692307765})"
"('section_type', 'rectangular_hollow_section')","('section_params', {'d': 252.70739968376716, 'b': 249.43011835734015, 't': 9.207837420348547, 'r_out': 13.870565175015203, 'n_r': 4})","('valid', True)","('stiffness_props', {'area': 8737.412629561186, 'ixx': 17047866408070.195, 'iyy': 16708416253247.09, 'ixy': -0.01953125, 'g_eff': 76923.07692307698})"
"('section_type', 'rectangular_hollow_section')","('section_params', {'d': 59.02105827119542, 'b': 213.83808963946854, 't': 10.391756646723907, 'r_out': 12.143729381273484, 'n_r': 4})","('valid', True)","('stiffness_props', {'area': 5094.616548198058, 'ixx': 532092970692.4523, 'iyy': 4719896341105.932, 'ixy': 0.0, 'g_eff': 76923.07692307694})"
"('section_type', 'rectangular_hollow_section')","('section_params', {'d': 154.63633936727567, 'b': 135.73279673135028, 't': 7.777741455143449, 'r_out': 12.358824667112192, 'n_r': 4})","('valid', True)","('stiffness_props', {'area': 4143.104861927174, 'ixx': 2827267872387.375, 'iyy': 2307482712942.1963, 'ixy': -0.01171875, 'g_eff': 76923.07692307697})"
"('section_type', 'rectangular_hollow_section')","('section_params', {'d': 154.87623929186427, 'b': 107.05043869748948, 't': 16.639539017674508, 'r_out': 19.311357112819216, 'n_r': 4})","('valid', True)","('stiffness_props', {'area': 7243.391419859312, 'ixx': 4026973295740.0186, 'iyy': 2175894313906.207, 'ixy': -0.0087890625, 'g_eff': 76923.07692307691})"
"('section_type', 'rectangular_hollow_section')","('section_params', {'d': 186.9899354920667, 'b': 228.14470324296124, 't': 3.200309397631477, 'r_out': 19.305057612557906, 'n_r': 4})","('valid', True)","('stiffness_props', {'area': 2502.8283159316948, 'ixx': 2893525223015.8555, 'iyy': 3892501872166.176, 'ixy': -0.0126953125, 'g_eff': 76923.07692307782})"
"('section_type', 'rectangular_hollow_section')","('section_params', {'d': 84.62569519946231, 'b': 118.89906794269206, 't': 6.367075928963119, 'r_out': 17.293646277746568, 'n_r': 4})","('valid', True)","('stiffness_props', {'area': 2249.876355166984, 'ixx': 482493939166.8948, 'iyy': 814575996331.3379, 'ixy': 0.00341796875, 'g_eff': 76923.07692307691})"
"('section_type', 'rectangular_hollow_section')","('section_params', {'d': 108.79175052926482, 'b': 211.90414780413005, 't': 11.421993365407856, 'r_out': 9.883597291884339, 'n_r': 4})","('valid', True)","('stiffness_props', {'area': 6706.439620969367, 'ixx': 2494088703516.7793, 'iyy': 7363223894173.855, 'ixy': -0.01953125, 'g_eff': 76923.07692307657})"
"('section_type', 'rectangular_hollow_section')","('section_params', {'d': 160.7721854678014, 'b': 146.35081560227422, 't': 6.649091764454882, 'r_out': 18.14302001399842, 'n_r': 4})","('valid', True)","('stiffness_props', {'area': 3710.277560388229, 'ixx': 2776065293724.509, 'iyy': 2405234681595.254, 'ixy': 0.01953125, 'g_eff': 76923.07692307669})"
"('section_type', 'rectangular_hollow_section')","('section_params', {'d': 107.61825437152636, 'b': 127.29135244324513, 't': 10.881301898640716, 'r_out': 9.891444340334639, 'n_r': 4})","('valid', True)","('stiffness_props', {'area': 4540.793106109642, 'ixx': 1479412724500.606, 'iyy': 1944317924616.016, 'ixy': 0.00439453125, 'g_eff': 76923.07692307708})"
"('section_type', 'rectangular_hollow_section')","('section_params', {'d': 157.3020424419812, 'b': 268.5286631532265, 't': 16.560228835798107, 'r_out': 10.924031386823499, 'n_r': 4})","('valid', True)","('stiffness_props', {'area': 12887.40868181563, 'ixx': 9768347605455.426, 'iyy': 23350014875199.453, 'ixy': 0.015625, 'g_eff': 76923.07692307685})"
"('section_type', 'rectangular_hollow_section')","('section_params', {'d': 72.71988473022154, 'b': 35.872095748008334, 't': 9.693008019101363, 'r_out': 18.879928929116165, 'n_r': 4})","('valid', False)","('stiffness_props', {'area': None, 'ixx': None, 'iyy': None, 'ixy': None, 'g_eff': None})"
"('section_type', 'rectangular_hollow_section')","('section_params', {'d': 125.64590205554512, 'b': 25.6425104336085, 't': 14.427565257254376, 'r_out': 16.57614173009606, 'n_r': 4})","('valid', False)","('stiffness_props', {'area': None, 'ixx': None, 'iyy': None, 'ixy': None, 'g_eff': None})"
"('section_type', 'rectangular_hollow_section')","('section_params', {'d': 270.7645824288198, 'b': 174.43237392223602, 't': 13.279300609869894, 'r_out': 14.011190441842837, 'n_r': 4})","('valid', True)","('stiffness_props', {'area': 10922.671334349066, 'ixx': 21134634385367.695, 'iyy': 10514748896548.021, 'ixy': 0.05859375, 'g_eff': 76923.07692307739})"
"('section_type', 'rectangular_hollow_section')","('section_params', {'d': 142.99517837773521, 'b': 129.16392801413753, 't': 11.495432746667559, 'r_out': 13.939618501090719, 'n_r': 4})","('valid', True)","('stiffness_props', {'area': 5540.254591755488, 'ixx': 3059949536329.786, 'iyy': 2599312960977.7764, 'ixy': 0.0263671875, 'g_eff': 76923.07692307666})"
"('section_type', 'rectangular_hollow_section')","('section_params', {'d': 233.11927682330543, 'b': 197.5531783899965, 't': 8.994314802729882, 'r_out': 10.856273728495431, 'n_r': 4})","('valid', True)","('stiffness_props', {'area': 7309.22469479655, 'ixx': 11617327449089.387, 'iyy': 8983954122787.725, 'ixy': -0.037109375, 'g_eff': 76923.07692307692})"
"('section_type', 'rectangular_hollow_section')","('section_params', {'d': 30.085711087952014, 'b': 80.39414645339602, 't': 16.226607709666645, 'r_out': 9.883283700448887, 'n_r': 4})","('valid', True)","('stiffness_props', {'area': 2207.5354047822098, 'ixx': 33274378886.703735, 'iyy': 228218539147.9298, 'ixy': 0.000762939453125, 'g_eff': 76923.076923077})"
"('section_type', 'rectangular_hollow_section')","('section_params', {'d': 86.77430849278468, 'b': 37.759273413839495, 't': 14.871064498691705, 'r_out': 14.234877128078637, 'n_r': 4})","('valid', True)","('stiffness_props', {'area': 2616.6678934245265, 'ixx': 321471407552.04663, 'iyy': 67378581964.67743, 'ixy': -0.00018310546875, 'g_eff': 76923.07692307692})"
"('section_type', 'rectangular_hollow_section')","('section_params', {'d': 286.4893034040285, 'b': 58.67101480158529, 't': 10.95238379358699, 'r_out': 9.760348276598453, 'n_r': 4})","('valid', True)","('stiffness_props', {'area': 6985.573309080345, 'ixx': 11265082292815.852, 'iyy': 731250832130.9395, 'ixy': 0.033203125, 'g_eff': 76923.07692307683})"
"('section_type', 'rectangular_hollow_section')","('section_params', {'d': 136.25371681206877, 'b': 204.34101712407045, 't': 12.679021087603967, 'r_out': 13.11763710238106, 'n_r': 4})","('valid', True)","('stiffness_props', {'area': 7821.905305705381, 'ixx': 4401443583879.675, 'iyy': 8441553243144.498, 'ixy': 0.01953125, 'g_eff': 76923.07692307672})"
"('section_type', 'rectangular_hollow_section')","('section_params', {'d': 241.80363405813355, 'b': 68.66232726551618, 't': 18.006255009433847, 'r_out': 12.73510801053082, 'n_r': 4})","('valid', True)","('stiffness_props', {'area': 9721.574688786504, 'ixx': 10986316903687.426, 'iyy': 1153331836057.8594, 'ixy': -0.0498046875, 'g_eff': 76923.07692307679})"
"('section_type', 'rectangular_hollow_section')","('section_params', {'d': 130.24794354342782, 'b': 193.3080064320389, 't': 15.898512844856349, 'r_out': 17.888248850009518, 'n_r': 4})","('valid', True)","('stiffness_props', {'area': 8961.035613167387, 'ixx': 4314887322570.165, 'iyy': 8226792139103.996, 'ixy': -0.017578125, 'g_eff': 76923.07692307659})"
"('section_type', 'rectangular_hollow_section')","('section_params', {'d': 219.0619495710799, 'b': 270.31298459280595, 't': 13.509946487604628, 'r_out': 10.066548857498699, 'n_r': 4})","('valid', True)","('stiffness_props', {'area': 12391.448323566412, 'ixx': 18409185214862.656, 'iyy': 25663550082618.1, 'ixy': -0.171875, 'g_eff': 76923.07692307701})"
"('section_type', 'rectangular_hollow_section')","('section_params', {'d': 52.79815123713932, 'b': 204.75912957736074, 't': 7.547422100153678, 'r_out': 16.409668282227443, 'n_r': 4})","('valid', True)","('stiffness_props', {'area': 3469.194899377037, 'ixx': 309623266571.69275, 'iyy': 2880138916329.0576, 'ixy': 0.002685546875, 'g_eff': 76923.07692307683})"
"('section_type', 'rectangular_hollow_section')","('section_params', {'d': 171.67069067102796, 'b': 44.42025902392358, 't': 15.213098095837779, 'r_out': 9.56295943874461, 'n_r': 4})","('valid', True)","('stiffness_props', {'area': 5557.6220227427475, 'ixx': 2960754680929.457, 'iyy': 237024083514.25897, 'ixy': -0.00537109375, 'g_eff': 76923.076923077})"
"('section_type', 'rectangular_hollow_section')","('section_params', {'d': 61.67664012717452, 'b': 280.9650171287151, 't': 15.049054384826384, 'r_out': 15.713930335921601, 'n_r': 4})","('valid', True)","('stiffness_props', {'area': 9160.484171020198, 'ixx': 930451896984.207, 'iyy': 13568798800469.719, 'ixy': 0.037109375, 'g_eff': 76923.0769230766})"
"('section_type', 'rectangular_hollow_section')","('section_params', {'d': 186.18318557924096, 'b': 299.878153464314, 't': 10.99233262139358, 'r_out': 18.727384858054997, 'n_r': 4})","('valid', True)","('stiffness_props', {'area': 9911.686409978582, 'ixx': 11278766239700.498, 'iyy': 23692750411648.89, 'ixy': -0.0703125, 'g_eff': 76923.07692307669})"
"('section_type', 'rectangular_hollow_section')","('section_params', {'d': 133.7673978710148, 'b': 225.92255645157874, 't': 15.688315714136861, 'r_out': 18.513412325409696, 'n_r': 4})","('valid', True)","('stiffness_props', {'area': 9966.60086037939, 'ixx': 5268578271798.162, 'iyy': 12350858033187.672, 'ixy': -0.1015625, 'g_eff': 76923.07692307691})"
"('section_type', 'rectangular_hollow_section')","('section_params', {'d': 235.7858799736794, 'b': 48.40567329474563, 't': 2.972340768429885, 'r_out': 19.501757157189033, 'n_r': 4})","('valid', True)","('stiffness_props', {'area': 1546.992115006646, 'ixx': 1680584408452.833, 'iyy': 139225435710.29636, 'ixy': -0.0025634765625, 'g_eff': 76923.07692307707})"
"('section_type', 'rectangular_hollow_section')","('section_params', {'d': 207.03974569936042, 'b': 144.15036608104572, 't': 4.94077301519177, 'r_out': 10.68498466195798, 'n_r': 4})","('valid', True)","('stiffness_props', {'area': 3291.4833732396205, 'ixx': 4001404601304.284, 'iyy': 2300083953293.7305, 'ixy': -0.0078125, 'g_eff': 76923.07692307698})"
"('section_type', 'rectangular_hollow_section')","('section_params', {'d': 82.15705773988418, 'b': 121.69572917695321, 't': 19.517859603482638, 'r_out': 19.072781630724673, 'n_r': 4})","('valid', True)","('stiffness_props', {'area': 6069.981776504598, 'ixx': 916567728690.6516, 'iyy': 1831008971373.0537, 'ixy': -0.01611328125, 'g_eff': 76923.07692307686})"
"('section_type', 'rectangular_hollow_section')","('section_params', {'d': 208.5807967951848, 'b': 212.9816098203788, 't': 6.154275651357009, 'r_out': 18.23306444751575, 'n_r': 4})","('valid', True)","('stiffness_props', {'area': 4850.7745735866765, 'ixx': 6524515646975.48, 'iyy': 6734215742370.496, 'ixy': -0.04296875, 'g_eff': 76923.07692307641})"
"('section_type', 'rectangular_hollow_section')","('section_params', {'d': 53.09926645189918, 'b': 78.66417490867761, 't': 14.639695807949394, 'r_out': 10.79466180826837, 'n_r': 4})","('valid', True)","('stiffness_props', {'area': 2884.1459033027686, 'ixx': 171710501551.92505, 'iyy': 351468374170.615, 'ixy': 0.0001220703125, 'g_eff': 76923.07692307669})"
"('section_type', 'rectangular_hollow_section')","('section_params', {'d': 213.6758580561259, 'b': 96.30553454591545, 't': 6.993643308288608, 'r_out': 11.17080745750313, 'n_r': 4})","('valid', True)","('stiffness_props', {'area': 4032.816158313105, 'ixx': 4497933340370.416, 'iyy': 1278460069214.0896, 'ixy': -0.0009765625, 'g_eff': 76923.07692307685})"
"('section_type', 'rectangular_hollow_section')","('section_params', {'d': 190.42306556642274, 'b': 46.84574076859322, 't': 10.634268430588778, 'r_out': 15.417250968043477, 'n_r': 4})","('valid', True)","('stiffness_props', {'area': 4379.1949878706355, 'ixx': 2961609148920.135, 'iyy': 260833164661.83887, 'ixy': 0.003173828125, 'g_eff': 76923.076923077})"
"('section_type', 'rectangular_hollow_section')","('section_params', {'d': 33.70890275844222, 'b': 167.53439703505086, 't': 14.9959071751589, 'r_out': 18.519098931538796, 'n_r': 4})","('valid', False)","('stiffness_props', {'area': None, 'ixx': None, 'iyy': None, 'ixy': None, 'g_eff': None})"
"('section_type', 'rectangular_hollow_section')","('section_params', {'d': 164.08188575703062, 'b': 266.22455862852985, 't': 18.849446309240168, 'r_out': 18.61142322583254, 'n_r': 4})","('valid', True)","('stiffness_props', {'area': 14454.484860780669, 'ixx': 11495206382963.66, 'iyy': 25315539690909.39, 'ixy': 0.09765625, 'g_eff': 76923.07692307708})"
"('section_type', 'rectangular_hollow_section')","('section_params', {'d': 39.494904940511816, 'b': 114.95505731674926, 't': 5.2219346924196035, 'r_out': 15.942111935596198, 'n_r': 4})","('valid', True)","('stiffness_props', {'area': 1364.7520917386953, 'ixx': 65338240544.512344, 'iyy': 357434368294.9415, 'ixy': 0.00018310546875, 'g_eff': 76923.07692307694})"
"('section_type', 'rectangular_hollow_section')","('section_params', {'d': 207.79284631560742, 'b': 122.85327228091815, 't': 3.267124129562138, 'r_out': 12.812725806687233, 'n_r': 4})","('valid', True)","('stiffness_props', {'area': 2044.7799932946036, 'ixx': 2409435748805.5215, 'iyy': 1087536709895.686, 'ixy': 0.009765625, 'g_eff': 76923.07692307717})"
"('section_type', 'rectangular_hollow_section')","('section_params', {'d': 152.07645645592984, 'b': 95.41488080767894, 't': 18.449716528193395, 'r_out': 9.132387828274233, 'n_r': 4})","('valid', True)","('stiffness_props', {'area': 7687.321364065337, 'ixx': 4012038076147.674, 'iyy': 1782526594787.3223, 'ixy': 0.0166015625, 'g_eff': 76923.07692307698})"
"('section_type', 'rectangular_hollow_section')","('section_params', {'d': 250.22023689716477, 'b': 283.1818275328379, 't': 2.2457078711983103, 'r_out': 14.009654604299264, 'n_r': 4})","('valid', True)","('stiffness_props', {'area': 2317.677634444143, 'ixx': 4838361249542.706, 'iyy': 5821290789449.82, 'ixy': -0.0185546875, 'g_eff': 76923.07692307742})"
"('section_type', 'rectangular_hollow_section')","('section_params', {'d': 205.27694021114294, 'b': 191.77897722694192, 't': 6.431172706792577, 'r_out': 9.250475056109224, 'n_r': 4})","('valid', True)","('stiffness_props', {'area': 4864.007606031691, 'ixx': 6247519106142.395, 'iyy': 5627313967403.652, 'ixy': -0.0234375, 'g_eff': 76923.07692307711})"
"('section_type', 'rectangular_hollow_section')","('section_params', {'d': 140.54578683572822, 'b': 183.47193460277992, 't': 11.20604790153283, 'r_out': 11.503179487880187, 'n_r': 4})","('valid', True)","('stiffness_props', {'area': 6627.379325334422, 'ixx': 3943296167467.5654, 'iyy': 6031647758523.271, 'ixy': 0.037109375, 'g_eff': 76923.0769230769})"
"('section_type', 'rectangular_hollow_section')","('section_params', {'d': 170.13973180637905, 'b': 214.10229395651538, 't': 17.1333068880366, 'r_out': 16.366268420864508, 'n_r': 4})","('valid', True)","('stiffness_props', {'area': 11724.617531650796, 'ixx': 9703487242608.494, 'iyy': 14089986245719.504, 'ixy': 0.0390625, 'g_eff': 76923.07692307692})"
"('section_type', 'rectangular_hollow_section')","('section_params', {'d': 128.17371754919736, 'b': 236.55088524481707, 't': 15.361212865932002, 'r_out': 11.695837322792443, 'n_r': 4})","('valid', True)","('stiffness_props', {'area': 10124.564468391618, 'ixx': 5024207998050.15, 'iyy': 13748670218576.324, 'ixy': 0.03515625, 'g_eff': 76923.07692307647})"
"('section_type', 'rectangular_hollow_section')","('section_params', {'d': 297.3605240715872, 'b': 81.52971696628386, 't': 17.46763761318206, 'r_out': 10.199569118371425, 'n_r': 4})","('valid', True)","('stiffness_props', {'area': 11912.130185899157, 'ixx': 21249129902793.492, 'iyy': 2212815659237.3916, 'ixy': 0.001953125, 'g_eff': 76923.07692307739})"
"('section_type', 'rectangular_hollow_section')","('section_params', {'d': 177.7718348116753, 'b': 165.35317983046698, 't': 12.598240128001823, 'r_out': 14.163727887147504, 'n_r': 4})","('valid', True)","('stiffness_props', {'area': 7812.51960374348, 'ixx': 6895562850111.91, 'iyy': 6144182909921.893, 'ixy': -0.009765625, 'g_eff': 76923.0769230771})"
"('section_type', 'rectangular_hollow_section')","('section_params', {'d': 298.0399611850856, 'b': 109.748417385519, 't': 3.6625247131338554, 'r_out': 15.670561198488002, 'n_r': 4})","('valid', True)","('stiffness_props', {'area': 2832.040131348102, 'ixx': 6032287070150.648, 'iyy': 1299022808229.3098, 'ixy': -0.03125, 'g_eff': 76923.07692307724})"
"('section_type', 'rectangular_hollow_section')","('section_params', {'d': 84.07125257449505, 'b': 293.629812893115, 't': 8.567186603255843, 'r_out': 18.26133502776431, 'n_r': 4})","('valid', True)","('stiffness_props', {'area': 5938.584427719356, 'ixx': 1448966454819.5256, 'iyy': 10885496715176.535, 'ixy': -0.0224609375, 'g_eff': 76923.07692307666})"
"('section_type', 'rectangular_hollow_section')","('section_params', {'d': 145.3025631790104, 'b': 155.17856193152906, 't': 6.288189586370867, 'r_out': 16.5116563047549, 'n_r': 4})","('valid', True)","('stiffness_props', {'area': 3452.683728361117, 'ixx': 2205020624938.5796, 'iyy': 2437875037197.5225, 'ixy': 0.00634765625, 'g_eff': 76923.07692307708})"
"('section_type', 'rectangular_hollow_section')","('section_params', {'d': 48.55271361158998, 'b': 41.735691943365424, 't': 8.397907681979529, 'r_out': 19.692909073059283, 'n_r': 4})","('valid', True)","('stiffness_props', {'area': 974.1343641317972, 'ixx': 40075755349.48093, 'iyy': 31798427653.29222, 'ixy': 6.103515625e-05, 'g_eff': 76923.07692307694})"
"('section_type', 'rectangular_hollow_section')","('section_params', {'d': 138.59013001222326, 'b': 100.0642299921795, 't': 12.259898631102487, 'r_out': 18.78572605449274, 'n_r': 4})","('valid', True)","('stiffness_props', {'area': 4940.218985434965, 'ixx': 2300085431741.625, 'iyy': 1358888625080.0527, 'ixy': 0.0078125, 'g_eff': 76923.07692307691})"
"('section_type', 'rectangular_hollow_section')","('section_params', {'d': 70.9103234032144, 'b': 168.62442330941923, 't': 14.76107269719609, 'r_out': 12.747774883730939, 'n_r': 4})","('valid', True)","('stiffness_props', {'area': 6037.516786285341, 'ixx': 803462077646.1433, 'iyy': 3595379824347.1504, 'ixy': -0.001953125, 'g_eff': 76923.07692307701})"
"('section_type', 'rectangular_hollow_section')","('section_params', {'d': 39.48947829678807, 'b': 128.38009939831636, 't': 3.560096273158773, 'r_out': 18.212541731625194, 'n_r': 4})","('valid', True)","('stiffness_props', {'area': 1027.5640555486802, 'ixx': 53935773775.12753, 'iyy': 333074824857.64905, 'ixy': 0.000213623046875, 'g_eff': 76923.07692307726})"
"('section_type', 'rectangular_hollow_section')","('section_params', {'d': 207.45280912193198, 'b': 139.9504469508433, 't': 3.2731003342745453, 'r_out': 14.49448180157657, 'n_r': 4})","('valid', True)","('stiffness_props', {'area': 2147.148083305405, 'ixx': 2613017218457.6367, 'iyy': 1445026850772.0715, 'ixy': -0.0166015625, 'g_eff': 76923.07692307713})"
"('section_type', 'rectangular_hollow_section')","('section_params', {'d': 240.79578170838613, 'b': 283.31790462189366, 't': 5.207200924557692, 'r_out': 19.826243883820577, 'n_r': 4})","('valid', True)","('stiffness_props', {'area': 5170.507248694236, 'ixx': 9793632693305.314, 'iyy': 12509225392045.55, 'ixy': 0.04296875, 'g_eff': 76923.0769230763})"
"('section_type', 'rectangular_hollow_section')","('section_params', {'d': 281.0759170712747, 'b': 214.42898892254564, 't': 17.11698548484144, 'r_out': 13.291264471371358, 'n_r': 4})","('valid', True)","('stiffness_props', {'area': 15614.47808752695, 'ixx': 33524171710265.086, 'iyy': 21734008923248.773, 'ixy': 0.1953125, 'g_eff': 76923.07692307683})"
"('section_type', 'rectangular_hollow_section')","('section_params', {'d': 229.870650902551, 'b': 277.35134063303093, 't': 15.700824663689682, 'r_out': 14.522668186289351, 'n_r': 4})","('valid', True)","('stiffness_props', {'area': 14730.63563760683, 'ixx': 23577652286316.992, 'iyy': 31754111087145.03, 'ixy': -0.1015625, 'g_eff': 76923.07692307717})"
"('section_type', 'rectangular_hollow_section')","('section_params', {'d': 106.723250334926, 'b': 179.87106749747855, 't': 5.959705334588403, 'r_out': 16.160982926228716, 'n_r': 4})","('valid', True)","('stiffness_props', {'area': 3116.851714356274, 'ixx': 1172847336032.6714, 'iyy': 2617027692683.6377, 'ixy': -0.00634765625, 'g_eff': 76923.07692307688})"
"('section_type', 'rectangular_hollow_section')","('section_params', {'d': 189.35540480299485, 'b': 241.62041808502568, 't': 6.31144417481433, 'r_out': 17.742407421759346, 'n_r': 4})","('valid', True)","('stiffness_props', {'area': 5096.696283051073, 'ixx': 5949519870522.492, 'iyy': 8616480863232.055, 'ixy': -0.015625, 'g_eff': 76923.0769230771})"
"('section_type', 'rectangular_hollow_section')","('section_params', {'d': 161.7231372904899, 'b': 245.14880556123018, 't': 6.61189490166191, 'r_out': 16.80940972731836, 'n_r': 4})","('valid', True)","('stiffness_props', {'area': 5026.95348561732, 'ixx': 4397406316610.5215, 'iyy': 8309296982312.867, 'ixy': 0.0, 'g_eff': 76923.07692307672})"
"('section_type', 'rectangular_hollow_section')","('section_params', {'d': 108.32672195805155, 'b': 95.25411832300539, 't': 13.401952035543648, 'r_out': 15.899781260126492, 'n_r': 4})","('valid', True)","('stiffness_props', {'area': 4491.7481468680835, 'ixx': 1273574618047.8052, 'iyy': 1028701087698.4524, 'ixy': -0.0048828125, 'g_eff': 76923.07692307691})"
"('section_type', 'rectangular_hollow_section')","('section_params', {'d': 165.45701098634245, 'b': 51.6049937334759, 't': 7.221973715948964, 'r_out': 14.104045465297881, 'n_r': 4})","('valid', True)","('stiffness_props', {'area': 2775.0433812960036, 'ixx': 1564034216316.7153, 'iyy': 232288804919.464, 'ixy': 0.00048828125, 'g_eff': 76923.07692307682})"
"('section_type', 'rectangular_hollow_section')","('section_params', {'d': 24.112222640194627, 'b': 164.3177792239948, 't': 15.30967044689467, 'r_out': 14.755458404001487, 'n_r': 4})","('valid', False)","('stiffness_props', {'area': None, 'ixx': None, 'iyy': None, 'ixy': None, 'g_eff': None})"
"('section_type', 'rectangular_hollow_section')","('section_params', {'d': 286.9034178080213, 'b': 137.5304071223946, 't': 15.459457743417303, 'r_out': 16.31621278752695, 'n_r': 4})","('valid', True)","('stiffness_props', {'area': 11901.569457373245, 'ixx': 23292810535978.195, 'iyy': 7045364253421.857, 'ixy': -0.05859375, 'g_eff': 76923.07692307698})"
"('section_type', 'rectangular_hollow_section')","('section_params', {'d': 92.11143181838452, 'b': 95.49396670874143, 't': 14.246126179690075, 'r_out': 15.390578667460838, 'n_r': 4})","('valid', True)","('stiffness_props', {'area': 4297.93177408388, 'ixx': 871287311429.9519, 'iyy': 926043727844.1265, 'ixy': -0.0009765625, 'g_eff': 76923.07692307686})"
"('section_type', 'rectangular_hollow_section')","('section_params', {'d': 112.31961041035368, 'b': 161.8936836234013, 't': 4.856926256703327, 'r_out': 9.228508376210202, 'n_r': 4})","('valid', True)","('stiffness_props', {'area': 2503.2539281848904, 'ixx': 1043632481929.8193, 'iyy': 1832270687591.0942, 'ixy': -0.00830078125, 'g_eff': 76923.07692307686})"
"('section_type', 'rectangular_hollow_section')","('section_params', {'d': 72.24345987025136, 'b': 187.97366633410329, 't': 11.914901491263254, 'r_out': 9.73899905567723, 'n_r': 4})","('valid', True)","('stiffness_props', {'area': 5538.215237336379, 'ixx': 849126179694.6367, 'iyy': 4269383309458.758, 'ixy': 0.0107421875, 'g_eff': 76923.07692307678})"
"('section_type', 'rectangular_hollow_section')","('section_params', {'d': 133.67995288075917, 'b': 41.926962244872186, 't': 15.71211141690906, 'r_out': 10.105719342415016, 'n_r': 4})","('valid', True)","('stiffness_props', {'area': 4428.703487930084, 'ixx': 1397428380906.628, 'iyy': 155150760937.1596, 'ixy': 0.0029296875, 'g_eff': 76923.07692307678})"
"('section_type', 'rectangular_hollow_section')","('section_params', {'d': 85.21848742989985, 'b': 107.60234417807834, 't': 7.375602618068909, 'r_out': 19.07434256240866, 'n_r': 4})","('valid', True)","('stiffness_props', {'area': 2399.771577030607, 'ixx': 491211969197.11926, 'iyy': 704511437852.2327, 'ixy': 0.002197265625, 'g_eff': 76923.0769230769})"
"('section_type', 'rectangular_hollow_section')","('section_params', {'d': 243.9794742007256, 'b': 38.8099165329374, 't': 17.147539091340136, 'r_out': 10.296954966918738, 'n_r': 4})","('valid', True)","('stiffness_props', {'area': 8416.104595296527, 'ixx': 8397483577748.973, 'iyy': 231226040499.8612, 'ixy': -0.0068359375, 'g_eff': 76923.07692307691})"
"('section_type', 'rectangular_hollow_section')","('section_params', {'d': 231.80057493211376, 'b': 122.224167400628, 't': 11.962899177453776, 'r_out': 8.197960660556664, 'n_r': 4})","('valid', True)","('stiffness_props', {'area': 7830.674211789707, 'ixx': 10480909133778.258, 'iyy': 3716268420588.658, 'ixy': 0.025390625, 'g_eff': 76923.07692307678})"
"('section_type', 'rectangular_hollow_section')","('section_params', {'d': 68.06564804992534, 'b': 222.32867649034864, 't': 18.018950850196273, 'r_out': 19.274352862739725, 'n_r': 4})","('valid', True)","('stiffness_props', {'area': 8796.547119102755, 'ixx': 1001406353445.375, 'iyy': 8175352809123.855, 'ixy': -0.0244140625, 'g_eff': 76923.07692307656})"
"('section_type', 'rectangular_hollow_section')","('section_params', {'d': 50.68398332656576, 'b': 63.0553476731272, 't': 11.093932908458743, 'r_out': 8.149098807490942, 'n_r': 4})","('valid', True)","('stiffness_props', {'area': 1964.9238134434065, 'ixx': 113785965033.90906, 'iyy': 167734557510.04956, 'ixy': -0.00042724609375, 'g_eff': 76923.07692307691})"
"('section_type', 'rectangular_hollow_section')","('section_params', {'d': 247.2333935416627, 'b': 86.55433222138115, 't': 18.321747288344593, 'r_out': 12.21259091831898, 'n_r': 4})","('valid', True)","('stiffness_props', {'area': 10739.255647033464, 'ixx': 13596966843722.336, 'iyy': 2186886565835.2275, 'ixy': -0.029296875, 'g_eff': 76923.07692307688})"
"('section_type', 'rectangular_hollow_section')","('section_params', {'d': 128.00232140944007, 'b': 97.22422008017716, 't': 5.964837296896552, 'r_out': 18.520380237067613, 'n_r': 4})","('valid', True)","('stiffness_props', {'area': 2359.1993883396517, 'ixx': 1027034830720.5955, 'iyy': 675346026347.6199, 'ixy': -0.001220703125, 'g_eff': 76923.07692307688})"
"('section_type', 'rectangular_hollow_section')","('section_params', {'d': 118.43635839413786, 'b': 205.11230930321986, 't': 9.020632194554032, 'r_out': 9.99565199640863, 'n_r': 4})","('valid', True)","('stiffness_props', {'area': 5412.777440694688, 'ixx': 2460321087536.808, 'iyy': 5880762003534.102, 'ixy': -0.0390625, 'g_eff': 76923.07692307717})"
"('section_type', 'rectangular_hollow_section')","('section_params', {'d': 107.63034892493829, 'b': 190.27144156197073, 't': 13.448343218545189, 'r_out': 14.531927774907194, 'n_r': 4})","('valid', True)","('stiffness_props', {'area': 7079.136537114581, 'ixx': 2414313749065.0933, 'iyy': 6136036123587.197, 'ixy': 0.0126953125, 'g_eff': 76923.07692307698})"
"('section_type', 'rectangular_hollow_section')","('section_params', {'d': 154.79719141546371, 'b': 54.08370762242478, 't': 2.82921303906089, 'r_out': 15.824063180043764, 'n_r': 4})","('valid', True)","('stiffness_props', {'area': 1068.384495316575, 'ixx': 567288722966.5842, 'iyy': 113611177668.74237, 'ixy': -0.00067138671875, 'g_eff': 76923.07692307662})"
"('section_type', 'rectangular_hollow_section')","('section_params', {'d': 135.59511399678564, 'b': 286.11844331661206, 't': 2.0706183826496414, 'r_out': 11.970259365401565, 'n_r': 4})","('valid', True)","('stiffness_props', {'area': 1683.9816283378248, 'ixx': 1170968239868.7788, 'iyy': 3626296590322.1357, 'ixy': 0.01416015625, 'g_eff': 76923.07692307657})"
"('section_type', 'rectangular_hollow_section')","('section_params', {'d': 44.73902752521981, 'b': 237.10673824560635, 't': 15.379407571885702, 'r_out': 9.751420395360912, 'n_r': 4})","('valid', True)","('stiffness_props', {'area': 7628.046899623897, 'ixx': 336798357324.2339, 'iyy': 7635587449285.1875, 'ixy': -0.01806640625, 'g_eff': 76923.07692307657})"
"('section_type', 'rectangular_hollow_section')","('section_params', {'d': 236.3304703768002, 'b': 118.27415290430957, 't': 5.9390660636663215, 'r_out': 8.99886342086104, 'n_r': 4})","('valid', True)","('stiffness_props', {'area': 3999.333362461461, 'ixx': 5773338555741.129, 'iyy': 1963872319729.9194, 'ixy': 0.009765625, 'g_eff': 76923.07692307691})"
"('section_type', 'rectangular_hollow_section')","('section_params', {'d': 26.03433418297328, 'b': 75.45462926293564, 't': 19.714470615699693, 'r_out': 18.286657726349837, 'n_r': 4})","('valid', False)","('stiffness_props', {'area': None, 'ixx': None, 'iyy': None, 'ixy': None, 'g_eff': None})"
"('section_type', 'rectangular_hollow_section')","('section_params', {'d': 250.2342685802373, 'b': 29.717089424597486, 't': 12.331726754493047, 'r_out': 9.515830331209933, 'n_r': 4})","('valid', True)","('stiffness_props', {'area': 6205.73033704744, 'ixx': 6520728151725.258, 'iyy': 106043823761.20386, 'ixy': 0.0048828125, 'g_eff': 76923.0769230769})"
"('section_type', 'rectangular_hollow_section')","('section_params', {'d': 93.14686918894718, 'b': 31.748556322614853, 't': 5.729437181771072, 'r_out': 11.842233341037831, 'n_r': 4})","('valid', True)","('stiffness_props', {'area': 1196.9829742198267, 'ixx': 201193104160.60474, 'iyy': 33974125426.584015, 'ixy': -9.1552734375e-05, 'g_eff': 76923.07692307691})"
"('section_type', 'rectangular_hollow_section')","('section_params', {'d': 108.44718011145996, 'b': 129.57525478859333, 't': 15.455224392159357, 'r_out': 14.330659158017806, 'n_r': 4})","('valid', True)","('stiffness_props', {'area': 6196.556647545541, 'ixx': 1881780987544.8286, 'iyy': 2536297756582.118, 'ixy': -0.0126953125, 'g_eff': 76923.07692307688})"
"('section_type', 'rectangular_hollow_section')","('section_params', {'d': 209.43542448816345, 'b': 44.419612299992934, 't': 4.343302058049287, 'r_out': 19.766991875841764, 'n_r': 4})","('valid', True)","('stiffness_props', {'area': 1976.837356162324, 'ixx': 1646291096988.4917, 'iyy': 138245444102.52963, 'ixy': 0.001953125, 'g_eff': 76923.07692307656})"
"('section_type', 'rectangular_hollow_section')","('section_params', {'d': 253.2195973587767, 'b': 64.32406041312515, 't': 11.861062130555943, 'r_out': 16.41724510225322, 'n_r': 4})","('valid', True)","('stiffness_props', {'area': 6721.3037950575535, 'ixx': 8469735049352.031, 'iyy': 825348801853.5042, 'ixy': -0.0166015625, 'g_eff': 76923.07692307713})"
"('section_type', 'rectangular_hollow_section')","('section_params', {'d': 217.09685160651023, 'b': 227.37686248462765, 't': 14.977778040295037, 'r_out': 13.281413704271673, 'n_r': 4})","('valid', True)","('stiffness_props', {'area': 12240.725978723824, 'ixx': 16818711982683.82, 'iyy': 18104431416999.305, 'ixy': -0.0390625, 'g_eff': 76923.07692307665})"
"('section_type', 'rectangular_hollow_section')","('section_params', {'d': 171.79294966865268, 'b': 122.18930957839568, 't': 15.941346367420257, 'r_out': 12.905064143556459, 'n_r': 4})","('valid', True)","('stiffness_props', {'area': 8189.899264494437, 'ixx': 5974785951376.451, 'iyy': 3393972448398.0664, 'ixy': 0.0, 'g_eff': 76923.07692307688})"
"('section_type', 'rectangular_hollow_section')","('section_params', {'d': 80.62107479383857, 'b': 33.24008894763095, 't': 7.817234570354604, 'r_out': 8.434072028725229, 'n_r': 4})","('valid', True)","('stiffness_props', {'area': 1464.9691429938491, 'ixx': 188990333121.344, 'iyy': 40382135954.7796, 'ixy': 0.000244140625, 'g_eff': 76923.07692307694})"
"('section_type', 'rectangular_hollow_section')","('section_params', {'d': 27.906120845060187, 'b': 254.57129100248932, 't': 9.964718166375434, 'r_out': 14.797389462528246, 'n_r': 4})","('valid', False)","('stiffness_props', {'area': None, 'ixx': None, 'iyy': None, 'ixy': None, 'g_eff': None})"
"('section_type', 'rectangular_hollow_section')","('section_params', {'d': 129.3756167344473, 'b': 139.22749510396187, 't': 8.825272993351584, 'r_out': 15.329186432879013, 'n_r': 4})","('valid', True)","('stiffness_props', {'area': 4236.766737381659, 'ixx': 2048939208220.1963, 'iyy': 2298398956311.0386, 'ixy': 0.00927734375, 'g_eff': 76923.07692307667})"
"('section_type', 'rectangular_hollow_section')","('section_params', {'d': 150.9949218508463, 'b': 123.32793499378407, 't': 16.26069629380064, 'r_out': 9.397838357415354, 'n_r': 4})","('valid', True)","('stiffness_props', {'area': 7775.400981567633, 'ixx': 4464733582199.072, 'iyy': 3179746809392.6553, 'ixy': -0.01171875, 'g_eff': 76923.0769230771})"
"('section_type', 'rectangular_hollow_section')","('section_params', {'d': 81.83759529147196, 'b': 31.957353393192406, 't': 10.933921015479317, 'r_out': 9.04505926881264, 'n_r': 4})","('valid', True)","('stiffness_props', {'area': 1928.4343494899438, 'ixx': 231080711577.0238, 'iyy': 40325290074.826904, 'ixy': -0.000335693359375, 'g_eff': 76923.07692307692})"
"('section_type', 'rectangular_hollow_section')","('section_params', {'d': 189.109607743565, 'b': 285.99357129956445, 't': 19.714336381196475, 'r_out': 11.750668195043016, 'n_r': 4})","('valid', True)","('stiffness_props', {'area': 17039.989336029903, 'ixx': 18223059781105.85, 'iyy': 35790731207490.0, 'ixy': -0.109375, 'g_eff': 76923.0769230763})"
"('section_type', 'rectangular_hollow_section')","('section_params', {'d': 186.2085275626181, 'b': 48.34654998329641, 't': 14.146477108550682, 'r_out': 8.777247003915772, 'n_r': 4})","('valid', True)","('stiffness_props', {'area': 5758.724747096432, 'ixx': 3758785999113.8867, 'iyy': 321949516817.048, 'ixy': -0.00390625, 'g_eff': 76923.07692307691})"
"('section_type', 'rectangular_hollow_section')","('section_params', {'d': 285.0242742355885, 'b': 153.9302119437368, 't': 6.601382602202862, 'r_out': 15.762357478214277, 'n_r': 4})","('valid', True)","('stiffness_props', {'area': 5456.571554811389, 'ixx': 11642009911204.14, 'iyy': 4511809039154.462, 'ixy': 0.013671875, 'g_eff': 76923.07692307714})"
"('section_type', 'rectangular_hollow_section')","('section_params', {'d': 116.30331193587304, 'b': 256.18064177320514, 't': 3.5102199568424, 'r_out': 13.847448208483126, 'n_r': 4})","('valid', True)","('stiffness_props', {'area': 2480.821105284326, 'ixx': 1239902921950.611, 'iyy': 4138116630744.2344, 'ixy': 0.00048828125, 'g_eff': 76923.07692307723})"
"('section_type', 'rectangular_hollow_section')","('section_params', {'d': 25.669345073266836, 'b': 250.82949848344379, 't': 14.180975846520441, 'r_out': 14.647760789775317, 'n_r': 4})","('valid', False)","('stiffness_props', {'area': None, 'ixx': None, 'iyy': None, 'ixy': None, 'g_eff': None})"
"('section_type', 'rectangular_hollow_section')","('section_params', {'d': 297.80714947113995, 'b': 296.3266310291368, 't': 16.190147871638928, 'r_out': 12.117087949844858, 'n_r': 4})","('valid', True)","('stiffness_props', {'area': 18042.920150864364, 'ixx': 47556583886214.625, 'iyy': 47184290788314.875, 'ixy': -0.328125, 'g_eff': 76923.07692307721})"
"('section_type', 'rectangular_hollow_section')","('section_params', {'d': 34.61488322293842, 'b': 76.7192154923443, 't': 10.823317353170093, 'r_out': 18.229939373103484, 'n_r': 4})","('valid', False)","('stiffness_props', {'area': None, 'ixx': None, 'iyy': None, 'ixy': None, 'g_eff': None})"
"('section_type', 'rectangular_hollow_section')","('section_params', {'d': 264.8201072559659, 'b': 91.93146635650295, 't': 15.236272029367035, 'r_out': 17.95464586734748, 'n_r': 4})","('valid', True)","('stiffness_props', {'area': 9627.572351618333, 'ixx': 14234755145055.719, 'iyy': 2411396734341.797, 'ixy': -0.013671875, 'g_eff': 76923.07692307666})"
"('section_type', 'rectangular_hollow_section')","('section_params', {'d': 178.17891951623628, 'b': 277.73507502346115, 't': 7.615156683830376, 'r_out': 9.208711485844514, 'n_r': 4})","('valid', True)","('stiffness_props', {'area': 6629.489609941591, 'ixx': 7130673557847.602, 'iyy': 14186647629445.176, 'ixy': 0.0859375, 'g_eff': 76923.07692307704})"
"('section_type', 'rectangular_hollow_section')","('section_params', {'d': 69.77627515643836, 'b': 287.83962377909137, 't': 2.091437438640267, 'r_out': 16.105074272597317, 'n_r': 4})","('valid', True)","('stiffness_props', {'area': 1415.374717122529, 'ixx': 279470778659.94794, 'iyy': 2518272339807.756, 'ixy': -0.0087890625, 'g_eff': 76923.07692307641})"
"('section_type', 'rectangular_hollow_section')","('section_params', {'d': 168.46585571573004, 'b': 238.78188057982112, 't': 10.54783553036216, 'r_out': 11.837049337492045, 'n_r': 4})","('valid', True)","('stiffness_props', {'area': 8007.683282835413, 'ixx': 7231821816543.482, 'iyy': 12513139470557.777, 'ixy': -0.029296875, 'g_eff': 76923.07692307714})"
"('section_type', 'rectangular_hollow_section')","('section_params', {'d': 224.6225931080437, 'b': 108.88351925711324, 't': 4.428426741346319, 'r_out': 13.890968902493356, 'n_r': 4})","('valid', True)","('stiffness_props', {'area': 2771.9516062881034, 'ixx': 3562460875899.539, 'iyy': 1173619171576.4136, 'ixy': -0.00439453125, 'g_eff': 76923.0769230767})"
"('section_type', 'rectangular_hollow_section')","('section_params', {'d': 136.25436826687206, 'b': 67.79668805913559, 't': 14.544079232350985, 'r_out': 15.593015884104858, 'n_r': 4})","('valid', True)","('stiffness_props', {'area': 4847.306622170585, 'ixx': 1863186382520.412, 'iyy': 559573843770.9998, 'ixy': 0.0029296875, 'g_eff': 76923.07692307667})"
"('section_type', 'rectangular_hollow_section')","('section_params', {'d': 129.5303155051159, 'b': 102.3365848603618, 't': 3.2268323822374727, 'r_out': 8.815277901296728, 'n_r': 4})","('valid', True)","('stiffness_props', {'area': 1408.2630548869024, 'ixx': 689075710614.1523, 'iyy': 481687148121.5718, 'ixy': -0.00244140625, 'g_eff': 76923.07692307691})"
"('section_type', 'rectangular_hollow_section')","('section_params', {'d': 251.5006007964319, 'b': 31.713190933337682, 't': 7.847520739681025, 'r_out': 14.666822786205463, 'n_r': 4})","('valid', True)","('stiffness_props', {'area': 4030.1050714470093, 'ixx': 4390916470376.3496, 'iyy': 111029474955.58725, 'ixy': 0.006591796875, 'g_eff': 76923.07692307701})"
"('section_type', 'rectangular_hollow_section')","('section_params', {'d': 118.14227846286798, 'b': 219.84093607983883, 't': 17.252886483808794, 'r_out': 11.263838452600602, 'n_r': 4})","('valid', True)","('stiffness_props', {'area': 10344.849643097337, 'ixx': 4154106611931.213, 'iyy': 11755302865250.664, 'ixy': -0.013671875, 'g_eff': 76923.07692307676})"
"('section_type', 'rectangular_hollow_section')","('section_params', {'d': 155.68161830626448, 'b': 202.99719407464957, 't': 12.297054403087513, 'r_out': 14.217294541311663, 'n_r': 4})","('valid', True)","('stiffness_props', {'area': 8018.071408310021, 'ixx': 5847186698936.301, 'iyy': 8916187828135.723, 'ixy': -0.048828125, 'g_eff': 76923.07692307718})"
"('section_type', 'rectangular_hollow_section')","('section_params', {'d': 254.03583133137494, 'b': 274.090470113808, 't': 6.816915472259609, 'r_out': 10.551376005818577, 'n_r': 4})","('valid', True)","('stiffness_props', {'area': 6917.1180248950395, 'ixx': 14274153374779.215, 'iyy': 16032189918024.531, 'ixy': 0.05078125, 'g_eff': 76923.07692307667})"
"('section_type', 'rectangular_hollow_section')","('section_params', {'d': 230.84634651765, 'b': 111.41399971437653, 't': 19.76721256936932, 'r_out': 17.074546716656137, 'n_r': 4})","('valid', True)","('stiffness_props', {'area': 11676.555119439045, 'ixx': 13732297358637.508, 'iyy': 3981160167501.0693, 'ixy': 0.048828125, 'g_eff': 76923.07692307692})"
"('section_type', 'rectangular_hollow_section')","('section_params', {'d': 214.6189722461017, 'b': 250.04282877410128, 't': 10.469236830015992, 'r_out': 17.19691895432649, 'n_r': 4})","('valid', True)","('stiffness_props', {'area': 9040.416887516783, 'ixx': 12907448626972.535, 'iyy': 16352116590758.305, 'ixy': 0.05859375, 'g_eff': 76923.0769230769})"
"('section_type', 'rectangular_hollow_section')","('section_params', {'d': 109.53693942703129, 'b': 249.0576686356536, 't': 8.264059284044428, 'r_out': 18.87470724416931, 'n_r': 4})","('valid', True)","('stiffness_props', {'area': 5410.046773117028, 'ixx': 2200383516441.8843, 'iyy': 7979334282817.879, 'ixy': -0.013671875, 'g_eff': 76923.07692307691})"
"('section_type', 'rectangular_hollow_section')","('section_params', {'d': 45.86639669406583, 'b': 73.81063425083391, 't': 18.72704029961777, 'r_out': 18.407191552515386, 'n_r': 4})","('valid', True)","('stiffness_props', {'area': 2740.760308502458, 'ixx': 94252828278.53217, 'iyy': 228422316606.896, 'ixy': -0.0003662109375, 'g_eff': 76923.07692307692})"
"('section_type', 'rectangular_hollow_section')","('section_params', {'d': 147.1603070969701, 'b': 264.9553231791681, 't': 5.97288693800019, 'r_out': 12.46052983375563, 'n_r': 4})","('valid', True)","('stiffness_props', {'area': 4667.163323152392, 'ixx': 3530684643716.2773, 'iyy': 8731963966469.225, 'ixy': -0.0078125, 'g_eff': 76923.0769230768})"
"('section_type', 'rectangular_hollow_section')","('section_params', {'d': 141.9509335828807, 'b': 187.18436682151955, 't': 7.013148288782415, 'r_out': 17.099821689174277, 'n_r': 4})","('valid', True)","('stiffness_props', {'area': 4229.149420420867, 'ixx': 2697132802311.4604, 'iyy': 4122684487923.7695, 'ixy': -0.0126953125, 'g_eff': 76923.07692307688})"
"('section_type', 'rectangular_hollow_section')","('section_params', {'d': 184.53654926371738, 'b': 158.81357675918068, 't': 8.799884714970965, 'r_out': 8.50492326604396, 'n_r': 4})","('valid', True)","('stiffness_props', {'area': 5660.797447996102, 'ixx': 5566575566084.0, 'iyy': 4398087475332.898, 'ixy': 0.0107421875, 'g_eff': 76923.07692307666})"
"('section_type', 'rectangular_hollow_section')","('section_params', {'d': 103.23898049976893, 'b': 170.0335382251458, 't': 12.820136924305041, 'r_out': 14.31481861547793, 'n_r': 4})","('valid', True)","('stiffness_props', {'area': 6146.678613738406, 'ixx': 1899133261185.8882, 'iyy': 4294569996997.461, 'ixy': -0.0009765625, 'g_eff': 76923.07692307666})"
"('section_type', 'rectangular_hollow_section')","('section_params', {'d': 259.5561723212628, 'b': 237.04942701950296, 't': 12.491381363358123, 'r_out': 19.289651137620975, 'n_r': 4})","('valid', True)","('stiffness_props', {'area': 11456.567254542097, 'ixx': 22422685367342.188, 'iyy': 19472633187219.2, 'ixy': -0.046875, 'g_eff': 76923.07692307676})"
"('section_type', 'rectangular_hollow_section')","('section_params', {'d': 293.480200301048, 'b': 139.85738191485063, 't': 18.26973390397241, 'r_out': 17.733563137289824, 'n_r': 4})","('valid', True)","('stiffness_props', {'area': 14184.312666118336, 'ixx': 28435107452493.445, 'iyy': 8386381405000.125, 'ixy': 0.1484375, 'g_eff': 76923.07692307688})"
"('section_type', 'rectangular_hollow_section')","('section_params', {'d': 181.51997226164255, 'b': 84.24890488483844, 't': 10.810099000138491, 'r_out': 10.765958587877302, 'n_r': 4})","('valid', True)","('stiffness_props', {'area': 5162.636920330965, 'ixx': 3950598031900.4443, 'iyy': 1118167023932.3838, 'ixy': 0.00390625, 'g_eff': 76923.07692307705})"
"('section_type', 'rectangular_hollow_section')","('section_params', {'d': 37.049617710940495, 'b': 245.27932293875458, 't': 14.06568537253788, 'r_out': 14.012431793954853, 'n_r': 4})","('valid', True)","('stiffness_props', {'area': 6954.577836703745, 'ixx': 196026102439.4477, 'iyy': 7031591903203.586, 'ixy': -0.00244140625, 'g_eff': 76923.07692307718})"
"('section_type', 'rectangular_hollow_section')","('section_params', {'d': 25.530487185044848, 'b': 32.286720863410245, 't': 8.962704823492885, 'r_out': 10.536560984625188, 'n_r': 4})","('valid', True)","('stiffness_props', {'area': 606.5347337345106, 'ixx': 6436099719.267273, 'iyy': 9766922741.733166, 'ixy': -2.6702880859375e-05, 'g_eff': 76923.07692307701})"
"('section_type', 'rectangular_hollow_section')","('section_params', {'d': 232.14872445346273, 'b': 160.59020359174875, 't': 5.547287328232141, 'r_out': 10.771602064015205, 'n_r': 4})","('valid', True)","('stiffness_props', {'area': 4145.447824322427, 'ixx': 6338959622827.033, 'iyy': 3604133619136.214, 'ixy': -0.0146484375, 'g_eff': 76923.07692307667})"
"('section_type', 'rectangular_hollow_section')","('section_params', {'d': 51.85529735393629, 'b': 183.18769445956855, 't': 16.852933283256633, 'r_out': 19.716560783776238, 'n_r': 4})","('valid', True)","('stiffness_props', {'area': 6405.699871781828, 'ixx': 374903372297.1194, 'iyy': 3724607236538.6055, 'ixy': 0.00244140625, 'g_eff': 76923.07692307705})"
"('section_type', 'rectangular_hollow_section')","('section_params', {'d': 253.45968157647792, 'b': 204.32740176774203, 't': 11.125874696147088, 'r_out': 13.367217510685153, 'n_r': 4})","('valid', True)","('stiffness_props', {'area': 9517.76421622162, 'ixx': 17411594927309.242, 'iyy': 12434592483277.305, 'ixy': 0.11328125, 'g_eff': 76923.07692307683})"
"('section_type', 'rectangular_hollow_section')","('section_params', {'d': 60.678307724762924, 'b': 69.83641158868994, 't': 16.820840023386832, 'r_out': 15.787684329069489, 'n_r': 4})","('valid', True)","('stiffness_props', {'area': 3009.7208156938327, 'ixx': 212577259547.77893, 'iyy': 274412192207.54016, 'ixy': 0.0018310546875, 'g_eff': 76923.0769230767})"
"('section_type', 'rectangular_hollow_section')","('section_params', {'d': 147.61164248520657, 'b': 122.65923115659264, 't': 6.5034496059283615, 'r_out': 13.97196800985436, 'n_r': 4})","('valid', True)","('stiffness_props', {'area': 3206.7694633334017, 'ixx': 1972205864278.9434, 'iyy': 1482433610678.525, 'ixy': 0.00244140625, 'g_eff': 76923.076923077})"
"('section_type', 'rectangular_hollow_section')","('section_params', {'d': 151.08654438810362, 'b': 154.6525005429442, 't': 16.51247195250256, 'r_out': 14.506169137055974, 'n_r': 4})","('valid', True)","('stiffness_props', {'area': 8795.938945456182, 'ixx': 5335170151632.207, 'iyy': 5544252499118.377, 'ixy': -0.00390625, 'g_eff': 76923.0769230768})"
"('section_type', 'rectangular_hollow_section')","('section_params', {'d': 225.7925783078486, 'b': 249.80872476748928, 't': 3.274182062335888, 'r_out': 10.317212064215482, 'n_r': 4})","('valid', True)","('stiffness_props', {'area': 3014.688844825864, 'ixx': 5056410195656.936, 'iyy': 5888353621690.344, 'ixy': 0.0009765625, 'g_eff': 76923.07692307678})"
"('section_type', 'rectangular_hollow_section')","('section_params', {'d': 66.2359557042854, 'b': 53.08835125285968, 't': 17.612116178114114, 'r_out': 10.39807296666406, 'n_r': 4})","('valid', True)","('stiffness_props', {'area': 2854.2406474987406, 'ixx': 227908068358.23572, 'iyy': 149658377336.26422, 'ixy': -0.00042724609375, 'g_eff': 76923.07692307695})"
"('section_type', 'rectangular_hollow_section')","('section_params', {'d': 178.56747261524697, 'b': 54.92878007519072, 't': 2.818628628854272, 'r_out': 9.424329207787101, 'n_r': 4})","('valid', True)","('stiffness_props', {'area': 1239.3170748591483, 'ixx': 892513592398.8992, 'iyy': 141386027147.39606, 'ixy': 0.0009765625, 'g_eff': 76923.07692307692})"
"('section_type', 'rectangular_hollow_section')","('section_params', {'d': 155.8221697568505, 'b': 120.33675210717215, 't': 14.843197152658929, 'r_out': 10.350535608490564, 'n_r': 4})","('valid', True)","('stiffness_props', {'area': 7209.747051153345, 'ixx': 4434231791828.404, 'iyy': 2888253544790.3496, 'ixy': 0.0, 'g_eff': 76923.07692307675})"
"('section_type', 'rectangular_hollow_section')","('section_params', {'d': 293.743591502734, 'b': 149.45681261140487, 't': 15.593362924039065, 'r_out': 19.654655054126156, 'n_r': 4})","('valid', True)","('stiffness_props', {'area': 12479.546258211069, 'ixx': 25952567058426.89, 'iyy': 8736873206325.539, 'ixy': -0.09375, 'g_eff': 76923.07692307704})"
"('section_type', 'rectangular_hollow_section')","('section_params', {'d': 167.32392938486993, 'b': 213.6320090767598, 't': 17.313659634342507, 'r_out': 16.5626297462437, 'n_r': 4})","('valid', True)","('stiffness_props', {'area': 11718.11096456609, 'ixx': 9360289460010.54, 'iyy': 13924265028462.645, 'ixy': 0.01171875, 'g_eff': 76923.0769230767})"
"('section_type', 'rectangular_hollow_section')","('section_params', {'d': 235.36148028157234, 'b': 207.7166678447034, 't': 7.0706908991823205, 'r_out': 10.69290385886129, 'n_r': 4})","('valid', True)","('stiffness_props', {'area': 5964.540813789067, 'ixx': 9937113111317.248, 'iyy': 8201693372040.725, 'ixy': 0.02734375, 'g_eff': 76923.076923077})"
"('section_type', 'rectangular_hollow_section')","('section_params', {'d': 61.75476380800503, 'b': 73.17207584236316, 't': 12.966014425839047, 'r_out': 10.278332254928053, 'n_r': 4})","('valid', True)","('stiffness_props', {'area': 2720.8124643721353, 'ixx': 233914065420.69043, 'iyy': 315652432607.7726, 'ixy': 0.001220703125, 'g_eff': 76923.07692307694})"
"('section_type', 'rectangular_hollow_section')","('section_params', {'d': 68.37127876225475, 'b': 95.10719466026966, 't': 3.5159141732830284, 'r_out': 15.02186644611405, 'n_r': 4})","('valid', True)","('stiffness_props', {'area': 1006.8364197500658, 'ixx': 146050088506.92856, 'iyy': 239607913778.74182, 'ixy': -0.00091552734375, 'g_eff': 76923.07692307688})"
"('section_type', 'rectangular_hollow_section')","('section_params', {'d': 179.9014566057455, 'b': 151.3188538471975, 't': 8.105868296466623, 'r_out': 15.478358972092174, 'n_r': 4})","('valid', True)","('stiffness_props', {'area': 4921.6100462274835, 'ixx': 4521158670480.93, 'iyy': 3459362464744.752, 'ixy': 0.0009765625, 'g_eff': 76923.07692307678})"
"('section_type', 'rectangular_hollow_section')","('section_params', {'d': 269.9239741112165, 'b': 285.63718795277197, 't': 16.904392751419614, 'r_out': 19.145328091752, 'n_r': 4})","('valid', True)","('stiffness_props', {'area': 17278.292388211692, 'ixx': 37143240861840.26, 'iyy': 40609975443362.234, 'ixy': 0.109375, 'g_eff': 76923.07692307628})"
"('section_type', 'rectangular_hollow_section')","('section_params', {'d': 173.83919909042092, 'b': 264.75791160054473, 't': 7.490966639985379, 'r_out': 19.144066882432533, 'n_r': 4})","('valid', True)","('stiffness_props', {'area': 6115.873772815829, 'ixx': 6155227637846.822, 'iyy': 11720464955410.86, 'ixy': 0.009765625, 'g_eff': 76923.07692307686})"
"('section_type', 'rectangular_hollow_section')","('section_params', {'d': 282.0532151383633, 'b': 56.669531545550605, 't': 19.68860380086807, 'r_out': 11.356081480579055, 'n_r': 4})","('valid', True)","('stiffness_props', {'area': 11658.430850498895, 'ixx': 16580886286353.555, 'iyy': 817597187568.3501, 'ixy': 0.05078125, 'g_eff': 76923.07692307721})"
"('section_type', 'rectangular_hollow_section')","('section_params', {'d': 242.39066841231073, 'b': 158.76078418111499, 't': 11.71592347830728, 'r_out': 16.705997019678613, 'n_r': 4})","('valid', True)","('stiffness_props', {'area': 8596.478489321278, 'ixx': 13297516691692.863, 'iyy': 6825984307657.699, 'ixy': -0.013671875, 'g_eff': 76923.07692307705})"
"('section_type', 'rectangular_hollow_section')","('section_params', {'d': 251.5666200053825, 'b': 286.6453611548958, 't': 18.24049972184687, 'r_out': 13.062115459191372, 'n_r': 4})","('valid', True)","('stiffness_props', {'area': 18133.02880461726, 'ixx': 34059586318831.33, 'iyy': 41957056007841.94, 'ixy': -0.0078125, 'g_eff': 76923.076923077})"
"('section_type', 'rectangular_hollow_section')","('section_params', {'d': 267.93869144486104, 'b': 132.55267674683478, 't': 16.671015410642617, 'r_out': 14.079190653931992, 'n_r': 4})","('valid', True)","('stiffness_props', {'area': 12043.280913149189, 'ixx': 20470941280926.273, 'iyy': 6425396474675.75, 'ixy': -0.0234375, 'g_eff': 76923.07692307698})"
"('section_type', 'rectangular_hollow_section')","('section_params', {'d': 126.04346447021803, 'b': 294.8947826022308, 't': 14.518880159777208, 'r_out': 11.08975205957256, 'n_r': 4})","('valid', True)","('stiffness_props', {'area': 11256.929802704293, 'ixx': 5707511194900.434, 'iyy': 22977277789599.656, 'ixy': 0.0234375, 'g_eff': 76923.07692307682})"
"('section_type', 'rectangular_hollow_section')","('section_params', {'d': 172.2496331342342, 'b': 129.39341526866866, 't': 13.408257996536452, 'r_out': 16.391858822733518, 'n_r': 4})","('valid', True)","('stiffness_props', {'area': 7110.098939914581, 'ixx': 5408689903673.26, 'iyy': 3409110113425.877, 'ixy': -0.0166015625, 'g_eff': 76923.07692307665})"
"('section_type', 'rectangular_hollow_section')","('section_params', {'d': 139.7738339840925, 'b': 208.57249922137876, 't': 19.813881377911024, 'r_out': 10.592070430392225, 'n_r': 4})","('valid', True)","('stiffness_props', {'area': 12121.634312092858, 'ixx': 6562708153530.566, 'iyy': 12856386566453.047, 'ixy': -0.0859375, 'g_eff': 76923.07692307665})"
"('section_type', 'rectangular_hollow_section')","('section_params', {'d': 294.3441576707783, 'b': 233.85482789293488, 't': 16.679323455659166, 'r_out': 12.496309939722925, 'n_r': 4})","('valid', True)","('stiffness_props', {'area': 16351.046372472614, 'ixx': 39342919844383.19, 'iyy': 27276866765774.297, 'ixy': -0.3828125, 'g_eff': 76923.07692307688})"
