d,b,t,r_out,n_r,area,ixx,iyy,ixy,g_eff,section_type,valid
106.56605261194966,63.29152292013567,8.340525493931919,17.8634355742512,4,2326.7289019483883,591776332529.8936,258219430792.44342,0.0003662109375,76923.07692307694,rectangular_hollow_section,True
84.30562924054588,161.8134601416097,6.756446217205985,12.584286415523037,4,3018.7819757217,698300395385.259,1948734875484.4233,0.004150390625,76923.07692307682,rectangular_hollow_section,True
32.325742492272965,225.44882720125972,8.381520439029124,10.885857909829888,4,3927.8559133517238,109427740732.21707,3542592624714.7773,0.003173828125,76923.07692307695,rectangular_hollow_section,True
154.09231022910714,111.73100101007823,10.48388205753127,14.686316559791527,4,4936.045916014448,3026482798803.37,1811863263779.7534,0.00634765625,76923.07692307694,rectangular_hollow_section,True
128.32936876758848,129.02445982547655,13.54783383204434,19.774068310813878,4,5886.7508236996455,2524119778882.49,2546229293973.6953,-0.0087890625,76923.07692307698,rectangular_hollow_section,True
255.39551313915922,57.65557494043292,10.705388319484502,16.527341662153532,4,6004.987685481407,7523644839875.9375,597759841766.7614,-0.025390625,76923.07692307678,rectangular_hollow_section,True
118.65857964986947,33.349395999576245,9.707601969383417,19.61375519114823,4,,,,,,rectangular_hollow_section,False
98.47979471349794,227.21373744096886,2.8039081841050684,13.52951493844172,4,1726.9727819955187,624950340346.3975,2231465114567.7734,-0.012939453125,76923.07692307756,rectangular_hollow_section,True
239.76900372928665,287.12684787186095,8.930022345213613,13.11579782554367,4,8936.898824224714,16496215097854.91,21772579257406.15,-0.05859375,76923.07692307704,rectangular_hollow_section,True
240.77716035494294,48.77188627167247,7.262709241691059,10.175006956783518,4,3899.7840030092357,4469455167428.58,304527060854.8861,-0.00830078125,76923.07692307683,rectangular_hollow_section,True
284.7272772174818,154.01815109846686,4.706705154165185,11.51272487482407,4,3955.2575144036596,8613676971497.781,3363201589740.5254,-0.005859375,76923.07692307787,rectangular_hollow_section,True
125.05439657606821,273.51686063302725,8.588212852690475,16.040454747183432,4,6349.239708497122,3404289637539.6133,11631383209684.184,-0.037109375,76923.07692307688,rectangular_hollow_section,True
25.390686894386878,215.31624076264933,8.81066174426553,17.05592404684594,4,,,,,,rectangular_hollow_section,False
181.93133813450595,54.29954194723675,7.520451821819384,16.075600042114182,4,3141.662766901486,2112945920479.7178,293213351261.60004,0.00341796875,76923.07692307695,rectangular_hollow_section,True
299.6005109841975,175.18953476179237,5.262679719949161,18.068701143498995,4,4724.068922310621,11500782368897.184,5090635484731.292,0.033203125,76923.0769230765,rectangular_hollow_section,True
133.55923499260888,83.47607428170807,4.8569808466312105,14.112841592596675,4,1900.4102889288306,880338670026.9851,428271345471.77405,-0.0008544921875,76923.07692307707,rectangular_hollow_section,True
187.83585989453286,252.2274019424196,7.117473228255641,14.37054473157138,4,5907.737759457369,6845419908266.125,10755763050487.8,-0.03125,76923.07692307704,rectangular_hollow_section,True
74.43734260942043,220.35828601580727,5.4028686759366,15.729015168632287,4,2927.9475589003787,577671719434.6595,3178897803965.9434,-0.0009765625,76923.07692307683,rectangular_hollow_section,True
141.85152115798803,56.91659856483043,7.782814038118234,17.66223360194403,4,2637.3102827189214,1113935404390.6538,256426360288.6056,-0.0015869140625,76923.07692307698,rectangular_hollow_section,True
20.50843035469289,182.9531445878725,14.409043058269608,11.962995861758232,4,,,,,,rectangular_hollow_section,False
159.94378939192876,295.62488507278294,19.388707292669746,10.198026198465726,4,16058.08774154401,12420080277915.898,34213889381998.797,-0.109375,76923.0769230768,rectangular_hollow_section,True
162.6911027887422,158.4416669848422,9.328968724380939,11.51665884218786,4,5515.709058505521,4251065524443.576,4077945761908.0938,-0.0126953125,76923.07692307697,rectangular_hollow_section,True
237.88923801520184,209.87947514412332,7.629237555488884,11.071699028176896,4,6488.714724124306,10996417603125.86,9067802594652.285,-0.0234375,76923.07692307676,rectangular_hollow_section,True
203.18781194678044,225.28506297158884,7.818307963409991,17.319750712299193,4,6245.665672090285,8027322720916.361,9401141803096.22,0.041015625,76923.0769230771,rectangular_hollow_section,True
230.90306885283445,153.55921436372873,13.799331119296895,8.199752734486962,4,9781.72259570577,13693345593403.258,7088012844391.939,0.017578125,76923.07692307676,rectangular_hollow_section,True
179.82602386777359,256.9068897940026,5.415819865593962,8.934765723283085,4,4545.762101689513,4999392939424.856,8632987761416.596,0.1015625,76923.07692307785,rectangular_hollow_section,True
105.37256900931814,31.600040461707792,6.943741840002276,9.429885145661483,4,1626.6008503499686,347456564347.4042,43715480333.24884,-0.00018310546875,76923.07692307692,rectangular_hollow_section,True
126.19293225517617,188.78805108033117,12.766984041798606,10.52004636453033,4,7280.059473822825,3466822571224.5957,6665401296207.15,0.025390625,76923.07692307702,rectangular_hollow_section,True
133.5748271803028,291.42849054765674,2.608273306278581,9.25226426291474,4,2148.375480699762,1451032852482.3425,4769091339312.5,0.03955078125,76923.07692307691,rectangular_hollow_section,True
296.3814826150831,235.55769845050213,5.710969301510143,8.911864035865499,4,5876.140391727366,15474845650279.625,10900431670306.285,0.05078125,76923.07692307694,rectangular_hollow_section,True
199.69439972492435,144.1121046278152,7.240874094876761,9.195162639439111,4,4688.466419154035,5245585177401.861,3157797691044.874,-0.0205078125,76923.07692307683,rectangular_hollow_section,True
79.15135486330604,174.10285121367568,8.111821819302758,13.11245484430405,4,3698.5692350653844,742016047173.7537,2622722321996.083,0.0,76923.07692307701,rectangular_hollow_section,True
68.3129033079982,232.67056250463392,6.88395402660298,16.363815564412583,4,3776.4507056319944,606063529063.5292,4334918595642.742,-0.00244140625,76923.0769230768,rectangular_hollow_section,True
30.742291283212072,180.78975281641564,4.520029160051823,12.705007969881217,4,1736.1160114031754,54279862452.53197,1043227038665.8721,-0.002197265625,76923.0769230771,rectangular_hollow_section,True
51.288947885561115,119.4236945108826,4.7670933662962405,14.22178487042985,4,1423.8375201075607,121189748480.03226,453754411406.50146,0.000244140625,76923.07692307697,rectangular_hollow_section,True
101.0748988615964,296.08444913323643,10.68246941697392,15.480687919270375,4,7812.195768203861,2678295587243.687,15269076931986.14,0.044921875,76923.07692307695,rectangular_hollow_section,True
35.272956048381964,152.53826196142452,10.61792937999846,17.45487631454101,4,3279.4419381544217,94060612172.10928,1278425557290.1719,-0.0003662109375,76923.0769230768,rectangular_hollow_section,True
45.947459796213835,134.35392799702674,7.822023980853071,9.243784680502664,4,2492.4811698390295,154842193389.9981,941633155303.791,0.000244140625,76923.0769230767,rectangular_hollow_section,True
48.78967701159996,136.0571174723525,4.185072904237979,19.420829783824416,4,1332.0949394064944,105514630141.7258,510501872473.72,-0.00054931640625,76923.07692307663,rectangular_hollow_section,True
140.56809822828262,219.89469274283417,8.44942430040311,12.558215758010272,4,5665.008431029301,3650057011497.908,7342515402060.479,0.0224609375,76923.07692307711,rectangular_hollow_section,True
85.62195655311888,78.33194930071801,12.1125010402931,11.547645606665444,4,3251.5848655678683,567961511931.3489,488397867027.61816,0.000244140625,76923.07692307682,rectangular_hollow_section,True
274.14164242395026,178.61097341662241,15.15756822674127,10.217271882097268,4,12701.857185971954,25125205789372.15,12623917128554.184,0.1875,76923.0769230769,rectangular_hollow_section,True
108.53489391815535,146.17535155761297,4.660328442302463,16.56207125076863,4,2154.541436075848,810140056086.2598,1271087491136.7598,0.001953125,76923.07692307686,rectangular_hollow_section,True
226.5733157425533,75.75136472927396,8.280553888745793,12.037651659334612,4,4601.772052458285,5224602998271.732,882366275132.394,-0.009765625,76923.07692307672,rectangular_hollow_section,True
65.98122318884813,220.1371877469416,12.417421012286255,11.940686170978385,4,6346.356171292711,801176968375.7666,6295166884609.611,-0.001953125,76923.0769230768,rectangular_hollow_section,True
102.17612300411315,21.245747517820135,9.684669878119148,16.888740823389654,4,,,,,,rectangular_hollow_section,False
32.967348019019354,219.22301903115672,19.668770420142163,13.753817082883524,4,5892.128896009443,123295025991.18152,4743362053255.273,-0.00341796875,76923.07692307682,rectangular_hollow_section,True
232.53590603184125,97.31480907544486,16.20904947395912,11.999284190886238,4,9498.217159898872,11355479920751.824,2599702138877.08,-0.0234375,76923.07692307682,rectangular_hollow_section,True
106.92177360374411,62.80209083229794,11.589413520685072,16.157596464220028,4,3156.5424474472275,769900956538.6797,316057691006.9088,-0.0020751953125,76923.07692307688,rectangular_hollow_section,True
123.87217810194973,103.199858986304,19.49073771160498,19.51920802189637,4,6951.0489356402095,2364093729786.3984,1725954645479.734,-0.00390625,76923.07692307667,rectangular_hollow_section,True
161.2703415825424,298.93067050146595,7.143245672350637,8.645819209998356,4,6298.061478442812,5742440489424.924,14985827408437.805,0.044921875,76923.0769230771,rectangular_hollow_section,True
68.46219923566846,220.8846898920134,2.7044397198225774,13.626925041205691,4,1469.3940622525406,265269228348.4652,1620409616282.7046,-0.000732421875,76923.07692307698,rectangular_hollow_section,True
189.09370818733132,283.06334277434166,15.168298091875577,11.799718150372444,4,13264.09537389098,14809976913361.18,28232610434428.53,-0.1328125,76923.076923077,rectangular_hollow_section,True
210.44056709686578,143.90677747532465,17.07875787472556,11.616439048950015,4,10801.947464649089,12048693626404.82,6439578569624.488,0.044921875,76923.07692307679,rectangular_hollow_section,True
192.44146542323844,174.31026749143416,8.05742541843459,14.95387024183604,4,5474.403768581165,5937814286909.559,5097173849444.683,0.015625,76923.07692307702,rectangular_hollow_section,True
150.9702966574528,63.641335388309585,13.572839752471639,12.663967390636003,4,4928.514595691023,2326594207318.2607,521544551328.79456,0.005859375,76923.07692307697,rectangular_hollow_section,True
222.25186535920608,253.26489796383458,11.47588919118597,11.701782022427913,4,10250.290563050554,15632173464943.43,19175790007533.508,0.0625,76923.07692307686,rectangular_hollow_section,True
215.27331072832573,203.62621260566326,3.980931282153233,10.390399804185192,4,3204.9500561899185,4648755672586.921,4273526283050.7373,-0.021484375,76923.07692307737,rectangular_hollow_section,True
130.80912207354686,216.132029360065,9.850174642383315,19.21975294931788,4,6165.148196776237,3348430094769.6514,7346483745412.955,0.0048828125,76923.07692307708,rectangular_hollow_section,True
258.9240297703525,218.39016511042223,8.894459654934366,19.670149172638055,4,7903.658764083836,15424584581852.34,11883805912548.004,0.01953125,76923.07692307688,rectangular_hollow_section,True
33.1789449702904,120.8678276129394,7.900943807456505,9.150788040633493,4,2102.3553244485174,60896104675.85126,584594046361.8738,0.00030517578125,76923.07692307683,rectangular_hollow_section,True
256.24776792218057,228.04925943105908,13.513297971645756,10.24743777941891,4,12253.453205488413,23269647121165.242,19356423521587.92,0.0625,76923.07692307685,rectangular_hollow_section,True
273.78579510586724,244.75708293853324,10.881310157833322,11.38490938621965,4,10681.877579719552,23759193153209.953,19958731092442.883,-0.046875,76923.07692307692,rectangular_hollow_section,True
113.07598773605919,185.9496545533699,8.683891387665454,12.58574115816758,4,4748.5960721365545,1933463518247.7036,4239731882927.284,-0.009765625,76923.07692307707,rectangular_hollow_section,True
83.41034594102014,192.9272312110069,2.8304525467699317,19.370939597550112,4,1430.629362543424,362255364795.8015,1279904825511.4282,0.002685546875,76923.07692307682,rectangular_hollow_section,True
31.802775984408882,75.285459241139,4.405710651866416,17.6966090659001,4,,,,,,rectangular_hollow_section,False
179.73842090198252,188.3293157664419,6.738996175473494,14.161087088536668,4,4633.708907627883,4605744622207.268,4947196277641.977,-0.013671875,76923.0769230769,rectangular_hollow_section,True
136.40764674669396,171.50696292531765,9.227466631978277,11.136185718939618,4,5221.587586903313,2965023201122.379,4254118884591.7734,0.0166015625,76923.07692307673,rectangular_hollow_section,True
32.64876117030223,44.95906150915522,15.411787580788939,18.349439705100963,4,,,,,,rectangular_hollow_section,False
218.52714658604435,84.83523814045094,13.556445756763049,12.089387973342017,4,7343.769238579798,7677417468862.264,1564451785295.525,-0.0029296875,76923.07692307698,rectangular_hollow_section,True
46.16366832491613,46.21620301565646,13.190978225189626,10.48610619860344,4,1631.1956932405192,63846844309.98587,63982079360.18503,-9.1552734375e-05,76923.07692307697,rectangular_hollow_section,True
177.54378589201735,187.81744520696404,19.286633931975565,17.103004888347566,4,12312.766864369096,10423229617079.875,11433399534792.07,0.0078125,76923.07692307678,rectangular_hollow_section,True
272.99330999583395,127.8897051668851,13.486714556100749,14.446101188878162,4,9877.85429685824,17584519040030.492,5150788002573.23,0.01171875,76923.07692307692,rectangular_hollow_section,True
102.05888900261087,176.33415331496195,10.695763040566064,19.163397774052356,4,5202.119661195496,1630662683515.7173,3893642020411.66,0.0048828125,76923.07692307707,rectangular_hollow_section,True
248.13895413204978,57.26465621053714,4.863856952783611,15.789742309101024,4,2746.309537942995,3448868820574.492,329347939437.9512,0.012451171875,76923.07692307682,rectangular_hollow_section,True
150.54258520358516,63.90012804191716,18.173033809467384,11.467449712188717,4,6341.610321746991,2811332270719.2363,592332535934.0024,0.00537109375,76923.07692307678,rectangular_hollow_section,True
60.855442119245296,157.6333507730624,4.8913269739454055,10.595223620866768,4,1961.9756074760928,250106964200.92896,1125305481826.1182,-0.0006103515625,76923.07692307695,rectangular_hollow_section,True
207.7534615302538,296.92904392795475,9.621350688441037,19.00102686919084,4,9068.112489561108,12808797978691.559,22206423639425.656,-0.03515625,76923.07692307683,rectangular_hollow_section,True
163.19543283621326,217.87687409537023,2.481990753581683,10.049717703901997,4,1823.2684373633497,1666407830329.0537,2574062194522.806,0.00732421875,76923.07692307691,rectangular_hollow_section,True
143.5688521758678,133.98174918621572,5.927657271778495,9.305685412663873,4,3074.716491095367,1882937473080.0781,1692075581673.2217,-0.0048828125,76923.07692307686,rectangular_hollow_section,True
214.81560465235825,109.68848179530323,17.75216554707438,10.325496003065766,4,10154.127132489577,10759110620118.652,3446387666186.998,0.013671875,76923.07692307678,rectangular_hollow_section,True
198.82662686936823,31.670153588971335,16.817522781231272,15.507195693294351,4,5731.813080061569,3560830871987.3477,97732850016.42755,-0.001708984375,76923.07692307711,rectangular_hollow_section,True
189.09819028137971,159.15538225980268,13.33860385520872,18.13947528864874,4,8272.767282124398,7969708558301.881,6058659413749.604,-0.015625,76923.07692307675,rectangular_hollow_section,True
210.74636349638965,247.29034465871027,5.914137047559117,9.11818313205295,4,5205.000309296785,7532503663756.965,9619612345930.314,0.0390625,76923.07692307679,rectangular_hollow_section,True
43.35409688351067,230.70552969914158,11.899903453434174,18.39392881004985,4,5659.971133094678,267095219149.30383,5240708580514.064,-0.00390625,76923.07692307682,rectangular_hollow_section,True
173.26558527536375,142.85502317380443,12.82137254889191,15.608518716931043,4,7212.792133693548,5773432497871.314,4238574334533.1807,0.01171875,76923.07692307697,rectangular_hollow_section,True
250.62818659091477,184.2454367537852,14.54474493010839,16.488334668224365,4,11535.965797372339,19434992633277.953,11916313467911.402,0.05859375,76923.07692307698,rectangular_hollow_section,True
230.80378927903686,173.3616389130052,2.8826231435320393,10.579092281156983,4,2244.1936131864827,3551268045506.1045,2307258469995.742,-0.009765625,76923.07692307665,rectangular_hollow_section,True
105.21085859622032,189.90454346162025,13.152057321381342,17.021202821780545,4,6796.091862837763,2214139335303.992,5791744090409.025,0.0,76923.07692307701,rectangular_hollow_section,True
125.7893099245741,138.04059423458648,8.819743925617573,10.068076106419436,4,4242.865034303108,1967545192684.3198,2279734066690.638,0.00634765625,76923.07692307672,rectangular_hollow_section,True
86.61822768054114,113.09830136144845,4.0861933405051705,16.295988627832383,4,1448.8926534563534,337359558278.6164,503922581457.2141,0.001220703125,76923.07692307731,rectangular_hollow_section,True
181.27628564045307,197.14370438977016,3.5621017101647734,16.858530177956297,4,2537.771683158345,2667801297432.8467,3024857749226.082,-0.015625,76923.07692307653,rectangular_hollow_section,True
276.9511690339283,165.57849481344604,9.423871023972046,17.02196156107644,4,7753.431376876132,15714187959493.64,7064249562243.605,0.0546875,76923.07692307697,rectangular_hollow_section,True
233.91236105914174,139.0754199250244,10.072829770445438,15.817072899538733,4,6891.05378429855,9736431378886.863,4299675648827.086,0.044921875,76923.0769230768,rectangular_hollow_section,True
27.565627635817677,117.69545278441501,4.731229661326392,19.504037940683176,4,,,,,,rectangular_hollow_section,False
104.06862284963252,190.77766448669774,9.86709703925108,9.496346860956095,4,5338.934837989503,1829181254503.213,4853621050068.002,-0.01171875,76923.07692307695,rectangular_hollow_section,True
66.9998785893089,245.8054221344017,9.557239360126893,9.776513011010332,4,5518.214841798509,798711561315.915,7009444909582.832,-0.0087890625,76923.07692307697,rectangular_hollow_section,True
103.79215598628946,223.06508697972413,4.7142419458545755,12.777475927861802,4,2894.6237928587666,1113786517161.2222,3624373689280.8467,0.00634765625,76923.0769230772,rectangular_hollow_section,True
149.1007079917813,61.18872506887655,16.604280667738536,11.150604932424788,4,5756.26499966652,2526016138638.925,507530790915.6531,0.0048828125,76923.07692307682,rectangular_hollow_section,True
130.41870673145178,127.91587462996992,15.253365408349255,16.05840411560935,4,6693.058653694757,2916029446623.282,2824177260108.3984,0.009765625,76923.07692307688,rectangular_hollow_section,True
291.0996815757539,52.531249443622734,17.33351638975783,18.079563788737318,4,10384.547547898761,15274952482577.828,646757445996.6018,-0.0009765625,76923.07692307702,rectangular_hollow_section,True
251.1310814368572,90.81899382377152,2.773727355372018,14.627775184337846,4,1792.7249451639443,2690162250545.9043,566722205917.8625,0.0126953125,76923.07692307718,rectangular_hollow_section,True
148.46399800159548,241.315535070209,15.30217413271487,12.887289614053955,4,10826.24021051796,7243631920767.785,15935652038550.844,0.1015625,76923.07692307679,rectangular_hollow_section,True
109.42964274096158,73.6190362895447,16.507559102843214,19.304917212603527,4,4588.521129260302,1120462186889.4204,564993562729.2598,-0.00341796875,76923.0769230771,rectangular_hollow_section,True
294.0741634494126,35.546159926817154,3.2441269562487838,8.109260339406639,4,2054.4723335352583,3366952543307.789,100059363389.46954,-0.007080078125,76923.0769230775,rectangular_hollow_section,True
38.423640690401214,287.2227087920706,5.292950936483413,13.7572840535337,4,3217.581053033792,164315466404.82614,4872965023823.193,-0.00341796875,76923.07692307678,rectangular_hollow_section,True
126.67240711788784,115.50816729503381,11.152050004562785,10.117031351069896,4,4801.792551397748,2071047282342.0352,1782584692305.6948,-0.0126953125,76923.07692307705,rectangular_hollow_section,True
194.2414662495972,175.30006383651767,9.359968992676807,11.200501063792043,4,6445.294782274185,7081854898340.59,6032415466141.871,0.013671875,76923.07692307692,rectangular_hollow_section,True
204.4111829252123,115.11263581169563,4.676343428078001,14.527826189860725,4,2786.927447103035,3069208018066.3115,1276915815683.634,0.01220703125,76923.07692307717,rectangular_hollow_section,True
34.28214064148244,78.48083424346291,10.832360950127528,19.74160398660845,4,,,,,,rectangular_hollow_section,False
155.34969761705975,112.2592134484423,10.572285119150797,10.925284556900177,4,5092.145331811212,3209593059751.711,1902657226238.8286,0.0146484375,76923.07692307694,rectangular_hollow_section,True
191.66894865814476,117.81302906572567,11.857414899367422,13.850743555232576,4,6589.049537211982,6073035506071.693,2774523605202.799,0.0234375,76923.07692307686,rectangular_hollow_section,True
71.70263787808074,120.47685215050873,13.501475081738011,9.404401248501014,4,4371.811111310266,581085733594.8601,1421843102447.8013,-0.002685546875,76923.07692307707,rectangular_hollow_section,True
77.1732969816047,104.46600361729314,4.326007659787511,14.427293979757986,4,1390.577816068136,255639724611.55634,404894571566.1802,-0.001220703125,76923.07692307711,rectangular_hollow_section,True
231.71902561343154,23.617196988955445,17.83604849938996,10.064025988522504,4,3007.9431332205468,3122872905708.366,43285004065.0903,-0.0008544921875,76923.07692307698,rectangular_hollow_section,True
130.7265390086579,172.11393604520637,12.777543044922783,11.83387851736655,4,6946.011305668035,3457452042049.748,5396705725715.387,-0.01953125,76923.07692307686,rectangular_hollow_section,True
239.04805030382636,208.8809406895429,2.6093837751434394,18.77268436177289,4,2219.2403559918753,3894272860845.8857,3186210847933.3486,0.0087890625,76923.07692307667,rectangular_hollow_section,True
256.60107802976734,134.7689863440872,6.223327498882785,18.519162051052724,4,4524.557131342505,7655037650182.281,2850823358785.496,-0.0107421875,76923.07692307698,rectangular_hollow_section,True
246.9944535035326,71.61235813323538,9.376878226959327,14.430850674776739,4,5440.664355168061,6974944368705.988,909453979423.1096,0.0009765625,76923.0769230768,rectangular_hollow_section,True
206.25216151909171,162.94291162754664,19.633213569476474,11.424297536473762,4,12824.604565312276,13966765922196.312,9444808817458.902,-0.015625,76923.07692307692,rectangular_hollow_section,True
104.64491719340596,233.3657390645403,16.462655705410597,19.047467740443672,4,9688.905211902736,3060130968333.007,11640889321378.844,-0.013671875,76923.07692307663,rectangular_hollow_section,True
48.837774738451756,25.868868135117317,7.379062854213407,9.226387623459903,4,803.0141325816645,34648515378.58121,11320943569.117977,5.340576171875e-05,76923.07692307688,rectangular_hollow_section,True
213.89472224018505,179.3736583548144,3.8552319468541536,13.72280817561913,4,2881.883992064257,3970482135196.078,3045385254950.6787,0.0166015625,76923.07692307614,rectangular_hollow_section,True
112.20476280927225,139.01056548387686,19.23968515329752,8.612865027940666,4,8111.764260903397,2558138848951.3945,3707569255393.9707,-0.0107421875,76923.07692307714,rectangular_hollow_section,True
176.14560930001502,296.6189404631998,11.715981644617512,16.619389700731524,4,10276.583967455415,10439207857668.035,23660812952112.227,0.06640625,76923.0769230766,rectangular_hollow_section,True
210.12523081312924,264.850000294311,16.709010187376077,19.205643442853862,4,14393.344302441954,18934764889111.324,27366723316664.89,0.1796875,76923.07692307707,rectangular_hollow_section,True
176.10842151401326,274.0271868444215,12.006737977394286,10.682609789613288,4,10118.555428360947,10117423614872.771,20369222697878.047,-0.0625,76923.07692307698,rectangular_hollow_section,True
278.4574813990657,275.5847993497332,9.737481909607567,17.621196735810095,4,10162.325541197506,24095164573382.023,23714727862104.047,0.0078125,76923.07692307704,rectangular_hollow_section,True
23.008101937943522,242.6451397217348,16.236540034042328,11.459035760842038,4,3462.220660707593,44138603500.81688,3644671504556.0273,-0.000244140625,76923.07692307701,rectangular_hollow_section,True
158.67150542768888,70.64798729003547,19.387503610551132,17.567315458239015,4,7079.753228663383,3439689498554.6074,807472515734.3105,0.013671875,76923.07692307704,rectangular_hollow_section,True
197.17345488415057,232.13635968503476,10.744928131410095,10.07576397888288,4,8662.471265355103,10433050183678.742,13477892244098.352,0.0078125,76923.07692307673,rectangular_hollow_section,True
170.06803688248604,240.65385822098267,13.162140428398509,13.561360628888005,4,9935.239632773977,8873830041278.906,15413585533562.867,-0.1171875,76923.076923077,rectangular_hollow_section,True
131.05058587718756,245.85619969579594,7.302267595637179,16.411432877174228,4,5104.897728622039,2984370836034.8765,7908770025308.23,-0.0146484375,76923.0769230771,rectangular_hollow_section,True
118.87848119490334,260.87618843398263,18.97406736311099,13.22594578328339,4,12795.994794927052,5224256237927.943,19666722826556.125,-0.05078125,76923.07692307708,rectangular_hollow_section,True
259.37322846153506,263.9302925093166,15.763258565646924,13.682386994564855,4,15316.808422455248,30341845643541.023,31189893925421.61,-0.2421875,76923.076923077,rectangular_hollow_section,True
109.82137609646473,87.80304892597675,4.758393996726545,17.617921883345026,4,1645.1567875335,535024165644.07605,381774232546.24194,-0.001708984375,76923.07692307679,rectangular_hollow_section,True
20.18782485393018,43.70800245127624,10.020011506964439,19.272631060951625,4,,,,,,rectangular_hollow_section,False
85.32513330174493,38.115532826251204,4.498654883679645,15.609202612331211,4,909.4793926307416,135886116514.61908,39074404137.63983,-3.0517578125e-05,76923.0769230769,rectangular_hollow_section,True
119.70950284314534,218.67969369729963,5.515777032397653,12.859724768342566,4,3499.8245787248306,1733285472449.086,4386138763176.044,0.0107421875,76923.07692307714,rectangular_hollow_section,True
95.28669207344731,248.4331344242278,19.586069044758943,9.678618243787582,4,11836.108454058829,2927488893503.8467,15502159911107.414,-0.0234375,76923.07692307715,rectangular_hollow_section,True
289.70072619586404,256.918709098201,14.346448427165022,9.138741104789393,4,14777.296156591168,36134962022800.805,29902615885516.023,-0.109375,76923.07692307676,rectangular_hollow_section,True
25.2688080355179,245.4889920249534,6.57189243184558,18.141155406961467,4,,,,,,rectangular_hollow_section,False
158.13507911731693,130.88103586895565,10.314614828071193,19.118451821064767,4,5248.607039936876,3511477570880.302,2609907221430.0166,-0.015625,76923.07692307708,rectangular_hollow_section,True
220.5941826840462,236.56306285722002,18.86192665962892,11.066023550194672,4,15700.186888168413,21772880331185.453,24384556598030.14,0.09375,76923.0769230768,rectangular_hollow_section,True
154.241526904608,209.04969943852484,9.220143982618804,17.162586205996988,4,6127.678631964365,4569656631903.512,7327383029117.006,0.025390625,76923.076923077,rectangular_hollow_section,True
213.26563923757493,148.89819829860062,2.6429140637688007,8.88147895386793,4,1846.4348437119243,2447912495539.3076,1422718916102.3323,0.01171875,76923.07692307688,rectangular_hollow_section,True
209.9088334562808,207.1835069752601,7.928925095996833,11.13576132606193,4,6248.995056375254,8396096853512.713,8228397591486.324,-0.001953125,76923.07692307692,rectangular_hollow_section,True
187.63281913737754,299.80372331282183,2.5410473687999016,8.776429756138658,4,2413.2252746300287,3058475925532.2344,6210555229526.799,-0.0234375,76923.07692307766,rectangular_hollow_section,True
81.96652382149534,271.87098646983486,13.244000975549453,12.6023670935781,4,8512.014759245785,1751075240256.8354,13229300599850.242,-0.052734375,76923.07692307678,rectangular_hollow_section,True
116.09220508081174,39.057441176090784,14.272101250473597,9.118848097965783,4,3530.698033658588,849040664412.3228,108544800075.64917,-0.001953125,76923.07692307678,rectangular_hollow_section,True
139.91600994894932,198.88848681325564,2.8623789519756766,19.541553243304158,4,1803.1234195544603,1195881471346.0422,2017706022628.4976,0.00341796875,76923.07692307694,rectangular_hollow_section,True
111.31698752319481,29.01318796011898,18.770140050272364,15.978646267175435,4,,,,,,rectangular_hollow_section,False
149.73032426472824,137.57331678978505,16.201015736057307,13.169338478731436,4,8085.898500014015,4687392551074.893,4073505181234.5283,0.0302734375,76923.07692307667,rectangular_hollow_section,True
265.9217742437038,121.9462600921165,3.832114540325128,10.449342058375747,4,2848.5680113832123,5181422755786.52,1565188475593.305,-0.015625,76923.0769230766,rectangular_hollow_section,True
204.78673526505978,168.15891309332784,7.4451276950882415,19.57095291695694,4,5095.549684360119,6095081312025.658,4511109427400.38,-0.0107421875,76923.07692307705,rectangular_hollow_section,True
187.23235802560745,210.87415261057217,8.50748232214654,17.401637371854328,4,6260.548192117642,6757784687146.184,8114218488420.385,0.0078125,76923.07692307679,rectangular_hollow_section,True
60.805249634416356,227.09910205233479,15.376813789491717,14.497222307441213,4,7698.148146244737,731367509826.4949,7569255348922.492,0.0166015625,76923.07692307704,rectangular_hollow_section,True
47.67851325011416,73.79638252868513,8.582930069360994,14.029772184378018,4,1623.3878984829169,90893580669.61331,186863142573.93762,6.103515625e-05,76923.07692307701,rectangular_hollow_section,True
37.37675767207954,205.50423302343154,17.32709870444029,13.709625507769616,4,7027.978568809866,169617216562.3426,4808382217382.338,-0.0048828125,76923.0769230769,rectangular_hollow_section,True
202.99792057547057,22.323239119073634,17.484105625771384,19.99720655507803,4,,,,,,rectangular_hollow_section,False
84.78591422019025,70.68690805645141,13.315680981352818,15.623750644102664,4,3192.449166802995,501305461359.6482,367638833917.3353,0.0,76923.07692307701,rectangular_hollow_section,True
140.52914919531267,122.14516091888522,4.912103684955477,15.549977281667655,4,2355.4144040622937,1344650107569.44,1087152213089.511,-0.00244140625,76923.07692307678,rectangular_hollow_section,True
55.52730299837507,123.71072300287386,17.956855601088403,18.692658314656885,4,4798.433980708449,303242201528.34033,1300645699298.7969,0.008056640625,76923.07692307694,rectangular_hollow_section,True
204.18415875337288,171.3776253977735,5.92636098359278,9.815048622850284,4,4229.729103099246,5234591964080.908,4000865789628.1045,-0.0302734375,76923.07692307682,rectangular_hollow_section,True
216.58931885046115,164.95267888337813,2.910641585077398,10.628594016611075,4,2133.776451333323,2975803525369.6875,1974091376718.9287,-0.0087890625,76923.07692307634,rectangular_hollow_section,True
146.9844140869501,57.988564451177155,11.41823035887566,17.464973059385084,4,3890.8912477942263,1681656724792.4775,351563166533.9479,-0.001220703125,76923.07692307683,rectangular_hollow_section,True
128.42696207595625,279.3233927820341,3.048492509664107,12.270267447436261,4,2383.356248640257,1470887819740.2415,4805585539848.67,-0.017578125,76923.07692307733,rectangular_hollow_section,True
214.86875341630503,75.42260022802144,9.833659996681089,13.579698315099604,4,5152.074064461807,5184512729872.186,930690421538.9453,0.001953125,76923.07692307666,rectangular_hollow_section,True
129.00904298980794,30.018889633411217,10.197888611236468,14.492427770778697,4,2635.9231613263996,722670328873.8982,50676864429.16948,-0.0001220703125,76923.07692307683,rectangular_hollow_section,True
262.8923204587537,220.49736821783924,18.237083463157937,15.357303746065396,4,16065.024563932284,30400580898368.04,22919468226197.9,0.1484375,76923.07692307714,rectangular_hollow_section,True
90.60843118993363,123.9490370731211,14.680384628391877,14.476749965465027,4,5227.941257078589,1100990733155.284,1868290178639.686,-0.00732421875,76923.07692307705,rectangular_hollow_section,True
66.3274469024893,271.1684472250314,13.80596171168938,19.77173203359226,4,8201.161497140627,1021322278299.5442,11484792432929.23,-0.029296875,76923.07692307697,rectangular_hollow_section,True
89.33126798721955,124.40526636947946,12.109181912467832,10.611742386396955,4,4477.21092889918,977135045002.4285,1695146793515.7354,0.0146484375,76923.07692307669,rectangular_hollow_section,True
256.49484273909786,146.37369186162618,13.659021128756347,13.978701516027233,4,10064.002319137135,16673535714213.77,6770297188226.146,-0.046875,76923.07692307672,rectangular_hollow_section,True
172.3832534098751,50.53714114711705,4.061043834032697,17.18431190054234,4,1621.530268754366,998495604057.9268,146340471461.95566,-0.0006103515625,76923.07692307708,rectangular_hollow_section,True
158.45085529292027,282.40590510345555,3.205972889906259,9.931464180695114,4,2732.2348479720904,2491575278483.661,5994938463362.467,-0.048828125,76923.07692307627,rectangular_hollow_section,True
247.11282661931446,245.8035733006594,7.732029032813553,18.12865802754884,4,7162.792390579595,13442074769046.29,13333677129580.262,-0.0703125,76923.07692307683,rectangular_hollow_section,True
277.0902971143827,83.23348077900246,2.935321956584521,12.400543537468092,4,2016.685073055279,3541881622915.302,547728853828.6686,-0.00830078125,76923.07692307749,rectangular_hollow_section,True
126.66006454596845,168.8560452559925,6.915494424584828,12.487428123600637,4,3771.0943508790274,1912610231629.6772,2986546672474.422,0.00927734375,76923.07692307708,rectangular_hollow_section,True
71.44908361571213,162.6578565622398,8.63990982188799,11.349133666980352,4,3625.270595561679,576581009309.2747,2199260318018.177,0.00048828125,76923.07692307707,rectangular_hollow_section,True
173.1268579973442,220.3685069201656,14.023897234835573,18.811224815807744,4,9919.054671658421,8817394472447.334,12929881492786.664,-0.0078125,76923.07692307685,rectangular_hollow_section,True
43.65339705392752,20.137773924843803,18.823286289891115,17.370590961474385,4,,,,,,rectangular_hollow_section,False
195.91820446129276,190.04041798405456,16.663328833941353,11.626953036206123,4,11616.858735985386,12347314990568.68,11751481270803.492,0.0,76923.07692307705,rectangular_hollow_section,True
198.8354885479873,267.143437755215,3.169737613538871,11.452444783084749,4,2851.317660031671,3872621554594.167,6043688048427.363,-0.0458984375,76923.07692307739,rectangular_hollow_section,True
58.2356251227308,209.30797429556077,9.362574418133455,15.403509094352149,4,4458.38731970031,464479342527.4951,3922370625044.3027,0.0087890625,76923.07692307676,rectangular_hollow_section,True
280.2949536731065,171.90418450954752,18.237241564417822,17.838924991570277,4,14845.114672146703,29201453609280.297,13212766310444.234,0.0078125,76923.07692307643,rectangular_hollow_section,True
275.1239637693956,32.08696363113893,18.848466362143768,11.269770825696595,4,7368.926579018482,9423645770556.605,146148981872.10498,0.00146484375,76923.07692307724,rectangular_hollow_section,True
296.97606891152304,128.56382099832814,3.028447855068852,12.408744534237039,4,2474.7777729173517,5558795110646.896,1548709762645.7834,-0.044921875,76923.07692307756,rectangular_hollow_section,True
299.8814181666041,247.93582551447273,3.752653388254198,14.438277008711903,4,3960.9255506557593,10862556410878.004,8159781712328.867,-0.103515625,76923.07692307726,rectangular_hollow_section,True
230.92427777372848,114.54129484068815,16.55124670099153,16.64259006079121,4,10063.0293083305,12312495050067.59,3845346590611.3184,-0.06640625,76923.07692307698,rectangular_hollow_section,True
49.136459692385415,65.63587030044584,17.62683703338467,8.41063787421109,4,2732.5859487938383,121205500899.36621,211641233238.34875,-0.00030517578125,76923.07692307683,rectangular_hollow_section,True
115.32366229211705,25.954502381853395,19.497146467906102,11.297796658864822,4,1870.2090687777202,489711315431.9629,27970207734.201935,-0.00054931640625,76923.07692307683,rectangular_hollow_section,True
106.537470320458,130.8483128290169,9.906640872115027,19.860552108917815,4,4015.464088978124,1276931844971.5098,1764298772378.1665,-0.0068359375,76923.07692307678,rectangular_hollow_section,True
149.74924563460326,49.48087826609287,11.9563064865455,12.584682418167437,4,4034.32041096291,1757015212844.2646,252216807678.8487,-0.00390625,76923.07692307675,rectangular_hollow_section,True
213.42583523026948,97.51251754314755,13.383307911965947,17.169633772404072,4,7325.855650589291,7535433618415.914,2082167594270.127,-0.0009765625,76923.07692307679,rectangular_hollow_section,True
61.5505396996994,117.3646199225391,13.467813838852079,14.097267192363644,4,3895.3273563210455,363579010961.0499,1110304834009.5518,-0.001953125,76923.07692307688,rectangular_hollow_section,True
238.2326312844449,26.591556121192585,15.001116048816842,9.283636551461983,4,5538.584057008995,5243669607884.779,72356578556.91806,-0.00341796875,76923.07692307651,rectangular_hollow_section,True
214.24032030186333,81.79591813973478,4.918607435222396,11.998833843359064,4,2721.558882970844,2951753898369.7754,654810672414.9783,0.00048828125,76923.07692307669,rectangular_hollow_section,True
145.8875303731041,253.84223446881293,18.3222976083812,12.329220467966232,4,13153.099392775503,8267848973252.742,20647739686375.695,0.140625,76923.07692307676,rectangular_hollow_section,True
103.70691639742309,207.07825659919254,10.473607711413925,14.079668382099731,4,5886.064746821391,2002058221269.7764,6078189029386.859,-0.0400390625,76923.07692307656,rectangular_hollow_section,True
227.968800119539,219.48054199141592,6.656532497478077,15.541886567742338,4,5617.083752782938,8940048869463.139,8437993597096.957,-0.0234375,76923.07692307705,rectangular_hollow_section,True
77.21015423377415,221.88556516204864,2.4405923868123427,11.429309332674766,4,1386.2834270876983,318672360915.3668,1615755963058.8872,-0.001953125,76923.07692307691,rectangular_hollow_section,True
184.2155333223974,106.58764040975899,5.780084611869996,14.634103914823811,4,3092.333047090108,2728856516425.5254,1174562448076.8052,0.00048828125,76923.07692307695,rectangular_hollow_section,True
33.23649636986868,215.89677420382597,17.618777241296627,16.989075575788704,4,,,,,,rectangular_hollow_section,False
197.16246889248555,167.11048214015602,17.566802558883154,9.527403491954816,4,11473.080390794677,11821424574857.34,9007390321477.377,0.0859375,76923.07692307697,rectangular_hollow_section,True
203.21056841679965,63.621324246502006,15.493007532729518,17.61745674149738,4,7002.062418775447,5537367503279.018,724770674845.1902,0.0166015625,76923.07692307692,rectangular_hollow_section,True
223.82795436339202,161.4066889759201,7.942797182167291,10.466692111597473,4,5764.147572724855,8109765865654.121,4879308680331.247,-0.025390625,76923.07692307702,rectangular_hollow_section,True
278.96844383793734,197.59040513612752,16.95480669685728,9.471219102047613,4,14920.360456274038,31010621102043.195,17789748429861.848,-0.15625,76923.07692307649,rectangular_hollow_section,True
279.5400587049532,294.62870498060545,3.72017078777414,8.195826136585495,4,4169.512965810082,10655160765076.44,11536126686487.488,-0.25,76923.07692307643,rectangular_hollow_section,True
290.179125370388,274.04153984754487,8.294425685899075,9.727249320369943,4,8992.016370588555,23350463844155.727,21384790057749.836,-0.078125,76923.07692307704,rectangular_hollow_section,True
23.67621677830988,166.44281992411237,17.654241334896206,11.397945045485876,4,2285.433656011054,31092985923.774727,1214058989382.3867,-0.0001220703125,76923.0769230769,rectangular_hollow_section,True
53.87191370910995,165.60411526465606,5.9897459557117525,16.647339134967858,4,2322.1534794866734,221351087304.09003,1327239551710.7715,0.000244140625,76923.07692307685,rectangular_hollow_section,True
237.9149725954834,35.28486420255287,10.524936897456845,11.472095823552957,4,5177.013026054446,5146603538854.625,157821679811.18536,0.007080078125,76923.07692307695,rectangular_hollow_section,True
143.50455120663793,36.485289824617055,11.30233353724617,13.393790630149358,4,3382.620025080815,1222819535940.5889,102473641433.88205,-0.0015869140625,76923.07692307682,rectangular_hollow_section,True
54.23211321616446,268.2643063882494,15.052873812568635,12.427403241527728,4,8648.199427224788,639275704820.096,11487104193215.488,-0.0009765625,76923.07692307717,rectangular_hollow_section,True
189.45657540060077,115.66275279756928,6.3680074248646354,13.620347545267947,4,3590.88079058693,3410089297367.869,1589698839409.5317,-0.0126953125,76923.07692307682,rectangular_hollow_section,True
37.869572948126404,148.17488179483152,11.143659918138693,18.836271047876448,4,3354.0788001418696,110897947186.66791,1235587815625.7163,0.000732421875,76923.07692307686,rectangular_hollow_section,True
292.5748232077063,203.38834450561774,16.669985374365222,9.391535256979028,4,15335.642920000431,35155507682445.93,19606934743487.98,0.1953125,76923.07692307701,rectangular_hollow_section,True
152.18280542661853,98.52827057507557,14.816902393617559,8.21358903268959,4,6483.897653266184,3600297720778.0293,1727957097339.6333,0.0146484375,76923.07692307694,rectangular_hollow_section,True
69.28569871409712,26.21238273390476,19.998713218207005,12.472808583704543,4,1256.832185395354,108247371228.91974,16148980916.133575,7.62939453125e-05,76923.07692307697,rectangular_hollow_section,True
283.8848704633421,192.539938214566,19.85061054276466,11.948949293651744,4,17195.68231504857,35776961505886.73,18992701858962.316,0.234375,76923.07692307692,rectangular_hollow_section,True
146.79372004932316,136.38755182825003,4.948466052584273,18.889410348085562,4,2542.2166606850833,1607641614383.2925,1439250389484.5132,-0.00244140625,76923.07692307691,rectangular_hollow_section,True
89.3693293973754,175.26654059062426,7.601458217291379,9.841131211422697,4,3700.276620503787,963322108454.4614,2815667556742.6094,0.00830078125,76923.07692307708,rectangular_hollow_section,True
295.46848644195876,264.25012146611107,13.412205132768037,9.177237737139261,4,14210.35089320308,36528414066958.01,30657455310768.656,-0.140625,76923.07692307657,rectangular_hollow_section,True
185.80377483722424,293.8482548150836,14.517043494982126,19.280036024178177,4,12734.246855236857,13857405601078.254,28624539548527.203,-0.265625,76923.07692307678,rectangular_hollow_section,True
53.37078223828212,152.26916238869552,19.55400152121405,15.432722184888787,4,6274.562764114099,354799602809.8219,2545974971567.3037,-0.0078125,76923.07692307708,rectangular_hollow_section,True
227.72814794263718,75.05754758020083,10.316974113665731,17.926994800689812,4,5558.439818219701,6065793504596.127,984401631113.2764,-0.0009765625,76923.07692307683,rectangular_hollow_section,True
170.31952237392608,205.13527745673693,6.029243109731092,17.14238183214694,4,4211.650037268495,3894671150716.4443,5166657297715.543,-0.005859375,76923.07692307682,rectangular_hollow_section,True
224.02502190152921,67.96076199150399,11.843169808908355,11.579272701104939,4,6220.952200087562,6481776581931.061,856005764581.102,-0.017578125,76923.07692307679,rectangular_hollow_section,True
119.018422856939,263.03770415426783,5.502755135976772,16.46257869074902,4,3932.7026091413195,1993594457239.9956,6764683355584.379,-0.0068359375,76923.07692307672,rectangular_hollow_section,True
109.65647946886466,291.55435644186036,19.439521876012925,8.572240573025269,4,14013.630291646215,4873195905434.533,25960930222234.97,0.203125,76923.0769230769,rectangular_hollow_section,True
97.41298924367545,233.9464758136202,2.997443400891794,8.225030514304706,4,1910.2003560188311,682901515853.8015,2631511157018.4443,-0.00537109375,76923.07692307698,rectangular_hollow_section,True
208.1731972196855,220.86934011638778,16.090567379905938,16.53465811014344,4,12498.252575032024,15519041638649.172,17059162469000.535,0.078125,76923.07692307686,rectangular_hollow_section,True
179.01407047815866,222.43507362773687,13.515973073586418,12.155885972342087,4,9973.459968023048,9612890189594.494,13590278437826.566,-0.07421875,76923.0769230767,rectangular_hollow_section,True
209.8163741477432,127.5327799816615,7.771872755772067,19.286128846638533,4,4762.684703231549,5435551681697.107,2520375969566.2886,0.0048828125,76923.07692307683,rectangular_hollow_section,True
109.09315079744276,249.3740286318032,4.056212589203339,16.449159427670384,4,2725.237015223164,1186329712766.7703,4198393719362.0156,0.017578125,76923.07692307678,rectangular_hollow_section,True
107.00918298809506,41.502231404430006,4.4086098130384155,15.72181066795472,4,1112.5275786482957,264451069178.5913,60521276608.88631,-0.000213623046875,76923.07692307692,rectangular_hollow_section,True
94.35845729113811,254.7301023916934,8.928357180203172,19.895370946610395,4,5639.162054842081,1686502039903.2393,8180661476050.605,0.009765625,76923.07692307691,rectangular_hollow_section,True
211.8992852970321,152.6539747023837,12.185949508787438,11.895834215601873,4,8149.354905825452,9806865008105.422,5812519384648.736,0.0,76923.0769230768,rectangular_hollow_section,True
58.992920786075864,215.93925729786133,11.773024400887635,14.031997705470149,4,5727.356068951809,569256825959.8115,5271539256129.926,-0.0234375,76923.07692307676,rectangular_hollow_section,True
222.11918947024225,71.67765737907226,11.416176289042827,12.353649250670955,4,6035.023075088643,6293469530162.031,943213766154.6426,-0.029296875,76923.07692307702,rectangular_hollow_section,True
290.9670503301799,258.54455635408203,6.1642916107247805,17.531779562010545,4,6444.562097623093,16629873489669.34,13906866101438.184,0.0,76923.07692307654,rectangular_hollow_section,True
188.23384906814744,266.60115418965154,15.887886188804554,18.85349322337772,4,13096.374441054993,14085170105244.312,24526462566259.54,0.3046875,76923.07692307694,rectangular_hollow_section,True
58.70397800649436,149.1659711047199,15.99371765872358,9.42341049344611,4,5537.229868120134,452634290410.3594,2438027956008.4316,-0.01123046875,76923.07692307717,rectangular_hollow_section,True
51.00793648663287,198.10356400347746,12.205115979698668,16.99635330297282,4,5219.090015894097,357283389654.8097,3799035592381.662,-0.01123046875,76923.07692307697,rectangular_hollow_section,True
210.6615373162566,248.15970899709964,7.764858811765165,15.366643697629714,4,6705.845660377394,9477612477493.557,12181841462753.852,0.0,76923.07692307697,rectangular_hollow_section,True
28.86986903480387,109.72883088075092,13.170653386650752,10.282190646980647,4,2851.2829858303926,40874070668.15085,553208806410.425,0.00091552734375,76923.07692307692,rectangular_hollow_section,True
137.53004134814194,176.66639531232192,18.733718318874544,16.30094579824091,4,10102.60544026178,5111362093287.055,7761968019557.6875,-0.05078125,76923.07692307678,rectangular_hollow_section,True
268.0125333383593,235.25438329227765,5.0654942630620905,18.737012640451987,4,4831.789201501225,10548813317005.223,8668947441589.896,0.0390625,76923.07692307657,rectangular_hollow_section,True
117.87309505810605,131.57354756216012,19.301096559535225,17.947801244497334,4,7816.934588217157,2626820637702.044,3169158150483.4062,-0.0048828125,76923.07692307691,rectangular_hollow_section,True
37.6276063010326,243.93496368812072,16.221229283960767,12.814332272709873,4,7917.861781624011,207774740794.47083,7821272647439.887,0.00048828125,76923.076923077,rectangular_hollow_section,True
248.5022057269053,34.65863119071959,16.22216975249711,12.924251337607984,4,7967.294888920908,8002060803447.336,165425093438.30737,-0.009765625,76923.076923077,rectangular_hollow_section,True
142.5520503347302,142.86852742241638,18.96530266804131,12.704852468435742,4,9226.03119229648,4744611871014.498,4762440209899.988,-0.00390625,76923.07692307707,rectangular_hollow_section,True
279.33749896016525,130.35560818477413,7.476260105563215,12.276570602263275,4,5774.695399391959,11326061289066.664,3438226049222.4375,0.037109375,76923.0769230771,rectangular_hollow_section,True
36.31184893875569,127.7187978128164,12.962703356805898,15.450511607196665,4,3347.9053982317187,89645906045.13837,908481502847.2407,0.0003662109375,76923.07692307697,rectangular_hollow_section,True
290.2759109948009,148.7122909987232,19.417343438706585,13.823812781666772,4,15348.738662607882,30741643119982.203,10158995810197.512,-0.0078125,76923.07692307688,rectangular_hollow_section,True
234.1732274718852,141.302983911098,15.707394601306119,18.29017795186291,4,10480.757210872365,14139579171903.328,6236991182262.195,0.021484375,76923.07692307682,rectangular_hollow_section,True
61.62813962231218,60.090158522006604,3.8362486372796045,16.995330247449107,4,759.336274951408,75188484124.80087,72435647667.21509,0.0003662109375,76923.07692307691,rectangular_hollow_section,True
121.00060205182757,195.9589053902878,12.609596978217263,11.180568999786388,4,7232.450427547444,3201886479490.955,7002393765722.658,-0.0107421875,76923.07692307675,rectangular_hollow_section,True
66.12838661838182,256.87219266267607,9.081827173618091,13.221546452780442,4,5379.28052187952,769415009816.5117,7306458514958.59,-0.0166015625,76923.07692307669,rectangular_hollow_section,True
108.34717659949573,275.2519508493772,15.285743910148339,19.197414692259173,4,10439.340622574182,3738952296586.6377,17410720153791.812,-0.0703125,76923.07692307714,rectangular_hollow_section,True
34.92963573957737,244.37362155570588,7.2773780694053345,13.90357398837195,4,3703.9469751543497,133843947286.71939,3940687867045.9297,-0.00244140625,76923.07692307676,rectangular_hollow_section,True
190.626849582658,60.76286801514825,14.840789894719162,10.675145950115933,4,6466.689041270518,4659531592832.15,614522421495.1624,-0.0087890625,76923.076923077,rectangular_hollow_section,True
156.94438768104942,181.49989264072843,6.859884143988854,19.028269163523774,4,4241.139629154311,3222160599604.544,4021286724325.8623,0.0283203125,76923.07692307707,rectangular_hollow_section,True
133.54679236332316,202.81731079245347,7.7532947026265475,19.54574786289494,4,4732.4314153369405,2709314156912.8965,5154791004901.404,-0.0126953125,76923.07692307715,rectangular_hollow_section,True
239.02027699306652,217.79660678873105,11.885236280657953,14.516865812975771,4,10089.903916656285,16766370716673.148,14496694284128.21,-0.171875,76923.07692307649,rectangular_hollow_section,True
165.75500119153727,257.9221389416534,12.713764119268522,15.611193280099158,4,9891.188992551137,8571899613085.545,17266686741991.426,-0.03125,76923.0769230769,rectangular_hollow_section,True
278.7243339195341,86.4339981732694,2.306655041761351,10.92197770579137,4,1618.240173198626,2931434115324.967,480296762354.7014,0.008544921875,76923.076923077,rectangular_hollow_section,True
184.45350663621522,197.39209326631476,12.637054972437005,15.716452631432958,4,8774.502847023528,8701357921177.693,9685522008494.969,0.009765625,76923.076923077,rectangular_hollow_section,True
266.68257022639614,218.96943908185642,4.2443573401677765,18.48478289029379,4,3911.605585372683,8341884112824.455,6205041301431.297,-0.013671875,76923.07692307653,rectangular_hollow_section,True
251.37623362793738,97.15573618775241,18.0584686565247,13.247272033354609,4,11107.98392822635,15047465108992.031,2953853328172.17,-0.03515625,76923.07692307686,rectangular_hollow_section,True
130.05703401315202,122.68385464794773,16.285344126929203,12.999598633385443,4,7002.105395624595,2977159677936.081,2699069890756.122,0.001953125,76923.07692307708,rectangular_hollow_section,True
235.62231943173708,273.89397789559655,14.808025911251374,11.645323739034744,4,14077.136975515847,23762130371225.1,30153296292144.805,0.0390625,76923.07692307675,rectangular_hollow_section,True
277.17716680947495,23.671507461634693,5.110703424274723,9.035654363962855,4,2904.3817317022754,3886903152548.1875,48978844285.6145,-0.00048828125,76923.07692307711,rectangular_hollow_section,True
299.27239597758603,59.941627009099676,12.461006341328446,19.78317667239481,4,7993.469819613875,13279252418396.938,829667295311.606,-0.0126953125,76923.07692307682,rectangular_hollow_section,True
90.70363242163694,152.41306593324043,7.044154003774206,17.965544517196577,4,3023.1384866334147,779939225708.3345,1744382830971.954,-0.001708984375,76923.07692307705,rectangular_hollow_section,True
114.32589574277672,264.7849788280681,6.9420523560013425,19.548264223590063,4,4847.628659841924,2216815731809.863,8162692792835.199,0.0,76923.07692307702,rectangular_hollow_section,True
157.31305832141192,96.9958451613788,17.59879530993485,10.876052418641212,4,7593.901774118294,4281188444080.1406,1862428795456.4067,0.013671875,76923.07692307705,rectangular_hollow_section,True
265.82088433017816,207.16389884545072,11.066630384566924,16.720001223490016,4,9731.216474512854,19390587300965.906,13159872147972.254,-0.0546875,76923.07692307683,rectangular_hollow_section,True
214.22682697330603,184.37520975719954,9.752866872238963,11.472717155610566,4,7265.886195625994,9643017032585.365,7627986899728.791,-0.017578125,76923.07692307685,rectangular_hollow_section,True
57.44262913177209,288.1807798727551,6.750225194954895,18.880940861368867,4,4274.473860895623,490152372295.43945,6878215939817.18,0.001953125,76923.07692307685,rectangular_hollow_section,True
293.4528507661049,216.04517304829076,17.148305571260188,8.1707094063165,4,16231.037572580986,37989773816811.164,23238349662292.883,-0.1015625,76923.07692307717,rectangular_hollow_section,True
31.561245249522134,126.47311219757367,16.976568156288064,15.854075802861333,4,,,,,,rectangular_hollow_section,False
229.76520239119898,151.94597830334465,13.149323082548213,14.912371714950442,4,9127.597998545494,12534089377550.91,6476426263623.316,-0.009765625,76923.0769230767,rectangular_hollow_section,True
250.5198324850751,181.42399895658684,19.704003004076302,13.393034462280792,4,15289.680794990825,24736808657244.008,14580455332473.906,0.046875,76923.07692307673,rectangular_hollow_section,True
251.3691584378446,55.87104770538535,12.856243228534606,14.433285662142723,4,7032.945007552379,8398539558800.617,602387222447.8159,-0.0029296875,76923.0769230768,rectangular_hollow_section,True
278.36872486318015,241.57154811096044,5.605550300593114,13.515452650162414,4,5583.313025072231,13181075939198.484,10630056715536.375,0.046875,76923.07692307683,rectangular_hollow_section,True
129.73608828323643,199.51225230383153,2.5633816788039576,10.619985592862196,4,1613.8193981855281,952265728367.6106,1822333196807.5254,-0.000244140625,76923.07692307686,rectangular_hollow_section,True
70.51916579914146,125.53918643090331,5.093353326933732,15.63243274227772,4,1760.1191702371575,279701487077.8912,679123913951.7722,0.0001220703125,76923.07692307673,rectangular_hollow_section,True
92.93785274325933,30.532577644189164,14.637653036847109,15.619102884917364,4,,,,,,rectangular_hollow_section,False
24.316225133343185,156.77106241419142,9.698720160329433,18.783220428084654,4,,,,,,rectangular_hollow_section,False
228.61792982208405,164.16707481393436,8.509722056212915,14.349936684620232,4,6223.508380758963,9027251164173.367,5403009305775.022,-0.0234375,76923.076923077,rectangular_hollow_section,True
53.30375837938512,79.29552858774858,10.661085475835325,8.37448120577824,4,2302.5377552246346,160011952928.36633,319212318759.4613,-0.0008544921875,76923.076923077,rectangular_hollow_section,True
135.26698844721295,36.203204736137586,6.97302017854254,11.260517340934808,4,2088.4215736628985,737128678287.2441,78933253403.9179,6.103515625e-05,76923.07692307691,rectangular_hollow_section,True
115.13382926395639,73.42737293582937,8.633715074601097,18.575763815439487,4,2711.5885757149986,838043706353.5994,411311910071.6572,0.00244140625,76923.07692307686,rectangular_hollow_section,True
60.82246486482428,90.05588181751975,14.864060075126535,11.732860821846975,4,3463.908467511571,286423007896.33826,577465813093.8335,0.0035400390625,76923.07692307698,rectangular_hollow_section,True
171.29349704799213,166.10932995755547,17.307392321416927,10.128489541963948,4,10378.356578408768,8176632677708.234,7772290769802.934,-0.05859375,76923.07692307743,rectangular_hollow_section,True
294.1441947277145,133.75454780436172,5.936340233140616,14.306153770268297,4,4804.732243500369,10473566020734.23,3096886162321.165,-0.017578125,76923.07692307743,rectangular_hollow_section,True
57.838399134018786,59.149568932989226,3.4849232036779725,14.046387104237773,4,681.052939034302,62044383218.57208,64155608470.60661,0.000885009765625,76923.07692307701,rectangular_hollow_section,True
151.97248500442637,136.4001151866906,5.707373187538576,11.280951691535545,4,3065.208564169344,2087466802347.8843,1767954973746.1738,0.0048828125,76923.07692307694,rectangular_hollow_section,True
240.97712124327123,164.32347213361967,7.902255633659329,15.431664795978008,4,5974.350942235384,9553799140999.754,5292436913008.076,-0.0390625,76923.07692307673,rectangular_hollow_section,True
139.0052989357517,97.63484567014844,2.515386319846597,12.834736711689954,4,1106.93261763539,602446283923.7231,354934804602.01196,-0.00146484375,76923.0769230769,rectangular_hollow_section,True
225.32354446737997,183.20574781096633,5.498454549020654,9.133360294341498,4,4301.421750872691,6499614461135.467,4735663801243.959,0.052734375,76923.07692307694,rectangular_hollow_section,True
291.6765195320787,78.76777937668663,11.361706609726411,14.945877201662721,4,7690.872404057345,13546116582610.523,1531030184536.9087,0.02734375,76923.07692307691,rectangular_hollow_section,True
288.7364124459836,83.12599982602538,6.805449246213911,15.777484702169541,4,4707.693385508267,8533116284968.023,1169568730538.2236,0.0087890625,76923.07692307704,rectangular_hollow_section,True
162.19994364321872,79.78196837517712,11.532459267809804,12.83781640554558,4,4886.197047937631,2929149756313.131,905221231742.2773,-0.0029296875,76923.0769230771,rectangular_hollow_section,True
273.7232947908809,46.79010254250643,17.20554250920662,9.960866031942775,4,9745.872140928834,12806922825554.414,450951942504.14355,-0.017578125,76923.07692307701,rectangular_hollow_section,True
29.673476068293358,42.24771407971644,6.882247441835024,15.88556648203241,4,,,,,,rectangular_hollow_section,False
244.73246365556943,275.5733154695329,4.481486993449136,14.481195363727169,4,4473.441409169341,8760935248022.586,10478142381602.996,0.013671875,76923.07692307691,rectangular_hollow_section,True
77.53323386035754,84.63956403053992,19.993184977166937,8.960275922964405,4,4805.505166254362,596546893468.46,701894618516.4548,-0.004150390625,76923.07692307698,rectangular_hollow_section,True
37.83090707922895,249.50052867853253,17.194165712331163,10.906477828699854,4,8579.340044761582,218584266639.03833,8867009764757.8,-0.009765625,76923.07692307697,rectangular_hollow_section,True
290.42704885414895,125.75854275287763,18.243064392682463,11.731482539538217,4,13716.13581766959,26422101686315.29,6516687913875.066,-0.109375,76923.07692307663,rectangular_hollow_section,True
214.97410420070372,88.38665299234009,16.200111988992234,15.341982722071851,4,8543.805531517542,8449199679572.352,1862454483624.874,-0.0009765625,76923.07692307704,rectangular_hollow_section,True
299.3008995295199,157.43172979628494,19.31015376696784,12.046384987975541,4,16002.511060051464,34647416650253.234,12010504108327.473,0.2890625,76923.07692307708,rectangular_hollow_section,True
40.356969134366494,172.3537688984427,17.67534726785363,15.78132382515283,4,6020.750538831438,174682571909.9167,2891018644025.3125,0.0,76923.07692307692,rectangular_hollow_section,True
82.379310397868,206.86532252818898,18.464594965200533,12.06541702221218,4,9172.230628840196,1618792633418.5093,8142694444977.844,-0.0224609375,76923.0769230768,rectangular_hollow_section,True
136.2879708950913,72.34966005778116,6.113675634699266,17.806941244625243,4,2221.222786745278,976097287139.0637,366129247997.39075,0.0003662109375,76923.0769230769,rectangular_hollow_section,True
225.75075456090764,256.18448801757376,14.765995843708998,10.777838638645163,4,13244.207238955083,20302518969833.53,24817531606763.36,-0.0859375,76923.07692307704,rectangular_hollow_section,True
72.8990282002693,154.5242010674382,17.15146167769346,16.5992869030092,4,6349.054726390659,823988044395.8276,3069122010961.7363,-0.0078125,76923.0769230768,rectangular_hollow_section,True
275.4871365325607,276.53021301578093,6.880543672399286,16.874346342717416,4,7222.123965386991,17154562283079.254,17253277911865.227,-0.0859375,76923.07692307688,rectangular_hollow_section,True
275.3127208881554,183.51035562443369,18.093350742459045,18.258774088609584,4,14960.460873458795,29066776337205.89,15104007516823.96,-0.3203125,76923.07692307649,rectangular_hollow_section,True
170.83812989203656,241.54980060214197,4.014808049087227,11.967285033024831,4,3166.868009823301,3161711438471.0234,5343253429347.635,0.0166015625,76923.07692307635,rectangular_hollow_section,True
220.27129251979662,109.95223420141288,14.717116551418924,13.92476383323065,4,8659.603135389896,9816234772658.648,3116166825095.589,0.001953125,76923.07692307694,rectangular_hollow_section,True
273.78650238235025,139.8428701713077,13.986354110971016,12.53504581739449,4,10630.733971554331,19575874751269.22,6602491833737.025,0.0078125,76923.07692307694,rectangular_hollow_section,True
217.91548537654654,276.8431423373112,14.74902952957513,13.642399629814964,4,13538.168664410972,19756468870032.594,28861635474970.312,-0.0078125,76923.07692307665,rectangular_hollow_section,True
197.61557930542153,103.36472730898359,5.949292024182593,15.891181692086182,4,3285.9746873962804,3236101808075.616,1189987452872.5906,0.01513671875,76923.0769230771,rectangular_hollow_section,True
30.23691035000497,236.66367500539556,19.151145166119345,8.078951049077089,4,5490.84893299659,105012259181.88806,5454116507727.549,0.003662109375,76923.07692307679,rectangular_hollow_section,True
63.705743122940135,192.33343273772772,17.127239654375472,15.33929997987982,4,7361.825175162349,723791149237.1482,5212784432696.957,0.0029296875,76923.076923077,rectangular_hollow_section,True
103.08963335244938,249.6683042428401,10.993533886589391,8.605825722335869,4,7198.621295808579,2498284434667.803,10562535362309.93,-0.001953125,76923.07692307702,rectangular_hollow_section,True
256.90800241127977,251.20893448581214,16.605105863073778,12.906798140548272,4,15605.167454857836,29798550817143.977,28753217970034.992,0.265625,76923.07692307635,rectangular_hollow_section,True
64.88416240272186,216.48511116991668,3.881988704894834,9.515963619825875,4,2065.4534483354987,325466558272.9527,2179312652837.2686,0.0078125,76923.07692307634,rectangular_hollow_section,True
73.05424690844045,130.33863259209392,12.230258593655144,9.423322760680476,4,4287.979111876649,623587080985.9131,1664417489977.0122,-0.001220703125,76923.07692307683,rectangular_hollow_section,True
45.81641949128313,187.73202009378517,16.373628012772745,13.285506381197909,4,6399.183088451492,281218064440.59607,3951158962465.9707,-0.00537109375,76923.076923077,rectangular_hollow_section,True
113.64414290218708,134.21833338086503,5.346457635732735,13.905442065545914,4,2415.9289162991977,961818043824.2844,1240454989694.6172,0.004638671875,76923.07692307737,rectangular_hollow_section,True
214.46015717729315,244.20544038634318,17.271894463578064,12.3108098380668,4,14499.21819807312,19465952966729.477,23988634184481.477,0.125,76923.0769230774,rectangular_hollow_section,True
192.73224149418678,206.63641217489112,15.963155552662396,12.0792879920863,4,11585.16934356391,12292899807343.984,13754986773493.379,-0.0703125,76923.07692307673,rectangular_hollow_section,True
110.04958640559117,125.13674674189343,4.046932862185679,15.201253161504937,4,1731.3967019985425,648190125060.4717,786585254954.3652,0.0009765625,76923.07692307704,rectangular_hollow_section,True
100.15347048460079,234.36732157145966,5.985416846042589,9.105299347690954,4,3788.0190995774196,1348045220881.243,5126545710361.504,0.0,76923.07692307713,rectangular_hollow_section,True
226.7933931376159,155.11678336491144,12.975734892843528,19.289117980615348,4,8905.440355857287,11914896739524.176,6529764992042.465,0.052734375,76923.07692307698,rectangular_hollow_section,True
285.1096645426591,89.14562738091766,14.567777887079057,19.019632632313847,4,9713.327906548557,16345383924021.492,2331159697585.493,-0.033203125,76923.07692307694,rectangular_hollow_section,True
158.18710228912616,257.52568762758773,15.964028633875213,14.134032135235428,4,12053.730058104507,9192771510099.418,20239096662599.266,-0.07421875,76923.07692307675,rectangular_hollow_section,True
57.53161161278897,49.06479456933618,4.473074493030464,19.849234798467812,4,716.0279330568917,52988187689.25766,42097927736.009735,1.52587890625e-05,76923.07692307691,rectangular_hollow_section,True
248.0207229150519,117.46524888257959,13.071607070186271,12.930766324500024,4,8704.3056626795,12755308522007.059,3779936784474.282,-0.021484375,76923.07692307675,rectangular_hollow_section,True
110.17379056541424,94.02408039833414,13.808633812873762,10.685012392969,4,4762.50429006372,1409911422172.5103,1078236163559.9653,0.01416015625,76923.07692307685,rectangular_hollow_section,True
69.62169351055427,34.35535628971057,15.817122844980394,8.97392950051599,4,2207.9786284458382,173546978051.50244,43362251985.96768,-0.0008544921875,76923.0769230769,rectangular_hollow_section,True
55.38828358108704,69.15591994215436,18.256563991837076,18.122098527957103,4,2885.879472659687,155645044433.0005,233670305888.36926,0.0020751953125,76923.07692307697,rectangular_hollow_section,True
194.71386232408273,151.91520285509628,18.23238868002455,15.623906062059687,4,11065.965259726763,10638100646993.844,7064311492539.672,-0.033203125,76923.07692307711,rectangular_hollow_section,True
130.1940759201566,132.34137426817742,8.405557099429359,14.359764060233445,4,3960.149630424263,1925794981969.375,1975716916771.9277,0.01171875,76923.07692307682,rectangular_hollow_section,True
91.23472912278105,245.46202879901912,2.7866636142420855,19.589006303419872,4,1744.048784161228,549776481352.5175,2469035557764.9717,0.00244140625,76923.07692307628,rectangular_hollow_section,True
262.21977497181,139.3664517293192,15.002479871742835,16.94929594965912,4,10865.792416149714,18139202939315.727,6522623082102.752,-0.0546875,76923.07692307675,rectangular_hollow_section,True
231.99363749990266,37.448282541739495,8.46257505746294,8.77227121595925,4,4197.027406969917,4191039037822.867,167788545447.68884,-0.007080078125,76923.07692307683,rectangular_hollow_section,True
168.41004052299135,240.48087298901595,9.377827956700997,18.138417198168213,4,7064.988396608798,6419369850552.43,11144928648306.723,0.046875,76923.076923077,rectangular_hollow_section,True
53.70487842668456,219.9437111407781,19.600766144653306,13.017895181416183,4,9021.218291068275,539359123861.147,7709457871935.5625,0.0166015625,76923.07692307686,rectangular_hollow_section,True
183.3748974022813,190.93233519754483,6.403031111709683,10.40671851774514,4,4537.136204216898,4740274164203.822,5043737599511.688,0.0009765625,76923.07692307675,rectangular_hollow_section,True
41.96484543115608,283.9047726630619,8.28759488502318,10.926813150507444,4,5014.184071717799,268825404402.1236,7481756456981.855,0.0087890625,76923.07692307726,rectangular_hollow_section,True
133.302264712953,145.1356649989782,3.2875618370133712,18.997347404035988,4,1673.4297262392176,926449909503.231,1051154761186.6838,0.008056640625,76923.07692307718,rectangular_hollow_section,True
195.20993105412964,217.52647589692378,6.253601101079778,14.218805702628465,4,4867.017639739556,5872814504550.246,6926688580968.479,0.0,76923.07692307686,rectangular_hollow_section,True
204.2317657526844,112.45818798294032,6.3186004954974715,18.177614721020383,4,3652.5862897542406,3876986175865.841,1549078790249.8452,0.0087890625,76923.07692307713,rectangular_hollow_section,True
198.95473812507655,254.52781079546216,13.230742161085045,14.836678751543495,4,11082.063202062105,13497946933171.227,19906763380820.22,-0.09375,76923.07692307698,rectangular_hollow_section,True
110.29302781666658,195.18912818903817,16.56534147445742,17.68553871806476,4,8711.666866630805,2961592864074.7236,7652751984581.123,0.044921875,76923.07692307737,rectangular_hollow_section,True
150.13204142558234,245.6041839687013,12.09481080363654,17.708571350797627,4,8705.492563269745,6189132662056.123,13480131377058.84,-0.005859375,76923.0769230765,rectangular_hollow_section,True
58.807419387899884,267.71476073753416,19.03048267444903,14.650698044188108,4,10764.469346928809,844204265314.4155,13888928585066.86,0.01171875,76923.0769230768,rectangular_hollow_section,True
180.3373710009037,215.04626360379396,19.957529111239285,17.629785047715522,4,13877.739601729172,12479014481245.406,16655944433430.016,-0.0234375,76923.07692307673,rectangular_hollow_section,True
164.55163734030822,67.56562618868486,6.674652836924848,11.918565805240359,4,2805.8467534176543,1745076458659.088,420725958267.1061,-0.005126953125,76923.07692307698,rectangular_hollow_section,True
23.514345529284505,157.9821480229017,9.268347319181718,8.302515693902643,4,2951.80426394723,32598607710.06903,1238616228007.6338,-6.103515625e-05,76923.07692307701,rectangular_hollow_section,True
43.896538401774656,207.6048177047581,10.698119125297595,8.446756987496183,4,4852.036220721278,251627532227.7353,3977246078316.088,0.00146484375,76923.07692307714,rectangular_hollow_section,True
182.63924597583366,166.947367051789,2.3019146467882994,17.38077114869661,4,1513.522553216128,1555549061103.4956,1361480212562.884,0.001953125,76923.07692307691,rectangular_hollow_section,True
123.74713685474877,218.40647260971795,7.601777649447679,12.891772240417687,4,4832.589479756971,2467741017677.769,5990433808847.217,-0.0185546875,76923.07692307688,rectangular_hollow_section,True
37.085209705920605,84.37940129869573,19.001693486974066,15.83117041961757,4,2836.0204330325405,60356477934.83725,295602881677.59595,0.00079345703125,76923.07692307695,rectangular_hollow_section,True
85.51096372549051,106.8364985885754,8.881122074090886,9.330854563907472,4,3014.1626821455816,623160482803.7007,894380914138.4116,0.002197265625,76923.07692307707,rectangular_hollow_section,True
188.43688189312974,81.85683671995756,19.918315143820006,12.764040773324755,4,9017.713087923757,6559774319075.664,1491991922829.7139,0.0166015625,76923.07692307676,rectangular_hollow_section,True
228.23638311162583,219.2436170752289,15.997186881137157,9.567447988900753,4,13201.666363660257,19629735702884.555,18403801934841.113,0.03515625,76923.0769230771,rectangular_hollow_section,True
126.1270413828059,160.16551013722406,2.1500783087817563,19.507947302741336,4,1133.3470710874774,593304431438.876,843511052434.5632,0.00048828125,76923.0769230768,rectangular_hollow_section,True
62.359432164529366,299.53730710809776,18.1011433063956,13.078766595408378,4,11619.829787730345,1105004406133.4985,19235873152901.42,0.0234375,76923.07692307695,rectangular_hollow_section,True
123.08738613874192,230.68706484683975,6.1286832355461724,8.646471940304508,4,4117.677843980343,2164816869726.2007,5757146258442.021,-0.0068359375,76923.07692307686,rectangular_hollow_section,True
69.90845979379543,182.9873169310817,10.4962497879225,16.676556519332756,4,4628.318101139792,676248188570.3872,3295738844213.323,0.00048828125,76923.07692307667,rectangular_hollow_section,True
137.56450760890797,254.46727335341453,7.866578937109081,19.17730773876064,4,5680.529098813525,3628838383602.372,9393014323025.613,0.00390625,76923.07692307663,rectangular_hollow_section,True
160.34057713264517,68.09637522646906,19.097797456168987,9.660293367481602,4,7173.060556664569,3657221957240.0977,770602524833.5417,0.0,76923.07692307653,rectangular_hollow_section,True
145.2986957118498,27.07491933712213,18.922181181234535,8.769102625587047,4,2699.829984496493,1084996479403.4492,43774712077.45445,0.0001220703125,76923.076923077,rectangular_hollow_section,True
54.3321660947253,145.90496359953045,6.731099084435163,17.625781757012508,4,2322.427069162203,213601060806.71094,1032499462634.0093,0.001220703125,76923.07692307686,rectangular_hollow_section,True
28.275734298122085,189.41242197422065,3.254300410930925,8.003343158862325,4,1332.9833334686236,38419732620.98312,909198492380.6982,0.00140380859375,76923.07692307755,rectangular_hollow_section,True
217.57846356402993,128.7433060792199,8.176142483640483,17.63808627958301,4,5174.181336719874,6331642764837.346,2803539090674.475,0.0068359375,76923.07692307679,rectangular_hollow_section,True
110.32354512810696,215.37668970429374,8.820961642150209,14.474905148380863,4,5257.18529753962,2097199045236.748,6033539337962.891,-0.001953125,76923.07692307683,rectangular_hollow_section,True
288.38201127271225,31.051680673600053,9.651478166401104,19.64184527820546,4,,,,,,rectangular_hollow_section,False
274.85818479639363,230.7071895350927,14.604513322905886,9.350819745864246,4,13826.467422532935,29742113167540.21,22533922693645.164,-0.0078125,76923.07692307656,rectangular_hollow_section,True
205.83918968936422,279.45651842791295,18.8735216287643,17.68021805852495,4,16581.04870171283,20878859149810.62,34162838629661.47,0.203125,76923.076923077,rectangular_hollow_section,True
247.64535688426918,134.28566770311858,16.041822483239834,10.91945442636758,4,11105.144635241028,16579478100670.02,6060090963672.67,-0.0234375,76923.076923077,rectangular_hollow_section,True
24.1093248969854,251.6919722234677,11.198269044907352,10.966172588860427,4,5555.132396521179,56520064396.49832,5697656831232.258,0.005859375,76923.0769230769,rectangular_hollow_section,True
126.84111492970065,140.30668982746428,15.35898597807174,8.201171870259722,4,7195.385753531945,3099111454730.675,3668049360823.9443,0.021484375,76923.07692307685,rectangular_hollow_section,True
226.22788955670225,76.74777535959291,10.262864390624683,17.21905382212873,4,5549.3835402668665,6048876316220.693,1031945248351.1018,0.015625,76923.07692307701,rectangular_hollow_section,True
196.9273589863296,214.6497274074251,2.574226326786044,13.913894469962337,4,2027.4701921433855,2565426020294.3833,2918190461393.198,0.02197265625,76923.07692307713,rectangular_hollow_section,True
220.19545911569952,246.96234275737157,7.346544317780194,14.768839286685875,4,6485.075984791921,9965363804312.625,11876193817669.266,0.0859375,76923.0769230768,rectangular_hollow_section,True
268.0174218670726,216.55697685185515,17.172522374616555,9.971472047226294,4,15363.717054719007,30395814401177.04,21582283563040.36,-0.0703125,76923.07692307713,rectangular_hollow_section,True
157.68514891630753,291.6533634936498,5.43054682809004,12.27900091777214,4,4658.4717710846735,4120691574471.8223,10588786424394.465,0.009765625,76923.0769230768,rectangular_hollow_section,True
129.23085275997167,172.99926207325592,11.405132101407744,17.27508296322044,4,6109.668448124993,3005898292073.9873,4775539126537.871,0.00390625,76923.07692307701,rectangular_hollow_section,True
264.18292656406004,174.2268563660228,14.149947351849864,14.611187238471542,4,11392.792603468126,20913981858736.15,10771334444727.834,0.0703125,76923.0769230769,rectangular_hollow_section,True
185.716485777661,134.71881974239372,16.141409998697537,17.878139492653894,4,8985.763179546626,7717405434573.826,4566286422907.411,-0.037109375,76923.07692307673,rectangular_hollow_section,True
110.90276684522907,164.26087090739716,2.019851838245452,13.212715635061981,4,1045.9646987929425,444588975701.9618,799089304590.1841,-0.0079345703125,76923.07692307686,rectangular_hollow_section,True
187.27241107137436,274.8545086579069,11.408408933557324,12.789113312403176,4,9862.003506636664,11137310903113.992,20341331717235.117,-0.05078125,76923.07692307662,rectangular_hollow_section,True
111.98156673732187,259.6545876484099,8.750110174909313,14.465953109486868,4,6020.863940503992,2571174361257.5215,9738185620642.988,0.0087890625,76923.07692307679,rectangular_hollow_section,True
200.8775677651812,164.8490214527118,3.4051752449170256,9.58020226083482,4,2390.6960655198386,2911665762810.13,2159164618818.184,0.009765625,76923.07692307644,rectangular_hollow_section,True
26.668639394906087,156.0298775678468,17.17226331700671,13.97808482205274,4,,,,,,rectangular_hollow_section,False
163.31716928526342,117.08753334552772,4.2888256430491225,8.947035913278352,4,2273.2871278512075,1724023377848.0664,1035624014464.8774,-0.007080078125,76923.07692307688,rectangular_hollow_section,True
52.03876289672008,48.674456895617894,15.676115335594178,13.160067423803055,4,2001.4343559089898,93475926239.20404,82495418308.16818,0.000152587890625,76923.0769230768,rectangular_hollow_section,True
202.21133803200843,90.72527612731855,15.5993129509433,19.934543104082184,4,7787.273791668456,6829764494842.996,1786872899938.0767,0.0,76923.07692307691,rectangular_hollow_section,True
246.07311785589636,114.57160251288947,6.504299804853401,14.984605819447406,4,4369.636283363254,6570849077092.643,2003142766756.643,0.001953125,76923.07692307676,rectangular_hollow_section,True
284.79120299298853,231.8148547527675,12.705844983658336,16.84188269725363,4,12215.536782858007,28182649976326.75,20441642248509.79,-0.015625,76923.076923077,rectangular_hollow_section,True
165.51377258600357,164.27082478883227,9.451027280721688,13.674004676328027,4,5707.173920654586,4561141088006.048,4507662658129.906,0.021484375,76923.07692307686,rectangular_hollow_section,True
292.93287504151414,225.084957556077,11.435320251709877,17.177245193882708,4,11062.245376254445,26837526049259.266,17828880682944.496,-0.078125,76923.07692307676,rectangular_hollow_section,True
227.39846413301538,137.77036494804926,7.822398345636024,14.604397426434309,4,5300.939512794598,7256033127257.252,3332393568887.953,-0.0205078125,76923.07692307679,rectangular_hollow_section,True
118.55164511889788,256.73671774926925,9.022499713015451,13.890729115390059,4,6277.203590423635,2981088647815.4697,10119433914406.36,-0.015625,76923.0769230769,rectangular_hollow_section,True
116.83788326361959,23.006168814566337,4.290712939104338,16.267347228691502,4,,,,,,rectangular_hollow_section,False
127.97488772298263,136.72620172862696,7.2045242750323775,18.712928080053153,4,3388.7398498552825,1619119661329.3438,1792005401392.412,-0.001953125,76923.07692307692,rectangular_hollow_section,True
135.72135883624702,35.18345960564826,17.34311633433988,8.964865449425611,4,4644.540747401965,1388061864445.0537,94644459436.52734,0.002685546875,76923.07692307692,rectangular_hollow_section,True
268.3563470293724,275.235595653056,15.725373434529768,16.90591410853712,4,15822.806855181481,33665074125953.92,35033887648570.062,-0.40625,76923.07692307676,rectangular_hollow_section,True
208.70608367755102,203.9813093429154,16.961955536954754,17.930772024946968,4,12528.564699576116,15130497954712.86,14584068728454.758,-0.078125,76923.07692307679,rectangular_hollow_section,True
275.8998890871165,176.95148102043433,11.213068036036614,19.146273683864795,4,9349.130823206759,18888767012935.1,9445533074334.027,0.02734375,76923.0769230771,rectangular_hollow_section,True
106.4419228351835,127.8091078199024,17.79770766949223,10.52605647574673,4,6960.431271667566,1965431682823.711,2694439156590.6074,-0.0009765625,76923.07692307692,rectangular_hollow_section,True
215.55558082984308,149.50339866114064,16.931189408750512,9.617193275083952,4,11122.61434858397,13189953574568.473,7224931241734.035,-0.03515625,76923.07692307675,rectangular_hollow_section,True
22.08022174995126,85.06817100867039,14.373322489628471,10.064507033873886,4,1401.5666484668943,13398576080.497498,174060276938.3886,1.52587890625e-05,76923.07692307701,rectangular_hollow_section,True
103.4480944757787,88.9389461456828,7.04846315017075,8.334522618768844,4,2445.532283338373,717497480458.8848,564066917357.6965,-0.00048828125,76923.07692307707,rectangular_hollow_section,True
153.53893038999436,140.8982402879803,13.240977591274277,17.06520279849618,4,6819.381559561633,4292081125690.6562,3738625227395.4766,-0.02734375,76923.07692307688,rectangular_hollow_section,True
126.40734897157495,35.398892124098126,16.96286506083887,8.97503773869974,4,4257.8884007149445,1112215733763.96,89513405402.6304,0.0008544921875,76923.0769230768,rectangular_hollow_section,True
134.75608089756278,101.17331946687902,3.5920417674447265,18.294751556983023,4,1524.7972049420116,765097685112.5042,499009508617.2882,0.0015869140625,76923.07692307707,rectangular_hollow_section,True
237.58985983204548,154.29475025434493,16.32573905243011,10.325679023074239,4,11622.873096147712,16750382153200.309,8278651017803.109,0.1015625,76923.0769230767,rectangular_hollow_section,True
230.53063539938844,156.8029876645247,6.317571470748105,15.01880163867317,4,4584.515860081439,6770384659019.219,3752797131858.463,-0.0185546875,76923.07692307682,rectangular_hollow_section,True
240.90406016923177,281.44119038709647,8.080542965084877,19.703544338482686,4,7927.350282441876,14674793561762.34,18598862112643.84,0.015625,76923.07692307697,rectangular_hollow_section,True
280.31977688919005,201.82853309356017,7.784471814969146,14.076241327658284,4,7105.593647325469,15882467528000.086,9587103736240.986,0.03515625,76923.07692307678,rectangular_hollow_section,True
239.1601957690768,66.34349390504838,5.850562122418375,9.370488014648384,4,3362.404154193867,4198172294784.5586,530359475049.1389,-0.00146484375,76923.07692307694,rectangular_hollow_section,True
43.64234671004718,184.2566711644792,2.3759516345397245,8.19255779652391,4,1027.088407373624,76185845439.15192,744846035065.8245,0.0003662109375,76923.07692307717,rectangular_hollow_section,True
233.07756046136402,139.26198955527428,7.495164797941543,12.25234614092881,4,5229.293383312011,7570405129602.176,3399197402712.628,0.029296875,76923.07692307711,rectangular_hollow_section,True
125.44008596899268,226.85760933279306,9.79593927378734,19.249027305875366,4,6237.167775040193,3161462087040.7354,8007158227031.945,0.02734375,76923.07692307695,rectangular_hollow_section,True
99.16321008621546,205.73438721162222,8.439859447888159,10.141682487526538,4,4761.703302365012,1545228144916.1968,4952368792703.871,-0.0048828125,76923.07692307702,rectangular_hollow_section,True
111.22389916239483,25.80029404234454,13.077869199863812,15.647877081637132,4,,,,,,rectangular_hollow_section,False
71.24534812081208,269.3733334209968,15.633023403851116,13.271363735843673,4,9496.104862273465,1332766125411.1465,13605722578578.035,0.037109375,76923.07692307694,rectangular_hollow_section,True
94.64353506070313,157.731495251177,12.992712444515368,11.175016028527383,4,5757.949104134779,1468168844999.0562,3428432000801.461,-0.00390625,76923.07692307695,rectangular_hollow_section,True
230.6737806776333,105.62338418116309,19.408465329048013,14.327793262606686,4,11341.983963346775,13230316392222.816,3476655609554.952,0.021484375,76923.0769230768,rectangular_hollow_section,True
224.10235404363155,56.107352961647294,18.24002783902978,13.010839459054658,4,8721.98930738161,7962516428402.34,614853217485.2646,0.01171875,76923.076923077,rectangular_hollow_section,True
22.805260834139318,79.21388565700846,14.916471246855352,13.647090381918105,4,,,,,,rectangular_hollow_section,False
216.3713071255672,78.06683045001907,13.640273808383402,14.358493054076657,4,7082.554870152957,7005885717393.074,1250537950022.0305,-0.0361328125,76923.07692307707,rectangular_hollow_section,True
68.512222780098,222.8336142122447,9.9685773082137,12.250189533815034,4,5266.255475503233,777814491181.7922,5529903170521.742,0.0009765625,76923.07692307678,rectangular_hollow_section,True
29.68790945195164,93.08167447748326,19.29881422392584,17.62004937692048,4,,,,,,rectangular_hollow_section,False
215.5481706969618,87.09407744762908,2.446186492824202,10.335468738232713,4,1412.1223060164211,1626136329995.0386,406278729708.092,0.002197265625,76923.07692307692,rectangular_hollow_section,True
226.7297285237435,98.56719904547603,17.582677617908985,10.920875135304188,4,10083.314292509678,11426427750890.047,2753037636809.757,-0.037109375,76923.07692307675,rectangular_hollow_section,True
83.02861086899237,216.09778964121392,8.138479086296275,8.778456997172569,4,4527.276806545529,1047092303195.5715,4916139016672.271,0.0078125,76923.07692307694,rectangular_hollow_section,True
196.86404580298827,122.42642987607222,5.526567657284021,13.015006052712172,4,3293.6753591012666,3444928246655.3066,1660582134438.2412,-0.017578125,76923.07692307715,rectangular_hollow_section,True
64.05818500967295,154.43030388336393,13.014052812334882,12.89943121366798,4,4842.9838586373535,530840830320.8385,2407430647825.716,0.00244140625,76923.076923077,rectangular_hollow_section,True
241.61319692063998,287.0761353046731,14.158489080990135,17.296623869949116,4,13879.707715525084,24843212161298.562,32550147811736.28,0.03125,76923.07692307698,rectangular_hollow_section,True
71.36449088826205,128.8928222265188,18.296015080408466,10.013044370532304,4,5888.583912563763,693847734764.9595,2014028755101.5908,0.00048828125,76923.0769230767,rectangular_hollow_section,True
292.99667870773675,134.4429077555868,4.749856572956201,12.830092457670311,4,3870.98784823458,8491945437313.408,2563083504506.211,-0.005859375,76923.07692307688,rectangular_hollow_section,True
77.87049524882636,252.00624543187007,7.643763002013525,9.558189224546831,4,4721.596846465297,992345260351.4341,6665818033996.305,-0.0087890625,76923.07692307691,rectangular_hollow_section,True
203.37244869648782,258.1077163228856,19.71697845226402,8.27799916585407,4,16574.42671233046,19990732372952.004,29491427973683.336,-0.1171875,76923.07692307711,rectangular_hollow_section,True
54.30693207252984,233.0174372740416,15.06676629022341,14.592818642214377,4,7537.11810315987,550136028397.1602,7543372944437.875,0.0126953125,76923.076923077,rectangular_hollow_section,True
243.3888136486735,260.7683206741061,11.948088556579801,9.962431230459368,4,11377.15085799521,20632993959253.625,22986033569710.484,0.03125,76923.07692307685,rectangular_hollow_section,True
210.99307501105696,110.8252589447462,13.352413803594375,9.926404443594475,4,7782.42180641472,8365327452381.463,2902928567897.122,-0.029296875,76923.07692307697,rectangular_hollow_section,True
298.6509864171281,111.79470920605893,10.166081352731524,9.607844389354028,4,7839.541151076388,16369135846589.867,3352519663811.9424,0.025390625,76923.07692307691,rectangular_hollow_section,True
113.99676189916038,252.64213575462713,7.401627721680165,16.249002573875444,4,5022.558842849027,2255098675185.5854,7817822344129.186,0.00390625,76923.07692307679,rectangular_hollow_section,True
206.01373057255452,271.8476411322933,14.738072221979511,17.48601749861977,4,12918.458120560957,16804817956562.797,26048905749887.57,-0.0859375,76923.07692307691,rectangular_hollow_section,True
257.97074041194526,34.030287642345904,11.841712564314392,11.264649297461263,4,6227.787535788097,7114738397725.277,159803470484.53217,0.00244140625,76923.07692307673,rectangular_hollow_section,True
63.53924803185844,57.11534647591319,9.8421111263816,12.811130234799066,4,1832.2132649849655,165189184875.36572,138074818274.46002,0.00030517578125,76923.07692307692,rectangular_hollow_section,True
173.45120360866815,86.57366894880457,15.203602559620444,10.940419203087073,4,6862.338740456626,4620341072848.227,1413739425891.2778,-0.0126953125,76923.07692307701,rectangular_hollow_section,True
214.2417923193969,238.28330774620133,13.37734297917759,11.322092062390942,4,11263.16395112904,15539252573912.074,18387057585661.04,0.05859375,76923.07692307708,rectangular_hollow_section,True
290.2280858424314,294.84252781649195,14.925789931112966,14.712996153075263,4,16357.69307260971,41301615650213.03,42335696132646.484,-0.4375,76923.07692307673,rectangular_hollow_section,True
221.24570690557243,103.42362341692251,10.562247119677643,15.43024737616248,4,6197.836033631997,7176705076714.748,2117658419227.3184,-0.0029296875,76923.07692307704,rectangular_hollow_section,True
298.6988803042453,29.534150091274505,7.687139552462456,12.739711757653815,4,4673.205992980484,7157082161070.914,110372993595.21649,0.002685546875,76923.07692307686,rectangular_hollow_section,True
97.92205192215678,96.34899870141705,13.835969674072173,13.02763730608655,4,4440.401168889449,1039543650771.2197,1011486066475.988,0.001953125,76923.07692307676,rectangular_hollow_section,True
230.61120685658017,290.23343893217174,19.053063008667564,16.196885758387033,4,18132.9557595614,28696266627016.14,41497796822623.36,0.1875,76923.07692307695,rectangular_hollow_section,True
38.64029835049473,295.2364039900277,18.135905803910212,12.336529742122138,4,10642.478564144234,275519353893.69104,15250651570725.023,-0.01953125,76923.0769230767,rectangular_hollow_section,True
189.2294527697886,88.67648356219802,3.5518580033469,12.280715652884904,4,1849.079046091963,1668433418094.4639,522641034000.82666,-0.0009765625,76923.07692307675,rectangular_hollow_section,True
96.4786783237881,83.79718773856763,5.650600905915521,11.719270753148956,4,1809.1042285107565,463254089827.063,372152456613.9076,-0.0006103515625,76923.07692307692,rectangular_hollow_section,True
294.9753925861183,126.2984161282303,16.391143115058668,9.388939009486856,4,12647.488112328174,25561331001749.305,6265238614608.936,-0.0625,76923.07692307654,rectangular_hollow_section,True
209.60129076936832,143.6589458431583,4.356298662488531,19.056350176203512,4,2854.8518728516146,3490129441792.9824,1977127848089.6206,-0.0009765625,76923.0769230773,rectangular_hollow_section,True
126.96007909651388,28.97632345424808,2.378806666783695,19.599281558864448,4,,,,,,rectangular_hollow_section,False
238.4080153969885,58.39907846397078,4.253069811356408,18.65575883308643,4,2311.7282835302412,2684148475560.254,291555511735.61127,0.00634765625,76923.0769230773,rectangular_hollow_section,True
41.205471000790936,215.1649710043061,9.749091444161659,19.066487866846224,4,4341.861545950127,199185939096.34924,3517884029967.9766,0.00048828125,76923.07692307705,rectangular_hollow_section,True
267.89951068375984,166.345378748989,8.763655650998277,10.217933632578992,4,7201.6474736394875,14023488187575.848,6665105779207.484,-0.0703125,76923.07692307697,rectangular_hollow_section,True
46.94321671404052,44.463708269146096,2.390998139813661,16.53002910382802,4,340.9104212113876,18560595067.26107,17198109021.761086,-0.00023651123046875,76923.07692307685,rectangular_hollow_section,True
69.00914345775149,222.19672620803007,13.111409013367957,15.036712360328517,4,6726.206417670248,918072689478.2942,6734842500964.496,0.0146484375,76923.07692307683,rectangular_hollow_section,True
34.381887103989925,190.63397750340752,4.976671856502816,16.335882597806176,4,2002.7617986634177,77734559653.97693,1320606950720.7388,0.000244140625,76923.076923077,rectangular_hollow_section,True
158.33622377089023,77.56893404771458,14.672386021436951,14.379062038274558,4,5854.710008576403,3169765197930.7,938716800249.0466,-0.00439453125,76923.07692307669,rectangular_hollow_section,True
237.5121654236685,147.4954610375693,16.018410914343466,15.696011157574212,4,11061.698012482297,15591958749376.273,7189599109928.258,0.0703125,76923.07692307678,rectangular_hollow_section,True
176.6684020208521,62.886949461019995,7.075351808618134,17.97483407887686,4,2985.338419476494,1983414897054.916,381822505078.4125,-0.00048828125,76923.0769230769,rectangular_hollow_section,True
108.10340322705765,204.8407929582187,8.440597831760503,9.786741724613904,4,4903.929230333133,1884551051310.2197,5201498316510.826,0.0009765625,76923.07692307691,rectangular_hollow_section,True
27.53387045097366,119.63784454477793,9.165402246482518,17.88953999472758,4,,,,,,rectangular_hollow_section,False
281.48119352391865,135.77040145958435,11.889526847206653,14.096067336276182,4,9162.574393171572,17789027437857.062,5545997051733.995,0.005859375,76923.07692307686,rectangular_hollow_section,True
108.59388356555087,92.85806035057972,16.83992049297733,17.1942249411293,4,5355.021908883375,1418067426835.8335,1084153544490.2173,-0.00146484375,76923.07692307682,rectangular_hollow_section,True
293.6160876947662,192.09014577694703,19.843134751056173,10.494046585017117,4,17590.74347969139,38990772156502.39,19511244572143.98,0.3515625,76923.07692307715,rectangular_hollow_section,True
116.74814947160098,172.62533356859356,6.509369070549383,12.205244159563495,4,3481.2650659264655,1534235351352.2617,2813142881646.256,-0.00537109375,76923.07692307695,rectangular_hollow_section,True
297.77168579838866,184.8769310083333,7.788902308759592,10.795033775613764,4,7168.441927008837,17483166897706.328,8362593013353.145,0.0234375,76923.07692307705,rectangular_hollow_section,True
230.44899184574962,83.57449380556713,10.180387218862727,16.98517161815936,4,5737.009259613549,6663934562230.797,1283387353848.52,0.0078125,76923.0769230769,rectangular_hollow_section,True
26.068181697902425,298.16523568448696,3.548215700611304,16.598338691511273,4,,,,,,rectangular_hollow_section,False
219.15891016954478,80.56451691776508,9.726985726511831,11.677998757691135,4,5319.784785927174,5718747007211.369,1112726612529.6218,0.001953125,76923.07692307682,rectangular_hollow_section,True
177.59216236905374,137.2596497089028,5.526857660089506,13.422480454733265,4,3240.2755541305532,2916408228792.1094,1967131546830.5098,-0.0048828125,76923.07692307685,rectangular_hollow_section,True
89.525640485333,208.2211833100268,12.964457491238504,16.810239518147345,4,6780.149335065154,1617264970655.3052,6507399385062.4375,0.025390625,76923.0769230767,rectangular_hollow_section,True
250.8325220965378,153.362402287559,6.672026455989992,13.494266391192465,4,5079.982441914457,8664600128631.521,4061223045903.0713,-0.01171875,76923.07692307672,rectangular_hollow_section,True
189.9225186937429,73.0244754011316,14.212980186139893,15.092588499925915,4,6439.473094222221,4827841642505.271,944362426106.1504,-0.0048828125,76923.07692307683,rectangular_hollow_section,True
193.2326390136661,95.15999550566428,2.246315427089443,8.531513124655302,4,1242.1749098686591,1221136185299.584,415593260852.5127,-0.001708984375,76923.07692307695,rectangular_hollow_section,True
46.65931615492664,142.00628804210226,2.3440832396552462,16.93115581495199,4,788.6355055444833,62666730658.85597,339313192871.1594,-9.1552734375e-05,76923.07692307698,rectangular_hollow_section,True
273.88419604274037,299.9721713868168,14.122643653667271,16.31085959543737,4,15149.685864382804,34664012857201.33,39958272097967.62,-0.0546875,76923.07692307676,rectangular_hollow_section,True
186.95177623099903,78.85366671220723,17.22804474036524,16.842858758646393,4,7687.712133048431,5509411786449.549,1233799965009.0273,-0.0166015625,76923.07692307679,rectangular_hollow_section,True
232.5456230418261,41.470672107018196,11.223624510808797,10.859660269129487,4,5529.100803387833,5446867732255.979,244479372013.80133,-0.00146484375,76923.07692307676,rectangular_hollow_section,True
263.9861685799628,73.61318102269867,12.745867227267826,19.11419722072329,4,7631.367538107365,10617506916105.484,1239563154378.1357,-0.0048828125,76923.0769230771,rectangular_hollow_section,True
48.995370574208565,22.773334479889584,17.78978195134175,19.842381244965573,4,,,,,,rectangular_hollow_section,False
194.486238472901,181.52359626217014,8.714105170798035,15.249455976878622,4,6059.60087712846,6732660913005.225,6051356800679.064,0.009765625,76923.07692307715,rectangular_hollow_section,True
252.8834643582668,131.72762323437797,19.01641429071193,19.414863304982738,4,12804.573359487982,18899989364619.977,6405634677399.475,0.1015625,76923.0769230767,rectangular_hollow_section,True
183.22639944504158,88.78974432085289,6.880785592912865,19.639792710336177,4,3331.059489543162,2651379737254.159,861133269338.133,-0.00244140625,76923.07692307701,rectangular_hollow_section,True
77.95481031656637,89.3489527610035,5.319984153190583,15.172089676048996,4,1533.7694892183504,266596756341.30505,328511917738.3015,-6.103515625e-05,76923.07692307694,rectangular_hollow_section,True
271.18071588613793,134.21240214655512,18.424128897930053,17.523269914984787,4,13273.171030832626,22667987281044.6,7078544085568.197,0.0859375,76923.07692307715,rectangular_hollow_section,True
73.97588661383321,159.8990951687673,14.018765325299096,19.81190756084661,4,5412.222660916284,786377846286.7415,2868748032674.384,0.00244140625,76923.07692307688,rectangular_hollow_section,True
284.16418439713897,257.936416869612,7.255293289028404,18.17373882564567,4,7444.568255891459,18258864687517.996,15760575904476.215,-0.0234375,76923.07692307678,rectangular_hollow_section,True
66.27732457236395,175.38398671734566,7.132610844066648,16.39787599486084,4,3060.810430352947,436603075272.67773,2061442719672.1006,0.0,76923.07692307683,rectangular_hollow_section,True
164.10925219276677,114.48980000670568,7.951447279241705,11.886091290866993,4,4051.8315532069323,2924036845147.831,1661449416438.4165,-0.001953125,76923.07692307692,rectangular_hollow_section,True
45.0457389086131,129.5746598827463,16.154923688118245,16.220253237574145,4,4334.939849109613,175280592938.51794,1242640685332.1802,-0.000244140625,76923.076923077,rectangular_hollow_section,True
134.9653556231774,31.2395322320927,9.408787581857885,17.027519536437026,4,,,,,,rectangular_hollow_section,False
191.28776037093576,237.85237022466725,19.954918664108526,18.161468351122434,4,15204.278754846948,15753357839126.902,22467151925967.945,-0.10546875,76923.07692307737,rectangular_hollow_section,True
84.36887054957731,200.9330210058704,11.904904302693778,17.38448965150727,4,5953.881822016515,1272720538633.517,5283964284817.947,0.0283203125,76923.07692307685,rectangular_hollow_section,True
247.8453960874648,99.31908422585064,8.78303848759157,19.48347449535754,4,5524.644476280376,7773364864531.393,1829119602434.7993,0.0126953125,76923.0769230769,rectangular_hollow_section,True
171.120819407405,28.873179625240347,17.71748763292519,13.421016057118539,4,3870.3357037822884,1893893468959.6006,63228174438.54355,0.000732421875,76923.07692307688,rectangular_hollow_section,True
233.45003918676596,262.11412225077095,15.165425900850465,13.124808144845051,4,13938.661978940185,22762997890810.164,27348926253071.6,0.09375,76923.07692307704,rectangular_hollow_section,True
80.00751716442582,125.96685091632006,14.986049391786684,17.439987517305557,4,4977.026049228134,796948718517.2925,1719698347075.1099,0.00048828125,76923.07692307686,rectangular_hollow_section,True
265.92321578808696,61.15313720835815,2.0404021468883142,15.167058354833232,4,1260.35106607906,1883101072827.8398,190991574302.63263,-0.0009765625,76923.07692307713,rectangular_hollow_section,True
35.34808337641918,250.3367261918291,8.427571124339961,13.173824674435526,4,4380.139549545676,152435879746.8493,4863216970244.965,-0.00048828125,76923.07692307695,rectangular_hollow_section,True
290.5909130312181,235.511495467181,2.9907645435469705,11.640686669850542,4,3050.4337356491496,7868570243327.482,5736510355526.518,-0.0546875,76923.0769230768,rectangular_hollow_section,True
128.27426409741946,134.43997949616158,10.805698140354515,8.67922870690061,4,5135.240166739173,2389329843364.8364,2577549103655.078,0.0068359375,76923.07692307666,rectangular_hollow_section,True
195.1127070255297,21.005602424886,3.1919929009212646,8.807344006351938,4,1292.903803922479,875511960971.9146,19401472634.85817,-0.00018310546875,76923.07692307723,rectangular_hollow_section,True
68.32845428774077,278.6795825175871,11.977439867232373,12.00362090292653,4,7594.613296137194,1082460317700.187,11887441579670.379,-0.01953125,76923.0769230769,rectangular_hollow_section,True
243.34755751135455,49.1209735547224,2.3593526028462906,12.894199228403476,4,1302.5292209066733,1576971108409.9556,125702626080.18845,-0.005126953125,76923.0769230765,rectangular_hollow_section,True
139.25471740394568,280.31648918383337,17.793085242039783,13.127451349461337,4,13492.226979189309,7919409761033.098,25149321643456.375,0.14453125,76923.07692307676,rectangular_hollow_section,True
52.608556887250856,67.43111837989798,16.99030791358878,12.85848261600389,4,2758.9992620918524,142036978965.94855,226048183436.33252,0.00048828125,76923.0769230769,rectangular_hollow_section,True
96.18529935310774,50.73576758168927,6.599496386338071,18.96569158109611,4,1558.2220168587023,303338668650.5963,111893725734.19583,0.0001220703125,76923.07692307692,rectangular_hollow_section,True
200.39890798778254,167.4239511332345,9.195134554002454,13.066220898361841,4,6270.4185463670265,7183273535376.629,5427780602770.028,0.015625,76923.07692307656,rectangular_hollow_section,True
161.0208316750592,117.07995664610524,3.4395970723035694,17.988507331373583,4,1753.8703962659615,1273344956066.3345,791091996815.0752,0.002685546875,76923.07692307686,rectangular_hollow_section,True
195.09483544774582,104.57558230498202,13.012065896978932,19.694564627108587,4,6778.186924144992,6008112778480.348,2189289063049.17,-0.0263671875,76923.07692307691,rectangular_hollow_section,True
95.6099761229444,192.39944536306746,2.064757505145268,9.842563996925822,4,1135.9045427012259,383638859685.5781,1106907025895.0044,-0.0009765625,76923.0769230769,rectangular_hollow_section,True
64.26718508795003,100.46035265959524,17.644802424715667,16.755440020567946,4,4287.068734218811,373131990011.96765,832042011864.9202,0.001953125,76923.07692307701,rectangular_hollow_section,True
221.71907480408342,69.10946941647477,3.360607799051687,19.70631182526278,4,1788.3899230307902,1919036247596.021,319695646205.4028,-0.00244140625,76923.07692307762,rectangular_hollow_section,True
245.637453165653,114.35458849172466,12.808905124878295,14.615119852986798,4,8355.596295935566,11895745182682.047,3437965718825.7764,0.08203125,76923.07692307679,rectangular_hollow_section,True
202.4808076833966,40.52725450230422,8.697962930410629,14.108079586703736,4,3754.9634494189963,2830501767674.414,175454362489.39178,-0.00048828125,76923.07692307685,rectangular_hollow_section,True
177.90291143618788,138.29033156708152,8.552423939491783,17.128968829764766,4,4896.017050054155,4247906369560.2,2874007331869.9834,0.0087890625,76923.07692307682,rectangular_hollow_section,True
205.6643098921114,186.46965532251903,12.819943441343373,17.111411558649017,4,9122.483004677693,10854844748496.707,9300599379802.232,0.0390625,76923.07692307695,rectangular_hollow_section,True
206.26328812743793,166.5560363843196,18.300875495188496,12.362528620296107,4,12153.319790730666,13475630500024.723,9480699701703.15,-0.07421875,76923.0769230774,rectangular_hollow_section,True
79.88742280576406,298.5444800983013,13.096711402229005,11.012623700699365,4,9105.053556475448,1800362682190.4067,16828837076431.352,0.01171875,76923.07692307702,rectangular_hollow_section,True
34.59328515417864,206.8202405081744,19.737607531069592,19.73326949365279,4,,,,,,rectangular_hollow_section,False
191.40803776000874,153.91645919039374,8.049118994005031,11.908763769013387,4,5173.040871961891,5391451251250.627,3841828812347.7705,-0.0478515625,76923.07692307695,rectangular_hollow_section,True
140.28993710137513,81.6282151869375,5.792447764110671,15.634867475349917,4,2289.112950476754,1126306300623.2412,487835987627.77344,0.0009765625,76923.076923077,rectangular_hollow_section,True
74.23760644712388,60.704428233391766,4.540825738271747,16.41187862678961,4,1014.5922715842541,141238589389.74347,104313270007.85135,-0.000244140625,76923.07692307694,rectangular_hollow_section,True
258.7736608558095,213.13659040536442,18.290857119223823,11.801137041355203,4,15785.7973057379,28831068124027.39,21078103724948.89,0.296875,76923.07692307707,rectangular_hollow_section,True
79.30329111090076,232.78226062470495,4.299235252922806,16.826149042140514,4,2483.328994353498,574960640551.2407,3053460146400.0293,-0.0009765625,76923.07692307753,rectangular_hollow_section,True
230.97350489501204,92.80230637422397,14.489731036870106,9.143773584797247,4,8459.431025617818,10077393024757.703,2168810491532.27,-0.01171875,76923.07692307733,rectangular_hollow_section,True
286.2793031608903,247.29699064022049,12.70244521898775,8.674907358821756,4,12834.784808468334,30745461401952.727,24436099726947.82,-0.0703125,76923.07692307682,rectangular_hollow_section,True
70.45742489370625,155.19541019135244,10.2706783387936,12.664142348702239,4,4058.616205173588,592905097662.2203,2185100225632.332,0.00146484375,76923.07692307688,rectangular_hollow_section,True
146.6542367190478,221.8406805748596,4.0566372491989116,8.070253383372448,4,2874.8553169842253,2138641918467.1035,4023661452975.157,0.015625,76923.07692307694,rectangular_hollow_section,True
238.70249995108523,229.00344265194718,6.173821199405812,13.085474304669628,4,5499.142765121914,9689465792587.107,9096265661391.236,0.0078125,76923.07692307723,rectangular_hollow_section,True
127.93018308243552,289.2504764342238,11.790250627349733,18.536230264984503,4,8983.205434581128,4841764331432.086,17794833501907.555,0.01171875,76923.0769230765,rectangular_hollow_section,True
91.12703275200933,166.08327351101943,13.821491160765685,8.658949500801217,4,6270.948070858568,1475967776240.7202,4052186487468.117,0.0185546875,76923.076923077,rectangular_hollow_section,True
223.13645217405906,32.553899183660604,14.76329046195889,12.684875856072143,4,6516.936794288103,5282796182430.541,122384652993.7121,0.0078125,76923.07692307702,rectangular_hollow_section,True
63.709075778206326,122.7453749770204,16.66736903434537,9.408385001572615,4,5015.687807220954,471703865834.46277,1539953035456.5493,-0.001220703125,76923.07692307695,rectangular_hollow_section,True
153.24282488475492,52.235294137473815,11.278414997479867,10.031830238358198,4,4025.4868011158183,1918099960370.5059,295710145176.98615,-0.00341796875,76923.07692307673,rectangular_hollow_section,True
217.34592089505765,299.4185530060185,8.781495936055835,18.776940188695058,4,8514.80699437853,13202991019645.047,21578350355241.477,0.0859375,76923.07692307688,rectangular_hollow_section,True
191.82426894231986,196.83605027420398,17.14616959757824,10.853774008794714,4,12034.302560561095,12360265346977.434,12890310954583.96,-0.07421875,76923.07692307695,rectangular_hollow_section,True
215.45041051969554,153.80112292613393,6.0635261420692474,12.650812595521213,4,4214.216538486462,5524917342288.568,3294704486972.168,0.0009765625,76923.07692307688,rectangular_hollow_section,True
239.20753750451667,51.294446124514316,4.10493918653209,14.861497695111023,4,2212.423287034357,2550887149579.4023,216697067762.92688,-0.005859375,76923.07692307702,rectangular_hollow_section,True
268.99771163121943,190.34232048586867,10.618146473285147,19.360754101912903,4,9005.29373476621,17846195026885.008,10437615318269.691,0.0234375,76923.07692307688,rectangular_hollow_section,True
105.97973530237127,287.30988860185204,13.583798181813824,10.319524488307746,4,9840.162878391162,3523091305476.082,18342259727480.67,0.017578125,76923.07692307711,rectangular_hollow_section,True
251.12709750759527,291.26686767937724,3.7857188667994306,15.940671153826484,4,3943.013333404225,8233814963692.346,10287287675554.893,0.025390625,76923.07692307739,rectangular_hollow_section,True
217.93440305166223,185.75460431293138,2.482203934695303,8.255750448106676,4,1944.6079633344964,2857292073502.914,2246261855661.0312,-0.00927734375,76923.07692307666,rectangular_hollow_section,True
244.89418297085996,171.58740606503116,2.948452821156403,10.899515642364952,4,2365.5990948991607,4137076452161.908,2419199073503.981,0.0390625,76923.07692307697,rectangular_hollow_section,True
163.7822316621007,150.32639069999013,4.974898507143751,11.67368232792175,4,2934.9174178991934,2370809969548.0996,2080324493175.335,0.00244140625,76923.0769230771,rectangular_hollow_section,True
91.32140372514219,44.2832561077102,4.826481957163469,17.464379242431942,4,1070.5190811192506,188062527435.91418,61998947654.98361,-0.000335693359375,76923.07692307691,rectangular_hollow_section,True
226.2211270609523,296.498119804797,8.307872763666584,16.64019246686935,4,8201.818535033495,13740436734565.492,20797125162634.39,0.015625,76923.07692307704,rectangular_hollow_section,True
283.4568868815943,131.4656901360483,10.889182904751056,9.88275103387051,4,8464.369679581556,16765869055948.79,4900333231581.385,0.00390625,76923.0769230767,rectangular_hollow_section,True
34.94140928741116,236.1176533033084,4.832153841665235,17.654284260842218,4,,,,,,rectangular_hollow_section,False
80.88525988824921,257.71893776556965,4.850246193880176,17.011947903529524,4,3049.0285062416037,736655178733.057,4508096169529.699,0.0126953125,76923.0769230769,rectangular_hollow_section,True
298.7361128985141,91.99136803228542,19.268643383181082,16.401522750687572,4,13303.444560274278,24043126573039.79,3118049033175.9365,-0.0703125,76923.0769230772,rectangular_hollow_section,True
44.37235259679816,91.7663858848345,8.665888627124602,9.46893074419965,4,1970.1200154505575,101957088638.59225,351691521112.3091,0.0001220703125,76923.07692307704,rectangular_hollow_section,True
97.62797126902421,33.37413376314188,16.449324994658205,11.559041050167423,4,3093.859800197873,458745693474.23,55185698178.164,-0.000732421875,76923.07692307676,rectangular_hollow_section,True
177.31524865753346,145.42323301267584,7.079819410909527,9.557849625479781,4,4284.15310706926,3882209405420.076,2853082772426.6104,0.013671875,76923.07692307686,rectangular_hollow_section,True
293.27817438266,175.88383788157043,6.711939870799362,18.02942297705882,4,5920.799215619067,13765759019467.559,6299039886670.895,-0.044921875,76923.07692307695,rectangular_hollow_section,True
267.8087925443948,191.53378826973258,16.39846955338136,10.0765666830174,4,13887.854241214307,26624660113786.117,15519044409475.652,0.0390625,76923.076923077,rectangular_hollow_section,True
83.88127501141271,152.96832698784485,4.111039536700856,15.524132857343396,4,1769.0535700256507,421326746051.1992,1050945318041.6284,-0.004638671875,76923.07692307678,rectangular_hollow_section,True
30.929188251826645,43.39246807740031,18.73715824235921,16.52749814921982,4,,,,,,rectangular_hollow_section,False
158.11800858651645,173.07478418480883,16.892648668370402,18.82965568275554,4,9697.196726475377,6549779221371.033,7588837703575.105,0.0078125,76923.07692307698,rectangular_hollow_section,True
110.9564270594075,145.7278659492248,19.396108835754376,11.733054732209776,4,8314.852242025516,2571609067433.949,4117235687157.824,0.0068359375,76923.07692307673,rectangular_hollow_section,True
199.41627544562834,44.01183011693642,10.44273997543793,13.767520221964942,4,4469.419096053714,3288788838444.592,233293931318.1584,0.001953125,76923.07692307697,rectangular_hollow_section,True
157.41603699620865,188.09236272758955,3.261282607175059,11.056001080712946,4,2149.579688513858,1755804493713.6494,2296635835978.5063,-0.01025390625,76923.07692307726,rectangular_hollow_section,True
196.66986001911775,148.2994878920175,2.119302719768025,17.433212222768386,4,1374.8221143194162,1555806137408.7715,1023388048041.022,-0.003662109375,76923.07692307713,rectangular_hollow_section,True
149.15144251165285,244.91755420020343,10.54487938671286,16.021706001275398,4,7639.342722192292,5476082524699.702,11937976862929.922,0.017578125,76923.07692307733,rectangular_hollow_section,True
177.5589274503862,168.57249182691805,4.579582339967309,19.613132502451478,4,2927.7170363551977,2788982425202.841,2580045262903.0967,-0.00146484375,76923.0769230767,rectangular_hollow_section,True
178.60142684851795,290.7472883334834,17.01019789057416,12.093058360427682,4,14663.79966025031,14457066573097.152,31794562909954.953,-0.09375,76923.07692307697,rectangular_hollow_section,True
243.2452730472509,147.05183132120692,6.013756141422844,13.803909450999225,4,4419.780737492143,7079621572480.637,3269407028807.8643,0.041015625,76923.07692307686,rectangular_hollow_section,True
189.23803946220275,63.58274124119187,8.222274939114705,17.86256895534781,4,3660.964616867287,2738770748903.961,468582655432.9691,-0.0029296875,76923.07692307695,rectangular_hollow_section,True
110.72534416101493,68.02914448881165,3.008792232172541,15.245876561040093,4,956.768391803064,301416900726.0928,145423699568.5863,0.00030517578125,76923.07692307682,rectangular_hollow_section,True
70.65601163450968,185.5496311593847,16.084264391716992,11.716999168190748,4,7069.656281095602,915970309010.9133,4985973557597.023,0.0048828125,76923.07692307701,rectangular_hollow_section,True
41.52041151456065,257.30056928311393,8.912706820149188,19.584460153539748,4,4739.197455373756,234995163135.1701,5498451312462.664,-0.00634765625,76923.07692307682,rectangular_hollow_section,True
265.73927865842484,130.38315530644206,13.666241185364669,18.41584214564095,4,9763.36031779782,16449910173473.055,5228985588789.18,0.0078125,76923.07692307688,rectangular_hollow_section,True
245.31239085265568,263.1202682277737,11.41007687166752,15.43874177194111,4,10859.627424857077,19992434867379.812,22290848673794.492,0.234375,76923.07692307683,rectangular_hollow_section,True
98.4095202255968,213.53709741534112,18.758599968799803,13.72192518498444,4,10107.53210195294,2649949488784.6523,10032199680805.996,-0.0234375,76923.07692307766,rectangular_hollow_section,True
237.39866794014182,20.214586308854805,2.0642513584590145,17.416333354579734,4,,,,,,rectangular_hollow_section,False
270.41972819090944,47.02107225521456,13.436236177507677,12.232130421181052,4,7658.6643492307185,10122782446277.402,422546848094.4922,-0.0068359375,76923.07692307683,rectangular_hollow_section,True
163.2309958665343,187.41444094369837,18.682194626083252,18.11141924510199,4,11377.531499214125,8206336211784.119,10297472833391.582,-0.04296875,76923.07692307649,rectangular_hollow_section,True
154.27718744524952,57.35434024466479,5.855499532370363,8.059665799478408,4,2281.1692598857117,1237191415000.4502,250353441747.35706,-0.00146484375,76923.07692307702,rectangular_hollow_section,True
297.50859410054534,186.40903018151394,2.6457452883041404,17.34538479528846,4,2447.8627041594273,6109358157020.088,3032383580862.0815,-0.0361328125,76923.07692307697,rectangular_hollow_section,True
138.27480823869027,200.02172158763423,10.431650067098268,15.134855277616136,4,6415.761038611925,3798594392932.6826,6798692628350.873,-0.001953125,76923.07692307679,rectangular_hollow_section,True
161.69297266194775,236.29138434050105,2.1849461828072467,18.434838530520196,4,1644.2685736778687,1495306833065.8135,2628970458737.9326,-0.00390625,76923.07692307686,rectangular_hollow_section,True
115.67574764564097,218.79157000212095,13.51703769396769,9.524405821463372,4,8220.45914175781,3362316149298.6533,9567065723891.82,-0.001953125,76923.07692307682,rectangular_hollow_section,True
55.217105990487994,181.98749567658507,11.891651010538066,13.824966265263123,4,4888.471242849812,406132009430.1638,3183242413521.213,-0.001953125,76923.07692307694,rectangular_hollow_section,True
105.09901871432928,88.808835451122,14.372667966008095,16.803740636328833,4,4471.196484953215,1141090317966.4287,859738532388.3948,0.00244140625,76923.07692307675,rectangular_hollow_section,True
56.36640950698438,34.85755920531473,7.258228300848733,19.9859075098325,4,,,,,,rectangular_hollow_section,False
70.364910825399,193.85959913198738,18.165925253652635,18.13000180603295,4,7951.06506936592,958986387496.4133,5763295627067.266,-0.013671875,76923.07692307698,rectangular_hollow_section,True
107.64387193014467,189.79318209920285,9.546855023730522,10.60045220882103,4,5203.34758362803,1911404833239.4048,4734686312578.551,0.0,76923.07692307685,rectangular_hollow_section,True
276.3358158357423,129.45416153718804,3.0410094206772094,10.06424223677615,4,2379.068162216819,4743708826515.223,1490350864978.692,0.03173828125,76923.07692307627,rectangular_hollow_section,True
22.30276516688761,29.002358594454098,3.9472005638259806,13.987634334615258,4,,,,,,rectangular_hollow_section,False
260.7364026185554,291.8155498207812,11.073592636340065,8.449842309232666,4,11675.57281290179,24933429369584.484,29711393025806.977,-0.1328125,76923.07692307663,rectangular_hollow_section,True
77.06121067777941,177.3549949832334,7.341566512981066,8.773431146547274,4,3445.1097384687164,674597508953.9783,2577071910067.4473,0.00146484375,76923.07692307686,rectangular_hollow_section,True
101.1839093096102,247.24152731591334,7.996212093538029,18.290062799828565,4,5087.846713844901,1776596253012.1592,7249208414329.588,0.0283203125,76923.0769230769,rectangular_hollow_section,True
195.6551963114001,125.17994122082146,3.9435532130538378,9.49265515121531,4,2408.936457674887,2573082721924.467,1301280366152.5837,-0.001953125,76923.07692307673,rectangular_hollow_section,True
51.55733700682367,190.77447486906925,15.674283731582978,19.414896689683044,4,6251.076442901252,379397874272.6378,3998045310984.8223,-0.0009765625,76923.07692307713,rectangular_hollow_section,True
131.47826917628447,180.3913019004298,6.5596556915913276,17.45986745516388,4,3733.365327664894,2055504581759.0132,3335561878243.5576,-0.0068359375,76923.07692307711,rectangular_hollow_section,True
235.72802579909333,133.44112594197128,12.807777159750055,15.164632029592239,4,8575.904536696286,11874692966332.582,4765320758495.43,-0.033203125,76923.07692307705,rectangular_hollow_section,True
69.69269449517273,145.6704532073639,14.01628531086054,13.392088121242832,4,5072.00960737874,644008071168.3127,2286231449646.632,-0.01025390625,76923.07692307676,rectangular_hollow_section,True
43.440831549589475,110.63907659637539,11.961134545292355,18.738778276097637,4,2808.460708938909,119272614063.02573,602449046140.0728,0.0001220703125,76923.07692307701,rectangular_hollow_section,True
286.36284544234195,266.73674235974886,18.19589186085096,18.605696955139237,4,18457.914634437802,43099273655295.5,38508078707507.766,0.125,76923.07692307742,rectangular_hollow_section,True
119.25978592294975,44.648410674059136,14.299886854264663,16.91804054383784,4,3590.424908367875,888572838291.7402,151047471732.1836,-0.0032958984375,76923.07692307688,rectangular_hollow_section,True
252.1739724896738,299.40391818313583,18.79921092603712,16.90011381908537,4,19039.203044928945,36062092520030.445,47416957483333.44,0.40625,76923.07692307663,rectangular_hollow_section,True
246.39585055922228,249.82167176400088,7.79209393143373,19.33329708941014,4,7249.703171372874,13567466438029.004,13855691441004.5,0.07421875,76923.0769230769,rectangular_hollow_section,True
49.072414972942106,43.616910010445764,9.495547554567835,16.600767764585406,4,1174.5087567760047,52725323650.53586,43463216759.899826,-4.57763671875e-05,76923.07692307704,rectangular_hollow_section,True
246.639106838713,291.44393837179786,19.779422163107096,16.199990943793,4,19458.60154905324,34849094302713.53,45547873464417.484,0.09375,76923.07692307667,rectangular_hollow_section,True
291.5326696702657,177.73449634188864,8.850215638523515,11.45531854313013,4,7868.488193398753,18119749768936.555,8388835611956.031,-0.0078125,76923.07692307711,rectangular_hollow_section,True
103.26039873918903,269.3005014572718,19.93815178511214,13.371061024396298,4,13087.446695287237,3884176018951.3047,20237477350438.32,0.04296875,76923.07692307694,rectangular_hollow_section,True
42.825868765186165,214.66742323993898,6.764252139457826,15.870303264628085,4,3131.5323160418106,183267299759.3308,2708046374325.046,0.0029296875,76923.07692307678,rectangular_hollow_section,True
53.39910420856618,140.587709308149,16.112747653396166,19.427407448110074,4,4846.40141019416,302155721582.7329,1704565925158.8848,0.00146484375,76923.07692307673,rectangular_hollow_section,True
156.5396208956309,20.824570628730857,16.287067690128488,15.935868863047743,4,,,,,,rectangular_hollow_section,False
173.04503988346062,96.63809050405574,16.96483553662769,13.491731270413872,4,7817.010516242038,5279592403056.289,1957019822194.1265,-0.005859375,76923.07692307672,rectangular_hollow_section,True
277.33914931991046,238.9174726171816,13.815538645577968,10.603466868618787,4,13388.816680911132,29697005525915.992,23475835569337.023,-0.1328125,76923.07692307702,rectangular_hollow_section,True
256.69974206318784,126.00298878264428,8.592574869992218,11.672957519042765,4,6154.70518392395,10200360569963.027,3321801296833.08,-0.01953125,76923.07692307676,rectangular_hollow_section,True
49.92262606341234,42.61143757764857,14.00462678464197,8.68220858164974,4,1731.9110209550204,77883356456.4589,57637263049.75339,0.0001220703125,76923.07692307692,rectangular_hollow_section,True
64.66553316626134,93.48930867670974,17.614483356514114,19.897418155007394,4,3939.85610518155,335574960464.93274,644129326492.856,0.003173828125,76923.07692307683,rectangular_hollow_section,True
267.5239546006758,160.7549714917671,4.600844728929676,17.482137923827615,4,3716.521158354681,7258354140470.184,3356376215612.911,-0.0283203125,76923.07692307727,rectangular_hollow_section,True
180.34387364657633,119.29767977701447,5.998774435028578,11.254297958899908,4,3351.9843067721913,2974340305977.9814,1570033959639.1309,0.0048828125,76923.07692307683,rectangular_hollow_section,True
146.05065634553472,216.3137220611124,19.40016819322729,18.5163541053081,4,12211.538303591251,7258905460781.098,13901726710105.793,-0.05859375,76923.0769230769,rectangular_hollow_section,True
28.398891557072552,193.59885636960036,11.504366995153326,19.47417874442283,4,,,,,,rectangular_hollow_section,False
166.40778966586691,202.3683447889234,10.948397638973045,9.600587621170208,4,7503.374593432784,6344209929401.477,8647973587599.271,-0.017578125,76923.07692307697,rectangular_hollow_section,True
201.51783250457592,72.55691036753997,7.444129585386245,18.19385479705346,4,3643.3757826567794,3223371747780.617,634259647400.6401,0.00341796875,76923.07692307707,rectangular_hollow_section,True
162.72076101020298,261.6230358610151,4.6594012859199765,11.304307793639074,4,3783.9033920579554,3498785494556.919,7219075567301.275,-0.00390625,76923.07692307717,rectangular_hollow_section,True
287.4952018567026,151.09578485515289,10.014750572856938,12.179718143672345,4,8239.91930522217,17471744587891.898,6339426090192.984,0.07421875,76923.07692307702,rectangular_hollow_section,True
188.03740950733865,243.2594526841735,8.382382100584875,9.42747969938647,4,6861.747732133056,7841945604910.506,11695299897338.191,-0.060546875,76923.07692307718,rectangular_hollow_section,True
272.34329499408403,293.69459397550924,3.3199040483147515,12.204372256766089,4,3644.2829797848212,8873894104823.574,9940221655318.629,0.001953125,76923.07692307713,rectangular_hollow_section,True
292.2856996105243,68.9324216010636,17.889899905499707,9.011252320883099,4,11562.915322150286,19025877767190.42,1422865855944.314,0.029296875,76923.07692307662,rectangular_hollow_section,True
62.62661759656283,144.26414280965395,6.875278391210706,14.712953418629823,4,2500.743488434194,309179634872.6512,1168421098859.9375,-0.00048828125,76923.07692307697,rectangular_hollow_section,True
25.79949279475029,27.65399686867488,5.516729714188779,15.979978033080156,4,,,,,,rectangular_hollow_section,False
37.85273293171265,298.4159597739593,2.466375122038639,8.716704847312597,4,1597.4831293286782,92660105931.5667,2731907545951.6074,0.004150390625,76923.07692307733,rectangular_hollow_section,True
260.89995053533545,264.3235327711427,17.91476695748559,18.367351248024214,4,17197.602348176657,33745935782815.453,34452434742250.25,-0.0703125,76923.07692307656,rectangular_hollow_section,True
83.08090875673159,84.48202216674451,16.409872467837847,9.339381632851829,4,4335.01294665592,671167478543.5808,691483195983.315,-0.001708984375,76923.07692307694,rectangular_hollow_section,True
69.46833828632933,168.05216263795083,18.242708212168992,10.86487843116578,4,7216.803190558328,835866885103.456,4086621639032.4062,-0.00341796875,76923.07692307705,rectangular_hollow_section,True
96.15013493553263,21.183878131965397,11.801088341703418,12.559277938286133,4,,,,,,rectangular_hollow_section,False
225.70678070145823,95.47636339669185,10.410492990632877,18.492097327538122,4,5977.1909485415645,6923492943362.52,1740701174842.2925,0.015625,76923.07692307717,rectangular_hollow_section,True
185.69162183595424,245.98038812383487,12.132865717804117,17.51783684112326,4,9608.134646255065,10260050671237.777,15942956640020.934,0.01953125,76923.076923077,rectangular_hollow_section,True
48.06828548527231,74.4957510132133,16.39190287751869,11.787418993154382,4,2804.394398815446,122800439891.63013,279716641249.2977,-0.0003662109375,76923.0769230771,rectangular_hollow_section,True
215.9511296005865,140.39815127735721,16.963605581575706,17.782526744782107,4,10623.334017316598,12184421182345.633,6024220527475.225,0.0234375,76923.07692307698,rectangular_hollow_section,True
202.54597450994603,187.69129509251925,2.542556076826955,10.537957803539626,4,1911.4198109512993,2464857136801.2104,2198507083965.0728,-0.01123046875,76923.0769230772,rectangular_hollow_section,True
32.14486435630571,255.91955207137818,18.19342147375693,18.929548027748638,4,,,,,,rectangular_hollow_section,False
196.09577761074314,98.278869235058,13.914751483597033,11.498298550966524,4,7285.608002893673,6517379606864.693,2064906227237.458,0.0048828125,76923.07692307695,rectangular_hollow_section,True
278.04944876379545,44.999296792499734,17.541764745955597,13.947655207838153,4,9908.299064642837,13035747371334.5,403788697791.8092,0.0,76923.07692307714,rectangular_hollow_section,True
169.1570012006256,169.6403521141439,9.417729281430372,18.042197859522226,4,5775.489564946242,4807638896569.129,4828966219570.149,0.0029296875,76923.076923077,rectangular_hollow_section,True
76.0212688073498,262.5124814905637,12.016800552555244,14.22005832695599,4,7361.215419195903,1315763477380.9988,10522276906711.414,-0.00390625,76923.07692307691,rectangular_hollow_section,True
98.23622852998682,111.98740935703584,7.462328617859406,16.79043105616227,4,2719.8652647537456,746037487891.5986,914466487519.833,0.00146484375,76923.07692307698,rectangular_hollow_section,True
73.89040466590694,122.62021804953137,6.238577319529469,8.210400186272967,4,2232.6914541503047,383480001391.2742,857690957645.8794,-0.0023193359375,76923.07692307747,rectangular_hollow_section,True
198.29492503864657,219.2872005443195,12.067589647935865,19.651566366970542,4,9167.245234251774,10709838663011.195,12531547482667.984,-0.0859375,76923.07692307676,rectangular_hollow_section,True
175.36359993953317,52.74508767245656,9.91160855017129,8.34668148364177,4,4059.2210090100625,2573798408056.8477,328081894870.1959,0.000244140625,76923.07692307683,rectangular_hollow_section,True
122.86987174250233,138.14833381677624,12.735621187783861,12.674896430817657,4,5839.020790549311,2426236867297.7734,2936858271449.5195,0.0107421875,76923.076923077,rectangular_hollow_section,True
190.38051399362726,69.66754021664403,6.5675794371746266,13.759186758417329,4,3105.6441039729843,2524040416237.618,508642545651.36926,-0.00390625,76923.0769230769,rectangular_hollow_section,True
163.85310200304772,95.0104871858607,4.462709836250495,16.055548521873558,4,2107.4163255632607,1466203144930.229,639990105847.5508,0.0068359375,76923.0769230771,rectangular_hollow_section,True
138.43412162377496,121.14848521713765,17.091852814445303,13.169990435778686,4,7531.521040028669,3563091365144.718,2845299816476.7754,-0.0029296875,76923.0769230768,rectangular_hollow_section,True
26.916121819488424,84.74451351716833,6.030715885105562,10.503838131492985,4,1110.9872053225727,21006092454.494736,147853859890.76013,-9.1552734375e-05,76923.07692307701,rectangular_hollow_section,True
198.21525447331362,277.5310129544947,11.456923835602707,12.79541102274598,4,10214.202091595515,12862249145734.691,21794103707653.75,-0.0234375,76923.07692307713,rectangular_hollow_section,True
296.1438677006629,284.6414770404342,11.806669983602015,14.668345534530202,4,12949.720795172945,34283285157946.83,32241950699059.305,-0.0546875,76923.07692307711,rectangular_hollow_section,True
242.75537545501857,214.29064375143432,8.717197791882985,12.830904947537492,4,7516.65341424931,13142128604979.117,10840621050365.496,0.015625,76923.07692307676,rectangular_hollow_section,True
192.86942956751068,128.42968232372158,14.366007168147902,13.8721557443119,4,8213.605336282484,7675573241461.053,3955757033505.664,-0.03125,76923.07692307713,rectangular_hollow_section,True
64.98643648508789,211.8926326171157,4.565812712456532,19.053974343514756,4,2291.8222533035973,348268571878.5614,2200354220639.4873,0.002685546875,76923.07692307682,rectangular_hollow_section,True
130.18735303825758,170.5964212871743,15.955117568089715,9.292935490716491,4,8493.45920739126,4011464912101.451,6284439047586.887,0.0,76923.07692307663,rectangular_hollow_section,True
133.9286043599112,115.57840020353693,17.37833919378349,19.29175078063161,4,7095.497516238853,3025658612838.3105,2363861222095.2715,-0.001953125,76923.07692307686,rectangular_hollow_section,True
146.95594918450269,195.89835234522,12.056272429689775,18.929055760866746,4,7374.600904990543,4747208791686.03,7475638252865.072,0.0078125,76923.07692307692,rectangular_hollow_section,True
49.80432734440741,77.16016221999126,10.702742659989868,17.369118954130453,4,2002.2959953979023,112421892365.52466,233449851439.79907,0.0003662109375,76923.07692307685,rectangular_hollow_section,True
226.14400046345858,156.99225490629777,8.093195069736524,15.064911230634998,4,5761.246956085942,8100731403994.801,4606235212034.725,0.013671875,76923.07692307704,rectangular_hollow_section,True
132.21095875079416,281.57002569529703,5.60243145254497,17.65764119241662,4,4344.346040121949,2718663526432.279,8678643078620.871,0.0107421875,76923.07692307707,rectangular_hollow_section,True
29.30571669580598,154.80504042686215,15.406958884564279,15.026485905436108,4,,,,,,rectangular_hollow_section,False
285.0415034284841,105.89381765460939,4.039714320226054,9.873168656884097,4,3029.8065927375183,5983935980051.492,1286703319217.6309,0.00390625,76923.07692307615,rectangular_hollow_section,True
283.7724770496464,274.9482974604201,6.3982696930791345,8.51998571825732,4,6917.852498873464,17513183982372.035,16688336251140.898,-0.15625,76923.07692307678,rectangular_hollow_section,True
211.02074329707168,262.7448990201008,6.441624260671359,13.51778651073619,4,5805.003938422557,8468939348949.098,11833129528979.05,0.064453125,76923.07692307718,rectangular_hollow_section,True
271.3675813993468,281.78214819005655,2.008368472122065,17.544459951340087,4,2139.2848423277737,5136461060613.402,5432483393957.258,0.0322265625,76923.07692307679,rectangular_hollow_section,True
124.99333551697431,151.22034163794152,4.546136569119722,15.412267440877075,4,2309.2755788426657,1141681919782.1367,1522817112633.2432,0.003173828125,76923.07692307726,rectangular_hollow_section,True
141.83911320130085,227.51190650630525,3.7840602909209826,11.967484408681042,4,2661.7643522512576,1870829740192.4395,3832987215752.9863,0.01806640625,76923.07692307742,rectangular_hollow_section,True
166.33757721373766,132.4100554576489,9.590221580481456,10.416957833718477,4,5254.393070397805,4002119572402.6074,2787667236261.748,-0.0048828125,76923.07692307698,rectangular_hollow_section,True
189.80166988405574,41.382867857244094,16.53520989089237,19.64599903579645,4,6175.428776608654,3566120457717.666,201850754035.0545,-0.009765625,76923.07692307685,rectangular_hollow_section,True
216.58165673300743,78.83584287391054,16.073347914952976,18.86656088425709,4,8115.141369006967,7713260208003.668,1369166281786.9614,0.0126953125,76923.07692307695,rectangular_hollow_section,True
211.1307812581231,194.8828428328462,4.566244724601398,11.399908072559061,4,3541.2538253936887,4869613825699.1,4312754052561.668,-0.0185546875,76923.07692307715,rectangular_hollow_section,True
126.88691947927343,297.43433733171497,19.86078837374698,17.971422846439122,4,14953.933669578233,7056414960738.203,29434399573462.89,-0.03125,76923.07692307683,rectangular_hollow_section,True
75.68033403174253,148.30126402648744,13.878687756028352,9.634445805892334,4,5353.846883788844,826799856057.9348,2619204815731.8438,0.0009765625,76923.0769230769,rectangular_hollow_section,True
137.36581141449912,283.2573392419892,10.753715021252935,12.391184753425595,4,8433.093287499863,5321420915020.363,16822344712964.535,0.02734375,76923.07692307659,rectangular_hollow_section,True
104.4382075989239,40.69978902596491,13.957655345662678,17.209752762774542,4,2986.7082453617236,542822097328.2356,98507085380.21191,0.00341796875,76923.07692307705,rectangular_hollow_section,True
258.1955242795261,144.11588723145047,8.303959580025516,15.794920985992265,4,6212.367394545464,10754382790386.11,4343813379048.9375,-0.001953125,76923.07692307691,rectangular_hollow_section,True
119.52832720110291,49.71904192704886,2.4359539699428225,13.086457357630334,4,742.999970723602,246658681904.72815,65166004342.43915,0.000152587890625,76923.07692307691,rectangular_hollow_section,True
52.51602293346542,123.26248934266346,9.612988052041395,14.482154872962749,4,2823.8512952427163,212655207445.32318,884710268111.5154,0.0,76923.0769230768,rectangular_hollow_section,True
177.2643570963314,152.60991969681595,13.154704967906742,13.835354887131185,4,7795.658763719937,6648553761835.262,5228252492420.248,0.044921875,76923.07692307707,rectangular_hollow_section,True
49.125469479233644,293.2402814488912,6.238048061710719,17.133838858214524,4,3940.884866527876,329850865751.8284,6385145646708.773,0.0126953125,76923.07692307673,rectangular_hollow_section,True
123.33488636616605,273.29829981082116,2.295471142091305,12.806772725561277,4,1746.3173480075466,1006074627710.0388,3362658037392.8135,-0.0185546875,76923.07692307729,rectangular_hollow_section,True
146.1553378730265,169.10759160544833,10.297248664076351,8.953646773509,4,5988.3804480658055,3819042880967.126,4816523803360.212,-0.0205078125,76923.07692307667,rectangular_hollow_section,True
297.5014164643776,253.37122175459274,19.639606249088697,13.732875848834166,4,19906.39500247828,48957176541085.78,37844706830649.98,0.203125,76923.0769230771,rectangular_hollow_section,True
121.26353847976733,89.21882124295114,10.953762783522333,17.59414351426769,4,3865.748770815124,1374216244937.8042,837871519791.8877,-0.009033203125,76923.076923077,rectangular_hollow_section,True
153.38649485946277,291.1265721358004,17.689648908092188,9.34125843427871,4,14387.606357308541,10408896847318.938,29820573724452.86,0.01953125,76923.07692307675,rectangular_hollow_section,True
49.176404908074744,117.51946848446424,12.028626727529183,8.092367504211769,4,3366.0070204924473,201506629678.3294,946191608545.1094,-0.0030517578125,76923.07692307688,rectangular_hollow_section,True
210.51076490946727,142.59639661284808,3.249062339657579,16.228117147304193,4,2157.4128139363793,2698344621858.5205,1503984352008.4485,-0.0185546875,76923.07692307672,rectangular_hollow_section,True
53.7047723642149,253.46411448170556,7.973474165087589,17.614757108923637,4,4426.77587492098,413966053532.9934,5463786102328.67,-0.00830078125,76923.076923077,rectangular_hollow_section,True
187.50489028046746,204.87907992846237,8.677297292841898,13.071561078396492,4,6356.926616854241,6861272555075.908,7871054316267.746,-0.029296875,76923.07692307694,rectangular_hollow_section,True
55.29386290080153,292.1573745712065,7.504854538049626,15.541191157725574,4,4812.904709700346,497504405636.6052,7951210563253.457,0.00830078125,76923.07692307695,rectangular_hollow_section,True
66.65507782731825,79.68116301706208,18.062987999010375,18.295753550704447,4,3646.772964388991,315841874054.78577,435182081072.16016,0.0023193359375,76923.07692307683,rectangular_hollow_section,True
100.61567153503111,96.10017443449219,4.116005812981384,12.93621216221544,4,1462.0515705593116,432312307907.729,403224047354.4791,-0.0013427734375,76923.07692307717,rectangular_hollow_section,True
216.13666067130384,292.4604639319552,5.869628683661745,8.397782408778731,4,5768.611190334969,9116969266017.988,14481347300804.781,0.02734375,76923.07692307672,rectangular_hollow_section,True
186.01428984349482,58.879972194701416,8.672736896113722,9.841195792374803,4,3851.4577045419073,2837307585353.089,417290656969.806,-0.0009765625,76923.07692307692,rectangular_hollow_section,True
180.10533959862246,147.55087616583236,11.944935830727072,19.59756257631167,4,6931.437212864535,6018459117250.609,4394450417237.342,0.013671875,76923.07692307708,rectangular_hollow_section,True
31.210590428948258,125.37450946429016,17.065963745089512,17.723851958784962,4,,,,,,rectangular_hollow_section,False
158.6614227815804,131.6870893012233,3.1178618625100016,16.645642663541953,4,1677.572288662657,1241768130615.4316,940402262851.0356,0.0009765625,76923.07692307698,rectangular_hollow_section,True
282.8097412513825,157.02097711943145,2.208697149419181,15.47287122275844,4,1859.9209053654556,4062478816634.7754,1678987792001.0088,-0.0185546875,76923.07692307647,rectangular_hollow_section,True
58.19440528077541,102.98302734598964,17.186508481476352,10.572332057298985,4,4246.876125459699,306975865143.53845,877498905690.9365,0.0009765625,76923.07692307714,rectangular_hollow_section,True
107.99502967675495,228.47889246914556,7.189757714254014,9.300813144897294,4,4549.5129207038435,1824274121008.6582,5948717600920.252,0.013671875,76923.07692307675,rectangular_hollow_section,True
214.94328534466402,22.66578099431821,3.8970039156391305,8.030036416713205,4,1743.7808385558471,1440473009887.7925,29331416124.012306,-0.00201416015625,76923.07692307745,rectangular_hollow_section,True
243.88267775466431,89.93726705940665,19.06669955112894,17.385593929179443,4,10973.274180526289,13385183738174.902,2379156277771.38,0.048828125,76923.07692307702,rectangular_hollow_section,True
237.41391698475155,237.43827418145042,4.432175632468612,16.72594812023688,4,4002.0593995343975,7115373456624.996,7116471403363.693,-0.056640625,76923.07692307734,rectangular_hollow_section,True
54.9736429352039,266.7044653354095,7.713823864068379,16.03406161596852,4,4536.8594461722705,454708742991.324,6274233827878.25,0.00732421875,76923.076923077,rectangular_hollow_section,True
139.35287991667113,178.80091784612029,13.331894753731232,14.961183248554406,4,7551.045800451008,4241822536167.418,6336040660822.354,-0.001953125,76923.07692307704,rectangular_hollow_section,True
197.68146152241164,52.09550217197594,4.826700598728804,13.724862136737752,4,2208.814523829749,1794719345034.454,212301587101.30347,0.0029296875,76923.07692307683,rectangular_hollow_section,True
163.98361087149078,178.42750538628732,6.089548442189367,12.840095075724973,4,3902.6295965704967,3265222941446.963,3715705806726.8975,0.01171875,76923.0769230768,rectangular_hollow_section,True
196.4455932695014,109.10434953161051,14.754961907328488,12.945022479982965,4,7978.346323079431,7310883133168.488,2760496723440.84,-0.0087890625,76923.07692307669,rectangular_hollow_section,True
111.41103560131742,267.2868586440351,6.72414955476165,12.343711605069226,4,4791.198066467062,2112625364749.061,8332595946694.672,0.0205078125,76923.07692307683,rectangular_hollow_section,True
136.41951986050043,96.58031046971129,6.852782438263414,8.986996179032484,4,2929.3405501949564,1467134265459.4995,851278552270.0886,-0.00341796875,76923.0769230768,rectangular_hollow_section,True
221.36382650265713,75.12943605517731,16.6198353214167,16.410442851049993,4,8481.16005622985,8320618333700.809,1272745341378.2993,-0.0126953125,76923.07692307705,rectangular_hollow_section,True
119.1471160855027,68.39365051039658,16.853431218053338,18.8506009348159,4,4833.901776797279,1352957370504.2368,512698771591.626,-0.000244140625,76923.07692307673,rectangular_hollow_section,True
284.98259302304666,145.0180303178942,10.937613765632806,11.583521846679202,4,8794.075113501303,18036733211464.938,6166749175506.914,0.015625,76923.07692307688,rectangular_hollow_section,True
249.41763428087845,193.1055371251081,11.012383405563366,15.761104517521785,4,9035.517242239257,15742196716095.86,10561167026376.057,0.01171875,76923.07692307666,rectangular_hollow_section,True
184.15601357347322,232.8454182183259,19.146433223421823,19.073494723252423,4,14138.038314072372,13616559658309.617,19934696075562.47,-0.02734375,76923.07692307691,rectangular_hollow_section,True
181.73715142672864,272.19878242232653,7.3259559943411485,14.17561054629753,4,6282.3206594534395,6964096425985.684,12959014835806.098,-0.068359375,76923.0769230769,rectangular_hollow_section,True
58.61692813664539,66.87441389877739,10.703910516634794,9.740114988641963,4,2133.3315501346324,171598293213.00482,215506649895.58203,0.00030517578125,76923.07692307708,rectangular_hollow_section,True
252.88978187110968,285.2446277923612,3.514066770923405,8.70396516822045,4,3683.8618692202404,7820329236853.201,9379691734471.63,-0.056640625,76923.07692307707,rectangular_hollow_section,True
275.8178438971735,28.29342482131462,8.208815826147987,16.567982785111962,4,,,,,,rectangular_hollow_section,False
247.27336254240225,225.22502678720568,6.158252754253873,12.827030453624557,4,5547.772592743579,10369096216964.445,8993966615585.168,0.013671875,76923.07692307672,rectangular_hollow_section,True
118.60709917568347,182.31496495448306,7.069809360828044,18.23404635505883,4,3847.154175325382,1734485677194.7798,3361736677936.2773,-0.0029296875,76923.07692307702,rectangular_hollow_section,True
104.18948511808051,86.41024397062483,14.5035324660224,17.55848608246184,4,4388.361209824985,1083028695008.7222,790569149913.2141,-0.005615234375,76923.0769230768,rectangular_hollow_section,True
184.71860492028657,107.67420222211774,5.269104947040681,12.512583565418447,4,2866.146140428081,2582098855789.9746,1124588074025.754,-0.00146484375,76923.07692307686,rectangular_hollow_section,True
41.51535197391462,220.9648716505167,8.152313829931831,16.727743856564626,4,3807.52201675821,194256946242.92474,3376578618551.0293,0.00634765625,76923.07692307683,rectangular_hollow_section,True
205.36419992264402,80.19729960784218,16.311207575697665,12.607492578991689,4,8092.534949499159,7173887987899.168,1411624958844.9814,-0.02734375,76923.07692307708,rectangular_hollow_section,True
193.09508317828806,134.35760575299108,13.471056085773265,13.118025425407385,4,7924.3070767351,7610222496564.457,4232385420166.74,0.0234375,76923.07692307686,rectangular_hollow_section,True
171.9496445249421,284.27736692571455,19.20735334672327,17.724122192307593,4,15735.992632673186,13910700309960.027,31567219013700.28,0.1328125,76923.07692307715,rectangular_hollow_section,True
153.88589679452608,263.2607219965705,4.021221869711402,18.64170897649349,4,3156.442641091065,2634702770308.279,5922004061402.871,0.052734375,76923.07692307554,rectangular_hollow_section,True
101.51103278142152,154.18776058107886,7.471867912073714,8.296412672323445,4,3529.629389012859,1150054130356.1587,2229525317918.3555,0.00244140625,76923.07692307698,rectangular_hollow_section,True
106.72005586539942,167.20026221324207,10.546354911725624,13.874494101255383,4,5151.394300183069,1765659551845.0977,3626196058078.8457,-0.00390625,76923.07692307697,rectangular_hollow_section,True
39.58950312125989,228.1392402237756,18.43402801781388,11.995056519290813,4,8367.50337524585,227493770425.23645,7161770698197.0,-0.01611328125,76923.07692307698,rectangular_hollow_section,True
172.90879781667226,107.33851984354303,8.118899167117887,8.607490902729422,4,4213.083155377374,3303998908336.6465,1550348676617.2217,-0.00537109375,76923.07692307691,rectangular_hollow_section,True
95.79471068021441,42.46103263498496,9.370508400755844,11.253780350025671,4,2116.7266386893925,390489662499.8187,96378986404.81485,-0.00091552734375,76923.07692307691,rectangular_hollow_section,True
220.4459691054583,266.6143532169051,11.11342024860127,19.114863298465504,4,10030.424750248128,15186644844942.172,20384986598286.508,0.00390625,76923.07692307663,rectangular_hollow_section,True
28.477212893916175,28.262837279461422,3.7332152859305188,11.247811436145298,4,297.8539529767647,5053684963.066273,4996978839.052092,-3.814697265625e-06,76923.07692307692,rectangular_hollow_section,True
272.75769436374424,256.3116855384792,8.303126570698176,17.7804024901828,4,8283.7684547628,18721250253094.11,17025255170148.238,-0.03515625,76923.07692307692,rectangular_hollow_section,True
148.5369392530658,136.9136873092528,2.0126901747742405,16.586108979162876,4,1070.129180551045,723023542501.8655,640994521876.4113,-0.0008544921875,76923.0769230769,rectangular_hollow_section,True
230.06499275361796,97.75257720148265,9.58049743489911,16.949455896997282,4,5681.18454535076,6960815402732.672,1774869861965.8735,0.0068359375,76923.07692307686,rectangular_hollow_section,True
253.99616096920647,78.53243816305086,2.8566361544406,12.869748960150133,4,1801.8169466207,2661022874173.866,432234624684.6466,-0.0009765625,76923.07692307667,rectangular_hollow_section,True
222.73977356818534,49.6232713943265,5.113792252241539,15.032183521117934,4,2553.4205174060053,2525562634049.5537,222365349108.41968,0.00244140625,76923.07692307711,rectangular_hollow_section,True
263.3293991717976,253.62292581290774,13.68133514637712,8.22523580060945,4,13328.82579610373,27411830241034.68,25835526680850.594,0.1171875,76923.07692307701,rectangular_hollow_section,True
221.5001981438821,145.60185592427672,18.871760014797097,16.233006632740512,4,12167.63992206373,14616024085434.379,7302016585936.174,-0.1015625,76923.07692307682,rectangular_hollow_section,True
255.31502861032664,231.38464782252828,5.668045582326139,8.277910123923693,4,5327.0525358621235,10722736467725.498,9226706437790.8,-0.05078125,76923.07692307737,rectangular_hollow_section,True
90.72284869373742,202.693325654742,19.90253812561039,8.053161902135116,4,10030.15568129503,2139693550587.5908,8795891157344.4375,0.01171875,76923.07692307711,rectangular_hollow_section,True
197.0404675551841,196.45696118973987,5.75664423597354,12.72550261346731,4,4284.520168991829,5150126396300.054,5126897966117.594,-0.0703125,76923.07692307704,rectangular_hollow_section,True
239.46707893357745,63.169674826905194,5.399321378457952,8.188020828299136,4,3092.1886631175544,3855149905889.0605,447856272301.50256,0.015625,76923.07692307698,rectangular_hollow_section,True
180.93850486985784,241.0287753263727,17.40234290409208,17.566366289665503,4,13166.522133405684,12611078842383.168,20031307913161.117,-0.12890625,76923.07692307663,rectangular_hollow_section,True
273.213078387786,70.89303895687091,14.45842634137556,13.946142632079983,4,8919.78663909893,13206080578117.887,1280983754204.812,0.01953125,76923.07692307665,rectangular_hollow_section,True
69.71698426993348,258.4888402276464,13.233246871893583,8.89556317610528,4,7906.851065429633,1130015447718.5615,10808914882835.918,-0.0263671875,76923.07692307697,rectangular_hollow_section,True
30.95056534902274,229.4819238985011,7.769786903460037,8.946391272147485,4,3726.8780153271437,97475496918.86209,3519047916662.41,-0.00146484375,76923.07692307683,rectangular_hollow_section,True
62.839801747544385,294.00343307557955,6.413342916626148,12.223023509598907,4,4296.942280208853,609076133344.0822,7596858905619.918,-0.001953125,76923.07692307698,rectangular_hollow_section,True
21.567396965226738,234.89130682049245,19.724848247451153,10.627417368471948,4,1458.1066415505613,19016730178.657074,2135467103037.9897,0.00030517578125,76923.07692307701,rectangular_hollow_section,True
128.96504998855443,181.15506303065172,9.467126961952946,19.3926413472814,4,5235.828292550183,2659285801476.115,4516214108049.994,-0.0029296875,76923.07692307707,rectangular_hollow_section,True
271.3172404998911,132.25094253309675,15.065355434767211,19.844585385012756,4,10880.969971420955,18859729671964.742,5893030928726.246,0.01171875,76923.07692307694,rectangular_hollow_section,True
78.77740358085154,256.0255507765445,18.378942984423958,13.127779287604072,4,10783.168048379663,1769579505905.0615,14114326745893.312,0.02734375,76923.07692307679,rectangular_hollow_section,True
65.59189141068268,155.264477493454,4.480079898761565,12.849443032040895,4,1803.561947107804,267787700817.4906,1023348313901.7019,-0.0015869140625,76923.07692307697,rectangular_hollow_section,True
23.419311749864278,139.90473336323083,6.281905157873332,12.002628975355895,4,,,,,,rectangular_hollow_section,False
274.51954945695405,269.3442798644349,5.060538926820703,12.634248846292898,4,5299.788779456433,12635654201134.484,12276866544737.5,-0.05859375,76923.07692307685,rectangular_hollow_section,True
166.00228145002015,149.54636252093454,8.11308550646851,17.978150800611985,4,4630.963241280332,3637782322995.215,3097074780854.2334,0.0078125,76923.07692307702,rectangular_hollow_section,True
269.62393522460223,98.44833031915334,9.483274559281679,10.540253358179545,4,6511.350981476234,10913945634242.547,2142010126240.454,-0.0224609375,76923.07692307718,rectangular_hollow_section,True
61.03526707343534,192.21381925093087,17.838653714498292,8.42347882820609,4,7691.420247954427,674327363962.1633,5477419243120.625,-0.0205078125,76923.07692307711,rectangular_hollow_section,True
179.65050319045594,76.74516796534336,17.40361698010157,13.176036265272241,4,7539.2726446791385,5031550770338.615,1132161608939.8433,-0.017578125,76923.07692307683,rectangular_hollow_section,True
108.297541037474,232.99948318877912,14.082390118121618,13.142643840046947,4,8646.571749754185,3085855443313.5,10909622985184.508,-0.015625,76923.07692307667,rectangular_hollow_section,True
74.73281915238736,92.96898159726157,12.131875995212274,19.382751719744796,4,3157.229375627589,424026498131.0167,606971697555.5945,0.002685546875,76923.07692307683,rectangular_hollow_section,True
97.83098605236411,247.19269950723898,15.810994186828365,10.51136386209648,4,9799.89605445668,2767211523985.207,13249959666831.184,0.021484375,76923.0769230771,rectangular_hollow_section,True
209.1806632879605,111.0261985642281,19.68592798397488,16.174909972544114,4,10795.367689812647,10558938258643.691,3590446396086.4043,-0.041015625,76923.07692307669,rectangular_hollow_section,True
209.72571323828961,46.69556665762724,4.659893016595107,15.676576761994799,4,2178.5453130536894,1894056689868.9717,168573209927.65314,0.002197265625,76923.0769230772,rectangular_hollow_section,True
287.01300795880235,33.47951343325355,7.564276272611398,16.59857232811202,4,4425.820750004001,6265402801622.246,142799258044.24432,0.0068359375,76923.07692307688,rectangular_hollow_section,True
234.44805401095573,59.17137528965733,16.073406228978484,9.05657694229166,4,8323.489590620266,8762523142732.859,730624118508.5569,0.013671875,76923.0769230767,rectangular_hollow_section,True
91.72184842246892,112.87074497895598,8.750657740598324,19.513910561111263,4,3009.3983845533226,699446186390.1392,967682315159.5022,-0.001708984375,76923.07692307675,rectangular_hollow_section,True
74.96534418216059,33.599524896534675,14.526207012197878,14.318228818347562,4,2105.0170878391314,180836144312.2738,39680217904.397125,-0.000274658203125,76923.07692307683,rectangular_hollow_section,True
151.8250137247336,162.85765544359342,13.844867348438694,16.102399119169082,4,7692.567407695648,4924428543102.807,5513075529411.117,-0.0390625,76923.07692307653,rectangular_hollow_section,True
94.89995624402977,265.7747027674619,2.624545422813659,19.947710933453198,4,1767.841987985927,611134791685.4923,2920284687337.7383,0.00927734375,76923.07692307702,rectangular_hollow_section,True
292.71986998019463,261.8475507128944,9.519560270821419,15.041912399446161,4,10000.225104444251,25694267205893.65,21647402352803.285,0.203125,76923.07692307667,rectangular_hollow_section,True
274.80169979739856,202.08434879484636,8.09879184675535,19.24641677215053,4,7215.884949742071,15406324788017.145,9627243789799.734,0.03125,76923.07692307701,rectangular_hollow_section,True
153.73151441587444,254.52840811846932,10.739190231036499,8.555726851565211,4,8234.24065437656,6345656994383.527,14120072115048.414,-0.0703125,76923.07692307697,rectangular_hollow_section,True
76.88419570429011,231.4967005890239,14.556355257373884,8.260923526096331,4,8062.010991046261,1367612100271.5615,9120567078704.25,0.0048828125,76923.07692307688,rectangular_hollow_section,True
117.94868976557443,141.7263531761885,12.92581028727946,14.369502052938584,4,5840.3160531464255,2240779505294.5903,3021696916387.2275,-0.00390625,76923.07692307685,rectangular_hollow_section,True
98.43667423032196,265.7305384783572,11.908184740156107,15.489762045066982,4,7878.816403040794,2452914820413.659,12414053291358.371,-0.04296875,76923.07692307686,rectangular_hollow_section,True
201.460358343247,136.6523271447719,10.56340503310413,9.905765564396765,4,6598.776192290488,7140964313403.654,3848827495127.6367,0.005859375,76923.07692307711,rectangular_hollow_section,True
91.88355554716259,249.20245857890492,18.526462347247776,17.33684543367174,4,10964.748957751983,2533656981333.4316,14102270531975.031,-0.017578125,76923.07692307679,rectangular_hollow_section,True
267.1999656015214,159.10239526616104,15.07495214774942,11.62324385476064,4,11808.858854370555,21495812531820.117,9304546577029.215,-0.01953125,76923.07692307694,rectangular_hollow_section,True
135.9134286441087,193.50883066320517,16.31737430359036,13.700392916136364,4,9497.885035393247,4986483550570.694,8919407619646.395,0.0390625,76923.07692307707,rectangular_hollow_section,True
80.52387311984305,262.55821130507337,15.192770207144818,16.192951249564242,4,9240.242167390488,1727439007384.5977,12985038599645.078,0.07421875,76923.07692307683,rectangular_hollow_section,True
271.0123847330757,47.3904132530944,5.438412105294598,16.55163604937399,4,3194.4530474675457,4462271002110.213,253933128610.41742,-0.007568359375,76923.0769230769,rectangular_hollow_section,True
216.19540450745328,112.75444346547374,13.060205592977542,17.116040309207378,4,7633.520367466028,8469972637983.559,2950902047117.995,-0.015625,76923.07692307679,rectangular_hollow_section,True
40.20280371741963,170.90840702954313,16.322100034246624,14.358571613795942,4,5619.744223425488,172349704144.35382,2734707176595.9814,0.0029296875,76923.07692307688,rectangular_hollow_section,True
153.1428654920394,105.30846234149122,13.048278891235928,8.433527444051066,4,5992.535297520869,3517541259860.997,1891952578770.2983,-0.0029296875,76923.0769230769,rectangular_hollow_section,True
142.59810989018774,121.55367101423201,14.442406590987142,15.216772729123987,4,6564.691881178445,3391693232279.699,2609179250892.4707,0.01171875,76923.07692307708,rectangular_hollow_section,True
261.0156654924691,127.09831283461152,4.797357856619014,18.75648402768303,4,3474.8362271434844,6011064398761.553,2007258641840.17,-0.0068359375,76923.07692307673,rectangular_hollow_section,True
34.06056030931407,154.1051689253305,13.264538703198179,16.359698160440697,4,4030.011536227312,90850650752.05905,1538155973005.5332,0.001953125,76923.07692307707,rectangular_hollow_section,True
260.0588412209398,131.78194943144325,4.716170850242996,14.72381401065855,4,3490.369382272886,6136467023347.086,2169560392620.2246,-0.0361328125,76923.07692307733,rectangular_hollow_section,True
115.42108064573493,173.6010223611274,16.450958696942898,15.753340197115786,4,8178.67746257883,2986700654719.451,5891645891249.17,-0.0341796875,76923.07692307678,rectangular_hollow_section,True
32.20795146453202,203.67017248884792,10.545335417944793,13.878895604269253,4,4348.500353701782,102716827376.60178,3051923684520.2656,0.00244140625,76923.0769230767,rectangular_hollow_section,True
137.08786398714847,163.36017362271625,11.442398805449546,13.419365431809709,4,6175.807600051013,3375961053610.4834,4466452131940.487,-0.01171875,76923.07692307688,rectangular_hollow_section,True
106.82408022410524,164.5702262653409,18.658459768964573,14.420668088493652,4,8527.091346399982,2527414287955.7207,5289842515488.361,-0.0380859375,76923.07692307691,rectangular_hollow_section,True
238.95595706086712,191.1669600969674,10.155017786868054,12.666108995430065,4,8169.189465521894,13287616896645.555,9381856616538.678,-0.04296875,76923.07692307691,rectangular_hollow_section,True
244.61696650326925,84.93108147145982,14.617329728659422,12.95892881827005,4,8611.62580766299,10967421221315.297,1825319762984.5908,-0.029296875,76923.076923077,rectangular_hollow_section,True
118.13186577863745,65.02829390600746,9.833945307399139,19.153720742254933,4,2935.541260314752,885080540998.4321,337453755716.48,-0.00244140625,76923.07692307686,rectangular_hollow_section,True
49.560033356514786,193.28799128339278,10.021003324861978,14.75304302954337,4,4270.219615292907,298759878571.2988,3062077774143.621,-0.00146484375,76923.0769230768,rectangular_hollow_section,True
217.19117956055408,290.64337015618725,13.295457516914093,8.736658727113895,4,12720.379394709864,18983342646544.066,30075646439794.625,-0.0546875,76923.0769230768,rectangular_hollow_section,True
242.51685934401806,82.98393886816629,19.702294901834378,11.148740673708849,4,11149.209318112717,13291820610920.254,1992109576101.4014,-0.048828125,76923.07692307694,rectangular_hollow_section,True
223.9181854960136,189.0698252144684,10.917997512861676,19.85016869479641,4,8226.947953605606,11627338295675.664,8941500265375.404,-0.0234375,76923.07692307713,rectangular_hollow_section,True
140.57824180884052,73.80916096517605,5.28533128503325,19.234322465431273,4,1979.093181073448,929946325960.4265,347437498008.25256,-0.0006103515625,76923.07692307714,rectangular_hollow_section,True
31.8403656633591,40.13747721548429,12.248293356056026,19.395837599951093,4,,,,,,rectangular_hollow_section,False
254.49338422343303,120.22738319811582,16.46944862372017,16.42827795899035,4,10988.029586005016,16386011600731.195,4744743471805.91,0.013671875,76923.07692307694,rectangular_hollow_section,True
154.26718060427226,198.44477545720858,10.32875034662451,13.84302884279366,4,6680.135847772008,4876990771436.398,7245798193406.426,0.005859375,76923.0769230769,rectangular_hollow_section,True
191.2837826413073,180.92270203461848,13.896950595858272,14.920656323171047,4,9350.991302845696,9575976759862.172,8761467346915.344,-0.025390625,76923.07692307698,rectangular_hollow_section,True
275.91605843004436,260.03845368662616,18.10732651619119,14.524175796377259,4,17886.95392062495,38897431958043.7,35389714378538.44,0.3515625,76923.07692307685,rectangular_hollow_section,True
207.84217887238364,145.10331306718058,16.52017846018642,9.128816995314395,4,10486.444541960307,11565116817111.082,6400675264971.609,-0.033203125,76923.0769230769,rectangular_hollow_section,True
157.6843075365877,174.40742475507068,11.88152801231618,18.25592332986412,4,7034.185787172597,5031178660629.658,5898468347429.373,-0.001953125,76923.07692307707,rectangular_hollow_section,True
160.1352263080915,141.02726487765977,11.396445688426757,18.454054255966795,4,6054.105771272948,4201486661883.756,3437500015978.884,0.01171875,76923.07692307727,rectangular_hollow_section,True
85.49645174935411,20.094123669733527,19.234327049283763,12.320765931853984,4,,,,,,rectangular_hollow_section,False
143.42752954557457,235.87067352528297,19.503221849412167,12.175876915011457,4,13125.319374469695,7722907988756.594,17698949668250.977,-0.046875,76923.076923077,rectangular_hollow_section,True
234.4218632472402,44.151943689467146,13.247403086822512,15.859368453031731,4,6434.08706100867,6201979699772.07,300043820324.9075,-0.00927734375,76923.076923077,rectangular_hollow_section,True
143.00313148763433,35.17896834933677,14.61153012056584,17.451640125255665,4,4056.5454693476786,1297239625185.5269,91705959752.48419,0.0010986328125,76923.07692307683,rectangular_hollow_section,True
123.36437574594315,173.44771102000294,8.736713636941698,12.042203730901226,4,4746.915345483507,2246416797743.176,3841068083449.5234,0.0126953125,76923.07692307711,rectangular_hollow_section,True
162.62985381506297,114.85545270251686,7.23667553605337,16.018374647015968,4,3627.194280266902,2564750080237.464,1497190738471.253,-0.00439453125,76923.07692307683,rectangular_hollow_section,True
25.370730226394954,37.9865676469807,18.15933447261615,14.868684499396734,4,,,,,,rectangular_hollow_section,False
199.71486531901058,270.167136563692,4.4153458132487104,8.662308861542659,4,4014.403045186238,5463032345274.326,8650400525499.883,-0.0625,76923.07692307605,rectangular_hollow_section,True
229.48257202371838,202.79831647151235,7.233028718434858,13.87049844329403,4,5895.798621348995,9266063504571.871,7667177025459.959,0.025390625,76923.0769230769,rectangular_hollow_section,True
56.78097439716501,273.38559594468626,4.308852652753362,9.455162591354657,4,2708.0977665583764,331640611609.08203,4205514001872.5273,-0.0048828125,76923.07692307672,rectangular_hollow_section,True
28.673030659673607,90.4795955898651,3.9110330280845207,18.823942134943376,4,,,,,,rectangular_hollow_section,False
99.57481906292813,64.98761236527872,2.921031072194156,10.007331185490136,4,877.3232327759097,233073254003.66388,121904944390.18588,-0.000732421875,76923.07692307686,rectangular_hollow_section,True
231.96954394245003,24.818198948658562,10.325865362867077,15.056881263025396,4,,,,,,rectangular_hollow_section,False
22.555980822383738,210.3582730010899,6.674589932256898,14.44526728588132,4,,,,,,rectangular_hollow_section,False
283.44878497543647,231.51781452317107,5.962972531969735,15.158105413823685,4,5854.017518694425,14035981790416.293,10323712881814.809,-0.0625,76923.07692307691,rectangular_hollow_section,True
185.09178051218757,21.277418298300653,17.958785270132132,14.051980075277655,4,,,,,,rectangular_hollow_section,False
252.33889172605956,48.974746266490804,16.3283653460794,13.566952297752232,4,8589.394075647748,9675821900675.23,461300724913.2827,0.005859375,76923.07692307694,rectangular_hollow_section,True
135.86712801070945,24.14664841954821,2.853405574894423,13.733014209319157,4,,,,,,rectangular_hollow_section,False
255.52178655349124,250.87948743061906,7.208262374329802,9.469970007729595,4,7008.145302787829,14253743061876.828,13858440478876.395,-0.01171875,76923.07692307676,rectangular_hollow_section,True
180.12836307593147,165.3446513443326,13.117485005674014,11.75229834764254,4,8237.084005097295,7445527546258.33,6489935062033.885,-0.01953125,76923.0769230767,rectangular_hollow_section,True
184.9708165624904,61.33395825303364,8.243928557595048,15.155922320067766,4,3607.26217809704,2597124986297.676,428274660924.92615,-0.005126953125,76923.07692307692,rectangular_hollow_section,True
220.86353424582393,31.845225152287146,18.517970328483138,15.154520525108941,4,5849.592743412662,4657124197954.465,111108480403.3153,-0.00927734375,76923.07692307676,rectangular_hollow_section,True
120.73446216356706,77.87229975899032,16.37184646357506,13.469571179455249,4,5249.540051381911,1653227180794.956,769032385852.6396,0.0048828125,76923.07692307679,rectangular_hollow_section,True
66.82961184787371,249.54524011858706,4.836052195221031,10.983435818823212,4,2883.6154544201513,477477303565.7842,3906773156566.4336,-0.0048828125,76923.07692307701,rectangular_hollow_section,True
266.0499726505554,192.3884301647977,4.316628603723284,17.845222423501742,4,3747.8544026622862,7664525226696.977,4705009568278.308,-0.05859375,76923.07692307713,rectangular_hollow_section,True
243.47511455617524,241.67393970831256,19.119357736629414,16.994547014553007,4,16800.462658865545,28024643123591.36,27692086978116.21,-0.1328125,76923.0769230772,rectangular_hollow_section,True
76.3755912014406,37.253242283479864,6.3234365794385266,9.782632506302377,4,1193.3721812853792,148159676606.41553,45171110716.50316,0.00042724609375,76923.07692307697,rectangular_hollow_section,True
185.97321163150679,194.2507640598523,12.171742900513348,13.946996180452427,4,8472.004474258074,8558387976742.811,9168201705133.045,-0.080078125,76923.07692307694,rectangular_hollow_section,True
50.39783864746666,129.6380780924163,5.485854139548037,8.641903030069786,4,1790.2013322862601,148072042445.54688,680040320939.5515,0.0009765625,76923.07692307692,rectangular_hollow_section,True
57.79210850679901,242.40628144882186,18.30305851088502,10.567684751997868,4,9537.413628033288,731627720303.2705,10327667206629.07,0.01953125,76923.07692307704,rectangular_hollow_section,True
70.536402879745,163.17749085581494,11.254871260784324,19.571660795151715,4,4440.270145191794,628898013910.3645,2491146102891.617,0.00634765625,76923.07692307686,rectangular_hollow_section,True
232.97748035271326,192.92696171032227,4.441127417738874,14.997513068798089,4,3590.609218768689,5835651212858.361,4389993222634.001,-0.052734375,76923.07692307614,rectangular_hollow_section,True
127.53385856980657,163.75876589345654,12.288798595193406,14.460387322326918,4,6350.827501023949,2980221416499.417,4455407060129.568,-0.0185546875,76923.07692307695,rectangular_hollow_section,True
171.63819747761573,220.3890517236679,13.944095052725352,9.78400953530885,4,10059.452462297491,8909320097398.676,13308849841607.125,-0.00390625,76923.07692307697,rectangular_hollow_section,True
268.37079695484476,104.67199199666408,3.020798609443501,13.855028933195396,4,2142.6920992685127,3774880489335.2334,893462214088.7305,0.01513671875,76923.07692307715,rectangular_hollow_section,True
240.11914746960784,42.29567873918649,9.967671212524191,9.521225214147394,4,5141.96465920029,5529876770037.68,255279080579.6416,0.01220703125,76923.07692307705,rectangular_hollow_section,True
83.89717566155207,228.4512287673752,15.786240245850637,19.543936898060714,4,8496.947195702254,1673259569451.6885,9126805579347.547,-0.0126953125,76923.07692307688,rectangular_hollow_section,True
274.7398086247771,186.13117938234174,17.284784541605994,18.493324395950367,4,14396.513873126938,28134462336861.086,15055886726926.844,-0.1328125,76923.07692307746,rectangular_hollow_section,True
200.19914397196317,193.74483871456167,6.5929790485050646,17.98352592033212,4,4826.996710849689,5847482262072.633,5563286552029.189,-0.017578125,76923.07692307692,rectangular_hollow_section,True
192.86843317836025,195.79772354910105,3.1609054791451268,14.485189099756358,4,2335.527371188086,2759243832796.549,2822272901219.9395,0.0029296875,76923.07692307796,rectangular_hollow_section,True
39.63321958304785,64.1798941379625,15.962650665958908,19.804308424855876,4,1917.5877747638265,47367373259.829285,111322803289.24072,0.00042724609375,76923.07692307695,rectangular_hollow_section,True
155.3522385537903,192.08124623526885,18.188980073385316,13.862393678579858,4,11123.399520369901,7420189821236.092,10534009377710.742,0.009765625,76923.07692307672,rectangular_hollow_section,True
139.71580146594482,210.7946190337049,5.025436906413342,18.08091304597851,4,3265.4419827759184,2136669318905.6694,3983096458474.2314,0.0048828125,76923.07692307697,rectangular_hollow_section,True
163.7730900394017,176.08919716171386,19.8098006044421,15.92885120536458,4,11641.767184173797,8229623120932.393,9284401358776.098,-0.107421875,76923.07692307691,rectangular_hollow_section,True
46.42129100337262,90.15922709189655,14.102867022857579,15.131573234453526,4,2828.8840640837498,126173079856.0716,416111431958.6636,0.0015869140625,76923.0769230769,rectangular_hollow_section,True
22.667402763561533,76.64814975272762,16.41761591035643,15.203269922342194,4,,,,,,rectangular_hollow_section,False
120.15074270178222,185.3801349559252,12.12856300806147,16.350204236189164,4,6573.3859146913055,2830146682053.6865,5673572493528.217,-0.0322265625,76923.07692307691,rectangular_hollow_section,True
217.64191942387538,243.1330894503584,11.071507300027164,16.3826382762459,4,9472.45192862021,13717027967497.102,16293896741873.207,-0.05859375,76923.07692307679,rectangular_hollow_section,True
71.29993675022922,219.81960667681645,12.604155912135633,8.851631039340196,4,6624.821871762072,992719859706.4368,6778207905284.82,0.0185546875,76923.07692307679,rectangular_hollow_section,True
46.56863831567946,271.6217684299645,15.317473959671148,10.360118364554832,4,8701.914452538658,431586764350.1824,11455748491289.945,-0.01953125,76923.0769230767,rectangular_hollow_section,True
95.75458922160479,47.1010990704252,6.196082843476526,12.074028767187832,4,1505.4936658368763,306250873956.6138,97859720423.53049,-0.00067138671875,76923.07692307686,rectangular_hollow_section,True
270.46058708895976,228.76373526194058,16.3930078522406,16.005533099525437,4,15036.476557081467,30693013016854.234,23523186558827.055,-0.3515625,76923.07692307692,rectangular_hollow_section,True
129.10404863235237,64.01617229020675,8.31685864788362,10.891751949200872,4,2823.626422836788,1085489241973.3994,345224926753.98865,-0.001953125,76923.07692307697,rectangular_hollow_section,True
276.94029535050737,33.506399414405344,6.349797574930294,16.331773764074107,4,3614.1806365159496,4833020950827.701,125971008841.07935,-0.00390625,76923.0769230771,rectangular_hollow_section,True
191.79055922550606,270.5421919310893,7.3380256722163715,18.099509964679363,4,6358.049994337729,7738814204852.326,13090497607303.691,-0.0234375,76923.07692307707,rectangular_hollow_section,True
217.93838557693442,161.91532781715253,4.49938933623479,15.678178921270424,4,3216.401519452112,4402204954670.314,2809811461530.12,-0.0498046875,76923.07692307715,rectangular_hollow_section,True
82.23381047342394,48.38557439413347,6.4308861069789875,18.159568377043158,4,1322.3636545616987,189076872288.33624,82961797770.80627,0.000213623046875,76923.07692307698,rectangular_hollow_section,True
210.63259564797997,173.86403935043646,8.584498656301651,11.293450771343409,4,6186.4436155095145,7913802363982.0,5872789883994.488,0.03515625,76923.0769230772,rectangular_hollow_section,True
295.47228469075355,102.58023911085326,7.965018147120849,16.205785707221878,4,5892.507854429572,11726565086359.64,2189427737179.0044,0.01953125,76923.07692307698,rectangular_hollow_section,True
199.27951386695406,167.27319250076025,2.360589130122568,13.010369732061676,4,1652.4192506767158,1998904156811.54,1538506592385.8457,-0.0078125,76923.07692307717,rectangular_hollow_section,True
26.228065375476667,163.54435488180872,5.767940450473727,8.66622727699904,4,1989.4120615240402,39350853715.44971,966232987856.189,0.000732421875,76923.07692307662,rectangular_hollow_section,True
182.53074315470923,257.5516771554408,18.889660926207917,8.774606195536029,4,15121.744524972222,14873089067352.16,26117131463736.875,0.03125,76923.07692307665,rectangular_hollow_section,True
148.47074823921332,197.5106649792617,13.361264325389795,11.759741846772606,4,8393.113161573376,5495769693846.826,8703161522870.625,-0.02734375,76923.0769230769,rectangular_hollow_section,True
78.25973549039668,88.530731014115,19.033862746125582,19.152999805338503,4,4533.358761560535,564296825133.0657,702740406683.1484,0.0009765625,76923.07692307694,rectangular_hollow_section,True
259.74889440127737,204.35110042002628,3.952287895933515,12.800548794704921,4,3520.4689371078452,7102601759115.285,4944883814481.05,0.00390625,76923.07692307665,rectangular_hollow_section,True
116.65920077163095,167.9296033282328,10.618062746255788,16.243119887820765,4,5360.392855850634,2176263787077.2373,3881745038625.5195,-0.01171875,76923.07692307672,rectangular_hollow_section,True
248.83707831179274,228.59471931011294,7.753723298438023,15.372352053555005,4,6985.001501767114,13052880291671.434,11463642145138.418,-0.04296875,76923.07692307673,rectangular_hollow_section,True
190.9643159919634,271.12576567653883,11.192977041465484,15.358815588729255,4,9624.657404718882,11234132896168.09,19425214252034.336,0.01953125,76923.07692307659,rectangular_hollow_section,True
116.87653952353695,57.531201109774905,9.867182530165797,14.631310739500814,4,2861.0025223101843,834285327952.1377,257340902452.6615,0.0009765625,76923.07692307691,rectangular_hollow_section,True
111.86766253989215,36.80245493765081,15.725790454666015,17.93443716839084,4,3369.9423707076608,641919038771.1213,79144250987.78561,0.0,76923.07692307672,rectangular_hollow_section,True
147.37333612120074,182.653260158434,10.393981843602143,16.69590121365234,4,6189.402535422675,4031253184316.9795,5645140505631.934,-0.005859375,76923.0769230768,rectangular_hollow_section,True
131.18610465023502,251.55684137131246,10.24077502095298,18.95160902951852,4,7136.390054324815,4015319020303.6484,11179593460160.637,0.0078125,76923.07692307654,rectangular_hollow_section,True
238.0414630082477,181.5761750084167,10.951913406497887,13.163158476729663,4,8543.075305418875,13495438162887.887,8826347485773.816,-0.046875,76923.07692307686,rectangular_hollow_section,True
149.52115174018192,86.79472543548056,13.38311096251594,15.003233870955597,4,5386.380348404189,2758864334346.8916,1115782774150.5127,0.0048828125,76923.0769230769,rectangular_hollow_section,True
229.40308212942125,119.94622342960395,10.420958839449172,10.057647631876575,4,6745.567659220445,8894736232665.332,3147454204322.203,-0.0234375,76923.07692307721,rectangular_hollow_section,True
100.11673477412694,152.4030238312143,19.517038142203006,8.152443430715238,4,8266.754075452842,2087579679597.9243,4349965194086.033,-0.025390625,76923.07692307697,rectangular_hollow_section,True
44.09423605709805,191.08198602240043,7.572702110218265,15.851538201562006,4,3149.723541100383,186883428861.37665,2178177320806.8945,0.000244140625,76923.07692307705,rectangular_hollow_section,True
292.92039852330805,287.3387216996542,11.263249465778637,12.564564266496118,4,12407.588442619232,32466962233459.016,31513434823303.875,0.2421875,76923.0769230771,rectangular_hollow_section,True
274.8079150405771,70.70190982406146,16.68397051100591,14.44199987879835,4,10206.960610061025,14949417404978.117,1366673158279.7275,0.02734375,76923.07692307694,rectangular_hollow_section,True
157.12075593134867,287.46918519728985,5.414853254096368,14.121605653758824,4,4573.883826973124,4000219268649.295,10086471412919.656,0.126953125,76923.07692307692,rectangular_hollow_section,True
245.23925983016204,112.61914491719001,12.064196021547708,10.187209461125239,4,7948.589346470842,11441234987194.465,3224327302012.01,0.03125,76923.07692307711,rectangular_hollow_section,True
26.59637756788239,219.62234374746959,8.666381170414247,14.946452996521817,4,,,,,,rectangular_hollow_section,False
49.042784649820746,203.65382758779884,12.080526128951307,18.60161067188436,4,5218.1642314867495,326591909092.57263,3915912186654.383,-0.00048828125,76923.07692307704,rectangular_hollow_section,True
283.9624907877197,215.74956678714582,11.819066096775252,12.269060576618207,4,11103.171029665154,25266638615965.0,16435482613912.648,-0.18359375,76923.0769230771,rectangular_hollow_section,True
299.95594930045075,45.27062780228688,11.294658625224,9.487405240393318,4,7198.144561423164,11903815318421.145,402380443055.74695,0.005859375,76923.07692307692,rectangular_hollow_section,True
206.6956700856586,182.84177068909648,14.72126319901183,13.830263269402767,4,10410.827840229918,12289449917912.293,10096780020453.564,0.05078125,76923.07692307679,rectangular_hollow_section,True
184.22380324800503,197.0231842603359,4.4770603087066245,9.280498369066672,4,3270.500602365679,3549400378717.8115,3931221273857.45,0.03515625,76923.07692307715,rectangular_hollow_section,True
43.47278286038427,278.6808320872345,8.090781063655125,13.222954569200892,4,4802.598459284299,281227784928.5835,6895097846023.176,-0.0029296875,76923.0769230767,rectangular_hollow_section,True
118.81607831167095,48.53542264257231,12.575071804807063,11.300573418946065,4,3448.6815991024664,954454762761.6709,194482895112.67853,-0.001220703125,76923.07692307688,rectangular_hollow_section,True
50.95798270912749,213.7969753084457,11.48268497608473,16.769657311282046,4,5299.518010639898,376208797471.6648,4511902292577.045,-0.009765625,76923.07692307682,rectangular_hollow_section,True
173.49494809913094,224.45644319451705,6.341017082299233,9.451248497554808,4,4806.346590977242,4742460534917.855,7048251416302.166,0.048828125,76923.076923077,rectangular_hollow_section,True
47.88808982879693,251.0563291466433,4.50777071463928,16.1934579239667,4,2488.1930130804785,208657834355.8081,3048671308704.1924,0.0,76923.0769230769,rectangular_hollow_section,True
183.49972378933248,226.4355034779678,17.97425017349648,18.10928603111515,4,13116.333976591297,12618611252630.39,17732373314749.645,0.07421875,76923.07692307697,rectangular_hollow_section,True
90.15770930540498,174.26784467699468,16.3258811513061,11.222290144235217,4,7441.8829578221275,1634357890912.3276,5050877711691.637,0.0166015625,76923.07692307682,rectangular_hollow_section,True
297.20164149609445,278.27594384060205,13.557029771968256,14.22143315141374,4,14666.55356103807,38427922165547.92,34675917253228.586,0.0546875,76923.07692307675,rectangular_hollow_section,True
288.6474765164176,136.70747785210358,4.724511786495857,17.483659524512447,4,3787.0224448655827,8041186377749.584,2568638707503.7085,0.00390625,76923.07692307715,rectangular_hollow_section,True
173.03554177794842,298.5630223640016,2.2128639757117776,16.577944050421728,4,1999.1071758880666,2176853652695.8735,4930836953172.926,-0.0068359375,76923.0769230768,rectangular_hollow_section,True
47.42127279250336,293.41833706380123,2.502750297544879,16.925613496592042,4,1602.5604243809187,145386596337.88934,2664256803595.374,-0.003662109375,76923.07692307659,rectangular_hollow_section,True
233.32265830752533,49.46713255335587,5.053889973264411,8.128946647901895,4,2699.5859616470602,3025873395998.4854,237673521923.37506,-0.004150390625,76923.07692307673,rectangular_hollow_section,True
254.17934888976578,146.33713502138937,4.822012187141318,11.191822885675133,4,3684.901115840133,6469193510941.67,2777829067486.2964,-0.0341796875,76923.07692307691,rectangular_hollow_section,True
230.12111776776902,258.5214102378559,14.080242761425863,16.19010979947261,4,12709.729774468731,20240884401732.004,24307150200837.57,-0.1171875,76923.07692307694,rectangular_hollow_section,True
103.51752282200745,266.4596457221485,3.4909028073470196,13.553778540245244,4,2451.919618306537,991783046412.051,4239729877515.4795,-0.02099609375,76923.07692307666,rectangular_hollow_section,True
54.05204861516638,226.99775423857747,4.725252326229961,18.101752151337934,4,2418.0077478787125,254543405590.3518,2501632359482.9443,-0.005615234375,76923.07692307708,rectangular_hollow_section,True
31.747827987125305,250.5201517529918,11.999839438152247,14.483323950516294,4,5994.757307327731,125078723770.78412,6212041959279.363,0.00146484375,76923.07692307707,rectangular_hollow_section,True
291.78037812761164,124.9235667391561,5.291586978597596,17.50704554494566,4,4140.767550439614,8683244963196.156,2354252681023.0176,-0.0048828125,76923.07692307695,rectangular_hollow_section,True
199.87995826472545,187.4955869120529,7.92076760052954,18.463849970436534,4,5655.911927549001,6677196919298.953,6054203148858.051,-0.029296875,76923.07692307682,rectangular_hollow_section,True
51.5182332733406,120.39017257918452,15.06751828727836,10.160715270501903,4,4169.105533681552,248366981347.1333,1167346025592.1416,-0.001220703125,76923.07692307701,rectangular_hollow_section,True
255.96141567568918,246.5789756469398,3.0658272683907093,12.19906202210622,4,2978.405745858424,6214541572268.84,5875566533259.914,0.123046875,76923.07692307638,rectangular_hollow_section,True
75.29204959863102,251.96194598705793,13.681713178871622,15.190111257732044,4,7977.5692911928245,1326862030110.2598,10337490298730.418,0.0615234375,76923.07692307715,rectangular_hollow_section,True
272.5956786878927,38.37538659687944,14.143169411281232,9.32369070921117,4,7909.184744232297,10191272206230.836,247536069377.7146,0.01220703125,76923.07692307702,rectangular_hollow_section,True
142.79489948321367,164.5093418355915,3.3120070921140243,8.809961745856977,4,1944.3221688676217,1291445772296.6272,1600338116721.4067,0.0048828125,76923.07692307673,rectangular_hollow_section,True
295.5189883119936,151.46144971314715,2.392523847804129,18.749742777176337,4,2031.9317903979431,4701138322051.859,1723815155387.9,0.0322265625,76923.07692307718,rectangular_hollow_section,True
75.6110341792349,173.2796400925651,18.297983334043025,9.143494099244094,4,7685.526558933662,1091881465070.9727,4776902209623.574,0.0107421875,76923.07692307713,rectangular_hollow_section,True
91.03001028427691,168.9616320290549,5.976510412041755,17.316264665993074,4,2793.547812395353,762081123873.6064,1977514635402.1885,-0.000244140625,76923.0769230769,rectangular_hollow_section,True
267.8950078272348,139.86047908112005,12.950035178004896,18.64552648775795,4,9574.865117783022,16827296462687.973,5967671860732.342,-0.01171875,76923.07692307718,rectangular_hollow_section,True
215.11079555798102,270.89003591390616,7.601018578971556,19.26890520067345,4,6921.949635659923,10364529353047.748,14727831210631.488,-0.05078125,76923.07692307694,rectangular_hollow_section,True
192.84258029013398,182.03865390763778,4.689268629508971,13.696194204576384,4,3321.4196341369925,3792622175860.3447,3475652548724.8223,0.0087890625,76923.07692307688,rectangular_hollow_section,True
169.882035931763,26.729144631695757,17.138716524159946,11.894948239567036,4,3375.7290619390833,1679778684770.421,49818621738.13013,-0.00048828125,76923.07692307723,rectangular_hollow_section,True
121.42430895174691,192.9660320817308,16.024915654378226,8.106519626412275,4,8983.25004785211,3797639546716.123,8216956425387.531,-0.005859375,76923.07692307717,rectangular_hollow_section,True
105.83092587782532,195.87116314688416,16.818707193308477,9.964776142544569,4,8917.705779643893,2801433183132.465,7935842075057.818,-0.013671875,76923.07692307701,rectangular_hollow_section,True
184.57091332277506,76.59697542598803,8.200635522280372,10.2799510289949,4,3913.129799444793,3091008383054.8027,744670859625.2378,0.0029296875,76923.07692307683,rectangular_hollow_section,True
72.06411690785082,253.24802368651967,6.715994943797156,17.0935276268844,4,4004.6755282922722,729452195131.4908,5449709629029.5625,0.015625,76923.07692307688,rectangular_hollow_section,True
176.52427932648934,232.50388435488213,14.122087334100213,17.21373308878716,4,10468.175163162437,9807166853102.447,15191776102601.54,0.01953125,76923.07692307691,rectangular_hollow_section,True
24.435028003578793,43.25774540460766,11.894679969638476,13.814391628348655,4,,,,,,rectangular_hollow_section,False
185.83117091606584,180.4931943837714,17.534425583833023,19.30740286694848,4,11247.117966549573,10421560619750.797,9940483043947.61,-0.0546875,76923.07692307701,rectangular_hollow_section,True
250.4509358389209,47.07981231036459,18.117959781951473,13.347367945624462,4,9290.106160007894,10019918327641.64,416089213390.6289,-0.01171875,76923.07692307665,rectangular_hollow_section,True
168.6819806342989,185.18439586866765,2.6166377278833144,19.901569683335637,4,1727.1894476220018,1575159624851.102,1808602254561.6782,-0.01806640625,76923.07692307678,rectangular_hollow_section,True
33.79673756907842,145.93788123766984,18.115929724610783,18.121743486735664,4,,,,,,rectangular_hollow_section,False
240.437140524714,131.59633312644905,7.073291401666002,18.911802348887974,4,4845.370608969989,7186596064068.734,2840542377816.8955,0.0078125,76923.07692307665,rectangular_hollow_section,True
273.5385544479031,68.45743522223422,17.25145994537185,17.543095031748116,4,10301.733621287975,14541805264266.531,1250597246448.599,0.017578125,76923.07692307736,rectangular_hollow_section,True
64.40830589304778,130.57869443340007,13.725102462078691,14.91280066628897,4,4377.938369441425,458080760616.0244,1545687664262.294,-0.003662109375,76923.07692307692,rectangular_hollow_section,True
123.44741734457926,128.1840317388344,5.413080389150819,12.76589038892013,4,2498.0926249271656,1145090544075.9023,1213091422683.7385,-0.00146484375,76923.0769230774,rectangular_hollow_section,True
263.91267842806775,35.41244164828946,12.84390343562383,15.13978907748636,4,6805.2003319495525,7917862491702.914,182225286064.63702,-0.00439453125,76923.0769230766,rectangular_hollow_section,True
48.224541923311335,173.16375248335424,5.609375262048418,8.754208979505048,4,2291.0934848352,180062365360.95172,1457234910381.942,0.0010986328125,76923.07692307688,rectangular_hollow_section,True
260.62512133153234,63.49779240497653,19.464708108632585,12.336754249849484,4,10950.22086196322,13779940770799.89,1031948512148.6792,-0.005859375,76923.07692307673,rectangular_hollow_section,True
227.80591306996425,106.65325703029458,10.527654742064525,17.396670586067252,4,6343.354509978695,7775200537283.23,2314310195867.918,0.025390625,76923.07692307704,rectangular_hollow_section,True
122.78532518337232,222.20927758046153,11.728622517047606,14.514909920123202,4,7339.461375385278,3471772917852.634,8983225178447.863,-0.025390625,76923.07692307705,rectangular_hollow_section,True
251.92576436410056,258.13293383141064,9.383109282548629,9.091641799792562,4,9137.044101517567,17966784852526.582,18657127378701.227,0.1328125,76923.07692307672,rectangular_hollow_section,True
252.80001708061218,62.60533673460566,10.043450486916514,17.722330802454593,4,5676.916711799452,7144254822805.473,693578973746.0525,0.01171875,76923.07692307672,rectangular_hollow_section,True
25.690777371046142,79.21674908670984,4.836217277537196,13.939368429876254,4,,,,,,rectangular_hollow_section,False
115.48018696785294,27.707693720143002,9.859007118734938,10.465270256155375,4,2325.426258027413,527575930582.7156,37222219129.13377,-0.00079345703125,76923.0769230769,rectangular_hollow_section,True
220.47739652525112,280.8459595077688,5.111891856109675,17.68703783007902,4,4866.198797635578,7870701201340.916,11340448106453.11,0.056640625,76923.07692307678,rectangular_hollow_section,True
181.75357371521775,41.2370526039318,17.285464099798045,16.156103679835077,4,6252.824168967036,3377143168050.58,196557816478.5678,-0.001953125,76923.07692307707,rectangular_hollow_section,True
129.55667158101573,56.959016512443085,15.78357038283087,9.48399782974677,4,4801.336390096762,1595938521327.7974,359895071822.74133,0.000244140625,76923.07692307691,rectangular_hollow_section,True
181.0276530238317,233.23121385836748,18.05072447807177,16.883876551949704,4,13366.96543322308,12633341116820.293,19052708368571.203,-0.125,76923.07692307663,rectangular_hollow_section,True
88.08991709057092,244.6792543030125,14.853440034653866,19.389120145575347,4,8647.669555948953,1960319477288.038,10844830423404.754,-0.033203125,76923.0769230768,rectangular_hollow_section,True
182.07414360397703,81.77700914836323,13.593467031566119,18.68757719263754,4,6110.898925608487,4352680495113.328,1149838680245.735,-0.0146484375,76923.07692307667,rectangular_hollow_section,True
114.97299025379708,212.3247391440877,8.515129975102688,12.2591320403897,4,5147.666891867752,2237083322972.1577,5889276624079.428,0.009765625,76923.07692307682,rectangular_hollow_section,True
234.74825974481223,41.134091059639175,7.055313579303936,16.27523643813,4,3513.886849438344,3547769959878.963,186732077913.91016,-0.001708984375,76923.07692307688,rectangular_hollow_section,True
77.08061719250983,112.04909616820954,15.451331060639742,17.906349882213142,4,4575.02685420889,646874259168.0908,1225903281682.1694,-0.007080078125,76923.07692307697,rectangular_hollow_section,True
49.5605004293479,54.85772918397518,19.702327528239802,11.723601299152502,4,2424.3946519796655,97651342372.63165,118975731157.6383,-0.00018310546875,76923.07692307704,rectangular_hollow_section,True
52.093585272438325,224.03956416161913,14.172111410667075,13.03049103746882,4,6853.590851892656,466160245519.76404,6394509093197.666,-0.0166015625,76923.07692307705,rectangular_hollow_section,True
241.25076568015456,74.32583199057592,15.122838430444348,13.604699869752105,4,8444.938970688134,9982180040409.688,1307040905496.9536,-0.0166015625,76923.07692307695,rectangular_hollow_section,True
168.2030637310025,118.85410896420535,12.51796602881401,9.142683677539692,4,6476.357313430306,4726242206334.973,2681647243094.199,-0.0166015625,76923.07692307678,rectangular_hollow_section,True
51.4011264473974,54.0998646230973,14.006427973021086,11.671885473967084,4,2034.4310562513092,102491391920.69943,112599433361.77026,0.00018310546875,76923.07692307685,rectangular_hollow_section,True
108.80167681117243,34.13250381232727,2.8724233168311537,13.357269757155677,4,719.6470330576219,174057934956.90436,28811263201.278336,6.103515625e-05,76923.07692307686,rectangular_hollow_section,True
85.0710603729826,82.53705983854098,12.209503467352732,9.283225077029108,4,3410.3576822502296,602782786589.2927,572492574482.2966,-0.00390625,76923.07692307688,rectangular_hollow_section,True
22.85614634171433,33.16443501216119,17.522017735291328,12.676973793795243,4,,,,,,rectangular_hollow_section,False
185.96501899797855,65.83395360382434,2.7368033144921258,16.099476203002954,4,1267.656048790086,1000122105047.3198,204812514068.45438,0.001708984375,76923.07692307704,rectangular_hollow_section,True
203.20470508630723,114.75983310016417,9.240307651319991,19.119252652134914,4,5266.6949004945545,5403844677685.635,2207442809227.408,-0.0244140625,76923.07692307691,rectangular_hollow_section,True
113.676721233478,174.27839883275453,10.302720711226172,9.06663879585356,4,5426.654203551405,2152852558501.3267,4280873855018.0674,0.00390625,76923.07692307695,rectangular_hollow_section,True
136.41837272700786,261.00490074108643,11.685964017661412,12.47159104487476,4,8587.377753605646,5190090199143.642,14639941485871.68,-0.0078125,76923.07692307679,rectangular_hollow_section,True
276.1538473403191,284.8670876307052,5.113894983535075,8.39716417219931,4,5573.664092832701,13685461776762.164,14346918137139.742,-0.15234375,76923.07692307651,rectangular_hollow_section,True
273.08408573195516,122.71048638934,10.955705095511751,19.299010981152154,4,7889.466252821916,13946227560780.895,3914848007635.8105,0.0078125,76923.07692307697,rectangular_hollow_section,True
71.84582385277824,221.38325427621882,10.629497156393255,9.688162097457646,4,5687.94998027013,915353602825.9382,6014398329341.949,0.0087890625,76923.07692307707,rectangular_hollow_section,True
153.36905817061626,59.54133721757856,12.83586732312524,15.788187561876459,4,4566.190542389715,2146467515487.1064,423278619200.16003,-0.008544921875,76923.07692307694,rectangular_hollow_section,True
73.62255645886697,81.16349279778908,11.335807099637943,8.557370476791867,4,2922.018912299158,393160694032.85266,464370485635.67236,-0.0040283203125,76923.07692307697,rectangular_hollow_section,True
26.327270660031555,259.29744514659023,3.993542943847796,11.230952516235467,4,2143.7613987153486,50737023907.15106,2552577587270.575,-0.002197265625,76923.0769230774,rectangular_hollow_section,True
35.185833517943124,159.3887471307236,12.675272167007748,15.880185922679631,4,4048.0126022181034,103563649491.01212,1698347643704.8877,-0.001953125,76923.07692307697,rectangular_hollow_section,True
284.3960311855146,75.7507260297927,14.400436609030397,9.13248555845539,4,9459.648503855668,15647833823936.04,1598188182403.127,0.09375,76923.07692307665,rectangular_hollow_section,True
116.5447097738761,190.64804568564705,17.58246434955959,12.850883361194038,4,9400.693929043146,3532606423377.077,8080665506374.531,0.009765625,76923.07692307683,rectangular_hollow_section,True
169.47797819991712,44.393672347466364,9.208600758471146,16.220907640885663,4,3385.7785782955116,1818909818496.7402,186139134777.56506,0.001708984375,76923.07692307714,rectangular_hollow_section,True
227.01196202343425,208.13557221245486,5.10372480774445,16.391238039538422,4,4196.2897738533065,6605099606080.523,5793420295838.625,-0.01171875,76923.07692307692,rectangular_hollow_section,True
254.21198122960212,79.24865550431588,18.122353363959355,10.100469493191016,4,10670.484733949965,13959200012825.453,1791547083377.1577,0.005859375,76923.07692307697,rectangular_hollow_section,True
236.81665071155447,113.4387464099906,8.996832191488572,16.226853958334377,4,5767.568531568331,7872848499517.592,2465472100166.713,-0.0048828125,76923.07692307691,rectangular_hollow_section,True
212.40174077743572,173.21666276831237,16.357310634103793,8.532241358707319,4,11472.314438724416,13920257007799.906,9987732496119.559,-0.05859375,76923.07692307708,rectangular_hollow_section,True
163.80821721237308,272.9272079500492,3.943540864766417,11.677887268421486,4,3305.8089974673676,3148159233348.3486,6838650363786.047,-0.044921875,76923.07692307707,rectangular_hollow_section,True
153.10076064359376,260.09711032265284,11.741179259100175,17.088879135798486,4,8888.007487262426,6685003918672.494,15432549466872.395,0.02734375,76923.07692307672,rectangular_hollow_section,True
166.7280133129832,182.92629907415267,10.45180872802514,14.43851291710012,4,6679.501920283952,5506897289516.145,6369524744625.936,-0.015625,76923.07692307683,rectangular_hollow_section,True
73.2533880113257,177.68519935352435,3.0588431944512715,9.92869881888873,4,1446.353349683854,285291798663.41846,1117739314377.8936,-0.0013427734375,76923.07692307673,rectangular_hollow_section,True
246.53814749947395,157.67803588620544,17.383755963402244,11.534758122487304,4,12711.76044634412,19538269705224.43,9400594601272.63,-0.05078125,76923.07692307653,rectangular_hollow_section,True
135.07348042201272,197.83042157072558,7.979003858052451,12.600745751786276,4,4920.406731085444,2884992277675.993,5229461310646.686,0.0078125,76923.07692307679,rectangular_hollow_section,True
264.73498214431584,186.41804059739906,16.364863958169696,9.368745039227477,4,13607.107209882986,25361382177000.47,14402033267720.52,-0.0078125,76923.07692307698,rectangular_hollow_section,True
293.93932474964214,242.2332084544761,13.609766032883204,14.477738992997253,4,13644.610985163376,33675297265297.773,24865730599027.43,-0.15625,76923.07692307713,rectangular_hollow_section,True
180.28889905281733,135.537502280892,2.8994352700021317,12.97764298080504,4,1730.9605682346687,1641209331497.8862,1069228868238.5554,0.0078125,76923.07692307673,rectangular_hollow_section,True
110.44974993289742,161.76636771944794,19.137252586298754,9.79728691024768,4,8858.012626140178,2805200636101.174,5408727657355.09,0.0146484375,76923.07692307685,rectangular_hollow_section,True
226.60868041065393,95.89059595475061,17.468733621142828,8.973135158753045,4,9966.164131794203,11245164930897.836,2572871988245.0195,0.01171875,76923.07692307701,rectangular_hollow_section,True
201.85826784173514,103.20402590166042,14.206590833956271,9.922249291839908,4,7762.030448657831,7452475383491.539,2441080988764.371,0.0302734375,76923.07692307707,rectangular_hollow_section,True
178.81623368736933,110.20721092171486,3.7879798680429513,13.526913163774143,4,2044.1042552189247,1773004153894.6494,850932103514.8611,-0.00146484375,76923.07692307698,rectangular_hollow_section,True
282.6193255221909,28.901901250135133,16.535358321788802,10.84784400708062,4,7010.238035914737,9341382384628.992,110012134447.76611,0.00537109375,76923.07692307685,rectangular_hollow_section,True
178.53682509403475,105.60351515577213,10.734349447277532,12.166601104811393,4,5493.2435387614405,4364582512102.4453,1872315754570.6147,-0.013671875,76923.07692307691,rectangular_hollow_section,True
231.51446321193274,243.25291284298694,14.127781684582528,14.888940246932586,4,12395.341639103792,19661259718738.2,21256528550087.15,0.13671875,76923.07692307718,rectangular_hollow_section,True
67.45503345170803,166.99898441314878,9.391134211715015,8.821902524323034,4,3972.9787252109645,553875780098.5027,2491653093714.216,-0.00390625,76923.07692307718,rectangular_hollow_section,True
84.46794025731637,155.18940356331606,17.09797223344352,12.899437361844226,4,6859.551118137415,1251487585349.8413,3592922522516.584,-0.017578125,76923.07692307705,rectangular_hollow_section,True
72.40693277345943,95.4123406925544,5.235563825512714,8.820878413195459,4,1582.659105193129,251542586486.09808,387674081659.57227,0.00177001953125,76923.07692307691,rectangular_hollow_section,True
292.9246317288522,299.2603134473397,11.172849371603942,17.813430866998395,4,12460.23513619178,32809376678213.133,33908992835841.0,0.171875,76923.07692307672,rectangular_hollow_section,True
257.2943541389443,177.61577737344825,8.841338670699619,18.28098539591587,4,7132.610953330245,12966415235824.133,7322382245391.666,-0.017578125,76923.07692307688,rectangular_hollow_section,True
87.75477998184753,79.76402379910822,2.0148062049616056,14.853680220200818,4,603.0029443322859,135339301473.13446,117648123062.0163,-0.000274658203125,76923.07692307673,rectangular_hollow_section,True
140.08521365702157,84.54099174667317,16.502539583292908,15.479038795390794,4,6084.86979941695,2607868341961.787,1094922080881.6604,0.01416015625,76923.07692307704,rectangular_hollow_section,True
180.1151588441656,189.87821563470126,7.3687293125619595,11.99361730202456,4,5113.112094152724,5098647290108.494,5531117225577.396,0.0009765625,76923.07692307682,rectangular_hollow_section,True
182.46430521235666,250.66490548876584,6.169269515032726,17.750701238365554,4,5010.98429220951,5525581762223.686,8953900700035.89,-0.009765625,76923.07692307672,rectangular_hollow_section,True
232.25096502102863,169.61166378527318,11.972431605246774,12.118281936281244,4,8902.357717238998,13093892220429.066,7959711780022.783,-0.013671875,76923.07692307683,rectangular_hollow_section,True
21.634753140370325,283.9384527106346,13.650634724379366,17.69900835162666,4,,,,,,rectangular_hollow_section,False
88.92441638889265,94.95468124029226,14.805460377087707,16.55760871661078,4,4296.938377728354,795827165926.1006,889566087678.2227,-0.000732421875,76923.07692307666,rectangular_hollow_section,True
183.3325943628157,81.651708498226,7.873770762195425,16.661502669643774,4,3724.484809420126,2892109870230.285,802832957076.7749,-0.00244140625,76923.07692307667,rectangular_hollow_section,True
64.42626688087154,136.08922899845675,3.696494295398706,18.749866522189635,4,1302.7990138087953,182228623545.8778,563130702390.1753,0.0006103515625,76923.07692307715,rectangular_hollow_section,True
238.40397581644837,153.32074074893404,17.38078329185148,15.122177364600322,4,12179.918057769746,17326901414868.477,8420550484693.887,-0.05859375,76923.07692307692,rectangular_hollow_section,True
262.31945259062843,131.7749802365284,15.700399180811049,13.405277901630363,4,11209.168207276167,18456416653058.492,5970885703269.301,0.0234375,76923.07692307691,rectangular_hollow_section,True
92.28912792524689,48.03528499333591,6.332038099000657,18.337429291444394,4,1424.56833635688,253295457856.83264,91508834966.09796,-6.103515625e-05,76923.07692307695,rectangular_hollow_section,True
79.61845578819933,185.76513994680408,2.7384660182149103,13.197485309062793,4,1358.708598935788,317272573659.18475,1152999100808.5522,0.0069580078125,76923.07692307685,rectangular_hollow_section,True
61.713888573155614,193.88573962526752,16.08607762463842,18.38103500053117,4,6855.547728339979,642224424933.2522,4842596745281.762,-0.00390625,76923.07692307702,rectangular_hollow_section,True
55.68983727712367,57.554592164021386,17.80761658754473,15.20603181906626,4,2533.5585225279106,135296096206.33667,143880464314.1952,-0.0006103515625,76923.07692307694,rectangular_hollow_section,True
250.1177490968864,225.20580148779374,11.92040226934613,17.93496881211182,4,10478.223805480293,19000139858635.516,16138252715818.293,0.08203125,76923.0769230766,rectangular_hollow_section,True
151.46758816018598,201.59519690536345,6.741956574112464,17.542125231873403,4,4387.769501290469,3227024297718.8086,4995606278251.975,-0.0009765625,76923.0769230771,rectangular_hollow_section,True
188.76409735160803,111.50465419641195,16.109333395558732,13.975914461688557,4,8440.890179073127,7106551521626.389,2953836430867.677,0.052734375,76923.07692307683,rectangular_hollow_section,True
258.60685295832786,203.82810935856588,3.486122806877542,13.608445295438457,4,3092.869557966254,6200393660669.113,4333766851909.33,-0.046875,76923.07692307736,rectangular_hollow_section,True
292.6296062072958,84.07409101645503,2.8256470838453813,19.27800814126868,4,1995.964867767147,3783349276298.4785,554371113112.6494,-0.017578125,76923.07692307649,rectangular_hollow_section,True
139.69246436663963,212.53388950084664,8.256093616651793,12.037167704298229,4,5412.778291251126,3430296577461.5303,6605530829416.695,-0.01953125,76923.07692307695,rectangular_hollow_section,True
222.8362338287664,112.4567895128425,16.35705711599178,9.49586062095087,4,9808.429627868574,11390951812673.156,3622658127765.6396,0.0,76923.07692307697,rectangular_hollow_section,True
93.05558866684792,57.98486944853152,17.139210614543313,17.46687378391301,4,3697.4339673239324,588679123221.3694,251157737357.42175,-0.00146484375,76923.07692307678,rectangular_hollow_section,True
92.35903669850585,290.86113094507334,14.752943584271957,19.32873831416374,4,10083.991422191799,2611744811183.469,17766184271055.4,-0.087890625,76923.07692307705,rectangular_hollow_section,True
44.90804861601976,42.622475766621875,9.693253432500608,18.88711672186722,4,1048.8784075326578,35960689686.966446,33112408314.16449,0.0001068115234375,76923.07692307683,rectangular_hollow_section,True
119.47325145960053,295.6945148407575,19.56631705768288,8.631570706992433,4,14640.741229448797,6137397131299.838,28551607856445.305,-0.0390625,76923.0769230769,rectangular_hollow_section,True
261.8720675808618,267.9896939149891,16.011232992320956,17.83410389267219,4,15627.309502990554,31443185318761.78,32609239661173.367,0.0390625,76923.07692307702,rectangular_hollow_section,True
20.42818797192144,30.474877451886453,19.14924287510977,19.83939431371529,4,,,,,,rectangular_hollow_section,False
258.5107078319054,273.6800268723666,5.991638404843512,16.696217580276695,4,6069.614300249817,12909999969723.703,14073855233552.57,-0.02734375,76923.07692307713,rectangular_hollow_section,True
121.75100524539769,174.67380622420075,15.493219057166044,17.3936461882484,4,7926.062424700521,3269950845544.6357,5911868550541.572,-0.037109375,76923.07692307717,rectangular_hollow_section,True
110.96164603842405,213.20076724781197,10.4050622021221,19.74953499309932,4,6010.073909244069,2335715327488.424,6566906776318.52,0.005859375,76923.07692307698,rectangular_hollow_section,True
175.79796093004552,82.224205177514,5.647796049475985,9.834291277937263,4,2707.7361973317284,2064648272725.9038,625535753121.2487,-0.010009765625,76923.07692307729,rectangular_hollow_section,True
190.54154129412353,111.44520171999335,15.19571801300083,17.607668107094153,4,7949.958924378313,6793731902628.936,2811313933312.3516,-0.013671875,76923.0769230769,rectangular_hollow_section,True
145.22215569727055,108.72236868209714,5.299710561558808,12.10283315967325,4,2479.121134255699,1457216081532.4985,934037702243.4832,-0.002685546875,76923.07692307698,rectangular_hollow_section,True
297.5824230438978,136.60547736035542,6.692975877909609,10.72631754793396,4,5534.0485402507375,12431839864579.805,3694381819795.5107,0.03515625,76923.0769230769,rectangular_hollow_section,True
258.9153446226851,189.88658813263518,15.898566187668933,8.811287694967836,4,13181.91804799024,23811212914155.4,14455818802565.852,-0.15234375,76923.07692307667,rectangular_hollow_section,True
135.81838752380514,82.19989592544351,6.526148322129653,16.70353626927919,4,2499.8479632897593,1143904237834.9805,524996087155.496,-0.003662109375,76923.076923077,rectangular_hollow_section,True
210.66257098293647,127.14427573986393,18.156879457372703,8.509454500968207,4,10875.936489219874,11633596197199.887,4984159435592.729,0.0,76923.07692307723,rectangular_hollow_section,True
225.01027668260497,279.53273808529156,17.853518113165048,14.647671301071554,4,16526.188995446377,24997403519999.47,35381325371411.92,0.046875,76923.07692307679,rectangular_hollow_section,True
57.313472233327666,56.70492070468784,7.92221665182889,9.016374297966532,4,1475.4129310561639,118020922833.26971,115934780890.20401,-0.00042724609375,76923.07692307692,rectangular_hollow_section,True
84.5200682738612,91.98307635997838,16.38701436654383,8.714930563674761,4,4634.6321595828285,764377301635.5039,888012334674.9863,0.005126953125,76923.07692307678,rectangular_hollow_section,True
64.56934042787343,239.86104622535015,7.804271598047018,12.275827138366667,4,4377.387096595216,613653383547.8574,5285364287187.043,0.00341796875,76923.07692307688,rectangular_hollow_section,True
287.1766715075556,86.43610753386774,18.87964049110372,16.545516485198878,4,12407.832486313378,20463855427485.14,2526712347118.9824,-0.021484375,76923.07692307692,rectangular_hollow_section,True
241.52859386543662,87.97836322419671,9.86846414797478,14.908227833827077,4,5917.052807399221,7701964362587.383,1499172699746.003,-0.0029296875,76923.0769230768,rectangular_hollow_section,True
235.68772836844389,45.00507822652987,6.362838436188888,16.0641958788846,4,3246.1210522641572,3410920472177.797,218312354946.05267,-0.003173828125,76923.07692307714,rectangular_hollow_section,True
257.65808247062915,39.74140994246109,8.33704959264229,8.220403857675326,4,4613.268010924997,5732063620276.092,215886904248.60718,0.00390625,76923.07692307695,rectangular_hollow_section,True
294.6723326372222,234.03498683201772,16.092053815003037,19.193999983312835,4,15621.368925301897,37493298915217.39,26064212851415.875,-0.2578125,76923.07692307662,rectangular_hollow_section,True
188.43307918602204,253.4863166816455,4.9194239715324475,16.077077902517477,4,4117.195617546171,4899380315381.113,7672881655444.662,0.037109375,76923.07692307622,rectangular_hollow_section,True
261.47117380239195,144.11858696498263,18.096266094053746,16.58006883392487,4,13094.522403015324,21489411311471.055,8069579978422.545,-0.01171875,76923.076923077,rectangular_hollow_section,True
90.3461080765476,109.29019244146879,4.876198097604962,14.556144380651823,4,1733.6430868616555,428045315584.5394,572106907065.8953,0.0010986328125,76923.07692307692,rectangular_hollow_section,True
164.37349778080278,219.75886313521625,16.23929044048538,13.573974685380827,4,11236.962948207973,8874958241951.5,14216671077056.77,0.01953125,76923.07692307708,rectangular_hollow_section,True
99.37811219163748,39.1052033475782,2.3485283295728685,15.234267762815502,4,562.361004647083,119458265396.14728,29451605570.62893,0.0001068115234375,76923.07692307679,rectangular_hollow_section,True
206.14803130212272,242.8133048447205,13.558953646232593,10.54798119829352,4,11328.251088249239,14600096262681.902,18928950733412.734,-0.1484375,76923.07692307666,rectangular_hollow_section,True
63.049333202045915,213.93491022019973,12.134299190217355,14.668922542038027,4,5924.301520963372,675716134704.2747,5430034039813.957,-0.00732421875,76923.07692307705,rectangular_hollow_section,True
56.209250243047286,287.8570207872632,14.324209618572587,11.276522547638304,4,8909.062892282891,745081792422.96,13838326597459.375,-0.015625,76923.076923077,rectangular_hollow_section,True
152.61590667960303,26.803468066245344,16.206891272814453,16.087784374211903,4,,,,,,rectangular_hollow_section,False
202.36290361865818,195.11632894148053,15.278158017911238,18.342156680028978,4,10884.765974229504,12422962773638.996,11721186266087.164,0.0078125,76923.07692307662,rectangular_hollow_section,True
169.88907339367665,202.49329827209414,6.016391058627249,17.123779391110936,4,4166.158352012578,3822077672667.503,4990520341444.937,-0.0107421875,76923.07692307686,rectangular_hollow_section,True
186.48713672493784,274.1211399937806,3.2828645183274014,9.001975007909934,4,2932.7930099419614,3575003886145.2666,6406726023308.49,0.0390625,76923.07692307656,rectangular_hollow_section,True
252.30314362942156,175.5952450392256,4.392338347061015,11.208777926703439,4,3602.6056037023573,6606220367663.219,3808640990549.465,0.0283203125,76923.07692307683,rectangular_hollow_section,True
49.791765205041315,31.03593107168246,16.463577589749946,11.278081338969024,4,1386.2439171033948,51081867355.57938,20514206043.124283,-3.0517578125e-05,76923.07692307692,rectangular_hollow_section,True
38.44650898337025,106.32143811086384,11.296531816411676,8.637548503168306,4,2685.697672231836,90720725051.60144,576103137033.0396,0.0,76923.07692307694,rectangular_hollow_section,True
170.57422855359022,114.43292256625067,12.400331584069049,15.080229449863523,4,6233.061994164897,4542013235217.869,2382499680604.472,0.0087890625,76923.07692307715,rectangular_hollow_section,True
187.00250444297518,102.93164799889118,18.985864220431882,8.24817402774411,4,9499.416366675923,7521081458928.338,2684752392693.259,-0.029296875,76923.07692307701,rectangular_hollow_section,True
57.478662093637595,133.6201624999693,9.653891039836768,8.010130121627029,4,3252.741827533595,307700189164.85223,1281134703109.3643,-0.001953125,76923.07692307711,rectangular_hollow_section,True
22.437807066482208,170.76530684782432,11.913239464559666,9.75049408137265,4,3532.4770580096456,30576395619.076385,1657697239513.5137,0.0020751953125,76923.07692307667,rectangular_hollow_section,True
218.38525587526834,265.23712495050484,8.615324775056898,9.825465075846475,4,7941.1571502727165,12180983112392.523,16452604061308.781,0.06640625,76923.07692307682,rectangular_hollow_section,True
296.44726868549986,232.98089428993632,3.8819989171786746,15.747898152876257,4,3943.002716855593,10384107963724.791,7228148328788.027,0.078125,76923.07692307624,rectangular_hollow_section,True
211.02466658956195,178.27861272678595,18.993954911169652,10.566041240799454,4,13234.095348038178,15571239101928.496,11798373401275.586,-0.0234375,76923.0769230768,rectangular_hollow_section,True
209.81756186461448,193.39743109751808,11.228735938180066,16.004513301286128,4,8317.514924907216,10550977490815.465,9288626666955.027,-0.025390625,76923.07692307682,rectangular_hollow_section,True
239.93364675574958,277.57179302232817,15.47023750791242,11.023190659610176,4,14933.040403483912,26042500246115.477,32814665859061.547,0.296875,76923.07692307739,rectangular_hollow_section,True
275.41227482171,287.7664467706374,15.017269500397447,8.915698718055207,4,15933.25006146134,36437980421952.88,39049791925912.93,-0.2734375,76923.07692307679,rectangular_hollow_section,True
54.76749634687421,155.19124520060276,17.918725401310397,9.524777946785173,4,6149.341795821966,399935119233.1664,2772417982334.2285,-0.00830078125,76923.0769230768,rectangular_hollow_section,True
119.33504796020499,86.9995153739888,12.787991836611464,9.765075232158658,4,4527.721787914196,1557729853448.8042,915230251069.4917,-0.00341796875,76923.07692307673,rectangular_hollow_section,True
139.90390099832246,263.5675338511262,13.52099632453573,17.193027551587882,4,9897.2858258194,6113707617010.244,16876414318941.418,-0.00390625,76923.07692307692,rectangular_hollow_section,True
82.37254446955035,128.16259051469405,17.825994378045152,17.348467852139294,4,5933.962626139086,953613796344.5764,2057194986874.9932,-0.0166015625,76923.07692307692,rectangular_hollow_section,True
241.61647702761272,63.75717230081101,16.53426458727712,13.055958457335922,4,8834.271758948973,9877341480789.297,914879431018.6868,-0.037109375,76923.07692307704,rectangular_hollow_section,True
70.29953852424532,295.7225236465167,7.789007738926397,8.316204597819073,4,5390.341461118538,932089634576.9941,9955912093601.383,-0.001953125,76923.07692307697,rectangular_hollow_section,True
111.08227812957533,197.9708993343347,17.804024874993647,19.710566701591432,4,9351.976173567658,3158818606054.5283,8294935149595.281,0.009765625,76923.07692307695,rectangular_hollow_section,True
126.31274065597123,47.01209928037274,8.170037821539408,18.410542647667782,4,2331.0627818752073,722708510918.769,143857568616.86142,0.001953125,76923.07692307692,rectangular_hollow_section,True
50.65211114660975,147.83601353563756,7.513045981024218,8.447656140800989,4,2686.227977075561,212395333747.0791,1263726630078.2515,0.00048828125,76923.07692307673,rectangular_hollow_section,True
274.82810176932475,40.363003806097566,3.7685105845963207,12.985776232767217,4,2235.1229486198754,3201869110160.157,137084015737.0816,-0.002197265625,76923.07692307666,rectangular_hollow_section,True
105.25163470924645,187.7663856966038,7.39389596407543,10.042368064354392,4,4020.5759749759554,1466391363632.1738,3650566912740.0225,0.00830078125,76923.07692307695,rectangular_hollow_section,True
145.48839545358663,246.29251747172992,6.023287768190466,19.306052930036294,4,4378.206549720782,3160520794497.717,7051653664777.232,-0.0166015625,76923.0769230768,rectangular_hollow_section,True
254.32403082978894,82.40775542070051,14.078223274367444,18.64125829791971,4,8361.709836266575,11139089861915.89,1678608864999.7744,0.0498046875,76923.0769230766,rectangular_hollow_section,True
269.11139867928375,264.553368115381,12.21213203627135,11.845985472052405,4,12297.497143115326,26815007552986.438,26109424295798.906,0.078125,76923.07692307679,rectangular_hollow_section,True
268.6201640267703,47.12921305963241,19.451281815939467,14.356314400418682,4,10563.947013533618,12857130712078.79,449553677312.2837,-0.0078125,76923.07692307673,rectangular_hollow_section,True
114.42005779585543,280.5125527363825,11.435307559476817,11.998038710946815,4,8365.650430926478,3623662671888.836,15455886171226.36,-0.021484375,76923.0769230766,rectangular_hollow_section,True
294.257377704994,134.48715310862102,19.323904311545018,9.741363436476867,4,14981.489302112595,30035988131019.555,8099234020436.1,-0.10546875,76923.07692307691,rectangular_hollow_section,True
163.84820576865403,296.5524409106729,11.724145624687687,8.90304051590229,4,10166.521961794535,9042600998291.695,23215294599635.53,0.07421875,76923.07692307667,rectangular_hollow_section,True
78.28839004055212,107.41879478680232,5.843907406368009,18.023047528665963,4,1857.4073824578534,335811053582.91394,544514674920.4989,-0.0020751953125,76923.076923077,rectangular_hollow_section,True
53.64652499979099,129.8521353910338,9.471056606327805,17.116346961242378,4,2882.5298778459505,228877992092.7589,985121624631.6855,-0.0013427734375,76923.07692307678,rectangular_hollow_section,True
157.95991094520738,293.7173097079688,19.616826066879522,15.848585654169058,4,15930.489824859611,11911642980174.852,33069425053152.727,0.015625,76923.07692307695,rectangular_hollow_section,True
171.30019004400933,88.97058777280907,18.980743324680695,11.247503000861682,4,8312.684864928064,5264178967393.979,1671517125186.6318,0.0126953125,76923.076923077,rectangular_hollow_section,True
45.31323295912472,279.8741621843928,14.555112388257172,9.56913344447893,4,8527.304665699467,408579313758.1598,11951093196653.754,0.0068359375,76923.07692307698,rectangular_hollow_section,True
269.99298268668736,292.4766559242752,19.837862346961707,18.46673615448893,4,20401.207056031464,43300827066262.66,49195320992743.3,0.0,76923.07692307697,rectangular_hollow_section,True
252.92590450560394,184.34166092442848,2.7612159176367177,19.87665834193893,4,2282.1398930255104,4247143941407.877,2651628229967.198,-0.0205078125,76923.07692307682,rectangular_hollow_section,True
256.9766209187265,298.1344241811284,18.965247698614867,16.739190434704042,4,19336.713963622537,37874679580775.695,47999839585350.625,-0.03125,76923.0769230771,rectangular_hollow_section,True
84.80035687743167,159.19963295630527,10.695369571750584,10.420943506268474,4,4653.180348884376,997822801524.95,2807630969512.593,0.0185546875,76923.07692307685,rectangular_hollow_section,True
146.73952042903238,251.0825519269941,4.468604324016828,10.089880448424399,4,3405.338224823709,2587906892220.3335,5885301822442.602,0.0048828125,76923.07692307649,rectangular_hollow_section,True
201.49978040679122,148.50622131156024,10.76703214718869,8.37509412835082,4,7003.1936177277075,7778266179465.943,4785972788226.426,-0.009765625,76923.0769230768,rectangular_hollow_section,True
99.23660469074052,279.5775275318314,5.708469828644982,19.493568803821155,4,4004.5813068214106,1435223158030.458,7181488152942.086,-0.0068359375,76923.076923077,rectangular_hollow_section,True
20.712666473332018,288.64434382120106,2.1449776981016324,16.58911707465104,4,,,,,,rectangular_hollow_section,False
40.11358232813036,114.50372515634884,17.929045422514097,14.366649396618412,4,4052.0781640564664,111385379782.80536,849558557646.499,-0.0008544921875,76923.07692307676,rectangular_hollow_section,True
49.12109716030553,170.03288041530183,3.6822424364464323,18.241121559881428,4,1438.9429608152313,123708060755.98575,852865109119.436,0.0023193359375,76923.07692307701,rectangular_hollow_section,True
73.93306661233044,108.08657035729338,7.364954624643613,12.85413856060131,4,2329.0647698061334,371892685987.5067,679644886901.9832,0.0001220703125,76923.07692307695,rectangular_hollow_section,True
87.4811551410018,146.7597357697696,4.612571013236952,16.85304316307337,4,1941.606336245557,488439644283.1633,1072202206821.5059,0.001220703125,76923.07692307676,rectangular_hollow_section,True
70.75516615930286,20.611975655072282,16.597284941487857,14.444319394175078,4,,,,,,rectangular_hollow_section,False
53.32477499731666,283.5353018942141,3.591772380339356,16.937932808640458,4,2259.4725554552874,248489687949.9969,3588967278767.5664,0.001708984375,76923.07692307739,rectangular_hollow_section,True
47.24824958809206,294.2617281878672,10.65552691729985,18.76076266117357,4,6537.505136730142,412886218638.6168,10080238817489.586,0.0009765625,76923.07692307707,rectangular_hollow_section,True
242.20492397722956,42.85048110363486,14.08207725748709,17.37454722896349,4,6944.090341584205,6946244398160.18,287749754882.4442,-0.0048828125,76923.07692307723,rectangular_hollow_section,True
130.31276643768126,210.363916659108,7.989298541859676,8.310539824833619,4,5119.258014039444,2861358846497.667,6075332574044.852,-0.03125,76923.07692307686,rectangular_hollow_section,True
129.56140100194682,114.07321177684666,9.235815624356302,10.091424132692817,4,4058.022790577977,1871682916379.517,1527151630186.942,-0.0029296875,76923.07692307692,rectangular_hollow_section,True
233.67174127482343,176.10157607454386,6.5244178062389215,14.312669848510021,4,5032.596897311506,7881150333407.646,5112679823622.631,-0.009765625,76923.07692307695,rectangular_hollow_section,True
245.20616472473284,236.86928167216982,7.950624655650314,11.798922952783478,4,7288.346947291278,13439260078268.398,12743377625355.91,-0.0546875,76923.07692307683,rectangular_hollow_section,True
290.3395929917631,97.90264112620446,4.070291898739925,9.581956169250288,4,3032.8138949954755,6058944316142.215,1110815489657.0972,0.01904296875,76923.07692307672,rectangular_hollow_section,True
76.82471526227549,41.15056249086753,16.647276600767114,8.215236565819692,4,2751.916776895654,282243243304.5571,84174965550.69424,0.00091552734375,76923.07692307697,rectangular_hollow_section,True
62.4274954655884,276.1940106062705,3.697975182653599,11.096724651418576,4,2381.3319654390857,360406584461.94574,3849229066029.209,0.00830078125,76923.0769230767,rectangular_hollow_section,True
232.94707536781493,44.70152759663844,14.66470574002772,8.583686651255302,4,7209.37606891355,7061963157559.629,328372445221.33813,0.017578125,76923.07692307718,rectangular_hollow_section,True
177.75104470527882,229.23292216777773,2.2540769117370303,11.816710470583262,4,1766.232189690449,1905503183900.811,2789638105452.953,0.01025390625,76923.0769230767,rectangular_hollow_section,True
55.73575649230223,216.2383792629285,3.7446473088554733,8.925315140423873,4,1927.9829660222877,225513412194.1247,1956141759391.0527,-0.0078125,76923.07692307685,rectangular_hollow_section,True
45.17787066220708,257.84150485867724,2.1134336490175416,19.736035199546542,4,1184.001281915994,97121081738.55826,1505425153462.5688,-0.001953125,76923.07692307713,rectangular_hollow_section,True
191.14979521323335,281.11202035979164,2.9759074778791303,11.925395691048177,4,2713.2691125829892,3479156785008.4287,6221960223886.555,0.0439453125,76923.07692307637,rectangular_hollow_section,True
141.92781504182568,104.16005134560916,7.834707635287181,16.872734653925747,4,3407.5191542404896,1800202450558.1553,1112200514609.6594,0.0087890625,76923.07692307678,rectangular_hollow_section,True
293.25257799911515,142.48287123537028,13.416430795503127,16.62852806275599,4,10705.836161762072,22349384904149.125,7025757443029.221,0.0703125,76923.0769230772,rectangular_hollow_section,True
135.55740508690087,272.7223681981624,11.183483515540978,10.588036805523672,4,8519.59249096001,5175897969965.595,15824412603480.11,-0.017578125,76923.07692307675,rectangular_hollow_section,True
73.91399394439642,110.84406497305696,5.595496824807908,16.87359424792657,4,1784.865223836474,294982583013.54956,549053499397.46924,0.0013427734375,76923.07692307675,rectangular_hollow_section,True
272.7132232736593,227.01966587773086,13.603945444756029,15.7422948785862,4,12613.161285532853,26606395752368.97,19950290567020.113,-0.046875,76923.07692307704,rectangular_hollow_section,True
215.48028383950185,268.16519698608494,3.6831012496514273,10.021767944057624,4,3448.112473111336,5399259793207.695,7514926827258.605,-0.08984375,76923.07692307756,rectangular_hollow_section,True
134.46169222885243,23.002043018023862,3.641833540064332,14.268945365164972,4,,,,,,rectangular_hollow_section,False
67.07168357799608,180.64250064878047,11.145190209240866,11.840360432422848,4,4885.071468737606,644946456441.1802,3411931981700.413,0.00830078125,76923.07692307695,rectangular_hollow_section,True
146.58048466672741,243.4274412232626,4.553559153240926,11.907128422332441,4,3381.2039914269785,2538902081285.581,5505390669090.902,-0.0205078125,76923.07692307624,rectangular_hollow_section,True
240.13323103420964,231.84392014112174,14.29386184171806,18.942201256913364,4,12338.294508156652,20525238819460.0,19422840672678.367,-0.03125,76923.07692307679,rectangular_hollow_section,True
99.37585567195525,99.60532308756689,7.593410725489955,9.871465611102803,4,2698.99578889314,747776502361.0569,750524424221.3196,-0.0009765625,76923.07692307697,rectangular_hollow_section,True
105.31571240695686,141.1889102628063,9.980595565140959,15.333342300282002,4,4315.617247782491,1389102163393.0566,2215261336637.7095,0.0078125,76923.07692307685,rectangular_hollow_section,True
274.2855985488962,270.45939958095266,5.518536877204813,18.2293392955019,4,5719.829411611253,13501557215760.328,13218523729844.621,-0.02734375,76923.07692307679,rectangular_hollow_section,True
105.01175785375854,77.6564625500908,17.625195850965675,10.007895350982603,4,5096.378236234703,1208539478247.273,704357230121.719,-0.002197265625,76923.07692307692,rectangular_hollow_section,True
225.84916465229352,196.66267813530322,15.299260531284464,19.25816370007582,4,11636.764074705347,16317087981112.758,13097511442642.664,-0.05078125,76923.07692307724,rectangular_hollow_section,True
173.9593550935625,155.51768021890217,14.7915952349609,19.903899081347973,4,8501.787184711342,6818927952184.5625,5696712101885.385,-0.01171875,76923.07692307702,rectangular_hollow_section,True
104.9132277816282,145.96813922936042,5.614002157252937,8.950296064116765,4,2621.8520477395996,926922719749.0168,1548131722667.142,0.000732421875,76923.07692307694,rectangular_hollow_section,True
113.87419780696517,71.48509171289626,13.260767573768279,15.18956831494649,4,3985.6183720460717,1129954678555.7812,513473711902.12976,-0.005859375,76923.07692307694,rectangular_hollow_section,True
254.8184270412477,39.67121144377457,4.770286978013559,8.3638730523534,4,2661.5371122776546,3348099613401.46,149382401281.24484,0.001708984375,76923.07692307688,rectangular_hollow_section,True
33.92823166086628,83.48897866556396,3.9963700015616297,16.9994375353944,4,,,,,,rectangular_hollow_section,False
269.89259419606145,75.17888119575827,13.793404061550374,8.475898548282425,4,8686.547741767612,13094969478037.434,1457789425466.6196,-0.009765625,76923.07692307704,rectangular_hollow_section,True
141.7938455960366,70.17731600942777,14.338950913033944,14.733225971029892,4,5039.553614641442,2136363836114.9072,638549887852.7212,-0.00244140625,76923.07692307686,rectangular_hollow_section,True
274.77788115892713,58.55245551282783,8.374241921689134,8.663787745089575,4,5227.288665894627,8002070994611.082,594024431264.8936,-0.00244140625,76923.07692307688,rectangular_hollow_section,True
271.3583421470323,160.8251328200799,14.263279825149931,18.689428271699054,4,11185.239133989,20840244094233.133,9054632427769.373,-0.0703125,76923.07692307678,rectangular_hollow_section,True
70.4446268917154,98.94297241134228,13.115484860455302,8.702416411551637,4,3679.405164516799,455082699661.0066,819945726387.2102,-0.0009765625,76923.07692307685,rectangular_hollow_section,True
139.5303263073938,264.72585849031645,16.298079913041143,11.22232706377262,4,11988.748950214536,7141314414701.904,20426819173442.21,0.1640625,76923.07692307656,rectangular_hollow_section,True
269.31918101343615,295.61914624199096,17.26844471549468,9.988033874394338,4,18218.654991504744,39582451572377.3,45901748509046.11,-0.25,76923.07692307669,rectangular_hollow_section,True
32.95599372367798,27.658839103047526,3.005289106229683,12.043444891583324,4,264.84683823582867,6067615905.668947,4708685192.238102,1.9073486328125e-06,76923.07692307691,rectangular_hollow_section,True
265.9582149897483,54.13019830853396,4.4265939920353645,13.07187348461213,4,2659.290938078189,3809893762712.6816,291912730365.37476,0.003173828125,76923.07692307656,rectangular_hollow_section,True
20.19894771844487,247.51309689112085,2.3910759764955047,19.92483578723873,4,,,,,,rectangular_hollow_section,False
268.35934479323987,31.494137386497275,12.179492416033963,13.932803050369529,4,6519.7173795501685,7761645910489.852,131987134671.2934,0.01806640625,76923.07692307691,rectangular_hollow_section,True
32.574281745217775,111.12848224671488,16.779390472779536,14.744875887390178,4,3326.15181678664,56586591188.443665,619564279980.252,0.001220703125,76923.07692307705,rectangular_hollow_section,True
195.03715079533967,124.57395159054977,15.079594963506265,19.265728729653212,4,8375.990615007691,7733221413709.037,3731467908285.289,-0.03515625,76923.07692307715,rectangular_hollow_section,True
267.4204014074429,247.6733850529619,13.785393548740938,13.539502964906172,4,13258.074680024316,27702480748941.766,24556591663166.953,-0.0703125,76923.07692307682,rectangular_hollow_section,True
295.65621665415017,297.8672334938956,15.220586575412296,10.18158611900898,4,17037.220396334214,44716590335288.53,45243922687758.86,-0.234375,76923.0769230767,rectangular_hollow_section,True
87.40102417795741,113.33193767587039,15.733365235620553,8.126653931032813,4,5260.212376683783,999304737084.0784,1569409984797.9077,0.00927734375,76923.07692307688,rectangular_hollow_section,True
97.0406354735819,20.195855265062352,10.833951222221545,17.366204074156343,4,,,,,,rectangular_hollow_section,False
193.74805557139524,149.42999457933107,17.96730606464164,18.25401975728255,4,10707.546742010398,10108600091512.797,6599347829068.568,0.0703125,76923.07692307717,rectangular_hollow_section,True
199.47866565517356,60.51731842653314,12.98271094016429,16.128783615476955,4,5826.462392812653,4534257103835.252,581447885875.331,0.00927734375,76923.07692307691,rectangular_hollow_section,True
173.98226695669345,45.26878012485309,12.26295004931115,14.57868139119026,4,4568.634162134606,2528841975556.9736,230991283160.05188,-0.006591796875,76923.07692307721,rectangular_hollow_section,True
55.06768363266762,131.13130073917355,4.614117588737156,18.71971895762927,4,1481.6678052249904,146641748986.5425,555597407911.5156,-0.00128173828125,76923.07692307695,rectangular_hollow_section,True
140.59399388332272,151.238818381914,5.782663928373881,11.20712678506337,4,3145.210451277294,1913176213564.9902,2140303445943.0474,-0.0048828125,76923.07692307694,rectangular_hollow_section,True
212.40284162546055,44.974141540409626,10.130625587124523,8.830674683061012,4,4726.280587890319,4092180721955.877,267195796372.31158,-0.00390625,76923.07692307686,rectangular_hollow_section,True
242.01829289215104,30.60627447647267,6.662977100643905,16.31329299151158,4,,,,,,rectangular_hollow_section,False
150.1313265486865,82.96951462657091,2.203428319616034,10.35823933089038,4,967.0294246986094,581200647592.7341,237321224385.4635,-0.0025634765625,76923.07692307682,rectangular_hollow_section,True
292.5446054952895,164.05353811155152,13.837684109513402,17.0939120655944,4,11588.996937180473,25075241513534.086,9984984615045.932,-0.03515625,76923.0769230766,rectangular_hollow_section,True
235.10835512188228,34.86731965260919,18.02834081558008,10.451634223272913,4,7851.617020879871,7106770876380.762,161147917416.25293,0.0078125,76923.07692307692,rectangular_hollow_section,True
33.441581540337125,267.5621440088029,17.09218430435774,15.47543972884429,4,8534.86202756248,158228895552.27228,9708612207385.633,0.00390625,76923.07692307669,rectangular_hollow_section,True
125.72031776518467,155.91598911082053,10.093625519672376,9.149540142664122,4,5194.223639352178,2443229819721.294,3447885135728.255,0.0078125,76923.07692307695,rectangular_hollow_section,True
97.26675994431096,102.31578217928639,16.912118341291617,12.723386586979316,4,5444.763589099095,1210380655119.668,1321631121543.9033,-0.00634765625,76923.0769230768,rectangular_hollow_section,True
263.04413977475883,109.97776376286654,19.625125498174945,17.90891784444946,4,12779.891799352368,19110614185484.484,4346706689397.9346,-0.10546875,76923.07692307692,rectangular_hollow_section,True
227.4036529285592,236.99224130555208,15.511805994443048,17.172100520934436,4,13152.64907272747,19747953372801.098,21084076591954.984,0.078125,76923.07692307708,rectangular_hollow_section,True
21.331042060031802,201.5487313761412,5.410892699595625,8.144574717150455,4,2235.9849587704807,27906944556.57496,1579392692855.9531,-0.0015869140625,76923.0769230771,rectangular_hollow_section,True
277.3278652191463,40.31562700814544,8.749128215578157,19.333364668991692,4,4990.26537442812,6681903200473.477,234201598811.92407,0.0009765625,76923.07692307683,rectangular_hollow_section,True
75.34374526933948,98.23831141105045,4.404591919130826,17.154951571159714,4,1319.7938362719956,224298800121.09137,334313353752.9624,-0.00042724609375,76923.0769230769,rectangular_hollow_section,True
215.31647464641927,215.9348539783518,5.883546014853308,10.814257155084213,4,4843.473371557211,7019053842745.3125,7049854595630.537,0.021484375,76923.07692307665,rectangular_hollow_section,True
88.92567748735055,230.6146810742432,10.265344666127769,12.16208130506483,4,5994.556014494637,1532254804038.6455,7242496970250.896,0.013671875,76923.07692307688,rectangular_hollow_section,True
23.107682958133765,120.2625868774778,2.623160977092798,18.54759107155932,4,,,,,,rectangular_hollow_section,False
194.77803585976184,202.25268945615886,11.965073725329725,15.637346967787067,4,8697.310812818425,9678686451465.72,10268793838684.738,-0.115234375,76923.07692307726,rectangular_hollow_section,True
44.01003815395683,262.61045895802016,3.101116507447294,16.409167032431377,4,1771.1075219373627,132998171832.61548,2341740875599.379,-0.00048828125,76923.07692307685,rectangular_hollow_section,True
26.990828597398398,29.481215085451105,9.946997591298427,12.16942806785866,4,584.5277383771642,6133113674.132217,7137719066.74855,1.52587890625e-05,76923.07692307692,rectangular_hollow_section,True
34.1711235176661,72.71588292189315,2.9253556826420057,19.839735892805766,4,,,,,,rectangular_hollow_section,False
73.945941398376,185.05536190961791,7.778697036006186,13.372677278863678,4,3639.8169477681204,648664691059.8994,2829737639764.372,-0.00732421875,76923.07692307717,rectangular_hollow_section,True
140.44421744966735,275.811727667997,16.144243369999828,8.266295161814387,4,12329.39655271621,7535655683275.248,22827239064750.64,0.0625,76923.07692307694,rectangular_hollow_section,True
91.6862790118358,39.58380566180803,12.02603969937578,11.505748139227236,4,2446.433735604175,379203629421.57324,82757681677.49661,-0.00067138671875,76923.07692307694,rectangular_hollow_section,True
266.549099369578,170.80292988238256,9.7159609673659,18.581685888130778,4,7854.31292826873,14925375476393.496,7484026004912.619,0.046875,76923.07692307676,rectangular_hollow_section,True
294.3671781668504,89.03610827896372,9.594720052106148,9.74714952578499,4,6894.076100363299,13196227104028.168,1866271233833.6694,0.015625,76923.07692307669,rectangular_hollow_section,True
100.20842018227363,31.248988642360217,10.675817253197545,13.34429148871571,4,2179.9888896964785,366882808337.98083,43980825526.24057,0.00048828125,76923.07692307688,rectangular_hollow_section,True
41.950556096920835,245.61547778579154,10.202162416113465,14.540619869582958,4,5258.646881082884,251781977160.08435,5702922176867.496,0.00341796875,76923.07692307678,rectangular_hollow_section,True
143.28927455702956,223.88605003116385,4.512264953693613,15.096407971039726,4,3116.2651077352534,2192823614147.1792,4315666010911.843,0.015625,76923.07692307686,rectangular_hollow_section,True
210.27334616767916,156.38261756803047,14.955850131572205,14.759014235395504,4,9854.764973123942,11415252457217.945,7079215269743.23,-0.06640625,76923.07692307697,rectangular_hollow_section,True
110.39530398986633,181.41219115705405,18.873846285851076,16.11488149758556,4,9330.481916755385,3012717202347.5947,7003080974927.064,0.021484375,76923.07692307714,rectangular_hollow_section,True
45.809018298732106,65.39904962490334,12.271457696237704,8.60116453379781,4,2053.035474710785,91775367353.27527,175480722460.57953,0.00042724609375,76923.0769230769,rectangular_hollow_section,True
44.48899912584477,246.82001959184362,17.238295362815457,17.876945538007877,4,8535.529197229658,337317183378.11096,8645574179598.109,-0.015625,76923.07692307702,rectangular_hollow_section,True
176.9062153658704,208.35470595202096,5.503166843563161,14.510837987612904,4,3989.7445957385307,4009210800641.37,5141100634277.878,-0.0546875,76923.07692307685,rectangular_hollow_section,True
165.85133230865387,164.8253152797922,7.4086774192197264,9.236557893080118,4,4598.226365010037,3811274772936.783,3774684980599.292,-0.001953125,76923.07692307683,rectangular_hollow_section,True
181.43591658979278,117.16031084125132,17.195457163352856,16.257814569824664,4,8821.945753045022,6878224983684.859,3315142497589.5547,0.017578125,76923.07692307672,rectangular_hollow_section,True
53.7710142856044,298.53921136530096,15.34114513560325,10.714520804721067,4,9753.480716573815,704968655069.9343,15955942133725.586,0.001953125,76923.07692307673,rectangular_hollow_section,True
246.20674579654167,260.6557654240993,8.60036427242899,9.386448247043264,4,8335.051919918136,15848986721425.191,17307462706195.445,0.0625,76923.07692307704,rectangular_hollow_section,True
213.31017253522614,216.174506334495,6.970003131421052,9.01307763445284,4,5715.633923610792,8089607417193.111,8257383982812.35,-0.0078125,76923.07692307698,rectangular_hollow_section,True
199.78590455401803,120.14734164940526,2.869883577034412,14.307951961622669,4,1729.509330104299,1887712930062.4639,878177079583.3975,0.002197265625,76923.07692307702,rectangular_hollow_section,True
251.6112204062617,254.29308782649454,7.449809498886171,10.761484098209218,4,7210.94044437673,14269575578779.742,14503486613056.504,0.0390625,76923.0769230768,rectangular_hollow_section,True
101.30535825609324,233.5821430743997,10.395607081588812,10.931215808292569,4,6411.238572015365,2141372640150.8555,8277715539151.629,-0.005859375,76923.07692307708,rectangular_hollow_section,True
75.67718705943923,292.85131964298444,18.172825047185334,13.924084291424341,4,11879.521750269927,1808939446602.8687,19821043250701.61,0.015625,76923.0769230767,rectangular_hollow_section,True
90.25684832739769,137.40997988824364,2.5554186652429487,10.814075265950786,4,1088.7086513299278,302870223664.84906,570682071891.6128,-0.0030517578125,76923.07692307672,rectangular_hollow_section,True
95.40889226394765,67.53608162039885,13.783575324540926,14.719424523167286,4,3516.195203100674,685029900373.3398,377818012400.23975,-0.0029296875,76923.07692307692,rectangular_hollow_section,True
99.18632477839466,24.185087276966016,3.1313999787370626,8.226243868808393,4,691.7141569415858,133584870866.86499,13366902999.744328,9.1552734375e-05,76923.07692307688,rectangular_hollow_section,True
139.3779498771778,129.99650945247222,7.987304957307687,11.489972265424207,4,3928.21296243862,2185855352994.6177,1959710724631.333,0.00048828125,76923.07692307691,rectangular_hollow_section,True
158.1159731195726,269.3610844327518,8.00623059289143,18.266696737709804,4,6360.165834444631,5356429988826.51,12181466691486.969,0.009765625,76923.0769230767,rectangular_hollow_section,True
77.26582892849507,225.4398914713354,4.840008804290571,18.23095854349388,4,2683.4436482895935,578040907654.396,3053156065146.3213,-0.00537109375,76923.07692307657,rectangular_hollow_section,True
216.02386103090086,166.8764059742752,18.60696406218311,18.54067991623997,4,12520.589756929267,14945875899780.871,9805743298543.105,-0.03125,76923.0769230767,rectangular_hollow_section,True
42.198823141966116,68.72506902370995,3.12583892774615,10.902328974627796,4,595.9899846665292,32655280919.687645,68635878420.27115,0.000213623046875,76923.07692307717,rectangular_hollow_section,True
236.83845406735216,258.24205098032473,12.924814432569322,10.8906545321137,4,12010.83764524451,20481578235201.17,23466524966164.008,-0.2734375,76923.07692307692,rectangular_hollow_section,True
20.468698161297645,61.93241328641364,13.998715285412425,19.12536589740089,4,,,,,,rectangular_hollow_section,False
296.11139242430403,230.6139133748966,5.264920554347854,18.42982817834343,4,5269.11245028555,13633994269783.457,9349933991848.973,0.015625,76923.07692307678,rectangular_hollow_section,True
70.98059540642188,66.52379090199746,17.034583199931603,11.76732648912991,4,3385.481745969279,339658958320.9962,301491219437.85767,-0.001220703125,76923.07692307688,rectangular_hollow_section,True
228.88805370147398,84.48607936047087,5.53041025149664,18.9920746205661,4,3164.350795072373,3770454597256.662,800974633107.7898,0.0029296875,76923.07692307665,rectangular_hollow_section,True
157.82158935849958,140.40938113108717,4.66744499018435,10.139848256941603,4,2623.9438021534274,1958647400674.2588,1638454407437.7427,0.0146484375,76923.07692307723,rectangular_hollow_section,True
112.12409608494485,220.66469677187843,10.131587028964738,17.99481648018324,4,6070.777968531189,2445228914533.9556,7148819123916.289,0.005859375,76923.07692307688,rectangular_hollow_section,True
180.45604325957586,131.30717362527128,4.510468846227508,12.017443031668833,4,2642.9549618679866,2450413853383.774,1509957275101.5083,0.01123046875,76923.07692307714,rectangular_hollow_section,True
40.315801040624834,174.61251628628494,14.709441163622794,10.529863926296164,4,5346.6022045427035,180597004278.63336,2862019546270.7227,0.002685546875,76923.07692307678,rectangular_hollow_section,True
41.21586689186955,191.0372037181625,7.595483978069764,15.42635997312719,4,3120.73348273707,158795688464.09924,2120302504590.2783,0.003173828125,76923.07692307694,rectangular_hollow_section,True
88.50503439592319,285.66597972559094,8.938434931779817,8.308490991656273,4,6300.393027489475,1703635163539.3828,11508027616764.043,0.001953125,76923.07692307685,rectangular_hollow_section,True
258.96377165694116,85.00642332424692,4.252728000739117,19.075466982506796,4,2709.1207277601575,4087940907158.672,730003284800.2659,0.0166015625,76923.07692307666,rectangular_hollow_section,True
254.63549241075114,142.9081069059022,15.323074777701166,18.948715943827025,4,10898.085554824567,17248366548627.734,6790633407554.068,-0.00390625,76923.07692307672,rectangular_hollow_section,True
52.997877041810575,165.19848401270033,17.25567380877553,18.475242617445748,4,5999.370109163169,362048766659.1438,2878412939247.1104,0.001953125,76923.07692307707,rectangular_hollow_section,True
292.8719489079218,55.01486016636772,6.855209588947095,17.527455178376442,4,4388.38352572603,7242012667765.91,458427896806.2677,-0.0068359375,76923.07692307713,rectangular_hollow_section,True
188.38048613216162,92.00531256221683,18.82964171457333,10.509694532700145,4,9030.45295497173,6964236076153.986,2000252113427.9395,-0.005859375,76923.07692307701,rectangular_hollow_section,True
245.77318127357913,153.61643246290174,7.3336196715060975,19.82184082916091,4,5405.865439666818,8722846089796.846,4245346162478.92,0.00390625,76923.07692307697,rectangular_hollow_section,True
244.82968028431722,54.44137698226259,13.240000619090136,10.70776892790542,4,7108.851185983275,8135268749029.32,564853837200.8955,-0.0087890625,76923.07692307667,rectangular_hollow_section,True
293.1470722846884,281.0011265357033,5.949950980454727,17.872581190219947,4,6513.419563033694,17451125376042.758,16370345407229.262,-0.06640625,76923.07692307675,rectangular_hollow_section,True
24.656849926400803,208.49769958691616,4.53848463122335,10.408116066430859,4,1960.0690014735044,37628641280.99166,1507700527441.691,-0.00115966796875,76923.07692307683,rectangular_hollow_section,True
49.87732482312953,188.2756628289212,14.486394772486305,18.108411263622703,4,5745.7383017016755,336758818561.4679,3626859503243.211,0.001953125,76923.07692307686,rectangular_hollow_section,True
186.62774975341011,164.16764140476238,18.94793425925319,12.661729801971559,4,11697.279767877977,10600046188342.445,8571061975083.482,0.00390625,76923.0769230767,rectangular_hollow_section,True
230.0404368522788,26.039061760786666,7.30340629863377,9.642147992243228,4,3439.644966796796,3154406648584.373,60161121935.4794,-0.001953125,76923.07692307688,rectangular_hollow_section,True
205.79302516921416,201.0055413772185,3.748191478065436,11.202217443439926,4,2923.3949108541956,3903473157661.8604,3767185425798.752,-0.0439453125,76923.07692307777,rectangular_hollow_section,True
67.86892423064178,137.11685913939647,12.177151402051537,16.36073909895734,4,4148.982395809889,512428221780.78503,1663069506581.396,0.00146484375,76923.07692307704,rectangular_hollow_section,True
160.87376436837127,50.238300392287286,8.28827429104911,15.430851695035747,4,3037.6326628151614,1570616378930.651,228354969879.90405,0.002197265625,76923.07692307694,rectangular_hollow_section,True
195.82600003625805,213.25369928210097,6.692766462365974,11.46621663804586,4,5187.8889949754,6261262685233.746,7136070093648.014,0.01171875,76923.07692307673,rectangular_hollow_section,True
275.58502924665834,112.63404999257935,4.993439453084539,13.076979226393458,4,3671.695412719369,6840940622485.115,1710675047266.1533,-0.0166015625,76923.07692307634,rectangular_hollow_section,True
22.432036812382382,271.9270323393037,15.535169484863367,12.356103134963549,4,,,,,,rectangular_hollow_section,False
207.03076791919764,55.32911154482741,9.608243049871604,18.007953124417362,4,4418.630392434294,3676397622276.617,404613824254.8312,-0.0029296875,76923.07692307695,rectangular_hollow_section,True
99.10488406357824,80.63788733816715,12.671664603093266,18.463250045574334,4,3605.6467525056987,807396060567.2107,574375398083.1335,-0.000244140625,76923.07692307705,rectangular_hollow_section,True
120.79547767548873,112.28880746456683,7.665631423381013,14.680710211140234,4,3172.116898550334,1289141624212.3013,1150325573845.6125,0.001220703125,76923.07692307697,rectangular_hollow_section,True
140.17732644512313,32.28968138239901,7.774666387543819,8.33205174759277,4,2370.8527397984594,878139954856.8823,66104549842.652664,-0.00103759765625,76923.07692307688,rectangular_hollow_section,True
28.39653146388889,52.105089555445076,18.60451230498512,15.74490245694785,4,,,,,,rectangular_hollow_section,False
285.9792692728328,62.74999485095358,9.536017263717124,19.13747076800844,4,6013.179187078855,9533143204904.336,760625821158.6475,0.0107421875,76923.07692307673,rectangular_hollow_section,True
26.487512191898613,169.54410213722548,14.56246449693064,10.400676558015514,4,4012.283512993805,49882909560.50156,1883368386035.9385,-0.0018310546875,76923.07692307694,rectangular_hollow_section,True
205.88722870143272,125.01962981694365,14.68439424539807,9.989557859205073,4,8756.016534340464,9215234635248.809,4058530171773.9043,0.001953125,76923.07692307667,rectangular_hollow_section,True
85.57850073044435,292.3030729103031,18.284441196582243,11.87436310587714,4,12340.42316635696,2506547345185.496,21381278191884.57,0.087890625,76923.07692307651,rectangular_hollow_section,True
206.68080550446396,283.609771213946,19.770798081995473,16.90361014944947,4,17537.602124328692,22175778908497.117,36995566960626.44,-0.265625,76923.07692307711,rectangular_hollow_section,True
126.10902185840385,175.3459245264155,2.3725657161884515,16.834714747898033,4,1333.673203197871,717762318008.8821,1171502066489.7275,0.001220703125,76923.07692307682,rectangular_hollow_section,True
158.27237064740254,135.00412713610615,14.617736720057323,17.815054175622535,4,7412.211037923255,4785847525630.824,3697534431480.324,-0.029296875,76923.07692307669,rectangular_hollow_section,True
239.96076709964126,110.34914233682943,12.856416479260938,15.968044074627867,4,8101.014201025062,10873583253639.797,3077755209589.9385,0.01171875,76923.07692307707,rectangular_hollow_section,True
22.705515650359697,44.311929326275965,12.793604420505321,14.259666589377131,4,,,,,,rectangular_hollow_section,False
234.03460917643352,110.34284610610274,14.424739820176901,19.626424309822035,4,8744.678899591885,10924903057666.793,3201096124516.7656,-0.017578125,76923.07692307697,rectangular_hollow_section,True
251.31120372833695,280.39864543884073,7.196664348658873,19.576722885043715,4,7215.924490121997,14506225464253.324,17128731649929.14,0.03125,76923.0769230768,rectangular_hollow_section,True
141.87036116921624,217.93667397665325,16.464227535201722,11.279428293730527,4,10636.381134858719,6266558554077.018,12690421213288.441,-0.11328125,76923.07692307682,rectangular_hollow_section,True
164.63690845690516,202.12884380758996,7.473815911378491,8.671181031174825,4,5185.09203569197,4474614973980.739,6153643542971.977,-0.0068359375,76923.07692307724,rectangular_hollow_section,True
122.66096619535148,168.62867602640478,10.104700271849396,10.424681209102978,4,5369.797593043208,2451550714060.0854,4074838615241.3115,-0.005859375,76923.0769230768,rectangular_hollow_section,True
173.3508666178382,23.42754159949505,4.747885933230016,14.419276488290576,4,,,,,,rectangular_hollow_section,False
43.96543653127482,216.583593349257,5.439122445562173,13.420182925899837,4,2599.575957900152,172430696520.12076,2376677471954.8857,0.00244140625,76923.07692307701,rectangular_hollow_section,True
224.2008775887381,198.60313225597287,18.021481553698315,13.78551448499683,4,13749.973729314841,18805484044859.87,15449872788626.324,-0.11328125,76923.0769230768,rectangular_hollow_section,True
52.63882164088677,275.2112278916548,16.07713475461042,11.052885327986022,4,9385.715529535555,620421214974.7444,12940335860128.758,0.0478515625,76923.07692307708,rectangular_hollow_section,True
175.85883044104276,235.32026098948188,15.88513974503666,18.89907033451117,4,11705.832914434375,10694022346566.254,17044986533749.098,0.0234375,76923.07692307685,rectangular_hollow_section,True
91.75914153753017,21.595985552332372,18.09799703229274,13.199954198689305,4,,,,,,rectangular_hollow_section,False
266.37589030526937,169.81903885939212,5.047802938106731,17.013150864540304,4,4155.453080702506,8171584788124.553,4128727088914.8936,0.001953125,76923.07692307649,rectangular_hollow_section,True
280.8288097908678,269.0748017731783,17.101532565108062,9.022989413437514,4,17557.125039409137,40290015025476.49,37639527147235.81,-0.09375,76923.07692307714,rectangular_hollow_section,True
75.228937898889,298.1354064844675,10.628095328140828,10.857077672267177,4,7366.654344586437,1361037096674.2917,13626490151581.535,0.04296875,76923.0769230768,rectangular_hollow_section,True
222.18410027468815,23.342990776994206,17.433396951793405,8.994693111943889,4,2946.9291385046063,2812923812434.3193,40810993682.48164,-0.0035400390625,76923.07692307694,rectangular_hollow_section,True
239.3647666915193,293.2141733888204,14.833843819801427,18.77111870662131,4,14583.36118388916,25617624106848.08,35223985030592.79,0.2890625,76923.07692307678,rectangular_hollow_section,True
42.19634791659243,231.7943826783427,10.134223381333465,14.375758593321361,4,4953.8847881774955,240263344734.25537,4816657850100.375,0.00048828125,76923.07692307659,rectangular_hollow_section,True
39.70067284851524,121.73434072737516,3.180644012636286,12.491279106408735,4,917.1245055146775,50331309994.53998,289102501377.96497,-0.00067138671875,76923.07692307662,rectangular_hollow_section,True
262.647130953903,269.96967667626916,14.367613817307017,15.564851875963306,4,14238.320667109754,29281617302314.797,30572916181009.58,-0.25,76923.07692307678,rectangular_hollow_section,True
58.264926844803064,32.83731803942959,13.091680337638604,17.816849848939178,4,,,,,,rectangular_hollow_section,False
276.07991867268896,164.59038811733572,19.01426260859236,18.153926836529404,4,14982.308084448892,28091185190925.375,12072401924792.23,-0.1171875,76923.07692307691,rectangular_hollow_section,True
227.66386363083015,90.23105101390072,16.917793194540703,10.949939412400372,4,9491.412767683372,10604468168468.91,2164718267704.1729,0.015625,76923.07692307686,rectangular_hollow_section,True
169.9315315104814,127.17826956808622,5.829102336591571,15.963388737339518,4,3175.7271160537653,2552866013807.2256,1639987934322.4795,0.0009765625,76923.07692307691,rectangular_hollow_section,True
107.29825672136265,75.90258266691579,5.072076318412525,11.656327593553687,4,1662.995837116042,506526138998.78723,296414460451.8969,0.0003662109375,76923.07692307701,rectangular_hollow_section,True
228.9047343875398,286.9962917322679,4.55657569426613,17.22514721997001,4,4482.221632050774,7839929864208.547,11020704655210.715,0.021484375,76923.07692307651,rectangular_hollow_section,True
239.11554163863207,260.95361201702144,5.196871687552985,10.641803008238217,4,5005.959857376553,9260291293272.275,10575023569113.84,0.140625,76923.07692307656,rectangular_hollow_section,True
186.3373806130031,179.58490322292508,2.334678636317549,11.166386906944558,4,1640.1298543308499,1804803046670.312,1707722934456.6323,0.0,76923.07692307672,rectangular_hollow_section,True
289.68110635559685,289.93069367917025,11.88812312977766,14.814614481089325,4,13004.77455578186,33218607238343.72,33262978997484.062,0.1015625,76923.07692307665,rectangular_hollow_section,True
296.26428310666796,130.37657464592263,17.056273809175913,8.011624846399137,4,13325.954538326023,27325704710743.047,6993823649942.143,-0.125,76923.07692307676,rectangular_hollow_section,True
27.755975882483174,199.61998251420098,8.250535688666698,14.469399283597552,4,,,,,,rectangular_hollow_section,False
38.275024416493764,57.305133339590874,2.721841313861482,8.558426319548678,4,451.49342724191933,20199973440.020374,37435682144.896545,7.62939453125e-06,76923.07692307697,rectangular_hollow_section,True
202.7044731549804,274.89240860312896,4.725347417580508,17.051733833033246,4,4285.484926203645,5945639981965.156,9415650190398.203,0.0078125,76923.07692307638,rectangular_hollow_section,True
222.4039872836704,85.17980136958963,16.463195211576384,13.567263499552562,4,8859.40608786559,9264413337252.625,1783209941513.8901,-0.025390625,76923.07692307672,rectangular_hollow_section,True
212.1034633990297,92.24816953126908,4.554807108451158,8.23170315945173,4,2635.2995187629526,2960848852313.537,808909917180.541,-0.009765625,76923.07692307666,rectangular_hollow_section,True
46.72312639241579,197.70223982511664,10.779882533701455,10.686416596189702,4,4690.730502735006,279358898637.67694,3513836835708.785,-0.007568359375,76923.07692307692,rectangular_hollow_section,True
280.72869240549414,44.89276481586411,2.2091160401783867,16.221848895620393,4,1352.3586941174829,2056142104861.879,110810710430.57724,0.0018310546875,76923.07692307676,rectangular_hollow_section,True
32.36600474803799,62.224786728205494,10.169547895974409,18.63938141316276,4,,,,,,rectangular_hollow_section,False
293.8839667052784,150.43395940192602,14.367261241260174,11.004014142131957,4,11820.502327575394,25324501467482.453,8581969547431.998,-0.0625,76923.07692307714,rectangular_hollow_section,True
138.30384145296497,233.78556484237978,11.572740462350021,11.39867897419369,4,7946.5450860994915,4831878416558.738,11177194723504.39,0.05859375,76923.07692307682,rectangular_hollow_section,True
68.0091108560396,153.4774506529558,6.991115482934278,11.895012062072436,4,2783.930365774,413644433296.2439,1521739222136.457,-0.001953125,76923.076923077,rectangular_hollow_section,True
200.73448791100614,96.57971500377083,12.977712888618342,14.710435447206628,4,6829.838015413741,6333951761712.613,1901601779902.0068,-0.001953125,76923.0769230769,rectangular_hollow_section,True
108.12050094184727,223.51635803414092,17.890052086051732,14.07809819005928,4,10387.592658254476,3422038638303.593,11679527334691.316,-0.015625,76923.07692307682,rectangular_hollow_section,True
137.97818278668348,36.88105570644473,2.164550446975871,8.991989280064011,4,704.0002209330919,286900367104.4581,36213159319.20114,-0.00042724609375,76923.0769230769,rectangular_hollow_section,True
231.08621700721483,201.77085632965057,4.376479038585651,9.927861078067005,4,3644.420958187055,5964488655545.76,4854967774989.691,-0.00390625,76923.0769230773,rectangular_hollow_section,True
156.06117407688347,101.98946432521133,9.27863968459866,15.245748770429069,4,4247.518705912047,2620748569919.997,1335581401224.7578,-0.00390625,76923.07692307691,rectangular_hollow_section,True
135.20915890333524,217.642590521158,19.079209709739843,10.536587288712074,4,11897.18040315148,6137773405819.699,13628757274249.887,-0.08203125,76923.0769230771,rectangular_hollow_section,True
283.40863645817785,280.04461857610795,4.561200677579465,12.798282984508388,4,4960.882008388434,12688819812798.504,12462103726995.059,-0.01953125,76923.076923078,rectangular_hollow_section,True
167.67592840456447,89.71000373186598,17.64644853477437,18.56956559161222,4,7494.330005318417,4510311280806.059,1549001459768.8296,-0.021484375,76923.07692307702,rectangular_hollow_section,True
143.85626720786973,228.45660317266268,17.3381912781636,16.215020905148528,4,11445.085113812707,6888616360318.992,14707300470573.867,-0.05078125,76923.07692307726,rectangular_hollow_section,True
277.71782991108023,119.65007232906417,14.177032295654808,10.818641758099073,4,10345.999178292142,18685840652329.03,4689283024496.543,0.001953125,76923.07692307662,rectangular_hollow_section,True
44.37246162529897,251.08048329848648,8.79977487748709,18.495938369612723,4,4642.010503155476,270853008963.90546,5269261645083.09,0.00244140625,76923.07692307707,rectangular_hollow_section,True
259.7315798305717,149.2003763767446,2.255795118215179,16.574553969059647,4,1754.8899902832927,3242882690516.709,1413546525642.7449,-0.00390625,76923.07692307666,rectangular_hollow_section,True
29.505828758778712,175.26719775449374,5.350378917497872,17.23726661579375,4,,,,,,rectangular_hollow_section,False
81.67210140212353,200.1387793457877,10.42939804768995,18.87828489759849,4,5158.140372759147,1061990664563.0654,4530727011882.074,-0.01611328125,76923.07692307715,rectangular_hollow_section,True
60.03562997373814,69.9240900131681,15.273122838480576,18.68148760332535,4,2699.3273811688664,189449847500.427,247280942713.33594,-0.0009765625,76923.07692307688,rectangular_hollow_section,True
60.806751490495714,241.34295722916448,6.068290575129406,17.791651478921022,4,3340.6621859195693,432875922028.603,3964438677905.205,0.00390625,76923.07692307683,rectangular_hollow_section,True
247.16315716001805,54.79048329415146,17.348539349523353,19.64351500560979,4,8892.42118754038,9497599278742.172,608154438653.991,-0.0126953125,76923.07692307718,rectangular_hollow_section,True
87.1882979770101,98.2743796983833,2.310675916049445,13.610925410294087,4,778.1697406125764,184637966134.48688,220493737013.05548,-0.00146484375,76923.07692307682,rectangular_hollow_section,True
108.75820621946576,105.73244698523733,14.574653092209344,10.78969052821712,4,5286.1542512321375,1560516154839.5718,1487746794187.4995,-0.00341796875,76923.07692307688,rectangular_hollow_section,True
196.09406764287488,296.68362222494807,6.809997572440649,8.690162211489238,4,6454.1415755672215,8487955465604.3125,16062550102140.938,-0.0625,76923.07692307685,rectangular_hollow_section,True
186.98151408060593,278.1193648346267,16.10853565369206,17.81924173849443,4,13631.649636687673,14607897113094.785,27542796304604.273,-0.109375,76923.07692307676,rectangular_hollow_section,True
79.62637912481506,255.9623875617181,15.563887611803711,18.308630428091018,4,9149.520971589931,1642353126047.2837,12063512075827.504,0.044921875,76923.0769230771,rectangular_hollow_section,True
256.46002097266927,270.31773681671035,8.359405998471043,19.61292034656485,4,8269.55456272425,16928059613675.648,18342131614151.07,-0.03515625,76923.07692307731,rectangular_hollow_section,True
247.06253969283318,207.50454021037805,19.70782032024689,19.408665082224303,4,15986.763661089199,26008522567906.72,19614989406525.973,-0.140625,76923.07692307704,rectangular_hollow_section,True
157.1935401362602,146.32211955690613,17.671187244676073,17.870714351071673,4,9158.558053361618,5773137183411.486,5128371149483.131,0.01953125,76923.07692307678,rectangular_hollow_section,True
287.6945107494807,278.83068550817234,9.861610388419557,17.812441452975303,4,10530.62872772151,26544432377735.47,25299878815166.992,-0.0234375,76923.07692307708,rectangular_hollow_section,True
163.2191213478312,242.38260564712286,8.630863443691911,8.434879608897528,4,6632.271827286955,5808956907290.1,10781052983420.504,-0.03515625,76923.07692307679,rectangular_hollow_section,True
148.79752023536275,144.96637303642999,2.166514288259769,8.458334140664864,4,1222.1557882714828,857728303329.0806,824759521939.1833,-0.002197265625,76923.07692307682,rectangular_hollow_section,True
61.766407678240626,272.65401955957907,9.986460542805236,19.510984861773906,4,5990.473259171461,716459129373.3086,8588158794245.691,0.0107421875,76923.07692307686,rectangular_hollow_section,True
68.89832755505928,96.1882624652991,17.15747282406659,14.48352729062145,4,4277.649306171714,441170896418.9188,801703376130.5259,0.002197265625,76923.07692307685,rectangular_hollow_section,True
260.5595967460945,47.7998902434572,3.1314622329913204,16.509208354839902,4,1798.4180833150772,2388576108926.915,159606463142.11667,-0.000244140625,76923.07692307622,rectangular_hollow_section,True
277.4689333825206,66.31054012353331,12.047521994201379,13.446840820500038,4,7523.950956760852,11506521970819.895,998266951639.8623,0.0146484375,76923.07692307686,rectangular_hollow_section,True
245.37990469055057,49.323551801806886,6.487050639750222,18.26626865132451,4,3460.278594461715,3963569939546.09,283127188413.90894,-0.002197265625,76923.07692307686,rectangular_hollow_section,True
241.80233809165273,55.86874812562179,4.188810571702264,15.38153307235628,4,2312.276526972184,2773072920875.3506,269096897862.047,-0.0048828125,76923.07692307697,rectangular_hollow_section,True
227.45482914604412,54.93632997260902,14.74411092373921,10.59762648641622,4,7345.348232985644,7206208246054.16,560128416292.4141,0.001953125,76923.07692307666,rectangular_hollow_section,True
270.0886563256888,229.34712894480384,10.05974985122802,14.918871205407044,4,9444.642207159546,20148564127415.992,15647093822669.57,0.0546875,76923.0769230773,rectangular_hollow_section,True
283.2507123924342,280.53774693632147,2.290307171176802,18.44343088339923,4,2482.2787380129794,6401157557134.768,6310114946384.705,0.03125,76923.07692307686,rectangular_hollow_section,True
165.44318432491096,159.15050093163873,13.68250779829176,18.222704704705244,4,7822.213602191007,5840609694403.1875,5489602163365.232,-0.0234375,76923.07692307673,rectangular_hollow_section,True
59.816359436409925,50.19434141763142,8.628704463590559,12.515901356238292,4,1459.144001047171,115165278244.05005,86015994757.02844,-0.000213623046875,76923.07692307695,rectangular_hollow_section,True
103.4321871180473,27.592581137085205,3.14276142702585,8.166180900435895,4,742.5996104728733,161597217783.92902,19108244656.90914,1.52587890625e-05,76923.07692307665,rectangular_hollow_section,True
85.50685404045278,31.032011523225282,8.510828320116754,16.951932078089982,4,,,,,,rectangular_hollow_section,False
155.15970034572098,223.91433774392493,13.173058439653584,16.095068318221006,4,9042.497956365114,6627391234897.674,11886692316723.93,0.0234375,76923.07692307697,rectangular_hollow_section,True
55.218609226628786,232.39281317619796,5.225392907749191,13.13994686270232,4,2786.5284102125074,304678806650.7317,3101348093849.1914,0.010009765625,76923.0769230767,rectangular_hollow_section,True
261.9959020315529,20.14199268622642,15.875353978130756,18.56703015260706,4,,,,,,rectangular_hollow_section,False
138.47478186019956,258.43027893316116,3.797234059252336,11.716490199273059,4,2882.0453594869323,1993649366613.81,5159980904872.467,0.0185546875,76923.07692307724,rectangular_hollow_section,True
265.5127188581557,159.854290723402,19.485770795722676,11.943122865720657,4,14915.788867737252,25964034976248.83,11237379466042.96,-0.0625,76923.07692307659,rectangular_hollow_section,True
27.71008259486058,293.93243772911,16.493692167430073,9.031668862950754,4,6686.235300010884,101319929740.34836,9823380225642.445,-0.009765625,76923.07692307697,rectangular_hollow_section,True
251.38896081536387,50.29079155750965,15.196635431830433,19.294619017646387,4,7889.794660592575,8685900960708.359,471819054896.2019,-0.015625,76923.07692307682,rectangular_hollow_section,True
45.30718323641943,190.52690637566081,11.981861574431807,12.93576094295441,4,4910.778818204719,255382075360.04034,3295849539979.9766,-0.000732421875,76923.07692307682,rectangular_hollow_section,True
65.50836845107642,172.4666044476197,14.143790850642395,16.278289979837023,4,5671.122572090815,639910052918.5759,3387082968652.3857,-0.01171875,76923.07692307685,rectangular_hollow_section,True
79.38987706752931,275.2315020244949,4.582483662195511,8.192798826195741,4,3112.0091488286903,743532801181.3925,5340801039411.529,0.00537109375,76923.07692307685,rectangular_hollow_section,True
291.4539900413966,159.47544928050957,13.34273914469825,17.150844128486415,4,11041.503220788754,23596417011591.67,9044745760221.107,0.04296875,76923.07692307692,rectangular_hollow_section,True
183.28327869579522,68.69557851807286,3.8760684448777356,15.680178749630306,4,1786.7479825550483,1377160664318.9233,303122540138.37,0.0,76923.07692307713,rectangular_hollow_section,True
56.33911340392519,67.59015633283269,10.372542439028237,8.518021536948282,4,2068.007982062921,156313260256.826,214311182192.3437,0.00048828125,76923.07692307683,rectangular_hollow_section,True
73.26144152151053,64.43590063039252,14.695827191187211,17.427972347892435,4,2887.0137395658035,309126017912.52527,247282540746.43567,-0.0009765625,76923.07692307691,rectangular_hollow_section,True
60.89712850142987,210.60050165732943,4.803602446202596,9.276434002490252,4,2449.9889692215074,329370636846.7355,2396040079090.669,-0.000244140625,76923.07692307651,rectangular_hollow_section,True
249.9453205846216,296.404404643949,2.363360826942986,15.851367764622005,4,2490.7616503807776,5236377954396.475,6754454256194.439,0.017578125,76923.07692307708,rectangular_hollow_section,True
173.21138537139933,118.93653381619592,3.2493258651503547,12.850807742047422,4,1783.3803008296084,1509094093397.5068,855947210934.6643,-0.00341796875,76923.07692307694,rectangular_hollow_section,True
230.4320959017866,83.4784509758247,2.399832688791331,9.621275535563509,4,1443.2090896277966,1853369228542.2207,388541154963.2053,-0.00439453125,76923.07692307702,rectangular_hollow_section,True
260.5872382774264,55.44998267260131,3.4517309248240795,13.365794688296447,4,2053.7373050442548,2871558212701.955,244527935849.5083,0.003662109375,76923.07692307667,rectangular_hollow_section,True
254.08637834172688,64.52794394443815,17.42113382544382,14.16100274012888,4,9686.727880838807,11814657969702.398,1008578846765.9854,0.001953125,76923.07692307717,rectangular_hollow_section,True
80.00813366438607,113.71908995743202,14.170184106332297,10.370316679556492,4,4579.580911795765,744118583653.1887,1361492224283.0356,0.0029296875,76923.0769230769,rectangular_hollow_section,True
53.286086824332656,143.39260157797332,12.647233444765213,14.024832556634726,4,4140.2743675142965,296929473651.3229,1667592783658.7876,0.001708984375,76923.07692307666,rectangular_hollow_section,True
186.71384964825634,131.95329498145128,10.775217896263943,18.24434113717443,4,6125.926375141166,5570540093808.061,3224216083208.0625,0.0009765625,76923.07692307698,rectangular_hollow_section,True
177.7843523915165,69.22043708565812,3.7359455495615457,16.48546110181616,4,1680.5434504157927,1225613352291.9106,288224266637.7376,-0.00048828125,76923.0769230771,rectangular_hollow_section,True
275.38025551032564,112.93842029897262,12.131366328161015,18.97384859061369,4,8519.804653838275,14772805600927.656,3515640411731.2705,-0.0078125,76923.07692307711,rectangular_hollow_section,True
182.14649900118843,208.30917914167333,3.927542265550323,8.170217449529678,4,2956.6078440135943,3212875688110.0703,3939217576034.548,-0.0439453125,76923.07692307688,rectangular_hollow_section,True
264.0903241807449,64.78154831189282,8.29113622242273,16.445859030741616,4,4974.504454505929,7016042927630.223,697022344772.4708,-0.00244140625,76923.07692307692,rectangular_hollow_section,True
97.43368128106722,147.84751840284025,5.300544711899496,11.411984021778311,4,2394.9811459792127,739669176608.2559,1408377359572.96,0.00146484375,76923.07692307711,rectangular_hollow_section,True
221.36421124994948,187.11885226573864,7.648121487277848,12.454967145496052,4,5882.260699976684,8458380384815.389,6528453671911.467,0.01953125,76923.07692307711,rectangular_hollow_section,True
132.65693788629542,35.66339681511272,2.4414622035567715,16.381970148833076,4,724.0213355765322,250777883115.5432,33187222314.86831,0.000274658203125,76923.0769230769,rectangular_hollow_section,True
173.4514200683996,273.00127809856656,9.545974807275794,15.43648197684141,4,7955.562977493293,7890732123334.152,15975424361144.402,-0.05859375,76923.07692307667,rectangular_hollow_section,True
241.3991527844146,284.0558439852828,19.651052421697795,14.333890013035631,4,18901.371525501887,32361784133134.164,42039593954554.39,-0.0078125,76923.07692307666,rectangular_hollow_section,True
110.2390488916099,240.67581606169676,3.800522252582905,14.565983461298845,4,2513.27090930642,1115528073192.4897,3676777700874.828,-0.013671875,76923.07692307749,rectangular_hollow_section,True
191.73359066601552,189.29935579658084,9.93920572536115,8.088052016101397,4,7113.761858845219,7790556096540.428,7635583392093.467,-0.029296875,76923.0769230771,rectangular_hollow_section,True
284.5859356328299,198.64766450378693,18.27831258057557,15.381165189597299,4,16092.422499705666,34178939040115.86,19142887461856.934,-0.0859375,76923.07692307698,rectangular_hollow_section,True
129.51076496506548,205.68204166736666,5.250713613259145,14.285034463529245,4,3287.2796355103605,1863621194907.984,3779180488595.9326,-0.0126953125,76923.07692307657,rectangular_hollow_section,True
261.80083486608316,86.97348648374644,6.438647657335114,14.10461049138895,4,4185.272148633447,6492726052853.199,1133336296905.347,-0.01171875,76923.07692307711,rectangular_hollow_section,True
89.28482181882286,209.67036118618844,6.454459751600057,19.68862533691534,4,3480.049360818149,944901911549.9197,3559887501178.203,-0.00048828125,76923.0769230768,rectangular_hollow_section,True
68.64660579167736,225.5023040053275,10.45928240278468,8.370169666355928,4,5645.5269383077875,830424316897.5286,6136435383154.826,-0.01220703125,76923.07692307707,rectangular_hollow_section,True
258.57288054319304,219.02819196111705,14.942194180784977,15.361699353378636,4,13143.933442442241,24663262283137.89,18963424798574.87,-0.0078125,76923.07692307692,rectangular_hollow_section,True
138.04281784831048,99.04856786385103,5.7230042016038345,14.393134107892148,4,2450.747727967391,1258287588325.2363,755261398170.6047,-0.00048828125,76923.07692307683,rectangular_hollow_section,True
197.26647998802952,293.3077719556906,16.08266253766295,11.427527372451966,4,14614.28376830507,17698527832776.324,33416077918268.625,-0.046875,76923.07692307713,rectangular_hollow_section,True
181.8775611517051,203.53061183849186,12.444848753022336,8.520572141787817,4,8900.5956505173,8774677082853.141,10496905997639.258,0.025390625,76923.0769230768,rectangular_hollow_section,True
181.07278359436663,51.8134899688513,5.495330876107728,14.83352158907809,4,2305.9480567737396,1565940636384.7593,210445394648.5296,0.000732421875,76923.07692307694,rectangular_hollow_section,True
180.12003436499774,83.02607969938231,3.3876720005429855,8.77589105054858,4,1689.0167998018721,1390000320226.3555,421238692591.1869,-0.008544921875,76923.07692307705,rectangular_hollow_section,True
75.90869328952425,154.77885745751001,19.259483412943307,8.815678922184963,4,7324.419114177124,1007065008337.3611,3623819737548.6445,0.0126953125,76923.07692307698,rectangular_hollow_section,True
128.50854481199363,243.59910487062223,5.154682786709213,19.40109516969217,4,3556.4685467198397,2053500309324.685,5435681258440.754,0.02734375,76923.07692307702,rectangular_hollow_section,True
44.75235456226493,93.16447823524724,12.037774040103994,13.758585441113397,4,2554.4538422615337,115030380730.82025,419117823984.03735,0.0001220703125,76923.07692307702,rectangular_hollow_section,True
68.90790287991442,112.95376017860087,2.8360376636956177,13.20625904877184,4,932.4968270251879,147838882944.50296,310840551871.8646,-0.00067138671875,76923.07692307686,rectangular_hollow_section,True
211.46504120709844,191.71721503893966,7.400869418640484,19.189052129127337,4,5519.448518173783,7287711951674.209,6275959292930.021,0.037109375,76923.07692307678,rectangular_hollow_section,True
102.61629696089975,65.27861959632787,16.6199932091424,12.59331944546539,4,4317.336354318031,923297890527.6558,409767889081.72144,0.002197265625,76923.07692307701,rectangular_hollow_section,True
138.06356060939447,94.39207729963121,5.788967124130136,16.139672504075463,4,2403.955603214629,1204900203093.9263,672332245384.4207,0.002685546875,76923.0769230769,rectangular_hollow_section,True
237.26310767618847,149.40907304194081,5.885380316962105,10.617776108902216,4,4322.5332775621855,6709923701097.582,3292701869630.2676,-0.0244140625,76923.076923077,rectangular_hollow_section,True
65.30523026078892,142.63409153163644,3.080214492543038,17.606660110648342,4,1144.067681872778,169764391547.62445,550468573933.606,-0.00164794921875,76923.07692307711,rectangular_hollow_section,True
53.10593161068963,247.3902891026328,19.336032669463272,15.840305050740579,4,9874.365579847505,580671507217.5867,10492597989368.055,0.013671875,76923.07692307683,rectangular_hollow_section,True
286.6986999745546,169.65764505255714,5.303846973047115,19.574812027384382,4,4548.85244522638,10111774907849.89,4563716818762.049,0.015625,76923.07692307685,rectangular_hollow_section,True
94.04202414450121,98.32011771087956,18.106593108261507,13.711175494813265,4,5466.65487461603,1090655526096.9204,1179563086109.582,0.00439453125,76923.07692307701,rectangular_hollow_section,True
227.7230456877623,42.64581150909017,9.28648985182948,18.088423487943345,4,4426.882693601255,4100623801908.5312,227625426559.25092,-0.00537109375,76923.07692307701,rectangular_hollow_section,True
230.26595526850195,204.4041728112564,14.782007366149887,9.861396886887684,4,11879.315954588343,17788140638235.86,14703390982833.426,-0.2734375,76923.07692307685,rectangular_hollow_section,True
252.8395300662362,81.98978458915738,19.131013794238086,17.022310831504008,4,11057.506653549493,14019827214807.797,1944151943432.8423,-0.001953125,76923.07692307737,rectangular_hollow_section,True
284.3267463704062,196.45937476106167,4.188365458815429,13.369892753507337,4,3862.79275600613,9012292172776.676,5151434690808.504,0.021484375,76923.0769230775,rectangular_hollow_section,True
135.11954288167954,104.31431072353394,5.51416472815149,15.432482576021531,4,2379.1428804259317,1193683371278.2993,803776206874.1921,0.000244140625,76923.07692307705,rectangular_hollow_section,True
280.480650838498,170.82488146094312,5.370484198052067,17.345712021513556,4,4574.6224132196085,9843359074935.438,4632804109715.382,-0.001953125,76923.07692307672,rectangular_hollow_section,True
53.97280058970229,127.18632383550167,15.141686446308514,17.591372889828527,4,4265.571207637766,279222452699.90344,1275710069808.7808,-0.00537109375,76923.0769230769,rectangular_hollow_section,True
152.72095766200295,202.7095046004042,2.3823263092185463,10.702057191267237,4,1625.48466194122,1295776764771.7498,1982739412945.8232,0.0048828125,76923.07692307647,rectangular_hollow_section,True
150.82703884613383,250.74469999910144,5.835114316776061,9.514930288281224,4,4473.246915930848,3517637507943.9346,7701575572164.662,-0.017578125,76923.07692307697,rectangular_hollow_section,True
88.8847169042619,108.73535449699331,6.113666064780983,8.836494878725517,4,2196.1887524925874,522190537189.287,716863660216.6255,0.00244140625,76923.07692307695,rectangular_hollow_section,True
249.70401378636737,43.18728551954918,2.7902483291895894,13.547709338842912,4,1535.5195131352384,1875531710527.212,112426570237.40869,0.002685546875,76923.07692307676,rectangular_hollow_section,True
172.51620344649479,260.65681944570616,14.8528041923131,8.622207951126805,4,11910.902541367137,10988771121641.305,21354797559027.688,-0.05859375,76923.07692307659,rectangular_hollow_section,True
20.702282915636676,269.0727280751365,5.961552659310004,15.635192264552467,4,,,,,,rectangular_hollow_section,False
160.16824582495352,219.25203479422217,6.222191016174188,8.299313256495578,4,4502.224114950689,3824171465460.332,6208132505906.502,0.0087890625,76923.07692307686,rectangular_hollow_section,True
50.865082529448465,297.5052306649089,13.17548666763626,18.038918118810656,4,8183.773436651796,556798378305.283,12905945876007.602,-0.0234375,76923.0769230767,rectangular_hollow_section,True
83.33668593873841,138.3190429046689,2.831755605708361,10.412589146667354,4,1172.3213705758424,280640223048.06036,605083828007.2124,0.0032958984375,76923.07692307708,rectangular_hollow_section,True
178.38324507900916,132.97560001610015,6.313518759118423,14.378757170943693,4,3630.3971550222495,3226510309353.086,2054888037289.2305,-0.0048828125,76923.07692307691,rectangular_hollow_section,True
62.89069434773264,141.9399478259245,17.117673732126335,9.613571818377388,4,5747.9684270359685,530486965414.7717,2313604295937.577,0.01513671875,76923.07692307704,rectangular_hollow_section,True
132.44109810642686,272.9253223523193,12.817725921213565,12.022111104264333,4,9590.04380363882,5429708918362.136,17440075901256.203,0.009765625,76923.07692307676,rectangular_hollow_section,True
186.6253901068655,46.697387705084694,14.71673986343691,15.556099622510315,4,5759.883811053357,3553796911054.0625,284231727001.755,-0.0087890625,76923.0769230769,rectangular_hollow_section,True
88.05570272628853,169.93743992832913,3.2980656593289144,12.277461146426473,4,1588.1411910018453,435304672284.08203,1184790056556.46,0.000244140625,76923.07692307683,rectangular_hollow_section,True
134.4618937907378,171.59754408487706,12.177355611567862,12.372227985372545,4,6707.80321773364,3550452051943.172,5255320437512.566,0.005859375,76923.07692307688,rectangular_hollow_section,True
110.52877488222788,160.9542053862546,17.615930086782228,9.113995279266536,4,8240.50151908164,2680914180877.4346,5085632734508.955,-0.0302734375,76923.076923077,rectangular_hollow_section,True
189.25765226766626,37.96245345810254,3.099185554303228,17.977242642103803,4,1268.1500639199664,856664136100.9331,67165183983.26944,0.0001220703125,76923.07692307695,rectangular_hollow_section,True
160.87910284124123,178.36289727721072,12.088354608503087,19.326165814293233,4,7296.1271484647705,5430108090032.689,6388477603101.924,0.0390625,76923.07692307698,rectangular_hollow_section,True
163.77484347496616,159.872708779095,11.638187978204295,9.184872503289505,4,6907.190543070976,5283752777654.512,5083665757733.797,-0.009765625,76923.07692307723,rectangular_hollow_section,True
211.51643476868614,75.06775625103887,16.54266543599056,11.472742952845648,4,8255.46983279626,7585403593465.285,1239291899590.7324,-0.0029296875,76923.07692307685,rectangular_hollow_section,True
177.7332551659197,145.31819997558887,8.969905997939977,10.331829055416048,4,5368.753658570741,4779004732806.409,3482436376158.5664,0.005859375,76923.07692307694,rectangular_hollow_section,True
260.7017714386428,64.45067591438529,18.34816543191544,13.675047000267947,4,10398.274179923617,13229917848796.922,1051907845116.9744,0.0244140625,76923.0769230766,rectangular_hollow_section,True
43.572649899621325,242.04388665116,4.683903292033994,17.249900203348275,4,2448.1898927722887,165791083841.38232,2709275440102.041,0.000244140625,76923.07692307705,rectangular_hollow_section,True
79.0600036782175,106.28927554324791,11.49017482952345,12.603140940399303,4,3573.6943071099286,588267509617.9299,962384948116.2756,0.002685546875,76923.07692307711,rectangular_hollow_section,True
35.11361355219758,56.56401358903799,18.2648947342279,11.324790655357344,4,1829.544045038596,35051196374.05934,88869747178.82837,-0.000213623046875,76923.07692307698,rectangular_hollow_section,True
171.54083230497972,210.25704330360784,19.44887587471732,17.186134108626455,4,13042.680687123964,10629882158304.023,14848178704336.238,0.046875,76923.07692307708,rectangular_hollow_section,True
80.80518010498702,297.4327458953803,6.771522477844684,14.026587597175885,4,4794.969979362488,1132225694004.2122,9163763245242.836,-0.005859375,76923.07692307688,rectangular_hollow_section,True
86.64874469429672,159.49638320007261,19.231929941209447,9.615424361264374,4,7895.766807367598,1472561043301.7725,4324825405999.6836,0.0029296875,76923.07692307691,rectangular_hollow_section,True
287.07112482574996,131.60173434088878,2.9072899714197264,15.583015173726896,4,2318.441117109935,4905024481414.105,1503333445911.6213,-0.03955078125,76923.07692307697,rectangular_hollow_section,True
81.01190549913808,21.871409558791115,5.4401481473517945,13.712069394757906,4,,,,,,rectangular_hollow_section,False
89.89639851273287,206.41211990552483,2.2521236371071685,8.771888307390745,4,1279.919899783108,390036236355.76483,1388531163511.2207,0.00439453125,76923.07692307669,rectangular_hollow_section,True
299.57864273018345,183.06266012299977,12.798190130303123,8.267107329754037,4,11630.350571257133,27756682960764.61,12691987182435.828,-0.09375,76923.07692307718,rectangular_hollow_section,True
38.99543265337253,217.23716971792885,11.206505196867596,16.587958802422246,4,4994.400610930174,186357327884.71967,4070218441591.701,0.004638671875,76923.07692307675,rectangular_hollow_section,True
66.96229352530787,39.16617978279606,7.672703035925662,11.624683496871416,4,1273.5879143497866,117783580344.78412,48055561981.1254,0.00018310546875,76923.0769230769,rectangular_hollow_section,True
169.16648807463773,147.98729518641971,16.524095644559175,11.223105278090658,4,9263.217857713687,6940112036408.338,5564803526550.8125,0.03125,76923.07692307666,rectangular_hollow_section,True
151.95012575186138,55.526383174240046,16.212759632810155,11.162525964092996,4,5551.517251802739,2455482291977.6113,393235865871.98914,-0.00634765625,76923.07692307686,rectangular_hollow_section,True
252.93901636284764,269.3109041775707,10.036813916397332,17.19335267011526,4,9836.10467716007,19431979000260.926,21401891164002.67,0.02734375,76923.07692307691,rectangular_hollow_section,True
103.76510374551816,87.23516360581375,10.842628589042961,9.67280878959239,4,3578.076309837075,974303724011.2383,730853541128.9443,-0.00048828125,76923.07692307698,rectangular_hollow_section,True
136.12211131622496,207.7364950861181,19.35442155710406,9.0118620685666,4,11730.780655515253,6058043953302.85,12329965641999.016,-0.01171875,76923.07692307682,rectangular_hollow_section,True
126.17887408405726,207.52346816801833,17.7612136351621,17.13334593027613,4,10298.52280064418,4607863270317.833,10523314830725.434,-0.046875,76923.07692307678,rectangular_hollow_section,True
207.56420530498625,70.29142685935531,7.5770608886219115,15.668352508184817,4,3800.9824092240738,3555455190617.425,623813065345.0724,-0.0009765625,76923.07692307683,rectangular_hollow_section,True
274.1024900973747,100.58119070675717,13.996533612847413,14.878338808009037,4,9484.34626713469,15702182745317.906,2983038473656.3066,0.041015625,76923.07692307683,rectangular_hollow_section,True
125.81785939326657,121.69474456679612,12.808721394511625,12.504315711714858,4,5528.028685042124,2316483313755.0234,2193489544458.691,-0.01220703125,76923.0769230767,rectangular_hollow_section,True
179.32613379074294,239.34986726375013,19.97610944979962,10.2818022565602,4,15025.139989493653,13846471394378.078,22275742330518.953,-0.21875,76923.07692307714,rectangular_hollow_section,True
78.15046767492512,158.64057551704894,18.602152452032357,11.850686128026226,4,7285.047104366024,1086099900613.7529,3813887677387.2734,0.013671875,76923.07692307704,rectangular_hollow_section,True
231.33442502091575,53.626944747187665,11.150257218033675,8.59282208276192,4,5783.635604776027,6105699653726.721,478445040533.1367,-0.005859375,76923.07692307692,rectangular_hollow_section,True
298.07368637861117,280.41102908263593,6.801834861119266,10.313129707474541,4,7590.423725720742,20996256407107.684,19127184297059.5,0.078125,76923.07692307715,rectangular_hollow_section,True
193.88507441587834,251.7219278409587,4.94128726071938,12.301029110717671,4,4208.929610822075,5288457352693.924,7861762615315.359,0.1328125,76923.07692307692,rectangular_hollow_section,True
197.71074221167515,165.2198092686175,12.041761099030403,18.513209092837293,4,7859.770679686965,8418876264972.619,6346906768447.18,0.046875,76923.07692307698,rectangular_hollow_section,True
75.00217615983951,294.856747735716,8.585375873716497,11.373748062611385,4,5934.333922683313,1148134584689.685,10894505605084.219,0.015625,76923.07692307676,rectangular_hollow_section,True
289.5742811122996,50.72958435063435,19.193899080574127,8.101254194079592,4,11524.262733671438,17002323385279.406,614986556841.438,-0.0244140625,76923.07692307711,rectangular_hollow_section,True
163.43655357040117,105.55053936230595,7.497053187448568,12.085300127321029,4,3683.3953897395336,2584226249998.117,1301430059913.77,0.01318359375,76923.07692307695,rectangular_hollow_section,True
31.884582265690696,170.12407859644318,12.106267463767724,10.129692389302427,4,4202.284241270144,86991301893.06412,2079238823621.2578,-0.0048828125,76923.07692307697,rectangular_hollow_section,True
214.9687615837134,163.24265652188632,10.390202527884062,10.774478466010981,4,7311.619512451107,9385807195947.684,6083060460203.738,-0.021484375,76923.0769230767,rectangular_hollow_section,True
237.49487417323977,125.64591689705085,8.29242004347368,12.33953335517738,4,5611.690070973141,8086993245112.828,2975556937882.1787,-0.0322265625,76923.07692307704,rectangular_hollow_section,True
112.17325972447755,105.57132192751142,2.215421001804264,16.117975446426176,4,878.6513651749176,332086421361.4656,303678362744.43317,6.103515625e-05,76923.07692307688,rectangular_hollow_section,True
151.92201691759698,135.6359301802814,15.442875471525458,14.77581965707274,4,7709.1886779053875,4601907345376.535,3819117427782.259,-0.046875,76923.0769230768,rectangular_hollow_section,True
146.580717096199,245.30120294899254,3.5831654169775544,19.531402700251796,4,2629.8697702722143,1982700372909.4038,4295718375027.243,0.0048828125,76923.07692307672,rectangular_hollow_section,True
211.16278545869585,58.81005681820873,7.604125706949143,12.038651166173182,4,3749.2598433511707,3492423486303.8564,426326183540.3334,-0.0048828125,76923.07692307682,rectangular_hollow_section,True
168.50882868591873,233.03049724156668,6.048199344764062,19.475415103004277,4,4511.855244271218,4215089278783.5596,6892046450241.3125,0.009765625,76923.07692307713,rectangular_hollow_section,True
258.2502685806513,207.74359781811154,14.378968802913018,15.975092571780884,4,12321.347587661201,22784823181575.242,16151445973631.828,0.00390625,76923.07692307691,rectangular_hollow_section,True
246.7407021938332,81.26488515461907,18.273220354681257,11.408223025597643,4,10521.646869245002,13045650626729.918,1856260483794.8276,0.0078125,76923.07692307679,rectangular_hollow_section,True
219.3171135322555,278.5210146181421,18.9404458786869,18.427593659353285,4,17084.014076750744,24262630338410.82,35603247880282.87,-0.1171875,76923.07692307704,rectangular_hollow_section,True
