d,b,t,r_out,n_r,area,ixx,iyy,ixy,g_eff,section_type,valid
121.24173969916751,174.76696179424582,5.373892476902472,19.683498669268545,4,2883.2476962105393,1370726042341.0657,2383630972038.245,-0.0009765625,76923.07692307662,rectangular_hollow_section,True
204.19887463503724,48.8172706422808,7.328948289578722,17.529229081747257,4,3290.6024142455594,2639220326159.834,248784486562.89014,0.00390625,76923.07692307698,rectangular_hollow_section,True
200.88059557426885,30.704925058015988,2.289069460034703,17.993404490534935,4,,,,,,rectangular_hollow_section,False
191.2533303520861,104.12723877459071,2.8797144524598943,11.386897861554287,4,1610.7630931155622,1572106320136.1738,625127448075.7643,0.002685546875,76923.07692307723,rectangular_hollow_section,True
198.03812749363996,48.04842680893833,19.177620816921856,11.527617206278595,4,7834.698733870413,5315827313353.109,351588332092.4297,-0.01416015625,76923.07692307688,rectangular_hollow_section,True
267.7131485164883,80.69716393786707,16.000914818427887,15.953111814188965,4,9871.148586225678,14316772280505.68,1822878571436.2559,-0.013671875,76923.07692307702,rectangular_hollow_section,True
65.84684126450836,94.73247010574116,9.486333772739664,13.565893936734286,4,2519.2651083474007,289818672509.6299,526079368590.21265,-0.000732421875,76923.07692307702,rectangular_hollow_section,True
206.05295380202924,154.46915909557785,19.497412516139697,13.75096832335375,4,12348.81120358198,13174037620885.46,8163717176668.355,-0.0078125,76923.07692307698,rectangular_hollow_section,True
150.9178700565071,236.04553656818769,16.19865864724218,18.146429399077718,4,11161.491008861176,7541349090077.254,15554459092930.602,0.10546875,76923.0769230771,rectangular_hollow_section,True
269.1177357187885,105.20165098571549,18.205785092697603,15.855655730472291,4,12052.352358735825,18867155805146.484,3839777139387.494,-0.060546875,76923.07692307685,rectangular_hollow_section,True
143.27339814803852,171.6876183062215,9.703552660873786,17.008757278796473,4,5499.914071943912,3366564007521.002,4466583978555.304,0.02734375,76923.07692307683,rectangular_hollow_section,True
213.07308426970408,44.08754859531598,6.364107862702624,10.58476181505263,4,3016.9652727395082,2697904239705.842,193509760016.4679,0.00390625,76923.07692307682,rectangular_hollow_section,True
79.28535034655971,147.1264786000362,17.4387086722144,9.630782025461542,4,6587.4736468464225,1032418763915.5305,3067435168459.49,0.0029296875,76923.07692307667,rectangular_hollow_section,True
152.1546236782458,289.89405752387984,3.575077191289211,14.691280347526074,4,3017.327861876651,2544948406331.675,6765508054818.266,-0.001953125,76923.07692307603,rectangular_hollow_section,True
275.4707215236441,132.2916928137443,18.061467123873097,9.264609425395367,4,13338.875515339536,23797837848267.633,7011621203055.961,0.08203125,76923.07692307702,rectangular_hollow_section,True
289.54089474742983,243.53296913114124,15.253594239445551,13.57289436921182,4,15147.672828070064,36075922678782.98,27447468628227.336,0.0078125,76923.07692307688,rectangular_hollow_section,True
282.133684259787,207.9137862370736,9.06903225954403,15.824717887166766,4,8354.74084488023,18838515846650.734,11766991965622.234,-0.0078125,76923.07692307679,rectangular_hollow_section,True
136.60890139674189,232.5519988697294,11.794663147202279,10.956005896531805,4,8031.7665512930325,4749768243534.146,11137105581561.082,-0.04296875,76923.07692307701,rectangular_hollow_section,True
83.54840975170455,53.44918060265714,2.8359384485525942,9.154302986510174,4,700.9837474197716,128347042777.14374,64954801104.68332,0.00042724609375,76923.07692307698,rectangular_hollow_section,True
73.9718598335871,26.929373397102726,18.16962330375252,8.407004195768442,4,1567.2199957555904,156011409076.77386,21667345861.0325,3.0517578125e-05,76923.07692307694,rectangular_hollow_section,True
278.1078553978412,288.9759852121987,7.063881821080374,15.021657577132395,4,7649.708758517484,18717730604706.754,19842051324081.297,-0.1640625,76923.0769230771,rectangular_hollow_section,True
210.7504985130718,133.96385482815015,7.135507962614499,10.95847550368226,4,4610.289026104513,5542994016794.367,2740046883404.917,0.017578125,76923.07692307702,rectangular_hollow_section,True
200.656982421539,107.97907501725818,6.65568570667848,9.718687613882642,4,3846.1056749647178,3999580213270.6475,1514948470213.794,0.01416015625,76923.07692307682,rectangular_hollow_section,True
64.56132919165452,236.06542372089737,8.705710983793415,16.530341664267937,4,4719.1542845209215,638275187720.8707,5370805473610.5,-0.00927734375,76923.07692307701,rectangular_hollow_section,True
227.29724941758752,164.3216855958571,3.341878575021355,15.050540200561267,4,2483.38724408003,3718909453011.494,2283940616582.034,-0.0595703125,76923.07692307766,rectangular_hollow_section,True
77.49900198199933,137.65316105762483,16.65845558587899,10.769778901571396,4,5942.200796787198,887516340392.5996,2430864673987.376,0.00048828125,76923.07692307704,rectangular_hollow_section,True
33.5378687352547,75.58444713487387,14.934458519829693,16.701515880192307,4,2091.3950537968394,37790876549.606064,171714637160.61682,-3.0517578125e-05,76923.07692307685,rectangular_hollow_section,True
120.76265856230788,80.5291758082099,5.828945177199647,14.769388595321946,4,2072.5284158453455,775779318215.096,414687806650.8502,-0.0010986328125,76923.07692307691,rectangular_hollow_section,True
104.22426986715848,180.59940979162047,10.982799014174384,19.878843739705047,4,5457.806142927775,1782313592519.1118,4275015824450.199,-0.0048828125,76923.07692307654,rectangular_hollow_section,True
218.44105070531282,298.9563835857109,10.618862558347873,11.414625553461086,4,10407.643079642912,16143376520918.293,26316815581789.39,0.078125,76923.07692307638,rectangular_hollow_section,True
278.74041129426706,255.31848976347473,10.845105867092638,17.191736560642426,4,10858.109272585123,25072053495450.72,21894374337400.938,-0.0625,76923.07692307678,rectangular_hollow_section,True
201.9359171215472,102.53083117178322,19.31996311708624,13.279117431887856,4,10095.193835660386,9097751778512.418,2836222401202.8555,-0.03515625,76923.07692307698,rectangular_hollow_section,True
137.52324337402933,252.02624606811517,13.60330325635102,19.72842699250268,4,9506.426547724037,5596523282849.711,14746128931882.258,0.01953125,76923.07692307724,rectangular_hollow_section,True
64.08084652647342,100.36024980978543,17.205818854824127,14.881661462728683,4,4253.062773949323,375246389283.48584,841349654073.2742,0.001220703125,76923.07692307697,rectangular_hollow_section,True
245.6050615829886,194.8121637449891,11.640210541369168,8.354540973712892,4,9641.322097055605,16483505113858.324,11436330909377.047,0.0,76923.07692307676,rectangular_hollow_section,True
222.00229493741108,172.827365730045,7.742042166057007,15.799985359108382,4,5689.109806145255,7977843026704.348,5428414000263.733,0.001953125,76923.07692307691,rectangular_hollow_section,True
104.19981976085066,59.199882665197286,6.283505602486374,17.97413064619171,4,1709.1174620775323,420860962728.7527,175030469569.46442,-0.00048828125,76923.07692307695,rectangular_hollow_section,True
32.17172227254447,131.02974697374177,3.71713207624817,10.488130650965886,4,1093.860086110369,38472114188.94902,373705037945.6394,0.0010986328125,76923.07692307704,rectangular_hollow_section,True
269.53596311565093,66.90561995911773,6.739974540105555,11.779528231776368,4,4240.146197156703,6485444529255.273,671807651437.2461,0.009765625,76923.07692307692,rectangular_hollow_section,True
147.33638694990708,139.96417549294114,14.030738861580266,13.367651754306108,4,7095.937687409524,4118799056512.166,3788024254285.84,-0.0029296875,76923.07692307711,rectangular_hollow_section,True
268.28692273106174,214.11117626577774,17.232421286861126,8.960261662338045,4,15357.662877099805,30355285968640.39,21119617201632.227,-0.0625,76923.0769230769,rectangular_hollow_section,True
106.67879080882794,296.2591570668741,3.437790725264871,14.847192673959874,4,2632.894382375122,1148422821453.8848,5525101911950.672,0.00537109375,76923.07692307615,rectangular_hollow_section,True
32.70494292777954,53.512387099411015,3.077440227477557,12.291140917964476,4,426.59494139665054,12962722444.356457,27131776719.847794,-9.1552734375e-05,76923.07692307694,rectangular_hollow_section,True
186.42714069066523,248.9836314746877,14.534589925463855,19.19745427835741,4,11465.216881104321,12053191698492.695,19058060108358.555,0.08984375,76923.07692307707,rectangular_hollow_section,True
71.43575730969314,137.02452197865338,12.387018843710072,13.226166659660915,4,4376.422556629783,605311626455.074,1814181168063.626,0.007568359375,76923.07692307686,rectangular_hollow_section,True
166.26340800729773,112.13313505460532,18.961642758587175,19.344739354159042,4,8745.463827434844,5513729324932.35,2834316262665.252,0.052734375,76923.0769230769,rectangular_hollow_section,True
162.91501879570936,255.98675879457016,13.437461647186787,14.367782529001788,4,10330.12396067942,8583703813432.818,17641013627171.977,-0.0078125,76923.07692307675,rectangular_hollow_section,True
74.8156969091394,71.79929666557007,3.5627770811304904,12.692311840265624,4,916.193180664419,145376108077.6465,136622824139.28696,0.000762939453125,76923.07692307672,rectangular_hollow_section,True
64.11424000960048,97.503095232442,16.44105111928453,16.602662987598507,4,3957.462793442433,351544278567.136,739204680175.8401,-0.00439453125,76923.07692307698,rectangular_hollow_section,True
141.00719544659862,108.65725516744683,12.70398977991974,17.18618640827688,4,5422.628916062335,2686317514160.295,1760595563775.3877,0.0068359375,76923.07692307691,rectangular_hollow_section,True
237.33944740406383,203.00085384896016,10.70141496044647,17.41041872527501,4,8708.335497737437,14065709066375.04,11035515450946.848,0.03515625,76923.07692307714,rectangular_hollow_section,True
297.04771453196855,230.55014716417878,10.550056321444305,10.473358734038221,4,10577.468315221624,26895634184785.742,18132003694552.484,0.0,76923.07692307686,rectangular_hollow_section,True
30.433976143032808,199.01902257386445,2.741088246628455,13.399958713504898,4,1161.9002028758857,40307084301.98845,852460529089.0063,-0.0010986328125,76923.07692307678,rectangular_hollow_section,True
285.9584360855431,287.104001444346,4.713780532913594,13.919953795032763,4,5204.690729171388,13586672030534.824,13668891213847.113,0.22265625,76923.07692307663,rectangular_hollow_section,True
90.07319287943054,288.2044015465716,5.8042631474216,16.142916071804343,4,4102.78152389599,1223518602439.0098,7633791269383.582,-0.0087890625,76923.0769230772,rectangular_hollow_section,True
212.92753253959472,251.44442863161078,13.7893752022672,16.908503617282506,4,11770.042405622733,16115403169146.723,20936631889499.33,0.0859375,76923.07692307678,rectangular_hollow_section,True
287.37631124755535,240.91171509301333,11.345011995123185,13.213966735933466,4,11300.914877674088,27171913469815.96,20653885286458.973,0.1484375,76923.07692307692,rectangular_hollow_section,True
34.83755590751599,46.127286601197696,4.350917007420074,8.659927102547211,4,572.3939359051459,18343917559.743347,28679263113.35508,7.62939453125e-06,76923.0769230768,rectangular_hollow_section,True
194.271697842013,162.63211589339934,12.485799649995512,11.233468173577828,4,8162.687446433254,8515450289976.48,6410710225663.852,-0.02734375,76923.07692307672,rectangular_hollow_section,True
253.11004365182222,236.9597546176297,7.255251143092748,13.720851208417837,4,6754.146477903334,13223701034387.008,11955926435151.96,0.05078125,76923.07692307675,rectangular_hollow_section,True
174.0934212254096,188.15174574146943,4.440332860310202,17.428654129246688,4,3003.0505177300124,2868517058164.505,3223756859281.742,0.0224609375,76923.07692307682,rectangular_hollow_section,True
128.77114587878992,178.26471624693374,16.149279636806934,15.484762572785517,4,8633.841188906166,3983123005436.54,6807695952716.357,-0.037109375,76923.0769230769,rectangular_hollow_section,True
157.1869585123531,287.4222520097081,16.29080160641221,17.287638734207494,4,13126.651245333678,10056574148185.414,26673549399308.945,0.04296875,76923.07692307683,rectangular_hollow_section,True
171.71375033926677,78.9925864140516,4.782508821228076,17.056542618422533,4,2166.2472311811234,1527448000922.8237,463341577613.5023,0.003662109375,76923.07692307672,rectangular_hollow_section,True
164.32716363071447,276.6932131272007,18.67535193701231,13.070997136912222,4,14906.495448657313,12083360905336.11,28376719607681.695,-0.03515625,76923.07692307698,rectangular_hollow_section,True
41.337076137522914,241.27361107194162,13.975477044014818,19.866382706751637,4,6758.012116223315,254544541111.04272,6527872201159.391,-0.00732421875,76923.07692307729,rectangular_hollow_section,True
185.7955732850893,288.47254899842017,14.417359822365192,13.951546848489539,4,12649.301626021734,13790308817578.305,27776085406457.062,-0.05078125,76923.07692307675,rectangular_hollow_section,True
25.99502293061262,231.34168943329544,15.592347332012029,11.495792172343446,4,4842.830185956964,64358506437.905914,4333710544326.3945,-0.002685546875,76923.07692307688,rectangular_hollow_section,True
91.8089466311648,85.91341558366891,5.056758701762132,8.430881861111574,4,1635.4199071221633,395507652677.8165,356632534302.4551,-0.000244140625,76923.07692307691,rectangular_hollow_section,True
216.65903666993657,264.7165578998578,6.564877440028757,14.55837655494978,4,5999.90279891772,9179753253394.09,12457919198207.285,0.09375,76923.07692307688,rectangular_hollow_section,True
79.91610862462724,81.50875785399475,19.737333357757013,13.683545103609276,4,4626.704084936549,596484686432.658,618466556782.096,0.00048828125,76923.07692307683,rectangular_hollow_section,True
207.7581541139147,189.40160071063494,18.677609687076107,8.0184316927843,4,13376.282106752644,15635411500329.188,13433040098878.078,0.03515625,76923.07692307688,rectangular_hollow_section,True
240.27563708008108,64.69778081213602,17.824319241699115,16.911860418238835,4,9315.050672959957,10038879514574.14,954589446299.0486,0.041015625,76923.07692307686,rectangular_hollow_section,True
194.03673535585713,103.84849493430181,14.079325682665036,12.559472232388831,4,7437.396357151279,6608008795497.365,2347524566288.555,-0.025390625,76923.07692307673,rectangular_hollow_section,True
129.2845132519361,276.3181255755702,8.402050283430107,18.499386887451344,4,6293.138628463347,3607080034052.3135,11801459926454.043,-0.015625,76923.07692307701,rectangular_hollow_section,True
27.002277458939563,31.04496187818718,17.00573099399003,10.347250044755791,4,710.4263441733565,7486155059.793125,9741091156.597012,3.814697265625e-05,76923.07692307694,rectangular_hollow_section,True
181.57465056008064,48.8956122431338,14.561220339669653,14.417532968569486,4,5655.87474881704,3393782431829.004,315518079373.3154,-0.0009765625,76923.076923077,rectangular_hollow_section,True
281.6216973804543,163.4024419792297,9.508288844677287,9.250763103027818,4,8015.629274767992,16920087021365.383,7195800218731.684,-0.09375,76923.07692307698,rectangular_hollow_section,True
88.15769511213936,81.48443743129067,7.313034604402907,9.643951251197887,4,2179.7030474876906,456410499419.48816,402359391298.18884,-0.0010986328125,76923.07692307679,rectangular_hollow_section,True
257.0409717397272,151.63102995666867,3.341111708304179,19.58888512951072,4,2566.451230188199,4608581359201.787,2087835682645.9521,0.0,76923.07692307707,rectangular_hollow_section,True
22.54503876569579,113.78488093863038,16.008564344073818,18.839323541481725,4,,,,,,rectangular_hollow_section,False
221.44619114661825,261.24234253270055,14.085997085872402,19.053599208084517,4,12466.274730031151,18463790705213.473,23932116078865.71,-0.1484375,76923.07692307697,rectangular_hollow_section,True
163.73439691687173,250.7189989142998,12.526897820207125,14.53332603637288,4,9548.746194145271,8055292243973.891,15829198724349.09,-0.0859375,76923.07692307695,rectangular_hollow_section,True
167.0892694466999,46.473267915660955,18.080636855331388,18.108734039576923,4,6087.130192462052,2815915899407.369,252924378503.7058,-0.00244140625,76923.07692307704,rectangular_hollow_section,True
154.90899795850427,177.27477658338586,4.830739780592813,19.10815925614496,4,2954.7655177055417,2230054681674.101,2731381401033.0283,-0.009765625,76923.07692307695,rectangular_hollow_section,True
112.8207164256491,233.94942689060434,12.369458188073247,18.392702943737532,4,7664.69154958907,3046251668359.8623,9854458148714.215,-0.015625,76923.07692307694,rectangular_hollow_section,True
232.79722136692504,261.54719204581954,9.505864270405509,8.546539174354614,4,8963.852639501489,15308683098708.203,18342944946960.32,0.0859375,76923.07692307691,rectangular_hollow_section,True
186.52449745680318,205.7378867373729,7.385405193484901,9.122216885895437,4,5495.6581333267,5992539435136.857,6973609351336.996,-0.02734375,76923.07692307698,rectangular_hollow_section,True
259.3238909188842,285.3863117247832,14.877845842902847,8.227889036028886,4,15255.129502287928,31181783510300.164,36276947397674.555,-0.1796875,76923.07692307701,rectangular_hollow_section,True
247.49849486793138,99.14489266380981,13.669767600536865,17.406985633850855,4,8440.582560404215,11448019808351.82,2539666076730.7754,-0.052734375,76923.07692307666,rectangular_hollow_section,True
170.74660478517592,111.05534628439236,7.247342735384089,18.56354794910831,4,3657.9859268859254,2768627371499.6973,1426054385796.148,-0.00048828125,76923.0769230767,rectangular_hollow_section,True
266.088170001765,164.45979872658003,10.768060281749602,15.97856478973381,4,8580.363298466029,16028054357023.125,7539913477469.316,-0.11328125,76923.07692307697,rectangular_hollow_section,True
249.7736737101285,255.26755507930608,2.701320063070615,9.687134426714778,4,2654.3285166030637,5383465735122.8955,5562465692411.217,-0.037109375,76923.07692307688,rectangular_hollow_section,True
117.17527669540512,232.76793342197365,3.5314476549249365,14.401412681984059,4,2332.483219746655,1157936254135.9502,3286422638026.8936,0.02978515625,76923.07692307727,rectangular_hollow_section,True
271.8659071956853,295.1958478851692,4.396815118300838,13.706659442810865,4,4808.004151026949,11583327354047.781,13114304318875.133,-0.33984375,76923.07692307724,rectangular_hollow_section,True
149.2368447536955,24.458193894196654,8.574086938885124,17.882659580976252,4,,,,,,rectangular_hollow_section,False
260.75452815690596,222.29030809657553,12.92746659759368,8.331472025232465,4,11751.200974979449,23021947954484.953,17895296985291.195,-0.09765625,76923.07692307692,rectangular_hollow_section,True
139.12840250491996,57.045721759224044,15.718506266083391,14.968066895611846,4,4954.799619439512,1832283674214.3125,372146832193.58826,0.005615234375,76923.07692307686,rectangular_hollow_section,True
162.95280306447484,81.79785322341274,7.873634780354892,18.30329456794649,4,3379.9452723522813,2099006727604.8047,709796733314.4534,0.0009765625,76923.07692307713,rectangular_hollow_section,True
140.7451770481998,149.05350161754728,3.6714162614241976,16.383260496282745,4,1967.2057326888782,1212803288865.1584,1321579904632.0857,-0.00341796875,76923.076923077,rectangular_hollow_section,True
211.54750864165902,91.3012895807065,6.87853418405275,11.590045237361656,4,3864.923880060232,4163414514668.7256,1103170841685.899,0.0048828125,76923.07692307673,rectangular_hollow_section,True
35.80236352384874,262.5796924217085,16.74616067142558,18.908860854084296,4,,,,,,rectangular_hollow_section,False
180.4163781856031,138.8291086559732,17.232369673778347,19.181570495049524,4,9450.760970768606,7644644428673.285,4973064571619.268,0.0546875,76923.07692307714,rectangular_hollow_section,True
158.91726154979114,229.01342676511834,13.160621239114636,11.526940342054223,4,9385.139552636205,7286980421141.148,13078101520971.453,0.005859375,76923.07692307713,rectangular_hollow_section,True
247.43067753861837,89.22985429739383,18.04664682140741,19.91430927951901,4,10455.370036494061,13054339055897.043,2275005120934.6855,-0.005859375,76923.07692307698,rectangular_hollow_section,True
119.65105299139083,292.84089458241283,14.28792118610387,10.613749650713984,4,10858.07442474477,4959257578619.985,21599799537962.094,-0.109375,76923.07692307721,rectangular_hollow_section,True
283.5618886651661,43.28761859386515,13.607741327293425,9.908578970595615,4,8056.504662129536,11555803840129.25,358259906041.81836,-0.02734375,76923.07692307685,rectangular_hollow_section,True
20.338976464982434,215.1550392018013,8.758546839704719,17.77467471649595,4,,,,,,rectangular_hollow_section,False
161.5509287481407,33.963190371021824,13.087440284859206,14.758198733050076,4,4217.42134874671,1807241912449.1162,96195416741.23434,0.003662109375,76923.07692307686,rectangular_hollow_section,True
199.72322610662013,141.44433530565055,14.917711453221344,16.232251402585916,4,9026.96804637028,9177422446640.121,5248717743045.771,-0.05078125,76923.07692307675,rectangular_hollow_section,True
287.016558434463,273.9807224285049,8.865153414348622,9.43400120696017,4,9543.613348564153,24214781500255.17,22541019394047.53,0.1484375,76923.07692307675,rectangular_hollow_section,True
172.14842235095634,56.227886007539624,3.3718376875151868,8.23327183682077,4,1450.465306202879,984310676514.8994,169352013061.348,0.0013427734375,76923.07692307707,rectangular_hollow_section,True
249.20446429310908,156.32232267045563,13.450680018878575,13.246302065179606,4,10010.07441077894,16107514216067.422,7636989506498.941,-0.17578125,76923.07692307714,rectangular_hollow_section,True
46.777956421969584,79.53055290692816,15.062091447446948,12.844553308571536,4,2732.491691423372,118090104081.9956,314189339219.2992,-0.001220703125,76923.0769230771,rectangular_hollow_section,True
242.89403775030166,45.46463486832546,17.092239306903362,18.7382067605361,4,8340.401115396997,8194887913528.289,351186755567.67395,-0.00390625,76923.07692307675,rectangular_hollow_section,True
201.62944308730303,100.18347184458352,18.078960567496047,13.319329388364896,4,9428.127779469307,8514201487711.609,2577063862934.467,-0.013671875,76923.07692307717,rectangular_hollow_section,True
238.97944080181267,253.5092635241738,6.021707927234723,11.544229712968079,4,5683.431411591375,10345969307592.168,11319346349602.668,0.001953125,76923.07692307723,rectangular_hollow_section,True
95.04175635460335,262.8559499269868,5.837046134211362,11.182950935793134,4,3945.3667220115503,1294400609308.763,6422649520500.018,-0.0078125,76923.07692307704,rectangular_hollow_section,True
293.5769604899031,229.53712866240375,10.557483608443953,11.338517022900582,4,10471.743047488886,26006676883112.883,17738755258097.594,0.1015625,76923.0769230761,rectangular_hollow_section,True
207.0344587085575,248.9104180595869,19.886466326193354,14.716832348282498,4,16335.793550761344,20071057388871.074,27080129527471.695,0.265625,76923.07692307704,rectangular_hollow_section,True
79.77635771668965,209.8870145114487,2.580622510023434,12.766242038141588,4,1409.1550966407258,339566827308.97144,1491772566999.8833,0.000244140625,76923.07692307679,rectangular_hollow_section,True
141.3147062145989,77.09373370937251,17.9482464444576,9.441859414972688,4,6462.390099673985,2738256976065.743,932838218871.5269,0.005859375,76923.0769230771,rectangular_hollow_section,True
60.79215195709118,125.11033580200959,8.582789544660999,8.93096767263977,4,2816.825795497854,306341765960.3634,1011474524074.8291,-0.0010986328125,76923.07692307697,rectangular_hollow_section,True
164.7536572033814,82.1527599856193,19.74957401235902,19.203173674276897,4,7823.648546958102,4279811678072.8984,1261577131121.2002,-0.0146484375,76923.07692307675,rectangular_hollow_section,True
254.61782029780537,30.292513602695237,5.025787575798841,19.61009361055491,4,,,,,,rectangular_hollow_section,False
265.4181166157782,222.2024317132538,12.332466854195305,13.799986572361892,4,11230.483529271169,22671347358626.273,17164245241384.922,0.0078125,76923.07692307678,rectangular_hollow_section,True
117.75900708022698,61.69645513458633,7.12966229692822,17.90579416839297,4,2151.0929012989113,667285945089.22,241340725305.06976,-0.00048828125,76923.07692307705,rectangular_hollow_section,True
24.138420065933545,54.92134421121287,11.605541803690523,9.259907644277408,4,1210.5625068073393,11156781055.93541,55196254141.94205,-9.1552734375e-05,76923.07692307692,rectangular_hollow_section,True
182.6331498381517,175.85584640038093,6.301975468148526,18.77002071042398,4,4162.6566152822315,4157764794831.118,3925894658347.6777,-0.0009765625,76923.07692307713,rectangular_hollow_section,True
105.9668948872511,209.90754785985783,14.49563763763402,14.277051026065429,4,8113.2746940160705,2687290507495.1914,8317407234790.172,0.021484375,76923.07692307685,rectangular_hollow_section,True
251.82919367004928,97.65185470592908,16.332654959651414,12.6913390522888,4,10187.814197059728,14104357060742.86,2838267969037.58,0.060546875,76923.07692307686,rectangular_hollow_section,True
122.0868479372069,128.3186935447937,17.74310161994806,19.787468950589403,4,7239.306827355343,2639555118244.245,2869210076842.209,-0.0068359375,76923.07692307713,rectangular_hollow_section,True
176.52028308042236,182.85237004000402,12.149204077709516,15.463780380094374,4,7913.628678949293,7111963178860.955,7519537245985.67,0.00390625,76923.0769230771,rectangular_hollow_section,True
287.50507751519035,229.5662170022464,17.36306000045802,11.371670180411293,4,16620.661529431465,37962392543017.03,26485410822297.46,-0.0078125,76923.07692307659,rectangular_hollow_section,True
101.90777428344036,173.61225343404504,13.406228564870576,13.287326097292883,4,6491.908039410231,1945533759006.8652,4681528165517.475,-0.0078125,76923.0769230767,rectangular_hollow_section,True
160.70757919845252,79.00202864853183,19.415849304722983,12.281413656718751,4,7649.5973074003305,4072334752486.5645,1148613252949.1528,0.015625,76923.07692307692,rectangular_hollow_section,True
76.98168037567484,142.89479065817227,8.401067017821932,16.290697809927785,4,3208.9416683446843,574512522653.3008,1537043128427.062,-0.00244140625,76923.07692307682,rectangular_hollow_section,True
29.87749717709732,136.71256524258456,3.8078160308754017,16.41230805320786,4,,,,,,rectangular_hollow_section,False
124.06789219926996,148.02704802198716,12.828381350228609,11.811757490262158,4,6183.288225975622,2669961383287.329,3560160244559.162,-0.0166015625,76923.07692307701,rectangular_hollow_section,True
50.0086522456321,206.03961589489288,13.826051699859072,9.31333281562702,4,6228.8961953771795,387217699540.2516,4998987318865.84,0.0107421875,76923.07692307688,rectangular_hollow_section,True
191.68056786746052,164.24260184120936,2.6812558630475882,13.929949052816598,4,1812.375257002798,2026278548405.0684,1608229172220.9375,0.01416015625,76923.07692307715,rectangular_hollow_section,True
291.8253825480157,281.29868895586463,19.10349614428486,9.082627310178852,4,20355.078601748086,50081424256584.25,47224350511469.58,-0.140625,76923.07692307717,rectangular_hollow_section,True
216.73678416757892,76.74965089200369,19.50257805637681,17.308640071502822,4,9626.492991969546,8840866015723.93,1403111049965.8022,0.0263671875,76923.07692307679,rectangular_hollow_section,True
171.26864014625676,88.77096651458521,7.982368578858477,17.80304410453882,4,3676.0884268138966,2577026375455.541,917736701504.4688,0.00244140625,76923.0769230769,rectangular_hollow_section,True
170.25587190258508,201.58307680428422,18.03949005874943,17.293004752459876,4,11814.829217619103,9525286780553.889,12547506046067.29,-0.015625,76923.07692307685,rectangular_hollow_section,True
248.1829380007708,90.50870297823197,19.68266824133915,18.914639638987722,4,11425.31710194158,14275836287807.68,2481944774857.5312,0.03125,76923.07692307734,rectangular_hollow_section,True
217.7415463493289,102.62536253251047,8.056089476228248,18.25677514150142,4,4672.950805227775,5311602332061.135,1633780501364.6968,0.01953125,76923.07692307686,rectangular_hollow_section,True
79.07635330753571,38.48444097930616,19.16368057902579,11.119625335262478,4,2913.162339722889,283306509903.70447,68224542851.63504,0.0015869140625,76923.07692307702,rectangular_hollow_section,True
163.43854563977592,84.12232743911837,17.441555389612503,12.881247393549815,4,7252.935408163248,4172336576117.578,1315279455300.7715,0.0029296875,76923.0769230767,rectangular_hollow_section,True
226.35490530248302,162.2027059877421,4.706735079069656,11.202686204778825,4,3485.75926100536,5143200186655.045,3096042549335.5195,-0.044921875,76923.07692307667,rectangular_hollow_section,True
249.7346710378783,38.51776533711339,11.307518484154935,18.103623675383627,4,5725.845463338145,6057334585256.504,207604282543.9276,0.0009765625,76923.07692307685,rectangular_hollow_section,True
252.7932720970387,186.47918165800692,10.218555375555002,16.53104841137389,4,8326.35629819865,14778070286170.059,9210967413964.648,0.03515625,76923.07692307698,rectangular_hollow_section,True
190.74521788317563,77.53119157492598,9.93645831207823,17.944365921462353,4,4678.6282181952865,3728758831379.076,867923126711.6428,0.01220703125,76923.07692307692,rectangular_hollow_section,True
37.182926312659426,187.91658042084745,16.190689107292314,13.175827433782956,4,6066.8761798132045,152237787787.15308,3525050248218.006,-0.008544921875,76923.07692307697,rectangular_hollow_section,True
270.6618414814461,167.76614999966264,7.55082120005162,12.432657560446096,4,6262.184494597282,12508035515894.84,5970068321638.25,0.046875,76923.07692307694,rectangular_hollow_section,True
167.30610634556183,129.74715137705545,13.791386274972313,19.454470413864037,4,7086.337204321156,5039855742464.225,3348192312223.881,0.015625,76923.07692307683,rectangular_hollow_section,True
244.66080369974483,220.8700943349882,8.805057012251892,17.754668623062184,4,7652.803370434936,13578744850192.688,11606120489050.23,-0.01171875,76923.07692307701,rectangular_hollow_section,True
298.5997311742969,107.88742714189645,9.476308605975301,10.178375584819042,4,7241.687382454557,15012485187323.621,2916310556782.6973,0.041015625,76923.07692307698,rectangular_hollow_section,True
214.0110945691289,136.44221450355485,19.51889336714703,17.19720254026944,4,11861.228971583781,12967364897978.543,6121825169125.133,-0.119140625,76923.076923077,rectangular_hollow_section,True
256.88611043470974,100.56691534747532,2.0512129013716867,18.357030708785956,4,1378.4937366957822,2204855566727.802,535202196875.63,0.00634765625,76923.07692307685,rectangular_hollow_section,True
83.91084566738895,247.73035497900202,15.457225034400237,13.386990834442953,4,9117.59059148195,1847583246958.9688,11737827075573.812,-0.013671875,76923.07692307694,rectangular_hollow_section,True
276.492168629182,231.3346345610102,15.347478070206542,19.58046056466559,4,14280.064823261357,30523433990810.0,23052414493322.125,0.015625,76923.0769230766,rectangular_hollow_section,True
185.9066576971633,208.64934744637355,13.447104523714827,11.276946085004033,4,9760.803689958188,9956902254715.844,11969474438127.559,0.06640625,76923.0769230767,rectangular_hollow_section,True
177.42381836087057,115.96635976840467,15.41028642811826,10.705938035067716,4,7977.928539940378,6153403835020.424,3032974381159.907,0.0,76923.07692307713,rectangular_hollow_section,True
135.2959363978882,291.8110596364047,15.449858243457982,12.535224225669534,4,12085.560761678411,6965999622458.701,24487016433895.406,-0.12109375,76923.07692307688,rectangular_hollow_section,True
246.2084156166547,192.65587216971582,9.739728203434247,12.000476600132874,4,8030.4880852417355,13879182441205.3,9473152405770.703,-0.01171875,76923.07692307685,rectangular_hollow_section,True
232.8605569850272,37.84135833103875,3.2566236192316893,16.533898649713322,4,1623.6423404659386,1643576769518.8535,87242124675.97789,-0.0018310546875,76923.0769230771,rectangular_hollow_section,True
181.6640400325994,238.97250440078665,4.114216538006206,19.96593642851981,4,3246.1109503283815,3570363462125.246,5384453056490.682,-0.025390625,76923.07692307702,rectangular_hollow_section,True
124.09552913409505,262.5693701080116,9.37165238660221,16.813231167511915,4,6668.758930234206,3449285703668.343,11232013711502.16,-0.064453125,76923.07692307694,rectangular_hollow_section,True
45.86869070033445,149.81480932507213,11.206384559300501,16.29713687717486,4,3643.7959755939273,194408289546.0321,1514496962162.3643,0.000732421875,76923.07692307697,rectangular_hollow_section,True
122.54694656027948,292.67218026921444,13.623960920113616,16.016671378508423,4,10320.600371096838,4981505551851.708,20481443891738.42,-0.0390625,76923.07692307646,rectangular_hollow_section,True
280.03860776438967,187.8369151347008,4.716843747901416,18.249059103453078,4,4174.889704464676,9245619579480.512,5059533788017.055,0.052734375,76923.07692307649,rectangular_hollow_section,True
137.36319476877958,201.29681772551703,10.069078407025863,12.094395768445926,4,6272.2705798022735,3708002305239.6035,6785183420273.316,0.0185546875,76923.0769230769,rectangular_hollow_section,True
123.05031247563227,253.84429954355073,8.202573322916143,10.658945405600184,4,5806.303190376443,3007033604713.0654,9418107121840.254,-0.04296875,76923.07692307675,rectangular_hollow_section,True
250.74384520940092,238.45683346295849,19.20202018710443,17.045385886665066,4,17021.867117734353,29877732666118.414,27559565803997.72,-0.0390625,76923.07692307682,rectangular_hollow_section,True
183.38724072155279,78.09906512417402,17.760603625950242,17.518551502166453,4,7719.65345211331,5263743106587.668,1190675236953.6084,-0.0185546875,76923.07692307705,rectangular_hollow_section,True
44.83323908318535,63.565375469928334,14.77623420492918,10.072502425575133,4,2228.6429380243803,85271653192.42865,164351969845.36884,0.00030517578125,76923.07692307705,rectangular_hollow_section,True
143.40130757498594,196.41144589514306,5.457063508869306,8.867608601805328,4,3522.638720577067,2397479445256.711,3889817630216.131,-0.0166015625,76923.07692307694,rectangular_hollow_section,True
193.87553973609096,60.27361928599399,17.516902144718905,9.304099922029122,4,7589.878179155218,5479456901072.926,651464986344.6641,0.0,76923.07692307702,rectangular_hollow_section,True
90.2584329163578,177.28450255630452,5.154176182618829,19.01711644418741,4,2482.195118040455,682459809791.8635,1914012301319.207,0.00244140625,76923.0769230769,rectangular_hollow_section,True
275.3816749885134,250.65501626375726,2.9190403505298086,10.59476869981254,4,2983.629150866465,7135575203884.756,6194322138465.881,-0.033203125,76923.07692307714,rectangular_hollow_section,True
242.18177143963894,235.11703288047224,17.688774764786196,8.232776400013815,4,15566.312472270241,26025927311363.32,24814396045497.64,-0.3203125,76923.07692307726,rectangular_hollow_section,True
50.10842816709828,105.00598516419149,7.071748587302544,17.679094587835248,4,1793.7871580929398,127413371094.09045,412661881878.35046,0.00018310546875,76923.07692307694,rectangular_hollow_section,True
204.3067265433728,74.12404671771407,15.622995305318577,18.871496188056216,4,7377.952787397841,6168039986892.762,1084120372368.2454,0.02734375,76923.07692307715,rectangular_hollow_section,True
46.01782149104804,124.47860341752113,6.381313095859489,14.985826822501167,4,1862.5601617408443,119592645802.65302,594773715680.4438,-0.00048828125,76923.07692307698,rectangular_hollow_section,True
189.5197446682104,61.45889182995775,9.483428386492722,9.59057172888922,4,4308.566609301915,3302000327644.716,500269982268.2893,0.00390625,76923.07692307688,rectangular_hollow_section,True
253.32751068379986,244.158262576371,3.235290043378628,14.46415726277749,4,3094.0287449520406,6295865921748.229,5957265527047.152,-0.072265625,76923.07692307704,rectangular_hollow_section,True
56.437891262889444,254.77691447489596,2.435109009473506,9.813143394385984,4,1450.1025392214017,185544554916.7571,2006175855643.4785,-0.0037841796875,76923.07692307634,rectangular_hollow_section,True
66.3008347664157,249.83881252351037,16.631389280976315,14.702032754296088,4,9193.120877688762,1045199918403.4023,11001998796906.586,0.0341796875,76923.07692307723,rectangular_hollow_section,True
203.4163930516223,293.5438931905146,15.61944689306199,19.89783173825842,4,14171.001981858726,18147272353600.14,32429770573020.984,0.0625,76923.076923077,rectangular_hollow_section,True
110.53100174150244,219.10773801463765,2.864128122977844,12.040678171124057,4,1794.6733902631802,800395670879.459,2261990723325.4175,-0.009033203125,76923.07692307675,rectangular_hollow_section,True
234.66909726702033,192.00767785865187,18.380870381546256,19.276365655117687,4,13963.17905178446,20356751423878.047,14724651880058.805,-0.03125,76923.0769230772,rectangular_hollow_section,True
170.82605079660655,100.77486128028798,18.68767228826423,17.099711696039293,4,8461.86115387144,5474620310725.436,2221324291675.9893,-0.037109375,76923.07692307665,rectangular_hollow_section,True
80.61269980642598,83.44921433154727,18.383596793915242,18.774966901269266,4,4327.923421593011,571918085257.4404,608050057718.4407,0.003173828125,76923.07692307691,rectangular_hollow_section,True
94.58398938387045,61.99645387080848,3.8077569517767187,14.526105847829868,4,1038.3197425704566,235457317329.8626,124316238867.85959,-0.0003662109375,76923.07692307669,rectangular_hollow_section,True
262.34734417966996,34.391908287932694,18.101893863890755,12.64770540175927,4,8452.916488290815,9475508404213.152,171242936753.8634,-0.009765625,76923.07692307644,rectangular_hollow_section,True
257.8432989515891,21.825721039081003,18.965622324793756,9.669677653108373,4,1992.31446600275,3081304562911.129,27920705508.729736,0.0003662109375,76923.07692307688,rectangular_hollow_section,True
188.80199491598987,38.61107734124957,12.827259890405877,8.487399328782585,4,5103.982828088304,3270323229450.7246,170889710456.8797,0.002197265625,76923.0769230769,rectangular_hollow_section,True
208.1749016338635,263.51933700003883,12.30398540295976,17.345874881973423,4,10726.42710053621,14433515628665.98,20862056340335.547,-0.16796875,76923.07692307711,rectangular_hollow_section,True
23.420782291903798,232.8020490743089,13.619198848380908,17.668341976905875,4,,,,,,rectangular_hollow_section,False
131.5355839035554,73.07101451795289,6.911867935539743,11.835330765274062,4,2521.4973325379588,1066168290054.9622,419331091225.2477,-0.001708984375,76923.07692307705,rectangular_hollow_section,True
276.43272368719283,237.12237104808378,18.29967785427304,12.474357347450187,4,17300.66315863989,36808178808583.016,28781673060373.273,-0.1328125,76923.07692307646,rectangular_hollow_section,True
119.72042050951114,297.06527311669697,9.112755934689961,13.446202421381209,4,7101.941722167606,3530164891848.961,14943345822931.668,0.041015625,76923.07692307666,rectangular_hollow_section,True
266.7950158785737,22.95165302432637,18.59340111545862,12.007102273714928,4,,,,,,rectangular_hollow_section,False
102.30787565595695,296.9379459906452,11.214042975497316,18.192147714824603,4,8169.040271315081,2836463578510.9946,15908311535907.547,0.013671875,76923.07692307724,rectangular_hollow_section,True
105.71624647320313,272.9528015119068,9.389478992688765,8.112594935784474,4,6692.546682866776,2557134596178.403,11799474876055.82,0.033203125,76923.0769230769,rectangular_hollow_section,True
231.1798076654841,103.55363572881778,18.489982236918227,15.085352727605777,4,10783.34520552364,12626903891946.637,3217775930411.042,-0.017578125,76923.07692307656,rectangular_hollow_section,True
100.3085002261179,53.60992971293511,2.4788430507299024,8.385308563343484,4,703.0735445359763,181177335098.62177,69572964134.91165,-0.000335693359375,76923.07692307695,rectangular_hollow_section,True
258.5532282587336,102.92713228928898,5.149266484033946,10.385629390850857,4,3536.215827766313,5766050318205.432,1369817213213.243,0.0107421875,76923.07692307704,rectangular_hollow_section,True
48.530415976497856,145.67064622196875,19.63061281049569,8.26353938222349,4,6014.841798426291,269284828786.1222,2245550246366.2393,0.0,76923.07692307717,rectangular_hollow_section,True
176.69765764176879,53.58115342873158,19.323907928568204,15.191924893311574,4,7175.324833561934,3940684038515.41,420277606407.62256,-0.0107421875,76923.07692307679,rectangular_hollow_section,True
285.6322658466326,255.22349909898466,11.894351377654724,12.67740218471297,4,12140.251289420103,29253830893224.344,24549597970223.203,0.0390625,76923.07692307694,rectangular_hollow_section,True
35.043578060924034,224.45059100858316,5.2363022357385525,10.77654457845226,4,2522.4647230683713,103553952929.34439,2381436263617.002,0.0015869140625,76923.07692307683,rectangular_hollow_section,True
293.6135177602638,78.00508899104622,3.757367869241155,14.611508113212112,4,2640.460563113071,4983680784767.088,623686509773.5842,-0.0166015625,76923.07692307662,rectangular_hollow_section,True
187.73026351476983,275.7466324354891,8.70626966549104,15.983771756910492,4,7564.59423089592,8793619918732.428,15916856339121.316,-0.03125,76923.07692307691,rectangular_hollow_section,True
74.64422726470286,199.3410696245047,2.8098928098212417,17.00168951890205,4,1420.506288375413,294808083082.5763,1314594622204.476,-0.0040283203125,76923.07692307669,rectangular_hollow_section,True
177.96184687118728,270.7777333900893,12.615885684605452,8.39877026801182,4,10615.312865024885,10749041901967.01,20950180449659.836,-0.015625,76923.07692307656,rectangular_hollow_section,True
60.18116900279211,35.831351174997295,13.510156036720295,14.269490014750478,4,1661.1492364243738,95632134647.45319,36906493169.91774,0.00018310546875,76923.07692307702,rectangular_hollow_section,True
84.74827790672144,54.952023665796084,7.7768036956316315,16.901881352546773,4,1728.5223892076426,273114294368.32422,137109826361.84528,0.00115966796875,76923.07692307691,rectangular_hollow_section,True
238.64801118747584,253.63145343617916,9.22429863321636,16.353148387233723,4,8524.909880918238,15011224154338.625,16484670123139.535,0.01953125,76923.07692307692,rectangular_hollow_section,True
299.73177911815986,212.3322687452485,19.417041719057476,9.327370130289333,4,18290.452090360333,43562726647456.516,24925026934876.21,0.4296875,76923.07692307679,rectangular_hollow_section,True
206.90616015959603,299.69550527206684,17.07710915776805,8.384664221370198,4,16065.770657316709,21282310357558.832,38607532969901.39,0.1328125,76923.07692307733,rectangular_hollow_section,True
245.1451791333843,283.2689005621712,8.97869498779965,17.823522926312286,4,8927.022854711746,17007390571482.82,21223249983723.07,-0.140625,76923.07692307678,rectangular_hollow_section,True
49.71227597826137,82.66498726694232,2.2306349808312995,11.688956345205764,4,523.4959210436897,42550818400.03521,90985446581.31967,1.52587890625e-05,76923.0769230769,rectangular_hollow_section,True
112.8167744842338,246.23929070779192,4.094649579913836,10.016876481529327,4,2808.087869307042,1308339717530.3718,4354686131425.208,0.015625,76923.07692307724,rectangular_hollow_section,True
236.82379505990278,106.18462222104044,18.44233314419017,13.384727105414237,4,11112.121478621379,13799506936994.863,3527341667791.1113,0.048828125,76923.07692307714,rectangular_hollow_section,True
32.764780463504806,138.264552480252,12.562805501754259,8.01172072321102,4,3601.7324924879626,77505205084.91437,1201048416266.83,0.001953125,76923.07692307683,rectangular_hollow_section,True
243.25969717318745,218.83341169699364,15.93212721024982,19.920825938390696,4,13327.992088700956,22015118300214.938,18617634800127.88,0.046875,76923.07692307714,rectangular_hollow_section,True
87.63579277607158,280.04220551426846,11.980870197875467,8.758470168819251,4,8159.328941770972,2012821337257.105,13964428962506.008,-0.005859375,76923.07692307698,rectangular_hollow_section,True
135.8426455188549,53.72106090618661,17.384792796856804,15.50599402826013,4,5141.691582844135,1719935264385.0186,313411029442.4934,-0.006103515625,76923.0769230769,rectangular_hollow_section,True
292.9292289619878,45.76016178404117,19.534269698396297,10.637043972845408,4,11592.602330557782,16877002214545.688,457120117059.6648,0.0107421875,76923.0769230769,rectangular_hollow_section,True
33.422020993427154,281.13271199213165,15.34469355378673,15.3955339703945,4,8474.633604589259,166378162395.99982,10773825718171.484,-0.0107421875,76923.07692307691,rectangular_hollow_section,True
29.045996090914432,206.3833403017186,9.928192893716552,10.545422194524862,4,4169.674715301096,78592080940.56436,3036995090201.285,0.00244140625,76923.07692307694,rectangular_hollow_section,True
245.7984095803536,190.24204873314102,6.219247649697897,8.85565733551436,4,5197.499014953213,9217161765203.336,6219291190240.566,0.037109375,76923.07692307673,rectangular_hollow_section,True
178.53216605398353,232.24374363504464,6.88306477991919,11.856543170807928,4,5349.4459411250255,5561340318778.141,8332703996651.189,-0.0078125,76923.07692307697,rectangular_hollow_section,True
289.32616869462026,101.42101475628824,12.462113837101944,12.669277766062365,4,8957.38695600868,16729756928837.922,2984973542768.5586,-0.0703125,76923.07692307669,rectangular_hollow_section,True
89.07025246405664,75.69066068953364,10.754457004091172,11.856143939608335,4,2941.8404961060437,564295073739.8743,430282792470.92944,0.001220703125,76923.07692307686,rectangular_hollow_section,True
83.12913789723835,23.051445330069264,9.837287769077726,8.513103101464429,4,1629.4960583682857,183674323505.14697,15588285959.638382,9.1552734375e-05,76923.07692307692,rectangular_hollow_section,True
79.6083263246841,181.53168346165202,10.362009913048421,11.192738939460114,4,4857.798448194942,944758424585.4099,3662694188184.6914,0.0087890625,76923.07692307695,rectangular_hollow_section,True
114.27494856802844,92.27945051894608,17.735107766448245,14.814332366928955,4,5848.928421454888,1705586459505.7876,1176019860204.268,0.00244140625,76923.07692307685,rectangular_hollow_section,True
131.95041168637266,174.91978055685843,6.183862014717442,14.984602068603223,4,3495.2399791972343,1941448732278.9658,2990788938185.744,-0.00634765625,76923.07692307686,rectangular_hollow_section,True
50.42258499199596,30.04634405842654,12.307363574388283,12.105301257177695,4,1228.297621394674,47927666159.50018,18262763350.013695,-1.52587890625e-05,76923.07692307676,rectangular_hollow_section,True
25.91052466742159,116.68476471370239,16.589872776340627,12.818253581416432,4,2252.0394202398843,29876218991.98648,515094372737.46265,0.000244140625,76923.07692307679,rectangular_hollow_section,True
44.96871443618684,51.83685058062724,5.706625734027681,8.80045350879549,4,906.7277363104764,47139715207.92079,59370826985.53461,4.57763671875e-05,76923.07692307704,rectangular_hollow_section,True
225.04211246825153,240.50406812659904,3.443332594198531,16.539215508191603,4,3056.591017747678,4998898042129.248,5521902201172.006,0.0,76923.07692307755,rectangular_hollow_section,True
180.1179497840448,121.50070100598101,3.4381717875964304,12.302043911100851,4,1953.9773151853012,1782593904524.9326,982737207883.6775,0.008544921875,76923.07692307679,rectangular_hollow_section,True
252.6288893933479,85.44620007517025,13.781506927484081,9.557674575817744,4,8467.299498973907,11681658675210.719,1869344837655.3071,0.0078125,76923.07692307691,rectangular_hollow_section,True
181.25831954204807,140.5421247376049,8.15782156239017,12.660496593799234,4,4844.166904124164,4439158117849.308,2986231042982.369,-0.0107421875,76923.07692307659,rectangular_hollow_section,True
177.03021692951313,89.02097720557254,7.553839110387726,17.809126770471895,4,3579.179818687878,2680964023669.504,913569796370.4045,0.00732421875,76923.07692307717,rectangular_hollow_section,True
272.1390671314873,132.25781416529355,11.114219508289384,19.28009498999819,4,8189.967372845793,14721293069059.86,4700587136303.99,0.025390625,76923.07692307667,rectangular_hollow_section,True
132.89602050812255,206.46978953445853,15.477298362805229,19.521235272863095,4,9182.019533037224,4694736278302.249,9593230281585.508,-0.060546875,76923.07692307678,rectangular_hollow_section,True
225.12386641217608,173.06246468178009,14.562211512949315,18.660371010482145,4,10417.300598337566,14064238838221.242,9254380622455.967,-0.01171875,76923.07692307672,rectangular_hollow_section,True
82.5604373096571,219.1693859804565,13.246381454041995,15.138246523830816,4,7066.202829845133,1424948161396.4238,7294396961215.311,0.009765625,76923.07692307678,rectangular_hollow_section,True
282.747100247781,237.8326632858736,11.999523056407794,10.195491286977248,4,11813.515493535124,27461781661350.094,20948857493093.508,-0.0625,76923.07692307673,rectangular_hollow_section,True
219.19429091895978,174.6355142796721,18.584718077541915,11.293130006949601,4,13129.330030858999,16543689863712.277,11393727411338.418,-0.0234375,76923.07692307695,rectangular_hollow_section,True
160.57830858111507,207.10560295659235,18.76117930725586,8.331690797349415,4,12319.023117965702,8940493210020.666,13629051221225.781,-0.0859375,76923.07692307688,rectangular_hollow_section,True
143.1253261755664,168.87615382081168,13.232299698890367,12.769954634969235,4,7393.547416954582,4330606578894.415,5656986746209.746,-0.05078125,76923.07692307702,rectangular_hollow_section,True
214.28636557617793,71.51858474142415,2.223620715614228,12.207663957586224,4,1201.9197201110856,1285930722725.1816,238386903076.92273,-0.002197265625,76923.07692307695,rectangular_hollow_section,True
261.1133885889251,207.71368851687774,2.1635691822486116,10.885271547036407,4,1967.5344607216637,4089491494421.7207,2901791331305.157,0.041015625,76923.07692307704,rectangular_hollow_section,True
291.83591747893945,94.98283814071824,14.672863897817516,8.949232971795142,4,10410.217398021732,19230823237800.67,2897899570782.455,-0.017578125,76923.07692307702,rectangular_hollow_section,True
45.33650190308829,118.63651426604096,18.389223362023706,15.049922430497393,4,4451.518530760081,166585335601.20276,1042716872197.2085,0.00146484375,76923.07692307702,rectangular_hollow_section,True
116.85142521288752,299.6876611849193,3.331715853546944,13.622423520697108,4,2651.506675145512,1381317173241.7434,5855792558158.99,-0.02734375,76923.07692307624,rectangular_hollow_section,True
117.40989597692227,295.0608846838185,10.205523497232003,16.351706510806526,4,7772.746908320224,3637646742718.7793,15811619909080.262,-0.099609375,76923.0769230769,rectangular_hollow_section,True
255.0668159360368,161.50153058508127,4.628990387245732,16.429365346080612,4,3640.1963388274394,6558047966759.732,3281892793214.9053,-0.0400390625,76923.07692307683,rectangular_hollow_section,True
292.6590462731499,99.28656798253266,6.629988454894493,11.411770867451953,4,4913.999735985118,9757588445266.656,1760028184559.463,-0.0107421875,76923.07692307665,rectangular_hollow_section,True
246.24230289629898,110.19206522526827,13.051775598264099,13.195530955480058,4,8448.706019799367,11969206188645.23,3215653479572.9404,-0.06640625,76923.07692307733,rectangular_hollow_section,True
44.559774321410835,205.85365508125366,5.739996684246323,17.80035727462105,4,2571.553839649063,170560708145.54153,2071405304605.205,0.0009765625,76923.07692307679,rectangular_hollow_section,True
184.9727562961601,293.6339119946312,10.863114482151063,16.82597329169612,4,9678.731342087842,10860103412863.396,22328926342127.445,-0.0078125,76923.07692307714,rectangular_hollow_section,True
185.6328385158199,74.9661949487888,4.050984824294665,13.044132723150174,4,1956.4508580270153,1604650115929.7275,394498600437.86975,-0.001708984375,76923.07692307718,rectangular_hollow_section,True
291.54545968755696,171.42157579854214,13.933675183146788,8.458675122987703,4,12053.526184661541,26642544024391.938,11375632281631.16,0.09375,76923.07692307701,rectangular_hollow_section,True
234.68826756954897,215.44626248816974,13.919882539412026,11.03205286755354,4,11634.880860557138,18422428885856.848,16083777518606.777,-0.0078125,76923.07692307705,rectangular_hollow_section,True
75.89417489050322,117.22119008148871,8.100700236277909,10.733318280717773,4,2757.9805444956373,468236457644.71045,942861611712.4495,-0.002685546875,76923.07692307692,rectangular_hollow_section,True
59.5364680534864,236.8993050240001,18.978737577388777,19.384488931068674,4,9435.589794492591,751517780116.0552,9387783350291.242,-0.0009765625,76923.0769230769,rectangular_hollow_section,True
247.50281516849063,119.75177817312387,9.36929899943128,11.196320148805487,4,6408.681554306928,9746105996629.762,3073795970412.9277,-0.0625,76923.0769230769,rectangular_hollow_section,True
252.84250036571402,59.028597274654885,9.542891272624786,16.36363812515168,4,5366.7907912832725,6719388212052.512,586068794047.4717,-0.009765625,76923.07692307676,rectangular_hollow_section,True
129.80811081434837,266.7829747434937,5.471841861408432,14.407335023914474,4,4092.674929774249,2460102385170.458,7457015772408.014,-0.0126953125,76923.07692307691,rectangular_hollow_section,True
73.04025911372234,270.1103464465999,6.730742319104631,10.75040323266809,4,4338.691540872788,825583190882.3501,6850719684690.885,-0.00537109375,76923.07692307705,rectangular_hollow_section,True
184.00284365390718,147.36653749989688,7.5652732912079825,15.667914299358364,4,4605.035670466246,4394210317794.8135,3120309787075.0225,0.0009765625,76923.07692307721,rectangular_hollow_section,True
124.65800208524331,71.75613705891712,13.360681119451055,8.076886025714089,4,4469.186073138216,1564050860828.0645,603494338176.2437,0.00048828125,76923.07692307685,rectangular_hollow_section,True
228.3789432352937,225.83316758494257,3.7542960863779475,17.734225313049652,4,3235.0502173877567,5314680607006.021,5226218519611.812,-0.009765625,76923.07692307743,rectangular_hollow_section,True
45.80645139267696,24.696987874084265,7.686153854733229,18.564985802115945,4,,,,,,rectangular_hollow_section,False
163.60928879905708,193.62193504870163,6.916949102941274,14.339089057685305,4,4600.002333605558,3871381287231.1455,5013672353715.574,-0.021484375,76923.07692307707,rectangular_hollow_section,True
245.42483521902741,152.4835016519606,3.2779919689211834,18.86904607478329,4,2452.7398082262525,4076315080662.4316,1997319858289.6494,0.015625,76923.07692307631,rectangular_hollow_section,True
229.15028000306478,47.812662134693724,3.7101983075926084,9.895394144240866,4,1940.4504147121254,2094902117487.7383,167457809448.31134,0.0067138671875,76923.07692307651,rectangular_hollow_section,True
160.93402461298086,231.3501104870378,19.915699582748992,15.628603989431681,4,13794.43234932129,10114950153290.406,18422328004045.766,-0.00390625,76923.0769230769,rectangular_hollow_section,True
172.2550851392609,134.0849967523436,2.904939980268275,15.100763297857771,4,1666.749451951268,1445019609397.1943,993539215677.5249,0.00439453125,76923.07692307666,rectangular_hollow_section,True
296.22293553062605,28.601870066643116,15.099763989595886,14.132561777528105,4,7847.786208413078,11053180388437.906,110434084159.89795,-0.00244140625,76923.07692307707,rectangular_hollow_section,True
215.9975914917263,134.4648090719549,15.296198936119286,16.338276091298027,4,9519.737048892346,10974269031987.387,5075560628353.32,-0.064453125,76923.07692307698,rectangular_hollow_section,True
20.59216458131624,65.84491407573674,8.448016428723893,14.078566938676317,4,,,,,,rectangular_hollow_section,False
66.97680832395847,98.46327519775902,17.969798167336027,12.728311038383067,4,4492.185332755946,431752165423.3146,869994388423.477,-0.001953125,76923.0769230771,rectangular_hollow_section,True
248.12888397963764,147.69340554918162,14.40797320827577,14.813673477750529,4,10356.354788460994,16068138856445.848,6965811407013.34,-0.01953125,76923.07692307727,rectangular_hollow_section,True
166.97816660132423,196.35622200104095,16.7858183258623,11.133848250552443,4,10946.712712893186,8632570644256.385,11251818947244.762,-0.06640625,76923.076923077,rectangular_hollow_section,True
189.65708255023313,144.38333300323188,4.656854217560862,17.6527833933966,4,2881.68328480666,2956534828015.3037,1959582752798.85,0.01318359375,76923.07692307724,rectangular_hollow_section,True
252.28756372198515,190.51441368063857,9.812122480405723,12.610183554057514,4,8153.355899903942,14655082080069.832,9464252852332.738,-0.15625,76923.07692307694,rectangular_hollow_section,True
157.33203519845947,49.5937678079425,12.517529806359132,10.631190377366229,4,4440.623395022667,2140348887518.1338,275931860097.4875,0.005615234375,76923.07692307685,rectangular_hollow_section,True
33.07896999673855,190.02123680698355,5.965648792244229,10.154253893749388,4,2433.9546370442345,82709101726.36833,1642460356450.1006,-0.0009765625,76923.076923077,rectangular_hollow_section,True
179.64199539709992,54.01121857131714,12.25097071848629,18.935205519993733,4,4810.749217830898,2912021022775.9463,369762901331.72253,0.005859375,76923.07692307691,rectangular_hollow_section,True
291.5212939749562,193.49625814055915,14.751621146746407,19.240974423185712,4,13089.088246918967,29324362606750.83,15337252859097.715,-0.0078125,76923.07692307665,rectangular_hollow_section,True
143.76076484379433,146.70490231748613,3.8206705688147924,19.944479514578326,4,2023.352108978903,1274849072877.3306,1313907271998.3774,-0.0146484375,76923.07692307685,rectangular_hollow_section,True
196.99077243304052,90.67975784503948,4.5264413104178285,19.735058762489235,4,2364.1223607788515,2214654601506.037,679372212075.9747,0.002197265625,76923.07692307729,rectangular_hollow_section,True
30.820064864741283,218.6999207457177,8.335384759382613,11.745959178615504,4,3755.4400749331808,92747630764.7992,3138861503183.871,0.0087890625,76923.0769230769,rectangular_hollow_section,True
32.430898005813226,293.3467488112093,3.401840476876523,17.40731963507889,4,,,,,,rectangular_hollow_section,False
182.51946340751982,56.585862133584854,15.400681636380567,15.823660133234581,4,6165.836703779627,3850680789267.6875,477363740248.0873,-0.00439453125,76923.07692307685,rectangular_hollow_section,True
263.8060454595683,135.4881075323607,13.539372334642321,14.933757210297271,4,9858.053208707763,16759235301163.797,5726001993337.711,0.05859375,76923.0769230769,rectangular_hollow_section,True
28.960190913601714,27.687511715986997,17.107070386317172,9.808045706894276,4,671.3472828169242,8297874979.3418045,7614005955.484951,-2.288818359375e-05,76923.07692307692,rectangular_hollow_section,True
118.66595052241212,188.37346833756766,15.353446208101879,18.06636094601955,4,8166.279669150217,3262837497050.6387,6956184959393.535,-0.00390625,76923.07692307685,rectangular_hollow_section,True
41.26208667651852,122.34411784140433,13.87264519972571,15.245095763590081,4,3538.9711918611697,125586179409.13263,915560093873.5854,-0.002197265625,76923.07692307701,rectangular_hollow_section,True
251.90946177302143,217.7200479926736,7.973033439324735,18.063996907070106,4,7009.986081461573,13131528724910.93,10507955680843.152,-0.0078125,76923.07692307659,rectangular_hollow_section,True
61.07270038479923,266.11287955085663,16.658603340531446,10.680676637000902,4,9676.796475326646,909436848760.7932,12957516767287.73,0.001953125,76923.07692307672,rectangular_hollow_section,True
129.48341635928085,143.32357283787104,17.669587617388572,11.29482111419181,4,8264.343706234422,3585809977710.501,4256528927497.586,-0.0087890625,76923.07692307675,rectangular_hollow_section,True
69.48951097666188,200.1149511016395,13.978942483049408,14.86550937826514,4,6535.72983713891,870426263886.1143,5339145576322.201,-0.005859375,76923.07692307714,rectangular_hollow_section,True
157.31339292971052,37.26713677893157,14.111488934436633,9.443384056547554,4,4605.928001454391,1989775208853.791,129284515947.49481,0.001708984375,76923.0769230769,rectangular_hollow_section,True
201.33083921815145,36.96226634176906,12.867707721526358,12.296964079644553,4,5319.0451351970405,3725576206468.504,157851241070.36212,-0.00146484375,76923.07692307701,rectangular_hollow_section,True
98.28141852146314,23.6070832226036,6.909405405614792,13.311324670952056,4,,,,,,rectangular_hollow_section,False
251.98363760595242,162.9039314927459,12.9404696858356,12.585968075018627,4,9909.450406758106,16564541310118.441,8266243271337.416,-0.01171875,76923.07692307697,rectangular_hollow_section,True
233.10482723813567,121.67632990536539,11.700799882491713,17.82561770414423,4,7474.572518883523,9861414975200.738,3494797279160.952,-0.001953125,76923.0769230768,rectangular_hollow_section,True
295.9491698305149,187.67927030872497,18.492656068495112,10.25046584752612,4,16414.163452913537,37018056492273.28,17662052174649.375,-0.0078125,76923.07692307675,rectangular_hollow_section,True
49.352199740965546,106.16316303379735,7.585179611622904,12.717129267049133,4,1993.6956495352322,138157281905.16043,484267166126.72046,0.0,76923.076923077,rectangular_hollow_section,True
149.91282211872542,124.04940415391218,5.135415928321865,11.45718458849466,4,2617.0276543884556,1702378852525.2827,1273687262402.6743,-0.0126953125,76923.07692307682,rectangular_hollow_section,True
35.48973122352132,296.86972482355964,8.251336072241132,10.211417651640485,4,5112.049818696766,184295135099.64136,8072281147684.207,-0.0029296875,76923.07692307714,rectangular_hollow_section,True
43.5935486655963,285.8381321311683,11.07052737934629,16.936645271281044,4,6551.299964018588,333240820597.1565,9423262236247.148,0.02685546875,76923.07692307698,rectangular_hollow_section,True
39.23742388697603,34.38321451934251,17.29619724482952,18.69799655736231,4,,,,,,rectangular_hollow_section,False
155.3630731249794,281.12732955487434,6.057002564596519,14.686183621868334,4,4999.676632981092,4226239183487.6553,10503253425732.934,-0.033203125,76923.07692307702,rectangular_hollow_section,True
67.62073700813221,105.47455202638082,12.364636620599663,17.917229847359806,4,3378.7879103996984,383279421712.8406,804368438800.6357,0.00146484375,76923.07692307707,rectangular_hollow_section,True
186.6063645281057,28.63917779431584,4.964942296919604,16.017986882124887,4,,,,,,rectangular_hollow_section,False
219.7198147671165,50.846249725815355,14.525843250941053,8.928020214666773,4,6936.69045013956,6286315885412.32,439818162196.47156,0.0068359375,76923.07692307667,rectangular_hollow_section,True
145.00784660709448,142.84749009497105,5.625876388349047,18.651280771928356,4,2934.0660283993243,1826451967292.4487,1785435286441.9004,0.00244140625,76923.076923077,rectangular_hollow_section,True
205.28957954455743,70.6072166830167,7.654296833208063,13.263464402254135,4,3844.7821801382565,3568729213065.088,636844382464.2601,0.0009765625,76923.07692307695,rectangular_hollow_section,True
275.93341148670453,189.87210258964123,19.613761320888475,11.338719772827693,4,16605.031251396387,32715833436227.43,17774448758532.14,0.2265625,76923.07692307685,rectangular_hollow_section,True
204.95298088905025,288.743543698901,9.809809308314517,12.757642276057055,4,9147.140372870868,12570245298737.836,21404464240401.742,-0.1875,76923.0769230773,rectangular_hollow_section,True
107.53292895480503,190.96587369622836,17.912358793864822,18.871863350345453,4,9054.998337687928,2831090582509.698,7430205990024.211,0.0,76923.07692307688,rectangular_hollow_section,True
140.17080477657692,24.828935186051694,11.92683935071945,8.755611116680644,4,3290.192069271513,1043248679779.8501,34083915067.835846,0.002197265625,76923.07692307672,rectangular_hollow_section,True
253.833377520649,152.0774647906422,12.304781959987466,8.439181036868986,4,9312.43840676586,15643710912308.176,6889175250746.508,-0.01953125,76923.07692307697,rectangular_hollow_section,True
154.31646794838028,44.420582612777224,4.781132753668062,18.22518905823293,4,1657.524655689823,779123777629.321,108814843706.30579,0.0001220703125,76923.07692307695,rectangular_hollow_section,True
222.78299077932897,42.08861964170519,5.068826635829808,8.660057846665945,4,2520.304873800333,2485542255698.5273,156400800288.85306,-0.005615234375,76923.07692307708,rectangular_hollow_section,True
198.38571039622283,259.26416929022605,18.18423393692568,12.340220315409761,4,15169.078453924596,17657115745680.117,27230245144821.273,-0.03125,76923.07692307683,rectangular_hollow_section,True
34.496045106336894,107.34260879063493,13.766449445842321,19.454411204519822,4,,,,,,rectangular_hollow_section,False
272.8967471818865,166.46919909447791,5.893486675305605,11.886826276407186,4,4934.485439806375,10108102203532.906,4734710731298.713,-0.017578125,76923.07692307715,rectangular_hollow_section,True
91.33457660924302,266.6709838396962,7.994486659588829,18.29075933416282,4,5239.95544030301,1510950729224.836,8293083944739.855,0.0068359375,76923.07692307698,rectangular_hollow_section,True
224.11039463198668,176.22250928231344,8.931131034591354,10.111792473019467,4,6730.936452820689,9660674840938.291,6640900940858.148,0.0,76923.07692307695,rectangular_hollow_section,True
185.93991888408166,205.6847640859631,10.791070079279827,12.514168282644517,4,7832.674683199504,8165135346449.578,9566548130543.6,0.03125,76923.0769230768,rectangular_hollow_section,True
43.05464371998851,187.29578064170292,9.33377401518819,12.292605231127311,4,3809.2467999192127,198023582482.56482,2529434182508.5283,-0.003173828125,76923.07692307675,rectangular_hollow_section,True
184.73151305531545,67.16336435915805,4.17542195010367,13.932085080606734,4,1934.8876874534583,1510775416681.7285,313068054534.9266,-0.001953125,76923.07692307669,rectangular_hollow_section,True
115.83344012662037,112.9252397209012,11.948051019231423,17.360636102618873,4,4623.321454585026,1609200559165.3828,1544494204870.9946,0.00146484375,76923.07692307678,rectangular_hollow_section,True
230.68894554357416,21.879524637418307,11.570646426256268,17.79343243997232,4,,,,,,rectangular_hollow_section,False
144.37031783990435,200.1899773519364,11.716254958947822,11.579747395071246,4,7390.739463609723,4699715728729.961,7919128695209.633,0.03515625,76923.07692307669,rectangular_hollow_section,True
184.58931691265138,292.41828304483636,10.196025491820073,18.499500997965633,4,9038.043722904922,10142527134019.797,20710819463681.438,0.0703125,76923.07692307688,rectangular_hollow_section,True
241.65610391259457,140.85082016573364,19.999068846957663,8.930710291407792,4,13619.956012870698,19119633754908.36,7732431078745.365,0.05078125,76923.0769230771,rectangular_hollow_section,True
280.1060656114213,278.65594934529975,13.635562555657692,17.879595815993518,4,14192.68642426998,33228143558951.242,32960514399722.61,0.125,76923.07692307727,rectangular_hollow_section,True
174.54697818762185,261.25522749984844,17.427757998959258,11.415773260353479,4,13844.883877654622,12683405497485.406,24431055867359.25,-0.15234375,76923.07692307702,rectangular_hollow_section,True
283.846806758742,249.41216900661558,19.53468324854749,11.285438822255259,4,19180.313834147084,43155928883038.72,35052544490130.22,-0.203125,76923.07692307676,rectangular_hollow_section,True
58.19575527842227,261.9009548623594,17.19976868694917,16.16815895860294,4,9566.44120810076,775531472063.561,11910280374224.312,-0.0283203125,76923.07692307685,rectangular_hollow_section,True
78.0882044595607,96.41224051820868,10.176732902697768,12.157680013878107,4,2993.540237727439,483135873118.2378,683378431100.9475,0.0,76923.07692307701,rectangular_hollow_section,True
31.26991053772383,45.81656333881852,5.611606932951496,17.873524516090477,4,,,,,,rectangular_hollow_section,False
233.8170064976632,275.91158284486505,4.764329846118093,12.341535654495521,4,4671.335453269345,8433889566394.402,10836034170850.414,0.12890625,76923.07692307745,rectangular_hollow_section,True
264.43511133175406,58.28603843878259,19.344472050161205,15.402850782771393,4,10751.658315630013,13421628122530.602,813290920824.6558,0.0029296875,76923.07692307708,rectangular_hollow_section,True
290.74229814565217,125.10731416447749,4.152501824672745,9.643226818897503,4,3321.8156996802963,7123269651134.301,1939721465122.9927,-0.0185546875,76923.07692307772,rectangular_hollow_section,True
85.71011554782909,268.35566264289025,6.511679938549138,11.635692849082947,4,4332.384307283231,1144841007431.2368,7057210013232.428,-0.0029296875,76923.07692307694,rectangular_hollow_section,True
94.95565349538556,34.099223411294865,7.099412479166094,13.628833512490644,4,1487.7092131389493,252011118309.54333,45443316802.89995,0.000457763671875,76923.07692307694,rectangular_hollow_section,True
140.42770941943726,223.9386171591044,9.296453293504921,13.578123017341149,4,6262.900169123384,3994018739007.587,8303704723470.57,0.0,76923.07692307702,rectangular_hollow_section,True
255.0594618642751,298.0684209535146,4.1769758965326975,13.219003128426928,4,4458.0313706525785,9627553506183.926,12177756889235.41,0.150390625,76923.07692307694,rectangular_hollow_section,True
205.41908547696062,30.517753098096264,12.478532434365745,16.357408571547783,4,,,,,,rectangular_hollow_section,False
32.854824271399195,165.9040186998281,16.983488611748513,17.458915142245267,4,,,,,,rectangular_hollow_section,False
90.53182189237823,260.0045704263362,18.711607472608446,8.167748347587278,4,11650.98962595846,2634674801734.2314,16541834353896.93,0.048828125,76923.07692307686,rectangular_hollow_section,True
152.0986115608453,51.41853123610804,18.33415184686924,19.890374444850615,4,5724.8587364024415,2236394901895.915,302628924561.55444,-0.00537109375,76923.07692307697,rectangular_hollow_section,True
254.27977276472853,35.90666564089521,5.681647488912111,18.34492411355412,4,,,,,,rectangular_hollow_section,False
84.73703242523312,25.92778648973029,4.047689979506922,8.499675027831476,4,777.9142758230679,111119288865.77618,15858437447.73656,7.62939453125e-05,76923.07692307675,rectangular_hollow_section,True
229.27828580037843,190.11928039468228,12.720224401269226,17.05046778913318,4,9750.478431389802,14273340067058.77,10631177045541.629,-0.05078125,76923.07692307669,rectangular_hollow_section,True
202.84357608075263,150.67271974036984,4.470947470079493,13.58382120699857,4,2979.672360907157,3531446479074.879,2249987903156.623,0.005859375,76923.07692307721,rectangular_hollow_section,True
91.52246632861511,82.37340432927297,3.5792016782639235,12.622196196510895,4,1116.0299586228748,267706225980.6355,228340693243.84845,-6.103515625e-05,76923.07692307707,rectangular_hollow_section,True
264.83188529518935,257.8975764593629,6.830397879112688,8.867136383284494,4,6879.80526918273,15082274643786.246,14481747414350.328,-0.17578125,76923.07692307721,rectangular_hollow_section,True
160.5127975648516,152.14013400858377,5.279007768661357,8.428036057452015,4,3128.4074046334435,2453490192728.437,2259630103458.11,0.00146484375,76923.07692307743,rectangular_hollow_section,True
80.25601656245084,139.920954938268,18.690256586155925,12.73251176301398,4,6670.908562601695,1026114347297.2783,2748562311389.4717,-0.00537109375,76923.07692307715,rectangular_hollow_section,True
205.6087904551635,180.95526979162912,15.631476781361409,15.408777201717339,4,10870.331584195806,12526798975720.09,10200721266958.797,0.01171875,76923.07692307682,rectangular_hollow_section,True
229.20934517632915,174.8903087264689,6.339460701453067,11.323137347107604,4,4859.416296361011,7389885078171.006,4879621171048.446,0.01171875,76923.07692307673,rectangular_hollow_section,True
253.13748887637894,164.25864181589694,11.775165359385106,12.15741892036536,4,9127.542124554273,15575131286495.652,7852511352498.525,0.00390625,76923.07692307666,rectangular_hollow_section,True
258.55820257634826,235.558651945344,5.540053231131813,13.288655662646539,4,5235.551064005547,10771763978368.492,9351774304970.29,0.09765625,76923.07692307663,rectangular_hollow_section,True
33.24588899044189,68.89721749656078,15.387633722854279,17.58299351102521,4,,,,,,rectangular_hollow_section,False
185.21974628132946,147.96938519315552,16.467335937202122,13.516325061293667,4,9706.091062592739,8607782914624.492,5954714649351.865,0.001953125,76923.07692307702,rectangular_hollow_section,True
115.51618698742962,279.1236128443204,7.583457116442871,13.08677288860574,4,5614.455569433812,2637572775326.989,10575844062698.309,0.03125,76923.07692307698,rectangular_hollow_section,True
71.91628747156746,82.78296585778784,4.2667564817316075,16.958275803675477,4,1120.7987846923015,165666214741.19012,204534925775.0409,-0.00103759765625,76923.07692307705,rectangular_hollow_section,True
188.28624701334613,141.07812431500741,3.526313007976989,15.248360289447909,4,2178.0381011899863,2229247881571.463,1444660331936.047,-0.02490234375,76923.0769230767,rectangular_hollow_section,True
84.12820262021216,25.11569702209659,12.369280413011982,9.761155679112772,4,1995.2603042385651,217834543587.72815,20158375761.10341,6.103515625e-05,76923.07692307685,rectangular_hollow_section,True
169.7856631297896,99.31615984811341,6.089890557647042,15.734858422664287,4,2974.6938691169194,2199109284561.512,961397591087.0142,0.001953125,76923.07692307682,rectangular_hollow_section,True
271.2271857836254,51.07732714804743,13.819497800441484,10.712179267897547,4,8029.508152569778,10933305990898.828,537919787752.2688,0.0185546875,76923.07692307711,rectangular_hollow_section,True
149.68113016286216,150.7569335533053,16.796350313640215,8.708378643616518,4,8888.220537422227,5290866449067.471,5354348565892.416,-0.00390625,76923.07692307714,rectangular_hollow_section,True
295.81133646638307,179.22288309487803,4.541398787395558,8.159901778294746,4,4178.65201245315,10243788015410.637,4761968955654.81,-0.01171875,76923.07692307617,rectangular_hollow_section,True
270.7739346956498,257.2898891340744,8.203883731026801,19.479651471573504,4,8142.819710116843,18155189608324.805,16795758586835.68,0.0390625,76923.07692307667,rectangular_hollow_section,True
89.96314623896322,283.98295601787606,7.5852225682804795,11.209904201807392,4,5330.262787407201,1530203946336.6567,9685099188913.75,0.0224609375,76923.07692307695,rectangular_hollow_section,True
254.6669151506523,229.6138878106473,5.979894437890293,19.092266061377295,4,5456.279276291145,10725231912376.535,9171583012803.113,0.021484375,76923.07692307701,rectangular_hollow_section,True
51.35236835886285,265.2136105506087,16.33342407091436,19.241625482950447,4,8912.307276610738,539588070769.3967,10859461517440.02,0.001953125,76923.07692307643,rectangular_hollow_section,True
43.19599310265974,184.09016412341592,19.112796595532334,14.464355652728727,4,7017.734624826956,232935961254.69324,3906089847317.66,-0.00048828125,76923.07692307705,rectangular_hollow_section,True
194.18302342035545,31.582569417038382,4.131923808071206,11.537447204380289,4,1719.1303675327927,1210923264909.3174,59111853061.23279,0.001953125,76923.07692307718,rectangular_hollow_section,True
45.81014257095205,99.99903480388372,17.12307906295151,12.326984088815955,4,3668.650261476202,146289191058.89996,641371788840.4221,-0.001220703125,76923.07692307692,rectangular_hollow_section,True
179.07213022387467,186.68590172767802,7.433706314563856,13.030523818900534,4,5078.365440338697,4975311784198.943,5305020010275.172,0.0380859375,76923.07692307695,rectangular_hollow_section,True
59.22117837823299,210.11957074310476,14.305692603153343,12.548122312511675,4,6730.145187872293,618173059005.2268,5777879758900.65,0.0234375,76923.07692307688,rectangular_hollow_section,True
151.95533697254734,282.76700309124874,7.017845100503597,10.048531127956855,4,5812.839569141229,4684886095739.558,12293113870207.996,-0.048828125,76923.07692307697,rectangular_hollow_section,True
64.43595057901851,55.307097222067554,3.52193285059541,8.995951061691084,4,742.8756432167963,84395903561.1011,66722976550.07353,0.0003662109375,76923.0769230767,rectangular_hollow_section,True
197.3904238957507,58.09036915400806,2.871180200818536,16.778204553444965,4,1345.9852647128325,1131036696392.63,171337365623.83624,0.0008544921875,76923.076923077,rectangular_hollow_section,True
32.178559022440105,48.472122360306344,6.3773295423066445,15.296375875696658,4,711.5608901805549,15874768197.918518,30129087693.30638,7.62939453125e-06,76923.07692307691,rectangular_hollow_section,True
101.39163312006042,31.385311132742316,8.161860917828307,17.318944219058697,4,,,,,,rectangular_hollow_section,False
147.0708195543965,282.2003556730252,3.662723218055252,13.41977389026368,4,3006.050541760431,2368101376054.0615,6378022813653.26,0.0009765625,76923.07692307691,rectangular_hollow_section,True
77.85142929321725,206.5218192476454,6.937385918775171,8.14201582462416,4,3688.2633581849277,765499912655.3713,3672229443007.4697,0.0029296875,76923.07692307682,rectangular_hollow_section,True
178.6870253968154,277.32664693503267,12.28505483183022,15.69846357445507,4,10365.82524908346,10602507083806.129,21184118720351.844,-0.00390625,76923.07692307708,rectangular_hollow_section,True
178.31383359864293,188.60376185651927,12.922555673640714,17.283108036313404,4,8535.36492277477,7796889358583.951,8520816324812.256,0.013671875,76923.07692307721,rectangular_hollow_section,True
169.41219048943225,43.42785357499559,13.677924534118409,8.51202687537426,4,5001.623041332126,2652379790967.6553,215794332079.2386,-0.00390625,76923.07692307701,rectangular_hollow_section,True
188.5130258195118,81.77218350858729,10.297897766932136,19.26167228065232,4,4851.889347962001,3813838943122.2344,991786397814.2568,0.0,76923.07692307676,rectangular_hollow_section,True
245.96418141278596,32.01186539485608,2.0305519253641524,12.992222147260605,4,1063.7574073441249,1196353045854.026,43820063415.25539,-0.0006103515625,76923.076923077,rectangular_hollow_section,True
42.969009585022434,158.79964036828193,15.874517004404286,13.681137531006463,4,5210.785044643993,194338486038.3733,2267430224404.541,-0.001708984375,76923.07692307685,rectangular_hollow_section,True
71.23545362409496,115.62237628722593,15.746133333101456,16.10838268862404,4,4633.464980212422,555864792807.5352,1289496211977.206,0.00244140625,76923.07692307708,rectangular_hollow_section,True
236.1713916725,37.72890636612719,15.244806526904044,14.833882251504578,4,7201.45353569798,6656402559161.031,199429794380.75055,-0.01318359375,76923.07692307704,rectangular_hollow_section,True
132.87584046274696,174.94275098719982,2.3188170102383463,14.622413490603103,4,1343.6058325969661,798385389588.0325,1203073261452.3452,-0.00830078125,76923.07692307686,rectangular_hollow_section,True
233.22987414668512,267.12244675063994,15.474712013666581,13.069928136758271,4,14356.926273388039,23463176461946.65,29098506240765.227,-0.171875,76923.07692307665,rectangular_hollow_section,True
107.35597247299032,44.1709634679377,10.690735457952691,15.671755671209386,4,2561.908111816329,555543654011.2075,120833022912.48666,-0.0015869140625,76923.07692307691,rectangular_hollow_section,True
121.87460443778002,135.91397490890182,14.253470955899365,11.626299566316426,4,6400.947478192536,2552186803756.754,3056845255361.38,0.00390625,76923.07692307708,rectangular_hollow_section,True
233.3302747903322,268.88697892348614,5.100198824751182,14.209982639114852,4,4899.832136654343,8713797022038.955,10799775420882.871,-0.064453125,76923.07692307768,rectangular_hollow_section,True
240.51352689271562,44.21721462861426,5.866685539862756,19.708735599164534,4,3006.3475421069816,3206050467824.288,197906793658.38342,-0.00341796875,76923.07692307695,rectangular_hollow_section,True
245.32724661086155,94.49520925198537,10.586853783970163,15.615218720712544,4,6528.424811527915,8863501847084.395,1891228870398.391,-0.056640625,76923.07692307683,rectangular_hollow_section,True
198.20005539116332,104.60581641992749,18.019386110221017,16.309320668894117,4,9347.96479737473,8219170706724.059,2785000135408.3096,-0.0703125,76923.07692307665,rectangular_hollow_section,True
88.93838437941235,195.84442648537913,13.886210425499652,15.657602643126555,4,6895.778024401116,1574282179677.0273,5864188670822.449,-0.041015625,76923.0769230771,rectangular_hollow_section,True
34.5515917751894,201.1674472013376,19.3084149376088,11.088040289333305,4,6166.903913962419,132757369207.34576,4161318238285.76,-0.0009765625,76923.07692307694,rectangular_hollow_section,True
48.49931555143386,261.18148971243943,11.856984892405105,8.810200567698413,4,6703.789261965149,428692262959.3623,8613801136863.1875,-0.00244140625,76923.07692307694,rectangular_hollow_section,True
39.03161156240395,116.21258604413242,16.381403741910827,15.696867637718292,4,3766.4425513053548,102156129769.70319,814562366956.2124,0.0,76923.07692307691,rectangular_hollow_section,True
92.58986513927397,267.98710189588775,3.5622034716093447,19.926614420660865,4,2388.863856657089,774431055467.6233,3945333474462.669,-0.02978515625,76923.07692307643,rectangular_hollow_section,True
207.14175894192965,110.28568141100887,3.393787905355928,12.602776004894999,4,2034.4671291975612,2305435347381.099,884201884412.2935,0.017578125,76923.07692307672,rectangular_hollow_section,True
287.30147226183306,243.56072940682333,19.22977980986912,10.134306973983655,4,18834.88459095388,43182827299524.75,33108960482358.055,-0.296875,76923.07692307667,rectangular_hollow_section,True
218.48855815190277,99.35289842257802,8.928623168154198,11.965507372119962,4,5222.941238221918,5995997837944.613,1701522655051.0405,0.02734375,76923.07692307675,rectangular_hollow_section,True
238.95158828909285,203.3506732718334,11.652340471528715,18.493529401805873,4,9469.396168456684,15348320621924.68,11937810320769.48,0.0703125,76923.07692307705,rectangular_hollow_section,True
78.57875670725157,153.96241231934218,13.480275850495175,13.857336242901463,4,5350.683268919207,904076170977.4788,2809105057655.334,0.00439453125,76923.07692307686,rectangular_hollow_section,True
150.6782110668689,165.8510087411495,12.844820589136958,12.416275564151995,4,7317.400516553606,4733512611323.61,5523578598836.758,-0.00390625,76923.07692307682,rectangular_hollow_section,True
74.00953284190881,130.5483050891374,9.571038350279558,18.109436979701584,4,3294.195266399748,514134687436.6633,1278085656951.0479,-0.004150390625,76923.07692307698,rectangular_hollow_section,True
282.07905120084456,125.61545282745723,17.49494316931618,18.93054308099586,4,12684.58769660995,22875494781268.406,6010381566628.623,0.046875,76923.076923077,rectangular_hollow_section,True
228.96868673986611,282.21255147454286,12.069329549467984,8.65442869938045,4,11681.6556478223,19308861179118.96,26806279011909.383,0.1015625,76923.07692307702,rectangular_hollow_section,True
165.50398629605075,35.8527501729117,13.331587984743095,10.17370068681231,4,4554.380958668752,2165529603501.7568,120292885116.55078,0.00244140625,76923.07692307682,rectangular_hollow_section,True
203.3086509240398,124.40079394867969,13.75882247705381,15.040581827112312,4,8035.995173628405,8219574760028.314,3704359338930.922,0.01953125,76923.07692307669,rectangular_hollow_section,True
36.172503261356326,264.11446986133353,4.3359573434511605,8.271338916904234,4,2475.9330888214977,116729906883.67172,3285933975456.0986,-0.006103515625,76923.07692307723,rectangular_hollow_section,True
270.0078650225588,233.75301224188186,7.552129911034453,14.57793950199702,4,7217.642193907496,15754240501065.469,12637036572991.629,0.0625,76923.076923077,rectangular_hollow_section,True
291.67567859065764,62.98494025544388,17.7746842425288,13.088063840518059,4,11172.906011718878,17668445636757.055,1098816091484.9404,0.041015625,76923.07692307676,rectangular_hollow_section,True
177.88373796265245,148.13078191609839,10.283029636269475,16.27312550781493,4,6052.937780290086,5278419811649.934,3960818525897.746,0.01171875,76923.07692307692,rectangular_hollow_section,True
233.09859842908827,135.1394912269244,4.511966537354827,14.985295537216082,4,3126.6560464794834,4568748930396.689,1993523734215.207,0.0126953125,76923.07692307702,rectangular_hollow_section,True
178.94895635252843,87.36356175713405,14.98657258451215,14.84635109457016,4,6863.420193482647,4855962952124.053,1448182544078.3403,-0.0078125,76923.07692307676,rectangular_hollow_section,True
242.56535038914794,200.55902124647002,3.697594710452816,16.793898279042487,4,3111.7779864480963,5508504080088.928,4141541234348.1523,0.0126953125,76923.07692307729,rectangular_hollow_section,True
178.87267872757047,134.4242804646663,11.703064552139338,13.249446865722845,4,6612.065651197232,5611061924475.375,3553496243432.824,-0.0126953125,76923.07692307727,rectangular_hollow_section,True
152.2371681527503,93.34232713090987,16.353945558587505,16.165361321647786,4,6701.26234435646,3490285213365.5645,1523374272366.6523,-0.01171875,76923.07692307679,rectangular_hollow_section,True
285.49465441054593,157.31817120086427,5.723154795327684,14.412796802486291,4,4805.335855958744,10443804672705.348,4189685958808.1797,-0.072265625,76923.0769230772,rectangular_hollow_section,True
236.44637823873316,78.06116187642837,14.744530298528863,19.799760097937256,4,8038.452062179434,9066148062434.836,1388864649817.4307,0.005859375,76923.07692307717,rectangular_hollow_section,True
163.38559725120194,285.32278880783053,14.924152996277025,17.6044030135475,4,12199.532572581553,10235755527847.098,24977070756719.312,0.01953125,76923.07692307715,rectangular_hollow_section,True
230.0621234761174,178.16656516140722,16.202268615729945,16.185848409151724,4,11916.426017995638,16751314911861.922,11103037664593.773,0.10546875,76923.07692307701,rectangular_hollow_section,True
226.6981710606656,75.06317476575211,4.946384359078594,18.453255447158696,4,2729.30125942158,3101819039359.799,554098216445.142,0.0029296875,76923.0769230769,rectangular_hollow_section,True
80.29612278910311,288.3535058262078,4.964619339490872,17.665862952658234,4,3411.059246154205,823628743001.759,6149644907585.881,-0.0068359375,76923.07692307678,rectangular_hollow_section,True
194.18045719725555,286.6408039879069,7.6998128043604765,12.05453453653961,4,7040.970736547868,8917918833577.03,16254063962432.664,0.03515625,76923.07692307711,rectangular_hollow_section,True
282.77975566863904,265.5774644871758,15.708836754783604,11.184054774343505,4,16115.954819520339,37626282392039.17,34070386725623.516,0.109375,76923.0769230767,rectangular_hollow_section,True
102.48490125317724,21.897681436503053,8.394046437942478,19.22560748788902,4,,,,,,rectangular_hollow_section,False
201.76226753959162,219.03448750566585,4.0923339050451695,14.64623951755302,4,3273.965460120092,4283590795073.622,4847614545798.393,-0.0068359375,76923.07692307683,rectangular_hollow_section,True
147.83639744190563,211.93556733943402,17.3894934547773,12.231911549962451,4,11153.306862933858,6995343332430.465,12661192271370.383,0.013671875,76923.07692307721,rectangular_hollow_section,True
291.9272036262744,247.75044240331675,2.502043573936698,19.401381117916912,4,2584.7271044505533,6769536829703.262,5302405726071.559,0.025390625,76923.07692307695,rectangular_hollow_section,True
48.21579524847664,297.72424290542716,15.216795832160024,16.753988553822342,4,9323.661188926593,507971429423.3268,14378503055053.648,-0.0029296875,76923.07692307676,rectangular_hollow_section,True
31.238898048933798,80.67269386874378,14.202651129738085,9.429730589885022,4,2283.101579310755,37742524900.29404,240810296110.75244,-0.00054931640625,76923.07692307694,rectangular_hollow_section,True
129.08081140083385,100.66762710711416,2.0252451504765387,12.7700471965114,4,866.5640157648497,420751062436.1765,290652280216.4129,0.0010986328125,76923.07692307697,rectangular_hollow_section,True
23.88997571638345,76.07865157142992,7.097114071090638,10.732811707474074,4,1115.5264403867213,14267474185.920181,110395874095.25385,-3.0517578125e-05,76923.07692307702,rectangular_hollow_section,True
55.74579809555935,298.0025118886193,12.1060407683636,14.376023295602359,4,7777.240807353485,692638566722.5815,12945201818012.176,-0.05078125,76923.07692307692,rectangular_hollow_section,True
192.149442958176,22.341336162720115,4.995263302825515,11.904762119416729,4,,,,,,rectangular_hollow_section,False
169.0385262404685,179.47131739959178,19.10386748301117,16.5991020909968,4,11580.410537388088,8817853957024.123,9734115848870.777,0.115234375,76923.0769230768,rectangular_hollow_section,True
66.20563137338897,286.30512673549754,19.73634669968438,10.509583212962538,4,12246.004211300182,1285416265537.0435,18758756714385.39,-0.015625,76923.0769230771,rectangular_hollow_section,True
279.5044995777099,259.47305524267483,8.948275966477983,18.827234982395005,4,9068.682283607528,21368220280695.35,19071540310659.316,-0.15625,76923.07692307688,rectangular_hollow_section,True
49.08006245917248,172.020278475986,9.58415270573154,16.241336966248447,4,3651.232005103856,249403193503.88318,2077326765401.2744,-0.001708984375,76923.07692307698,rectangular_hollow_section,True
248.42401719646335,261.5559993885195,8.567154881971252,13.989158481255577,4,8278.27257451786,15935750029710.21,17247622859422.848,0.06640625,76923.07692307694,rectangular_hollow_section,True
238.9145018292997,222.42259707547635,16.864073706050483,12.360021616034294,4,14269.687616329864,22971754651743.117,20481628416751.96,0.046875,76923.07692307672,rectangular_hollow_section,True
279.6137407970534,41.14717469929792,11.52740134566854,18.1341739164714,4,6578.356870894237,8833623050026.18,281703979033.16626,0.00927734375,76923.07692307705,rectangular_hollow_section,True
168.83267514903002,48.809703685077714,12.28812170032525,16.714693002381228,4,4485.053908163999,2360912547358.6484,269679752209.34027,0.00537109375,76923.07692307688,rectangular_hollow_section,True
244.72173941258882,236.61962345157033,9.327949892302364,12.756187390392572,4,8480.846126609964,15395262267417.02,14614758426811.203,-0.0234375,76923.07692307691,rectangular_hollow_section,True
51.07100758049446,57.742291619903455,3.2532470675553977,15.530606200358207,4,575.192445464386,40696993614.23425,48733535559.685135,-6.103515625e-05,76923.076923077,rectangular_hollow_section,True
158.1682570727173,121.31236036005849,12.169814579447523,13.150873285431022,4,6038.054045835343,3927982190860.837,2558386395594.3877,0.025390625,76923.07692307683,rectangular_hollow_section,True
276.11879811355686,76.01794328613973,11.272657700557748,9.26113924739399,4,7344.973952481943,11824545246202.36,1353430271827.3518,-0.0439453125,76923.07692307715,rectangular_hollow_section,True
176.85009261348972,97.33181487936562,7.193774620785838,18.077319181281922,4,3529.4661954413064,2728913732643.63,1079541778762.5898,0.00244140625,76923.07692307691,rectangular_hollow_section,True
157.0150684749274,143.9065542219654,18.403363589163884,8.871859041444164,4,9642.495020232936,6092016822154.842,5260930429752.564,0.03125,76923.0769230766,rectangular_hollow_section,True
63.1583080947827,40.03260809611965,3.2742488229470514,8.4644717911961,4,588.153782091673,58269362421.60068,28746035514.104393,-0.0001678466796875,76923.07692307704,rectangular_hollow_section,True
185.49948681388753,221.82082573588832,3.9969011532966805,12.954149171792366,4,3104.5594899656835,3517023549987.323,4606927895833.197,-0.0556640625,76923.0769230777,rectangular_hollow_section,True
267.31427259749034,101.74669867241711,19.47275340757753,11.839316091454377,4,12716.344665197204,19446277210594.633,3685338270986.662,-0.0078125,76923.076923077,rectangular_hollow_section,True
135.98111154163536,165.907111550821,15.774617161126178,10.576863630956487,4,8417.118058883983,4306380847791.967,5983383593086.42,-0.05859375,76923.07692307683,rectangular_hollow_section,True
257.2953887030856,181.77846322511974,8.195632984157587,17.65683088392339,4,6706.053275479181,12352062027379.586,7241759836555.027,-0.00390625,76923.07692307691,rectangular_hollow_section,True
58.75273093180206,175.90425769271647,3.2279406504969295,15.222576142295178,4,1385.3837178091255,175339853995.70645,952406615263.604,0.0009765625,76923.07692307707,rectangular_hollow_section,True
38.6551124821154,191.9462737543659,11.745713972302568,17.624332796640193,4,4589.249714578869,160357961689.96722,2872450162129.365,0.00048828125,76923.07692307697,rectangular_hollow_section,True
82.9687152288234,282.19905721244345,7.279433245555187,15.945695055216385,4,4925.307155282114,1201229556217.5447,8520436285264.852,0.0029296875,76923.07692307678,rectangular_hollow_section,True
269.98534420853224,36.25268887568514,11.606950540765643,18.642225538171456,4,,,,,,rectangular_hollow_section,False
104.60331332380363,171.36452248450473,17.697014261009915,9.767339203656524,4,8419.47528162256,2470052149901.837,5741043335007.279,0.00390625,76923.07692307707,rectangular_hollow_section,True
265.8397164904442,127.11613571703853,13.73735687131127,13.974185050659688,4,9846.267897406347,16655738220157.273,5028833437476.017,-0.00390625,76923.07692307679,rectangular_hollow_section,True
137.13209807528875,82.5100969611501,7.922791093702015,19.381185111373654,4,2984.940435556816,1344527942603.2031,608082197567.333,-0.001708984375,76923.07692307694,rectangular_hollow_section,True
33.92159818719858,226.1321823017781,19.625401511002213,11.634357854616919,4,6539.477592553061,141073013678.78442,5628712086636.51,-0.001953125,76923.07692307702,rectangular_hollow_section,True
146.4956202279251,127.46301516079937,13.276407329593871,19.6352415300827,4,6224.212965880174,3441783593184.6445,2752225943473.9873,0.0048828125,76923.07692307714,rectangular_hollow_section,True
259.5867848746275,131.156196690073,8.039729165980287,12.105364168342915,4,5894.376056650439,10120483806165.39,3471748418531.707,-0.009765625,76923.07692307685,rectangular_hollow_section,True
47.32585260659573,69.41880274429502,17.32382679210677,19.487576650934848,4,2469.384647239941,93027507244.60577,185790308085.55005,0.0003662109375,76923.07692307679,rectangular_hollow_section,True
148.10190715234256,67.55853247390142,3.0874337608905025,19.10324875072681,4,1185.1178724261304,611556069694.501,188317190490.38052,0.0010986328125,76923.0769230771,rectangular_hollow_section,True
282.11655526303724,207.4325014944438,5.844644640251456,8.967064866677982,4,5515.182313299292,12832893181525.434,8016222844288.242,-0.001953125,76923.07692307698,rectangular_hollow_section,True
33.44622103775733,195.1702344083667,17.67615225713358,16.114525218129952,4,5963.402561586177,112576989002.27686,3558350939867.1895,-0.009521484375,76923.0769230768,rectangular_hollow_section,True
91.32362376073714,228.85478522307253,8.890517833350149,15.073292969148664,4,5187.961027914053,1434772924375.842,6242277500493.879,0.0,76923.0769230767,rectangular_hollow_section,True
202.52095069506996,192.48922818934926,13.067798696772213,19.037755040326083,4,9313.961812326059,10808962658451.27,9978221273417.605,0.08984375,76923.07692307721,rectangular_hollow_section,True
57.0677038745705,240.41299387787905,7.923977849876441,11.382158312110644,4,4345.708703918265,466164651271.0659,5108631144762.838,0.00634765625,76923.07692307708,rectangular_hollow_section,True
209.8966516064199,220.3082268147985,17.23681055302096,9.010426193998104,4,13561.101644303326,17062949989231.121,18453588818291.09,-0.05078125,76923.07692307692,rectangular_hollow_section,True
189.28794164201426,295.18777083211097,17.762598556950984,15.077859553626581,4,15721.713703840953,17257209880846.848,35336660303208.51,0.046875,76923.07692307663,rectangular_hollow_section,True
219.98989265278215,70.98452469244835,16.547611787494354,10.197872451574362,4,8430.572970625244,8232705050567.801,1119236431138.062,-0.005859375,76923.07692307726,rectangular_hollow_section,True
111.72715439878725,146.79213375826777,18.077878177399832,10.378809778503344,4,7932.00198561681,2554939101788.1973,4076026722266.1523,0.021484375,76923.07692307686,rectangular_hollow_section,True
204.11051784935444,150.12501796787132,17.577104284999397,15.662583294777233,4,10971.735013375019,11560531671682.977,6980965241554.643,0.0,76923.07692307657,rectangular_hollow_section,True
154.90501292270793,50.68828410729167,18.193076398722273,19.927206891096695,4,5762.710638549036,2325502394443.8174,295734053897.71326,0.0029296875,76923.0769230769,rectangular_hollow_section,True
100.038370342618,56.20523772214901,3.8666195836125077,11.417495099417353,4,1075.1227282075524,266575272158.05054,109715035039.2005,0.0003662109375,76923.0769230771,rectangular_hollow_section,True
161.1193232951824,138.92111845347839,15.013479075322433,15.822105990732666,4,7857.998411613607,5300867893654.609,4162600846593.4355,0.01953125,76923.0769230771,rectangular_hollow_section,True
231.40713010184444,47.34467541522689,2.558552039152521,9.026284521242498,4,1360.5749978997674,1516855481085.1782,120945218480.62839,-0.0009765625,76923.07692307771,rectangular_hollow_section,True
270.52779855397375,130.5048959764787,8.629392446189158,19.03630962191356,4,6369.394194831459,11496386385102.066,3687176533814.0273,0.013671875,76923.07692307724,rectangular_hollow_section,True
204.72489492622415,296.01729230313424,10.757549968723877,15.623316067100724,4,10090.20635060917,13762339912440.648,24418716349892.797,0.09765625,76923.07692307685,rectangular_hollow_section,True
193.1102406582424,153.88179641767113,4.081598113514632,19.516064946068887,4,2623.2722906524655,2837570318095.166,2019927677520.0762,-0.01904296875,76923.0769230772,rectangular_hollow_section,True
273.2053069906614,260.7167080539324,4.799208093815009,10.376781171920276,4,4956.107852776818,11664093016983.867,10865624535401.312,-0.08984375,76923.07692307651,rectangular_hollow_section,True
284.2895447237201,165.88145599920188,19.989895329176882,10.32111346045621,4,16292.83332521471,32508611969967.266,13363309928741.793,0.0,76923.07692307672,rectangular_hollow_section,True
126.51654947679279,33.34874372959744,7.004988707965808,18.88691906867898,4,,,,,,rectangular_hollow_section,False
63.03827441251038,46.39780970813332,3.222800670701158,18.367842469617973,4,555.8302480557657,50906823367.3627,32758028371.455627,0.0001220703125,76923.07692307694,rectangular_hollow_section,True
132.50082195703735,120.41900905433332,15.223207258444445,12.540704375430643,4,6616.248591347316,2949043309921.8984,2514354446167.799,-0.0185546875,76923.0769230771,rectangular_hollow_section,True
221.49955628896566,252.49713908088486,10.38166914913938,17.212158430675284,4,9161.034706924218,13909520618566.383,17032824723236.797,0.03515625,76923.07692307704,rectangular_hollow_section,True
171.09964306276274,138.59738723826,9.99030581224632,10.915632472714403,4,5670.416439963821,4584961103545.072,3283322398299.3994,-0.0009765625,76923.07692307685,rectangular_hollow_section,True
34.28743261790289,116.46596337097799,2.2042743222911065,8.770836074183611,4,611.3605462024653,26460609992.240593,179173496873.5426,-4.57763671875e-05,76923.0769230769,rectangular_hollow_section,True
51.421300614789274,74.17460835380226,2.3367278387160377,16.512603892467165,4,493.4151004443477,39745263154.54917,67630820392.5858,-1.52587890625e-05,76923.07692307688,rectangular_hollow_section,True
99.61469075442945,206.50554082224468,13.382776719559788,18.226135362242204,4,7168.348678857566,2112106764753.9976,6957678189531.658,-0.017578125,76923.07692307669,rectangular_hollow_section,True
177.96629713884928,167.46454938362027,8.843471874428124,10.442236265954554,4,5690.303721733046,5293783222639.672,4813453214403.583,0.025390625,76923.07692307695,rectangular_hollow_section,True
217.53887369037287,89.10214314723481,6.246072157407078,19.58738624797369,4,3468.8751272304003,3800244810186.954,949500186945.2173,-0.02685546875,76923.0769230768,rectangular_hollow_section,True
204.23784906885143,49.92583129725358,10.138021959461176,15.27118368660324,4,4535.456286823158,3603838693312.412,323136657911.6323,-0.00244140625,76923.07692307672,rectangular_hollow_section,True
265.72685154189037,115.65800264769094,19.71269760651009,19.03978536835811,4,13119.373390108241,20250535157175.383,4974713419227.243,0.05078125,76923.07692307695,rectangular_hollow_section,True
250.01611999465487,150.94730878954167,18.672133305946968,16.659946055833274,4,13301.537134772736,20291670890177.58,8851072782311.354,0.01953125,76923.07692307685,rectangular_hollow_section,True
260.57264506229114,173.06535753030695,17.75428878081422,10.930875548994141,4,14017.525528010987,24506388970323.67,12580083555656.781,-0.1953125,76923.07692307665,rectangular_hollow_section,True
52.621791474549426,29.411889477384,15.398549210791117,17.05257527789825,4,,,,,,rectangular_hollow_section,False
127.18947388016393,36.55388601818885,9.68630102516146,15.160805845967154,4,2596.957408627327,745821933175.156,84500406086.78217,0.0006103515625,76923.0769230769,rectangular_hollow_section,True
264.25230820610534,109.30107371358083,18.12816478276039,12.416381363322113,4,12074.986565471869,18672207719558.43,4187631025344.1084,0.029296875,76923.07692307697,rectangular_hollow_section,True
194.578888048197,40.866741129605245,11.46174467322415,10.509288458807074,4,4761.303864397956,3306808742389.8906,197646093387.6333,-0.000732421875,76923.07692307672,rectangular_hollow_section,True
186.64236936668786,111.37270905858122,15.423995293850746,13.770073313432379,4,8051.952891899722,6686433385309.461,2837359691183.3994,0.01953125,76923.07692307672,rectangular_hollow_section,True
259.693358150936,286.76293631878247,6.685220235076275,12.448208109864762,4,7005.846820479832,15205036436392.89,17685765596738.215,-0.04296875,76923.0769230769,rectangular_hollow_section,True
233.80507103875684,71.58808838337535,13.427158920847585,14.581325710273692,4,7268.687624567341,8097252382977.121,1076405641483.7656,-0.0361328125,76923.07692307697,rectangular_hollow_section,True
262.6855899057851,59.22852316355987,2.0284056920731333,15.168288428867207,4,1232.066664485817,1785193304856.4385,175179092877.873,-0.00390625,76923.07692307729,rectangular_hollow_section,True
223.23803578693838,219.1794508626688,4.105305415668715,17.422841205391236,4,3438.905041476961,5366978607830.03,5221239313172.772,-0.0205078125,76923.0769230771,rectangular_hollow_section,True
262.3090203724252,285.8375083626087,19.276748661283843,8.923182671629966,4,19566.97038316856,39546395148718.12,45391960431304.984,-0.0625,76923.07692307662,rectangular_hollow_section,True
247.67127811758073,270.8993784395648,8.61435688945278,14.06064288388072,4,8469.437190312088,16359297051613.71,18773696479812.723,0.16015625,76923.07692307649,rectangular_hollow_section,True
65.13002010364036,231.5050296346677,7.678152233309087,9.948684833795753,4,4225.581040748035,604308314539.3716,4848509014860.43,0.001953125,76923.07692307686,rectangular_hollow_section,True
193.69724726845624,169.1326982363628,19.601853891431944,11.295648627905146,4,12559.75677659404,12274234672845.898,9800349240432.566,0.0234375,76923.07692307766,rectangular_hollow_section,True
74.37207709048181,30.610393284296325,18.431425257849614,8.61294044853052,4,1967.850950997869,186056842488.02386,32762940273.210007,-0.000732421875,76923.07692307683,rectangular_hollow_section,True
47.918356768053485,122.92097051231958,5.906017010104956,17.44673967005621,4,1707.2353525300648,120122581550.59567,532075860164.9365,-0.00067138671875,76923.07692307694,rectangular_hollow_section,True
104.20195197770046,166.8089866865781,17.1205786608346,19.041471235147718,4,7748.383533452554,2225357999980.405,4896541275174.254,-0.0341796875,76923.07692307686,rectangular_hollow_section,True
155.62187360435811,114.34360622998564,16.02126244332591,10.995454365329262,4,7502.752188317132,4457078670998.344,2657422057996.8906,0.0166015625,76923.07692307713,rectangular_hollow_section,True
75.70000621081095,241.7152185404404,15.391160791939242,14.761972539808504,4,8605.310368552608,1377444534197.3257,10192404057072.465,-0.005859375,76923.07692307682,rectangular_hollow_section,True
227.18198832488724,154.66974282301098,5.552799269504378,9.22268362968016,4,4045.7678665280764,5906774713409.789,3271589610509.1123,0.0283203125,76923.07692307675,rectangular_hollow_section,True
121.04564089178396,146.06082672524602,2.4354383055252464,18.61026207680968,4,1192.6002762805063,563627555451.0027,743704307226.3745,0.0042724609375,76923.0769230768,rectangular_hollow_section,True
115.76999801808735,276.23412815221116,7.969636575574144,8.109382980235068,4,5928.457851556045,2786159691248.0566,11083156721839.969,0.00390625,76923.07692307707,rectangular_hollow_section,True
42.53388248031426,283.91431039618175,18.95103081094159,12.437943375518262,4,10781.790812155716,353208129547.0055,14476793316492.883,-0.0322265625,76923.07692307654,rectangular_hollow_section,True
235.08645041742577,113.1308377335504,15.4844733684,9.758340729444726,4,9729.621773801813,12598769184648.512,3730226183246.871,0.05078125,76923.07692307729,rectangular_hollow_section,True
128.2157132378528,128.9922074845293,17.993547790475034,11.245993348856475,4,7834.6226124588275,3219992688984.84,3253273333290.036,0.009765625,76923.07692307691,rectangular_hollow_section,True
177.4952888778376,124.01659826397331,17.586169322572687,11.45402516657526,4,9236.590101803284,7095392004160.629,3886931610632.501,0.013671875,76923.07692307701,rectangular_hollow_section,True
216.50037707675602,289.11310923712034,13.446584194079907,17.196049664931564,4,12592.660488048114,18491238155291.82,29103431488768.867,-0.0546875,76923.07692307694,rectangular_hollow_section,True
92.51830692185327,175.65905726084878,11.257641935913231,18.27899085381717,4,5246.329308735725,1336073937364.1353,3757053144492.843,-0.01171875,76923.07692307682,rectangular_hollow_section,True
295.22120345387145,53.293587635244705,6.104205257206887,16.284092975410175,4,3944.2247825961044,6637911923975.848,396601288401.84436,-0.0029296875,76923.07692307695,rectangular_hollow_section,True
211.0192537926393,173.36028286003798,15.886083458970708,18.34620419853471,4,10872.56919326722,12880707392685.95,9394310931465.268,0.0546875,76923.07692307713,rectangular_hollow_section,True
258.5222117573654,219.3157428677778,4.500055661078363,14.628594026507603,4,4108.1843079942655,8329795272240.428,6498994907293.525,0.01953125,76923.07692307752,rectangular_hollow_section,True
280.67406811320683,23.785309658454068,11.422707803230923,12.902981934112546,4,,,,,,rectangular_hollow_section,False
33.409656778893066,124.28890262369328,16.638556069345235,17.146548444931245,4,,,,,,rectangular_hollow_section,False
151.00104893202692,26.962906822236015,16.074105216621565,14.926201719331111,4,,,,,,rectangular_hollow_section,False
252.81989568287412,295.803430608016,15.683292459153144,17.89097982859124,4,15909.36422712355,30860797082312.344,39508999889399.8,-0.484375,76923.07692307686,rectangular_hollow_section,True
112.07925613062268,127.97348793659133,12.69071395459592,16.95258183088089,4,5179.438022298377,1739579788925.1567,2157297498042.1616,-0.01318359375,76923.07692307724,rectangular_hollow_section,True
62.712131262615046,93.40004626816258,15.114487568550821,11.984154359094385,4,3661.700239634593,324436045130.96436,659902893214.1348,0.0008544921875,76923.07692307695,rectangular_hollow_section,True
32.98350838417615,285.39792219965534,17.815288041002496,13.78816516097613,4,8562.160187312138,163725938875.411,11353112725272.172,-0.01123046875,76923.076923077,rectangular_hollow_section,True
64.78593896932995,61.587723821596384,13.006581737009565,17.04197772173364,4,2336.5494911503724,198592396081.2221,182094445440.32947,0.00030517578125,76923.07692307688,rectangular_hollow_section,True
143.23148067160304,228.6296100392602,5.720938137108493,9.105210687309071,4,4052.4204974680038,2840994835307.2925,5844321252811.779,-0.0126953125,76923.07692307692,rectangular_hollow_section,True
154.44274130508228,182.7700136057815,9.005972231609022,10.633925089053974,4,5638.99713810375,4124797887519.6934,5371214207709.484,-0.015625,76923.07692307678,rectangular_hollow_section,True
110.12149818325615,250.79439414374679,5.353395697214806,14.191966992027076,4,3626.324203546631,1578071355710.082,5639383370328.832,0.072265625,76923.07692307665,rectangular_hollow_section,True
259.9465162505371,238.21438652710654,10.770065031304558,11.155134813656758,4,10142.184680849712,20401274297512.598,17808620275387.125,0.078125,76923.07692307701,rectangular_hollow_section,True
243.27497985741232,75.22568779844302,6.682221703054033,17.55481976982574,4,3888.017491709762,4970071098080.512,768603484261.8186,-0.0029296875,76923.07692307686,rectangular_hollow_section,True
127.22335493135145,33.70699323360262,12.653612677582897,14.253039405477406,4,3231.653965882471,862644879893.5562,72561573103.7026,0.0006103515625,76923.0769230769,rectangular_hollow_section,True
217.24620070006742,24.121286271935457,9.071344094151701,13.382121608180217,4,,,,,,rectangular_hollow_section,False
78.03729756911547,158.79240291158345,9.506674957366302,14.55415041004952,4,3955.072204747761,729062144927.0442,2300947383862.6875,-0.00341796875,76923.0769230772,rectangular_hollow_section,True
265.7793522838387,181.72942253016993,9.380224760156166,16.775707067289357,4,7816.780124538313,15152033807685.102,8411103703159.787,0.046875,76923.07692307701,rectangular_hollow_section,True
298.16691148182684,282.9847664295792,4.763673247785096,10.48172818346031,4,5368.89259723267,15085921519945.066,13938303181658.2,0.01953125,76923.07692307707,rectangular_hollow_section,True
275.0378952843046,294.83016574938097,2.1063112809778266,16.490767160787065,4,2317.8600318060157,5771156309530.869,6400901150603.791,0.01953125,76923.07692307705,rectangular_hollow_section,True
82.10756510693562,276.09497552327116,10.52858372893456,13.535201060298412,4,6925.164660570453,1529041331469.2915,11285338409651.105,-0.044921875,76923.07692307697,rectangular_hollow_section,True
68.17093174256695,299.4193281979344,7.617243794470914,18.238298766155957,4,5148.130907609816,831918316530.3936,9284436583836.574,0.001953125,76923.07692307708,rectangular_hollow_section,True
233.3621787817875,197.70684185362137,9.071284367094623,13.834888569673135,4,7322.834319046368,11601138203659.094,8975462772051.775,-0.0234375,76923.07692307704,rectangular_hollow_section,True
231.55123455828837,201.10909733384312,5.147536000309931,15.192647694846466,4,4218.368486119705,6821790213525.822,5511224173971.668,-0.03125,76923.07692307651,rectangular_hollow_section,True
85.510308683284,236.68080833856354,16.10558727520842,17.48849836380598,4,9036.659411125063,1859241515061.2393,10508825263836.887,0.017578125,76923.07692307678,rectangular_hollow_section,True
86.35719181772451,127.07653477912221,14.129841813846362,15.534395118774954,4,4993.615208649238,965943452819.5801,1847347748015.7695,-0.00732421875,76923.07692307683,rectangular_hollow_section,True
103.5598092804374,33.222398251692525,17.496425271175333,19.62302664634437,4,,,,,,rectangular_hollow_section,False
47.56348646739,40.47028722150499,13.131746408145792,10.837750641975848,4,1504.8464889802858,59669548198.45819,44133148904.493805,-0.000213623046875,76923.07692307692,rectangular_hollow_section,True
90.51430314500715,125.75491219643655,18.468098435909553,10.862220938968582,4,6505.891832084708,1283627670709.5933,2288738043400.1133,0.01025390625,76923.07692307662,rectangular_hollow_section,True
40.41263301821975,138.79349349044452,19.14793525919208,18.58594641510245,4,5050.843513971081,134611509778.13336,1473290243724.4922,0.001953125,76923.07692307715,rectangular_hollow_section,True
45.0248102856661,256.3694128137532,10.780707816368041,15.688797295382116,4,5811.542451222963,322259569684.0106,6885010834550.973,0.00048828125,76923.07692307688,rectangular_hollow_section,True
245.38567362264365,111.0564998367333,17.227795473167962,9.164267082984784,4,11010.25418610973,15124006061034.547,3973946032632.7207,-0.09375,76923.07692307678,rectangular_hollow_section,True
250.06963077222613,236.20808663153457,8.793911851922228,12.642399698532099,4,8098.215810735782,15344500973942.027,14053312004659.379,-0.01171875,76923.076923077,rectangular_hollow_section,True
121.75011357245452,81.31081681585266,5.3102116891947055,18.50732427615992,4,1875.442388367444,705810147759.8386,382259927768.81934,-0.0001220703125,76923.07692307701,rectangular_hollow_section,True
195.7590144820802,296.05815373039786,7.101067918313534,16.799531258083277,4,6594.9895080785445,8552672906303.805,16100467816574.863,0.05859375,76923.07692307691,rectangular_hollow_section,True
267.6321995865037,105.76790325190116,18.620232817346633,17.311027641745305,4,12219.069739042465,18817596647046.047,3899336151879.1377,0.103515625,76923.07692307695,rectangular_hollow_section,True
293.7026152496428,66.04903215817261,4.692974588143711,12.95915246913398,4,3188.904700757656,5759265920890.98,527653645165.6675,0.00244140625,76923.0769230773,rectangular_hollow_section,True
268.5446295033332,35.89246118165055,5.133348642732136,10.205590671444387,4,2941.7319376237388,3948997825210.584,130137459477.22324,0.0009765625,76923.07692307715,rectangular_hollow_section,True
221.37150400305282,77.05630915315955,19.500962584886626,19.325112659314343,4,9744.649091054062,9245349426468.379,1433929477220.2817,0.0048828125,76923.07692307688,rectangular_hollow_section,True
117.5261516214427,137.09189635623042,7.7496293177801485,10.94823827861068,4,3596.5311385144673,1486385203875.417,1893113681818.4077,0.00048828125,76923.07692307675,rectangular_hollow_section,True
230.06416749673807,130.0884656547563,8.826996222170095,17.450626806381564,4,5816.311043758194,7856225179712.926,3227324870133.2627,-0.0244140625,76923.07692307698,rectangular_hollow_section,True
67.7372606583136,124.17873805439086,13.730985870260893,13.42375335797273,4,4336.034687109434,503914642502.9877,1429570948858.726,0.000244140625,76923.07692307685,rectangular_hollow_section,True
203.76030955654994,237.53347511575407,2.6545820281277317,13.3704747274631,4,2250.774638761047,3108356538652.2744,3910979443263.951,0.0595703125,76923.07692307708,rectangular_hollow_section,True
114.76835810538265,180.02535904914936,14.981813296563514,17.298182573300366,4,7641.408390493079,2842289913333.6406,5948706566812.797,0.0283203125,76923.0769230768,rectangular_hollow_section,True
194.59303352462987,190.76787483594546,2.964627485803981,14.314131299144403,4,2173.6638992018534,2595754513976.7397,2519744466888.79,-0.0048828125,76923.07692307679,rectangular_hollow_section,True
72.89564522354317,187.65111372616468,10.231585644734206,13.570052139264448,4,4739.870621554295,770483716786.9019,3657370940496.4287,0.00830078125,76923.07692307691,rectangular_hollow_section,True
209.99550700940344,69.04717187787861,5.838477200454781,12.048841711203016,4,3015.411413968306,2969644007635.534,504545502077.51917,-0.002685546875,76923.07692307654,rectangular_hollow_section,True
252.92154599386768,190.95504046633943,6.567853387318604,12.116325191966087,4,5542.066094608542,10270196090303.742,6676703042564.65,0.0,76923.0769230769,rectangular_hollow_section,True
294.3886300037391,139.80409437297732,16.350288020922804,16.56661786507438,4,12854.618497942365,26332622944952.297,7809683374301.785,0.08984375,76923.07692307667,rectangular_hollow_section,True
46.657071191461895,261.5382610132254,5.129890001768786,19.347824142864297,4,2884.5645729937064,222742523104.7959,3699844425159.4004,0.005126953125,76923.07692307692,rectangular_hollow_section,True
164.91503436690968,210.80208976023656,14.878484971033298,18.154669438339972,4,9975.867271486684,7915290726119.416,11724140834007.188,-0.005859375,76923.07692307682,rectangular_hollow_section,True
205.83279149945255,268.59427452120156,16.22341117403264,9.752137226707413,4,14245.750267310792,18330698504813.906,28088114565507.258,0.1796875,76923.0769230775,rectangular_hollow_section,True
28.748717982223088,189.10731028434068,11.942926799621274,12.65339287455323,4,4473.539605528889,70260331796.48657,2607366894094.8447,0.002685546875,76923.07692307685,rectangular_hollow_section,True
219.99291678518722,97.70167718940729,9.50377906371299,8.880279930822805,4,5598.451824123849,6505278714601.031,1752627247963.0156,0.005859375,76923.07692307692,rectangular_hollow_section,True
26.103742796677945,82.93820957324891,13.476860378499282,18.14674762751953,4,,,,,,rectangular_hollow_section,False
294.4701540626764,172.5945979267722,2.895384502925531,17.36586270298024,4,2578.9526357863656,6167036360652.41,2764062891523.5596,0.025390625,76923.07692307683,rectangular_hollow_section,True
22.026353352737228,288.6169247134223,11.341013956543442,19.997680054915673,4,,,,,,rectangular_hollow_section,False
25.38711637663456,161.9189753795075,4.2844160786265215,17.408762916953954,4,,,,,,rectangular_hollow_section,False
291.2561263099211,115.85089169660213,6.062195725325072,8.150434531870621,4,4726.85513882418,9850624195263.46,2316607468219.41,0.009765625,76923.07692307665,rectangular_hollow_section,True
208.03478342155455,122.22976987626483,15.67040589958421,12.26062696576908,4,9218.189751018706,9677885809736.07,4018783556536.3203,-0.04296875,76923.07692307711,rectangular_hollow_section,True
93.05457212718284,74.36959166870717,4.929607016967005,19.25556469015513,4,1387.9228556664225,308610853916.9237,220503749994.31183,0.00091552734375,76923.07692307679,rectangular_hollow_section,True
244.20726587947792,231.24541725167083,4.446249721797594,13.868147689638752,4,4045.3328148203996,7536208372397.619,6940809622514.379,0.033203125,76923.07692307641,rectangular_hollow_section,True
38.03565027684023,214.9753540699197,11.23096903306365,13.219461318546722,4,5007.77879201586,176085609005.0468,4073158076797.408,-0.00244140625,76923.07692307701,rectangular_hollow_section,True
52.677231367110615,44.60671830261336,19.717394647072407,15.288257427650391,4,2047.538635080039,84083720687.8432,61273587807.25308,0.0,76923.076923077,rectangular_hollow_section,True
180.96180731606862,80.95960563339415,3.914851761824231,10.658321791094322,4,1921.3373172542642,1560886053103.8643,450312639416.34546,-0.006103515625,76923.07692307721,rectangular_hollow_section,True
71.87563842289859,26.070816621940267,15.578740091120189,19.486295639717532,4,,,,,,rectangular_hollow_section,False
257.35732028447796,101.51159120081488,3.6694248867144386,8.829452273344167,4,2528.492968931003,4140900291190.55,980920774354.938,-0.01806640625,76923.07692307705,rectangular_hollow_section,True
293.10514166351834,30.78999458227928,14.0255101065151,12.140872488598408,4,8151.328493956753,11463904983317.27,137749633983.1648,-0.0078125,76923.07692307694,rectangular_hollow_section,True
189.13063064537954,135.91663174159441,19.967314950106896,8.535045212394678,4,11313.020461456716,9887931587551.29,5652569316070.027,0.00390625,76923.07692307694,rectangular_hollow_section,True
268.04880311562744,257.69313129016314,14.833636766989603,14.166878189621517,4,14516.482219720345,30550598087204.04,28711694328837.664,0.0859375,76923.07692307686,rectangular_hollow_section,True
66.74783288549934,121.94312917222241,2.466487571450781,14.228934443042213,4,842.366162782968,129110452856.70529,318328456893.2706,-0.00030517578125,76923.0769230767,rectangular_hollow_section,True
88.72469317317372,250.56962497451815,18.588289523407422,8.178570933120803,4,11164.81498662064,2405619117762.4185,14711917861141.578,0.02734375,76923.07692307707,rectangular_hollow_section,True
90.3903271818782,282.38171117079816,16.21250732776905,14.306945330201144,4,10831.068546667058,2592823214823.759,18058018756748.016,0.0390625,76923.07692307705,rectangular_hollow_section,True
146.47547454817192,177.2770311778298,9.93486447838426,16.95783620701259,4,5799.822332111997,3723427532181.326,5018520597229.029,0.0107421875,76923.076923077,rectangular_hollow_section,True
58.47400077381173,227.75892307074537,12.206986579322674,16.936429708095275,4,6127.565815521698,589269137790.3531,6094771838321.867,-0.00830078125,76923.07692307694,rectangular_hollow_section,True
206.38011739472716,283.06187379701163,13.711000516837311,16.31479234329121,4,12410.119930363468,16536865882939.137,27196545162339.11,-0.1953125,76923.07692307702,rectangular_hollow_section,True
61.62967443618615,95.95684215411782,14.39700853848843,17.215551759970175,4,3420.0223938643844,292347990727.2069,629067238138.1995,-0.0023193359375,76923.07692307705,rectangular_hollow_section,True
86.88503177622871,186.69077447278153,7.036504428205358,10.396290326545262,4,3555.190474698334,896848492025.135,3018778864918.324,-0.00634765625,76923.07692307701,rectangular_hollow_section,True
84.64617865568967,114.2007536212948,14.752928466071452,12.297039124033981,4,4845.336370642129,870730849382.9128,1454127335725.1528,0.00927734375,76923.07692307695,rectangular_hollow_section,True
154.7490441502971,163.8704508909621,19.447434827594794,9.401084473828668,4,10791.472454453933,6782533118144.023,7468280510414.025,-0.03125,76923.0769230771,rectangular_hollow_section,True
222.27297561802334,242.8771187164206,10.750084736123224,19.81368983927222,4,9228.115203305586,13861780439413.902,15896396738952.523,0.0078125,76923.07692307698,rectangular_hollow_section,True
236.6710436583287,127.78522998392545,6.249459873714915,19.18210596256239,4,4198.386866549438,6033166074977.094,2346164883830.1357,0.0126953125,76923.07692307702,rectangular_hollow_section,True
98.72064285674914,155.67502631798493,11.03137325840332,15.041935037181814,4,4915.727176229182,1402680395503.4233,2924505906761.294,-0.0048828125,76923.07692307676,rectangular_hollow_section,True
206.28480494158748,62.068594771617704,10.76055830808172,8.191859682626447,4,5244.99978410556,4680941865396.912,605472872919.8021,-0.0087890625,76923.07692307676,rectangular_hollow_section,True
217.13922368206082,254.60917129084467,7.700024521506567,9.010630578796468,4,6948.3131328284935,10530605527980.844,13460253198547.645,0.0703125,76923.07692307691,rectangular_hollow_section,True
180.99734295245568,100.77065867038918,11.051741708454365,11.041822995366356,4,5617.568517063429,4510765864723.033,1742061478447.168,0.001953125,76923.0769230766,rectangular_hollow_section,True
65.89270387565088,129.1149216903491,8.965869090104553,9.143673414182848,4,3091.703301502722,395386388296.0271,1200189992965.8467,0.002685546875,76923.07692307702,rectangular_hollow_section,True
250.28624113376154,34.81349898313279,15.809182295581817,8.797808013765975,4,7937.265122595236,8306158545234.156,172228515265.9673,0.00146484375,76923.0769230769,rectangular_hollow_section,True
222.56346147748528,75.08071783236346,17.04424754174049,15.57865662090968,4,8741.522103861576,8660127387378.305,1297796182307.1636,-0.021484375,76923.07692307663,rectangular_hollow_section,True
262.2417192140836,171.75394251060814,5.8842687638904545,14.374295712388843,4,4834.455936717209,9270583771465.818,4857272289323.531,-0.001953125,76923.07692307698,rectangular_hollow_section,True
55.008926022357024,269.2273186497846,7.305713546862956,8.022794247885248,4,4460.2094256431055,458742935240.94507,6552555033516.42,0.00390625,76923.07692307702,rectangular_hollow_section,True
190.37369937367353,38.173586369563765,4.570574993070425,10.575785136143915,4,1929.8397124518262,1374740706602.331,97616743458.01929,0.0018310546875,76923.07692307702,rectangular_hollow_section,True
157.6540055138759,103.96164954455662,16.357168798334655,17.092445198254424,4,7196.743924295592,4147576852786.3574,2065085978830.0298,-0.005859375,76923.07692307675,rectangular_hollow_section,True
32.776871983597886,37.05035409514744,5.106172877098922,14.992631013480564,4,481.7708397454524,10486622104.827736,12574777918.065891,7.62939453125e-06,76923.07692307691,rectangular_hollow_section,True
44.33701692135255,261.28955630969955,4.280621294898976,19.820197266161653,4,2391.8865623354022,171802965374.05377,3038197632495.6807,0.001953125,76923.07692307721,rectangular_hollow_section,True
80.13096546665135,46.93576038196908,8.56253259569953,16.426403613893296,4,1674.7718377098356,218257411466.59778,91295547930.34283,0.0001220703125,76923.07692307688,rectangular_hollow_section,True
297.67072134785997,92.08778438162734,9.054267040659262,18.07771281607179,4,6484.655050913175,12485972399940.543,1893290071928.6475,0.0078125,76923.07692307694,rectangular_hollow_section,True
211.31885342153336,278.3974368826689,12.553180545739233,17.895101797934934,4,11372.966103806884,15917312504548.406,24485701056368.04,0.14453125,76923.0769230771,rectangular_hollow_section,True
131.48738539119475,108.80088377577617,10.15971010898144,18.449674901799522,4,4197.972488940471,1879332565433.313,1392992434229.4448,0.0029296875,76923.07692307698,rectangular_hollow_section,True
90.72683874017815,250.1645352661149,17.025957376103193,11.39180690015663,4,10318.69784468269,2410823616292.365,13750972905144.484,-0.05859375,76923.07692307731,rectangular_hollow_section,True
135.73198106217689,215.06193130409002,11.120334942449809,10.200425723345605,4,7203.195520704088,4176303381262.499,8711801240343.334,0.005859375,76923.07692307688,rectangular_hollow_section,True
72.88390687920014,41.361572173076226,4.7524823632673625,12.206780942043652,4,902.1159604397237,108095804849.16171,44505434933.70918,-0.000152587890625,76923.07692307711,rectangular_hollow_section,True
200.5000962774844,211.60376910333423,10.070098783739986,13.91003892050917,4,7715.481666518613,9364021112191.924,10183688278835.611,-0.00390625,76923.0769230768,rectangular_hollow_section,True
44.76048072124053,27.303364592499022,8.695632282550273,10.0371811410626,4,851.8800643376755,29389645080.80446,12127133031.376877,3.814697265625e-05,76923.07692307692,rectangular_hollow_section,True
71.42155916819517,283.9971361819127,13.664231242283666,10.578874274679707,4,8854.289039499354,1333051791875.3794,14404553125426.336,0.017578125,76923.07692307688,rectangular_hollow_section,True
109.79871664605345,186.15515727083002,10.252978328533313,19.80793924863231,4,5347.265873516033,1976031733514.1357,4546615116660.754,-0.0107421875,76923.07692307713,rectangular_hollow_section,True
216.81836120010485,250.21695891142295,11.631881171041968,14.611054453935344,4,10119.188615318357,14624880517688.535,18291251387511.3,0.01953125,76923.07692307721,rectangular_hollow_section,True
79.34160531707286,29.666744971897096,4.507972539269288,15.788682714991339,4,,,,,,rectangular_hollow_section,False
80.09654380313145,124.57725046379352,3.212201549757828,11.542255468159718,4,1209.8001400841708,259256904410.35907,506468019676.1918,0.0009765625,76923.07692307704,rectangular_hollow_section,True
63.526191329236575,59.127446820613976,11.48967654188337,13.645132319627843,4,2108.9069434952125,182418513071.80103,161285343608.49524,0.00115966796875,76923.07692307679,rectangular_hollow_section,True
170.2212166379393,171.8627512804506,9.185761236691874,8.559109931318826,4,5873.832103590622,5069428909642.639,5146511296794.72,-0.0029296875,76923.07692307701,rectangular_hollow_section,True
210.1931607924537,289.4099651154067,3.8857959070124455,8.658603445027538,4,3770.122202419719,5747959458322.013,9336542424867.303,-0.099609375,76923.0769230766,rectangular_hollow_section,True
148.80050501954267,158.33087652662522,7.047723608700224,11.285175535699965,4,4021.073357094861,2703188099709.3203,2976073256281.666,0.0009765625,76923.07692307705,rectangular_hollow_section,True
141.05980965201127,94.23527573823476,6.265246026551934,12.670287962527041,4,2671.838331672244,1402964352910.5625,749209060228.5061,-0.001708984375,76923.07692307694,rectangular_hollow_section,True
221.6469927772758,248.8997041462872,8.283183033830827,13.23768240457701,4,7370.115177047466,11416254744503.148,13645910262560.121,-0.05859375,76923.07692307675,rectangular_hollow_section,True
63.36969577194784,259.49150621125705,15.95426666817502,10.011200827245556,4,9183.648784814728,965219391261.2532,11948683892155.547,0.0185546875,76923.076923077,rectangular_hollow_section,True
203.79630511547953,158.19910605192044,12.167809693808035,19.270886862848165,4,7896.246800043151,8797625114345.723,5903839266333.395,0.029296875,76923.07692307704,rectangular_hollow_section,True
236.12652592317892,260.0801302910376,3.273985894308398,14.257589663621378,4,3123.631940414998,5706906328229.326,6597213164822.041,-0.0078125,76923.07692307662,rectangular_hollow_section,True
143.68503455665024,104.60953363827332,8.161191281304538,8.951439282893118,4,3706.8349844438703,2054645529973.9111,1240561155003.1426,0.00634765625,76923.07692307697,rectangular_hollow_section,True
60.343365928874675,159.36039312664178,14.43781097636695,19.64651405753913,4,5151.426218099173,465913000529.0665,2492998466037.616,0.00439453125,76923.07692307711,rectangular_hollow_section,True
169.42290575238306,210.80006309143448,5.176747698725023,16.72183469334002,4,3683.1111691860397,3432146252601.1523,4777092166889.971,-0.00390625,76923.07692307692,rectangular_hollow_section,True
148.58395857312658,23.754322523277366,12.969886615666256,16.921947139110117,4,,,,,,rectangular_hollow_section,False
97.68663472948805,52.7204973416941,15.17695744794281,14.348908597288185,4,3438.193959182911,620255749235.5903,204115968235.70117,0.002197265625,76923.07692307698,rectangular_hollow_section,True
140.25159852620484,35.10915539974137,4.383509063189129,12.243390671153994,4,1372.4074252605824,531370797037.24,56139101051.59474,-0.00030517578125,76923.07692307676,rectangular_hollow_section,True
294.01993269967016,174.94110637742338,7.296164691091783,15.684954386038926,4,6454.6518712796915,15059281213905.309,6776770359637.93,-0.0078125,76923.07692307715,rectangular_hollow_section,True
218.60072252702983,212.016025718678,8.994203863678873,9.102293029745585,4,7339.686773975661,10613671463280.406,10120716054131.576,-0.029296875,76923.07692307686,rectangular_hollow_section,True
278.26493927490793,106.35235651451245,11.830607588087796,12.988089466624974,4,8373.308788844946,14826449210498.156,3095393081155.677,0.01171875,76923.0769230769,rectangular_hollow_section,True
118.56588372291922,109.06687871244951,12.215034876380017,12.467882316772817,4,4808.871798548111,1754602124008.4834,1529971624450.2642,0.00341796875,76923.07692307669,rectangular_hollow_section,True
235.32831644863933,164.43104394023004,4.099197083320421,14.207875665306569,4,3110.492793113356,4930745283286.059,2867702322734.371,0.0087890625,76923.07692307794,rectangular_hollow_section,True
187.43771640186992,260.0000897437192,8.33429548289749,13.551510021937323,4,7023.891752160036,8077534212066.381,13389342564847.574,0.03125,76923.07692307715,rectangular_hollow_section,True
210.81683541874037,250.9502752247246,18.31683587146508,11.101961175070887,4,15450.945305692407,20051224554641.125,26579605101372.57,-0.0703125,76923.07692307707,rectangular_hollow_section,True
29.7059163704468,210.4933399046116,14.079764637582697,9.34700611560196,4,5883.572376626588,89121380838.92557,4275946657926.7734,-0.006591796875,76923.07692307685,rectangular_hollow_section,True
206.1416560168167,28.78737680085665,2.423221210148786,11.463115947797885,4,1065.398695909006,842389792746.2744,33854913779.52948,-0.00018310546875,76923.07692307692,rectangular_hollow_section,True
95.29167474362507,183.36040619180372,6.101490478560918,11.54720871909494,4,3147.791111030508,963872886008.7026,2678723018072.8906,-0.0009765625,76923.07692307715,rectangular_hollow_section,True
130.2200085339544,267.0232973495289,6.1794027941141,15.766788398732768,4,4600.039059392593,2749902170834.4844,8328833475498.404,0.0146484375,76923.07692307714,rectangular_hollow_section,True
124.82694378394093,227.55669464235393,13.322006254793578,18.046014241644997,4,8375.66828924342,3997538200069.218,10507462640234.984,0.029296875,76923.0769230767,rectangular_hollow_section,True
120.77612450557211,142.28551984011793,19.886131421790246,17.596943468534718,4,8571.071551847543,3073986836508.741,4066392964487.591,0.001953125,76923.07692307682,rectangular_hollow_section,True
262.5371719758763,184.86635952823977,13.49224647668134,8.515477384754874,4,11272.281228142057,21121259607490.773,12076156262450.195,-0.046875,76923.07692307641,rectangular_hollow_section,True
180.1623801116549,46.219844248409515,8.497701265139856,10.042409808309847,4,3460.149451258503,2237021387193.7217,220001235536.45428,0.00048828125,76923.0769230768,rectangular_hollow_section,True
202.05004020935445,90.37992224462529,10.17590021750878,10.162645615302907,4,5434.001090233931,5223129078421.084,1408391757126.1553,0.0078125,76923.07692307682,rectangular_hollow_section,True
291.18524407923616,229.2438475095393,5.873104504576352,17.93629361738056,4,5798.905361000585,14493817071487.68,10092016746807.613,0.0078125,76923.0769230773,rectangular_hollow_section,True
52.722798641663964,96.86792258044224,5.548500866020431,8.579373084877854,4,1472.4455889354533,125523100123.07462,332553381686.18066,-0.00030517578125,76923.0769230767,rectangular_hollow_section,True
159.45552691652136,35.076611291321505,10.555553922743375,17.331999615110863,4,3406.6320802185774,1452517451424.4355,97234031842.03006,0.0048828125,76923.07692307691,rectangular_hollow_section,True
179.973050416101,287.9163496197519,7.5691959808613145,18.22089003654436,4,6635.379973823043,7269514746573.533,14943076406028.328,0.041015625,76923.07692307701,rectangular_hollow_section,True
215.65962941733287,296.911411089868,8.12106868251948,15.857101476274666,4,7869.8407592313315,12108272246051.363,19773129204255.04,0.05078125,76923.07692307679,rectangular_hollow_section,True
59.71396026043952,156.42371045260222,18.688460775268254,14.787343002060394,4,6462.860984701548,502432079311.9768,2937251856079.6504,0.01171875,76923.076923077,rectangular_hollow_section,True
151.38642659339817,72.07973241804972,5.855519169501161,12.810024741053507,4,2364.1407505533666,1298113691090.309,404791619292.43005,-0.002685546875,76923.07692307692,rectangular_hollow_section,True
91.58041188300136,63.59097792373752,2.4900475983595625,13.546890784662807,4,686.7024761913534,153509545721.11523,89242369247.77225,-0.0003662109375,76923.07692307683,rectangular_hollow_section,True
154.51246496581462,182.249168230656,9.550834250159934,11.54272824979598,4,5938.5684077063925,4309261418906.5117,5585532835011.355,-0.0224609375,76923.07692307701,rectangular_hollow_section,True
160.6314943302506,131.67148960858373,17.357731405935745,16.321202956443038,4,8675.88834453997,5558538563271.242,3994396435642.036,-0.0078125,76923.07692307678,rectangular_hollow_section,True
26.12036193467872,172.92253149551175,18.10572696343503,17.207496635736916,4,,,,,,rectangular_hollow_section,False
33.92333803145393,43.49695400157801,5.558509896934505,17.99214046493427,4,,,,,,rectangular_hollow_section,False
45.090157955845164,265.8989554271783,6.6246788750910035,15.217588530616498,4,3787.123634492154,256295386808.51245,5023583946865.445,0.0009765625,76923.07692307682,rectangular_hollow_section,True
297.88408769075613,206.20555355057203,6.37772464984635,16.05573631397266,4,6103.06561570386,15388468373562.273,8786913596088.902,-0.015625,76923.07692307676,rectangular_hollow_section,True
271.95563228411186,199.19565419239967,10.856473945786526,17.731028115970076,4,9491.501363159818,19475535053885.125,12007769025473.523,-0.0390625,76923.07692307679,rectangular_hollow_section,True
214.5787936713876,231.74318877650765,16.93817576051582,14.584305230704548,4,13759.451217529908,18243835592450.902,20641947993458.93,-0.05078125,76923.07692307688,rectangular_hollow_section,True
23.49403876809386,250.71417163367937,2.4888837696788304,12.49916625958685,4,,,,,,rectangular_hollow_section,False
219.13503993030753,104.14567601316561,18.967881731205388,13.993694416143468,4,10628.955139102109,11258475082207.098,3155953766766.367,-0.0078125,76923.07692307683,rectangular_hollow_section,True
149.52849082546945,139.79491207504435,3.1304080117920234,11.663511233101893,4,1708.979135897066,1174509314260.0896,1061355191915.488,0.00048828125,76923.07692307704,rectangular_hollow_section,True
52.0780923795665,277.8843295171079,4.596542070205107,18.34045386987532,4,2801.3823750609995,281329841643.8055,4191282216721.8066,-0.0048828125,76923.07692307721,rectangular_hollow_section,True
269.2940831456681,87.672404735635,3.6637670833650207,16.86267793822286,4,2451.852719869577,4061439674254.8555,717479579503.0475,0.00732421875,76923.07692307651,rectangular_hollow_section,True
97.10894456849121,296.8231743982781,15.595196465797521,9.78664414420409,4,11218.278564116818,3221261829719.327,21324758202929.133,-0.0078125,76923.07692307697,rectangular_hollow_section,True
294.5813570667391,104.48358423048528,2.9445095983146894,19.154355655728452,4,2211.290321521751,4520999615508.662,930037616381.9414,0.0087890625,76923.07692307727,rectangular_hollow_section,True
78.01905891181856,151.4722402045223,7.0577385814663645,16.635480466381036,4,2855.126425497898,549354421398.39856,1554745466855.8247,0.001953125,76923.07692307686,rectangular_hollow_section,True
138.9047264736485,266.66329576553034,8.37200541734771,13.76580954903395,4,6350.069070217209,4172793259542.3545,11565609525903.57,-0.04296875,76923.07692307717,rectangular_hollow_section,True
172.8238345113311,58.31073743182709,11.88549857392075,14.375569809748901,4,4728.782392430311,2832612147451.9316,441487648706.8529,-0.00048828125,76923.07692307694,rectangular_hollow_section,True
122.46205499154247,54.4286853614761,10.31731296418693,15.528742746899084,4,3010.3036192544805,925076990427.2446,237946820023.92944,-0.0018310546875,76923.07692307698,rectangular_hollow_section,True
125.868771604126,135.8098813289241,17.809476301330573,15.939063325793464,4,7797.956011736318,3108502715949.038,3533253772921.9727,0.001953125,76923.07692307714,rectangular_hollow_section,True
153.43074297972788,24.47467451764699,5.400965912000937,10.374533852493839,4,1722.1458851990008,717897980813.1106,29442772722.411385,0.0006103515625,76923.07692307717,rectangular_hollow_section,True
276.49729931347866,148.17758636109363,17.505666929443706,16.74398094855395,4,13362.279807253506,24633213612213.484,8884471072010.39,-0.0234375,76923.0769230767,rectangular_hollow_section,True
174.0589262994577,229.44279294260903,17.48754194610889,19.869643836898767,4,12500.121651090669,10916154279633.016,17048530303973.29,0.06640625,76923.07692307672,rectangular_hollow_section,True
165.1059585400528,145.60945127798976,17.84338449347367,16.818279836103567,4,9532.02903348811,6602442040348.256,5362701054060.535,0.025390625,76923.07692307678,rectangular_hollow_section,True
208.03016662355557,209.01170161544522,18.438409846696455,11.020922374131308,4,13897.81721896958,16728261123906.633,16857029892719.598,0.08203125,76923.07692307701,rectangular_hollow_section,True
209.86870118153539,295.7249598400291,16.62865032255143,12.569657666043753,4,15550.6360488117,21133469341148.082,36575610684933.766,-0.203125,76923.07692307715,rectangular_hollow_section,True
111.75508309668481,210.51614120472084,14.590964924835616,13.65752720841372,4,8366.383180931805,3092200266399.5947,8783109892756.488,0.005859375,76923.076923077,rectangular_hollow_section,True
81.14588484541436,25.24194477599209,17.215578663110037,12.840216524069103,4,,,,,,rectangular_hollow_section,False
71.7811878861789,48.165237040920445,2.201869051520303,18.461019747519813,4,432.37046373167647,52951671316.74228,29987938985.088554,-4.57763671875e-05,76923.07692307688,rectangular_hollow_section,True
291.9326529433421,84.74376739309352,12.351163633302752,12.359064767684778,4,8541.832816873875,15419098707634.258,1949558131953.3936,0.033203125,76923.0769230768,rectangular_hollow_section,True
251.1637449679352,191.58721002170523,16.316920720119178,17.751438160539156,4,13070.641139018711,22022746310970.57,14284809113662.664,-0.1171875,76923.0769230769,rectangular_hollow_section,True
189.14755835107115,229.36001600042835,8.511389948839042,12.727024850210718,4,6690.181704335711,7575775320689.158,10208019489910.898,0.07421875,76923.07692307705,rectangular_hollow_section,True
47.53868512643709,298.9291179755897,8.114758847162161,19.507707792814863,4,5108.856718715919,366286387790.7837,8278238582763.895,-0.00390625,76923.07692307707,rectangular_hollow_section,True
215.45173362532358,56.85223024415896,2.2872636985675876,16.030566186210827,4,1156.6349531788921,1145344503083.6938,146150593106.12888,0.001708984375,76923.076923077,rectangular_hollow_section,True
28.73005732239339,140.7187887214993,8.006962081751738,14.626134688897823,4,,,,,,rectangular_hollow_section,False
29.07516633622748,85.86037844751957,7.881842653133293,18.69364826665111,4,,,,,,rectangular_hollow_section,False
104.81834649047198,75.88473889873077,15.15788927609524,16.270118088022784,4,4295.628601463026,1017922142730.3745,584285862579.6511,-0.0029296875,76923.07692307694,rectangular_hollow_section,True
204.3143226194076,103.88587036012409,9.607215190635811,18.591048787714175,4,5287.778987695871,5289724004586.129,1814783096698.624,0.0068359375,76923.07692307682,rectangular_hollow_section,True
173.32187177209778,293.3185696575232,8.566606540516203,18.755833407860088,4,7453.542182091312,7558461679668.084,17019018179203.094,-0.0078125,76923.07692307707,rectangular_hollow_section,True
78.81161643490452,219.41746797864175,2.211891211316808,16.97119789673671,4,1229.546306408146,292401029783.5209,1383126283777.5732,0.0003662109375,76923.07692307691,rectangular_hollow_section,True
279.3739234847711,40.68543722149494,9.681823832669668,17.437627295538597,4,5578.647483459211,7620422245174.516,255956743390.6847,-0.00537109375,76923.07692307708,rectangular_hollow_section,True
30.159314539746667,46.43009499626811,9.8946360378861,15.980305172463407,4,,,,,,rectangular_hollow_section,False
160.76790886784647,298.46376168069503,4.706821091296287,15.744043748075216,4,4108.3713367500395,3805375288646.5674,9761183695708.828,-0.02734375,76923.076923077,rectangular_hollow_section,True
188.18857825241687,236.12499192363427,10.848314247489427,18.09644759380476,4,8460.48423092935,9276970772394.098,13203870649665.621,0.015625,76923.07692307701,rectangular_hollow_section,True
119.7021422912117,256.91726158414383,3.905779230488137,14.228457290593823,4,2785.072730783331,1460269737203.3142,4690221226754.828,-0.02783203125,76923.0769230769,rectangular_hollow_section,True
286.7423991435013,218.23197751053135,14.099747369577951,8.115436095407548,4,13378.950471301674,30752184099623.83,19948037515310.473,-0.171875,76923.07692307678,rectangular_hollow_section,True
290.398642720053,204.03721490000586,10.10607983162969,8.305747126359751,4,9516.09966387735,22568515294587.39,13002090902991.5,0.1796875,76923.07692307682,rectangular_hollow_section,True
162.80023153819172,245.3182909010419,13.597665563503472,13.624142569916998,4,10173.715761958696,8350048521312.232,16074806360995.195,-0.0546875,76923.07692307676,rectangular_hollow_section,True
188.54787681490515,193.4582357330897,16.12154155607869,10.937315848426659,4,11157.813549691633,11150830132738.074,11625478268813.688,-0.0390625,76923.0769230768,rectangular_hollow_section,True
231.45590385226365,206.9872552040917,2.548546367184884,10.081203366789895,4,2163.915346268749,3629355897722.6846,3068504151064.374,0.021484375,76923.07692307637,rectangular_hollow_section,True
77.05045565174615,117.92740870256489,11.295804417654697,19.783081910547217,4,3575.1464026309864,561323287955.9232,1118782961642.2998,0.005126953125,76923.07692307694,rectangular_hollow_section,True
185.15895765770466,107.5754516961372,19.87805331180736,11.806089925833703,4,9918.048617467042,7682212832861.574,3013434238372.9736,0.0,76923.0769230769,rectangular_hollow_section,True
210.70245941691246,94.83714647283722,17.326271527849194,11.426906478036537,4,9256.351416430753,9037436857330.59,2303573715609.235,-0.025390625,76923.07692307686,rectangular_hollow_section,True
46.27563438454641,48.55703039267297,8.666846120592389,11.959613280423747,4,1211.1533046991915,56106906548.69684,60855615291.979004,-0.0001678466796875,76923.07692307688,rectangular_hollow_section,True
44.78361154555209,89.8309115927697,7.909397305733557,9.034654142533379,4,1798.8464577595096,97834621799.8894,315844037455.2777,0.000244140625,76923.07692307685,rectangular_hollow_section,True
66.07325676092019,185.96838848528174,18.944694533114543,11.206999641820875,4,7988.50131284203,815597370762.9009,5352635935080.945,-0.013671875,76923.07692307679,rectangular_hollow_section,True
260.4357722335517,237.91863406118384,7.3958369715584,10.288294001439692,4,7055.219582197546,14603564049461.727,12711121914916.0,0.01171875,76923.07692307683,rectangular_hollow_section,True
137.41338831857496,295.40485084680626,14.663509702493327,16.674383073720925,4,11559.203392480555,6944301932212.396,23969333584326.125,0.06640625,76923.07692307657,rectangular_hollow_section,True
86.77537878997386,210.41342927287465,15.374580433863416,17.06289907594716,4,7904.503468104473,1674933013973.476,7467002060191.512,0.0029296875,76923.07692307666,rectangular_hollow_section,True
299.0781527784998,142.83954009448004,6.773275001863447,16.526281209145033,4,5624.954266507277,12741590780675.258,4066655014682.6777,0.048828125,76923.07692307694,rectangular_hollow_section,True
254.83275958654255,73.08609181375536,6.726931701845508,17.092251571584672,4,4046.063785965409,5592479367530.814,759106677084.9052,-0.00244140625,76923.07692307698,rectangular_hollow_section,True
291.60907780550923,76.57015562128022,16.97350864696006,14.978964197890534,4,11121.81745280605,18586321102049.836,1795063421550.5034,0.0390625,76923.07692307659,rectangular_hollow_section,True
97.46001621164744,218.34747175488909,2.856097548926627,12.334728094992153,4,1709.0237316432822,602183999772.7643,2059222307479.1328,-0.01416015625,76923.07692307635,rectangular_hollow_section,True
231.4418525763527,264.1297133381786,14.387149726168165,19.06611614744663,4,13090.140270538837,21067430119167.934,25921426795866.22,-0.1015625,76923.0769230768,rectangular_hollow_section,True
202.01103087013078,104.14421273987789,3.868289241255404,15.391621435225227,4,2204.62459785233,2315154033188.495,845448029297.4739,-0.00537109375,76923.07692307685,rectangular_hollow_section,True
108.53075261260086,203.88605067276097,3.865812606744967,18.054322893179876,4,2231.0668539742323,921845377832.1909,2390972468530.673,-0.02001953125,76923.0769230766,rectangular_hollow_section,True
65.32623939037131,277.95003116229475,16.84276729509093,8.431010106665806,4,10357.647513645446,1149132256486.668,15427453556523.562,-0.01171875,76923.07692307683,rectangular_hollow_section,True
72.12589588154106,25.38624236277943,17.26221909677991,10.648752499356522,4,1374.0000598132572,125141309631.06384,16761048512.035263,1.52587890625e-05,76923.07692307707,rectangular_hollow_section,True
30.685113126364488,154.0076561875948,2.916789993401827,8.012375528517738,4,1005.1562176504226,34574130842.87692,475852775267.9895,3.0517578125e-05,76923.07692307685,rectangular_hollow_section,True
297.3053182812006,140.12446007305147,15.150010353287898,17.970247951258475,4,12021.06401566692,25212598498701.67,7463446585763.283,-0.02734375,76923.07692307663,rectangular_hollow_section,True
289.5124998475295,277.0228201741347,15.452286920531071,12.759639607978707,4,16390.63154395631,40440330527782.88,37725590851056.086,0.21875,76923.07692307713,rectangular_hollow_section,True
241.02825286875552,262.1054612600949,13.602221282742436,14.249071635275406,4,12744.772906390026,22339151731543.375,25483048632280.984,-0.1015625,76923.07692307688,rectangular_hollow_section,True
59.69000555314887,249.7056842276656,9.07877255148588,8.072042182831819,4,5223.011882692392,598441384493.5328,6699312775609.988,-0.0068359375,76923.07692307714,rectangular_hollow_section,True
150.7518477128125,184.60474529103374,11.723489535927852,8.162342366682404,4,7246.714357262948,4927549476083.696,6817232135682.217,0.03125,76923.07692307704,rectangular_hollow_section,True
167.6150645173229,220.54512388916643,15.10945171140444,19.914995160210914,4,10443.079337564992,8607217269051.82,13338010365041.617,-0.00390625,76923.07692307711,rectangular_hollow_section,True
103.28180143845927,269.64392237071274,5.860416881992327,9.09833998902267,4,4161.326826449051,1615283612746.3066,7307374130799.264,0.0234375,76923.07692307697,rectangular_hollow_section,True
284.1131954541301,267.577590579087,10.553932617984847,11.4425734354531,4,11069.329984372329,27038555062896.695,24639768156189.312,0.0625,76923.07692307679,rectangular_hollow_section,True
103.73677358168166,79.19189671858419,13.310636047888536,10.972103955451129,4,4040.714712975478,1013224586342.1914,638984041793.46,-0.004150390625,76923.07692307691,rectangular_hollow_section,True
156.93535938703064,290.95138978451956,8.940644229527166,17.87893566970576,4,7449.288395156785,6226223988604.658,16245475522621.816,-0.0390625,76923.07692307692,rectangular_hollow_section,True
195.4886826852442,176.63992716501085,9.106967498974704,15.274183435912578,4,6250.912755359225,6928638108542.484,5920392880930.809,-0.01953125,76923.07692307726,rectangular_hollow_section,True
251.0016402001854,261.40606270804915,15.49091992091578,12.32720852907969,4,14763.498915119424,27536125407998.17,29366629682971.67,0.0390625,76923.07692307649,rectangular_hollow_section,True
248.2937204955521,49.53373041712698,3.8251077818185237,13.75581634741774,4,2129.314891311597,2631058793668.7773,197440354461.32764,0.004638671875,76923.07692307683,rectangular_hollow_section,True
217.3665843807615,196.47255466046013,4.04897215451781,9.807969419513695,4,3222.6393841870595,4710522702762.663,4041727786504.8564,-0.048828125,76923.0769230768,rectangular_hollow_section,True
25.063931182788508,66.79723864935467,7.118229588651198,17.085625163077605,4,,,,,,rectangular_hollow_section,False
291.3364553804173,285.3857343141083,3.1094338316124874,9.5864708294134,4,3497.9362464500246,9563684751661.227,9271114598120.342,-0.095703125,76923.07692307742,rectangular_hollow_section,True
97.29206977202838,152.84315843651763,2.349325375503099,10.756767142295564,4,1108.1977967036653,364497311963.8221,719553971162.0068,-0.0020751953125,76923.07692307694,rectangular_hollow_section,True
136.56172681122604,33.69561206307005,3.9495468538939704,12.844505093176588,4,1196.6219637922065,435426138830.26294,45690123162.49365,-0.0006103515625,76923.07692307707,rectangular_hollow_section,True
117.9062407303359,101.84616097735015,9.92041608650963,11.708637645182561,4,3832.517441418929,1408402967517.8813,1112154479795.5005,-0.00537109375,76923.07692307708,rectangular_hollow_section,True
96.94370008740067,140.35613477869748,7.907542170823142,17.757233024041128,4,3284.497095166481,927482618083.0598,1650865395399.2632,0.0048828125,76923.07692307694,rectangular_hollow_section,True
86.65754236977838,206.24317919122146,2.9948983145466483,11.716552909948328,4,1657.3277377969519,462049281930.30896,1743861706574.9995,-0.013671875,76923.07692307737,rectangular_hollow_section,True
279.8006141161222,140.5930206289397,9.309618405388587,18.845986290748986,4,7216.5037728199095,14106811061741.55,4815100036588.523,0.015625,76923.0769230769,rectangular_hollow_section,True
47.76684967062678,55.19953810844663,15.960960259157051,19.39338272110318,4,1903.554067753999,69974236648.86569,90229189207.76355,-6.103515625e-05,76923.07692307678,rectangular_hollow_section,True
101.1385942623672,22.540440203608032,3.1711478003872267,11.71498625068459,4,,,,,,rectangular_hollow_section,False
51.55676883152447,242.9332729781558,19.441003594047398,11.002280816754936,4,9817.503256320388,534902803275.50464,10183091276356.445,-0.0009765625,76923.07692307692,rectangular_hollow_section,True
24.620766471420666,208.7101827035232,6.274705264899687,8.174024375571351,4,2707.470904450527,44724733024.39479,2078851521940.1992,-0.001220703125,76923.07692307698,rectangular_hollow_section,True
293.52631384167506,99.47158557311376,8.144904965728664,8.335104899804765,4,6067.065379650286,12094373337460.25,2123913726593.1846,0.005859375,76923.07692307705,rectangular_hollow_section,True
100.15874791770047,183.30368686981734,4.725544200075421,16.2500100928322,4,2458.4559434473153,842400076629.0813,2118821530924.1338,-0.0166015625,76923.07692307721,rectangular_hollow_section,True
88.57149101527682,150.0342010022476,13.722197548635926,9.570821932586021,4,5703.593429466511,1238503867184.3564,3011781422446.3184,-0.0048828125,76923.07692307707,rectangular_hollow_section,True
295.9981279929375,58.469181776757615,18.00039477169684,16.64120268439318,4,11188.11654450106,17542444263737.852,901149467855.03,0.025390625,76923.07692307665,rectangular_hollow_section,True
272.0329134607993,74.99574115006052,15.231164660459097,18.543992365729608,4,9310.44282743985,13540396799014.266,1481980988172.3682,0.0390625,76923.07692307692,rectangular_hollow_section,True
217.64446093418223,121.9943700038626,6.876639231330081,17.65710833673488,4,4286.439789469182,5218322377055.803,2136923794518.272,0.0029296875,76923.07692307717,rectangular_hollow_section,True
215.1823560984786,195.28374621099957,10.887333389166468,16.966931795244065,4,8212.711230517316,10957735412988.36,9420468709575.322,0.0234375,76923.07692307675,rectangular_hollow_section,True
273.87232306925534,275.4055540280094,16.73547907351491,12.395689192894457,4,17110.898685564967,37716911068827.77,38052403846087.29,0.109375,76923.07692307713,rectangular_hollow_section,True
195.15587259796678,111.86854699515862,6.032214303464296,19.855521740419103,4,3355.3658380656957,3266594975535.21,1395824419722.7847,-0.00830078125,76923.0769230766,rectangular_hollow_section,True
279.90321578351075,124.74258161949744,5.937887876463176,18.32579011181017,4,4482.074238158701,8664472320309.045,2494002525727.0435,-0.0029296875,76923.07692307683,rectangular_hollow_section,True
186.39601004508793,268.7456773500368,14.12266345745878,13.055286153589101,4,11887.386764000013,12874947072293.898,23045749261542.15,0.03515625,76923.07692307682,rectangular_hollow_section,True
239.27725500973523,283.253606439443,2.128812415444189,10.392838771970075,4,2166.89603529192,4198332977624.0547,5406945366186.939,0.05078125,76923.07692307746,rectangular_hollow_section,True
192.72941764535733,241.4767037506494,2.856489540068069,15.54673462369098,4,2367.3137208552753,2958490661465.8413,4145605473149.449,0.021484375,76923.07692307672,rectangular_hollow_section,True
76.51617466576612,58.41463528737063,3.9883766550555935,16.17969551315904,4,899.5269001607359,132541189871.48279,88502489034.08365,0.000152587890625,76923.07692307692,rectangular_hollow_section,True
37.03388408587321,247.52052217160852,14.014539338730305,19.729249809409858,4,,,,,,rectangular_hollow_section,False
87.55684837759883,78.9749326443488,11.814822185042534,14.976001241766213,4,3162.439108644207,571794644269.376,481568970586.8911,0.0,76923.07692307679,rectangular_hollow_section,True
28.993826635400822,230.22318413823172,9.594952442047386,11.079909085181207,4,4485.5380425209205,86665498862.28494,4055415832598.457,0.0009765625,76923.07692307717,rectangular_hollow_section,True
213.98455067583748,205.22574236491369,19.391887225122165,13.01757816155319,4,14584.918950713647,18230277469486.203,17027333999329.46,-0.1328125,76923.07692307685,rectangular_hollow_section,True
286.03361424327676,236.00543147984808,4.617696442759565,18.6086095330009,4,4585.408507431789,11280347015925.984,8448753748206.271,-0.091796875,76923.07692307766,rectangular_hollow_section,True
114.81688958600984,227.87815272166108,6.263573760471726,19.78865603792031,4,3927.3988674974626,1773408713694.309,5083243732882.707,-0.0048828125,76923.07692307711,rectangular_hollow_section,True
33.09948191269993,255.42101514895782,2.7457141750202787,11.814773623312174,4,1496.8928153149332,63598008435.229614,1821841573470.0996,0.0032958984375,76923.07692307635,rectangular_hollow_section,True
151.06172343265408,143.8800996001241,4.745436401339039,10.092794738157423,4,2635.9083955932065,1829801997030.6372,1698582696038.2017,-0.00146484375,76923.0769230769,rectangular_hollow_section,True
29.66355750099045,25.149268550745173,14.464365231644557,14.885665775474918,4,,,,,,rectangular_hollow_section,False
117.20188076338546,50.46685087472562,11.733262174211564,11.796452879343647,4,3244.7723009905535,896916043855.9951,206239332386.0605,-0.0009765625,76923.07692307676,rectangular_hollow_section,True
98.51958267779388,211.9073208931229,12.995459448944025,16.894172025207723,4,7122.539520612616,2081787185335.4185,7289643435692.207,0.0126953125,76923.07692307686,rectangular_hollow_section,True
80.01533557853523,22.122166998211142,16.677094483418248,11.149452438640349,4,,,,,,rectangular_hollow_section,False
222.70234167328294,250.10369424437437,9.254375680133313,16.566069164600794,4,8187.50169756127,12652971057820.227,15127742889211.71,-0.03515625,76923.07692307694,rectangular_hollow_section,True
185.5017275372321,137.43262558186683,5.160660230326463,15.452036474154728,4,3093.726284037732,3006906493651.0547,1906143474660.733,-0.00830078125,76923.07692307695,rectangular_hollow_section,True
152.88807766696567,227.56257247086228,2.533276115780746,19.50812970591777,4,1809.4816687234147,1464945700421.7903,2647325620361.5693,-0.02490234375,76923.07692307694,rectangular_hollow_section,True
64.89668044188522,273.30431334264955,2.0899472186211985,13.820637737024924,4,1342.7720076637681,229345596507.9732,2154200164972.2598,0.001953125,76923.07692307711,rectangular_hollow_section,True
205.9104237821128,131.53096201424268,8.220208086834274,8.877025804462177,4,5199.019355129256,5932310203859.326,2931737594291.592,0.01953125,76923.07692307665,rectangular_hollow_section,True
84.54075427183112,207.71755052587844,18.278985220645538,18.106228423984618,4,9020.049757488652,1681740997559.1646,7968727415606.918,-0.0205078125,76923.07692307717,rectangular_hollow_section,True
163.34463268842154,122.02545081544758,8.251164079806964,11.122297742157716,4,4321.481831671589,3149357975665.6016,1991124960494.0298,0.0,76923.07692307679,rectangular_hollow_section,True
269.2415935226139,135.59010907896356,19.519319188863793,16.370867987148593,4,14012.057836663247,23560403291932.89,7513854135155.686,0.1328125,76923.0769230769,rectangular_hollow_section,True
218.04531021416292,159.0476828148245,4.197181654672079,18.054185302918086,4,2961.053192679371,4023476050840.672,2503683499022.2373,0.0087890625,76923.07692307713,rectangular_hollow_section,True
224.5341955913774,273.03413598359975,5.049991378090996,16.869431557345706,4,4778.54336233736,7941051291191.281,10667677958003.938,-0.03125,76923.0769230765,rectangular_hollow_section,True
248.82107203197023,181.5364119359052,2.4846997833854436,13.35789148058241,4,2053.716395209,3750603703657.8994,2338043240507.8345,-0.0224609375,76923.07692307715,rectangular_hollow_section,True
282.4801984720598,171.41330984556342,8.988501238033052,17.22538158733346,4,7607.604531931139,16188065634083.504,7468458859805.289,-0.015625,76923.07692307701,rectangular_hollow_section,True
97.3868122508684,257.53194273617305,4.917663183463764,18.51211368996559,4,3236.1188756005877,1119908214423.552,5025793043610.281,0.01171875,76923.07692307698,rectangular_hollow_section,True
155.13571325045604,113.9446557644686,11.797906336454597,10.7505957486132,4,5676.832296588493,3533333802291.6885,2139831976930.5967,0.0185546875,76923.07692307697,rectangular_hollow_section,True
192.82294495677033,154.72771098019902,13.922400961660031,13.345804982506683,4,8724.035668104829,8682929703243.596,6091853682881.859,-0.025390625,76923.07692307683,rectangular_hollow_section,True
152.36962062299273,120.05975500825721,15.850638419309012,11.247047352955935,4,7504.892028499782,4354425923003.3623,2924284069155.159,0.013671875,76923.07692307686,rectangular_hollow_section,True
107.44975425305344,206.03150168734237,4.672430952927271,9.31388038209414,4,2776.9072878287398,1128543311155.1653,3085600860957.001,0.001953125,76923.07692307727,rectangular_hollow_section,True
187.8493433047096,76.36200696087647,7.097799373683423,16.21558460393156,4,3369.312112531548,2703421232241.3115,650429732260.5437,0.001953125,76923.0769230769,rectangular_hollow_section,True
101.05241277620952,297.08273194148325,16.681809904755752,8.753521722078608,4,12093.474331833562,3710278032739.2744,23139902067768.805,0.05078125,76923.07692307698,rectangular_hollow_section,True
174.54081629847317,47.42994556825529,7.409227780499684,18.711866559930336,4,2847.2929385715797,1660554928537.1938,196109212257.46008,-0.00146484375,76923.07692307704,rectangular_hollow_section,True
54.210660004294134,203.70247851690453,4.926322181083212,15.999911331247832,4,2310.6790433109945,240175503877.9969,1977687780423.586,-0.003173828125,76923.07692307702,rectangular_hollow_section,True
230.98751390176466,251.2462991476774,13.924151195798196,10.907262432662405,4,12534.896729384684,20093467536912.09,22950419254660.383,-0.0390625,76923.07692307692,rectangular_hollow_section,True
185.78062266318003,205.5654733244312,2.8315565879739863,11.038683217977342,4,2129.6707820337124,2405996241187.314,2801240670350.6455,0.001953125,76923.07692307659,rectangular_hollow_section,True
288.2172250320275,283.9785512676366,10.198048329910801,11.5404210354177,4,11123.180249598792,28399555093827.633,27756816622136.742,-0.3671875,76923.07692307685,rectangular_hollow_section,True
161.177680924736,33.1808858171662,17.77462914577547,12.971350542547427,4,4882.227393976929,2035295586576.0654,91783999857.5896,-0.004150390625,76923.076923077,rectangular_hollow_section,True
30.88659217043705,231.7777436198502,10.875297614120026,13.631189659894877,4,5061.802865310272,105408290522.20905,4544327522093.736,0.007568359375,76923.07692307691,rectangular_hollow_section,True
231.42906459034475,176.0932262177159,11.021105397134534,8.733349832944683,4,8420.561781351453,12611568190072.383,8190833273184.1875,0.04296875,76923.07692307718,rectangular_hollow_section,True
36.8615581577472,248.74366739611995,12.500979076944539,8.965600556935454,4,6435.209992954485,197124868061.02142,7001399549552.043,-0.001953125,76923.07692307708,rectangular_hollow_section,True
51.98421580552951,63.668645810779985,2.7112807323326082,13.331354598760587,4,532.7915313313654,42180826165.77496,56936576746.99513,-9.1552734375e-05,76923.07692307691,rectangular_hollow_section,True
26.669726129496528,57.791863392485055,10.315665018136968,8.165498809264054,4,1250.2277789465488,16379174955.091873,70939582125.09473,-0.000152587890625,76923.07692307694,rectangular_hollow_section,True
39.12463157580866,234.29048913392057,19.491358497723443,19.974550562772944,4,,,,,,rectangular_hollow_section,False
89.05549473497688,252.76441325195108,19.83157127054202,9.449951922121762,4,11895.18526630097,2515528060016.209,15727892925724.96,0.064453125,76923.07692307688,rectangular_hollow_section,True
270.59965423761116,50.62517647708681,12.564140572971546,10.39610030505829,4,7332.318442354712,10051900322089.504,506029842797.46387,-0.0048828125,76923.076923077,rectangular_hollow_section,True
140.90714861088117,232.4618647130907,6.761885530111911,12.128651124456752,4,4748.1626683316135,3185082167107.586,6910202200220.682,-0.08203125,76923.07692307665,rectangular_hollow_section,True
198.6460316402231,190.42119921337314,15.007290106157205,9.535796079289891,4,10685.883176250878,11886188768292.695,11103037495822.117,-0.0390625,76923.07692307711,rectangular_hollow_section,True
272.60495632799007,210.8579824262036,18.297563030167506,12.016670772267192,4,16208.783561389102,32498856159461.875,21475011547094.945,-0.0390625,76923.07692307688,rectangular_hollow_section,True
178.21514058730193,23.386489534086984,9.845116518819005,12.04988605506156,4,,,,,,rectangular_hollow_section,False
223.40410924992173,176.14426664504208,14.904689151774878,17.90674057629871,4,10710.050607466483,14314189603607.453,9797523151277.986,-0.05078125,76923.076923077,rectangular_hollow_section,True
180.38223774980747,111.50895390085924,13.8961573487022,17.13346364064131,4,7056.843675218717,5527485686175.113,2522874368024.549,0.013671875,76923.07692307669,rectangular_hollow_section,True
297.26234088687846,34.97017026470599,6.872802596328876,15.652115740919577,4,4209.882880466218,6520526875850.801,158161672357.60358,0.005126953125,76923.07692307659,rectangular_hollow_section,True
118.40890879020976,206.90951874523674,10.811633364194778,16.514510079054922,4,6326.6752259259865,2772959277177.4805,6734637735696.66,0.0126953125,76923.07692307685,rectangular_hollow_section,True
37.686442303637094,143.19509682341075,14.672940219734086,8.502617561673546,4,4374.652816761669,122527717092.35846,1569178196313.0498,0.003173828125,76923.0769230769,rectangular_hollow_section,True
276.2922544377468,193.7437853531281,9.36202620736729,8.696418507187872,4,8374.761612176471,17981705529249.99,10338525357053.826,-0.07421875,76923.0769230769,rectangular_hollow_section,True
79.28265121461985,251.19307686397894,5.786219949139184,11.370869101138181,4,3592.3807778657138,817910139922.2266,5114236823477.576,0.0087890625,76923.07692307717,rectangular_hollow_section,True
133.95265045061888,174.9360209151625,3.803256037387521,18.78659645322882,4,2163.2706662819814,1266597761458.4788,1888049029742.393,0.0068359375,76923.0769230766,rectangular_hollow_section,True
168.09511116142104,131.25007588958601,4.552433820169593,19.85429172401899,4,2482.553647571293,1981700584384.0205,1367255385313.927,0.0,76923.07692307678,rectangular_hollow_section,True
208.3515193327541,45.665248913221916,10.658553182760947,9.266195276269617,4,4874.621068628671,4050222373697.508,278346822331.8045,0.00244140625,76923.076923077,rectangular_hollow_section,True
262.1332061568734,214.91371808846137,19.27521321529293,9.769886914264404,4,16808.776288759596,31348748522221.617,22715088679970.57,-0.0546875,76923.07692307701,rectangular_hollow_section,True
57.59895978822686,83.36446338065625,18.77661452924343,13.707294360204916,4,3695.4967877330037,234687163527.72852,468497033332.25854,-0.0028076171875,76923.07692307682,rectangular_hollow_section,True
57.48134255224124,194.89843478719266,18.073545251794222,14.591622027292487,4,7603.267067501986,563830627559.3933,5294152816384.957,-0.00732421875,76923.07692307682,rectangular_hollow_section,True
240.0020315371239,261.8640226419768,3.6878166877694842,8.832793280898004,4,3595.6325985637995,6794188208722.076,7751203914581.529,-0.01953125,76923.07692307759,rectangular_hollow_section,True
218.43645744615677,49.769904337755264,17.752381370663976,9.757347461522006,4,8166.809234049716,6972663041123.582,430246534020.46545,0.0,76923.07692307707,rectangular_hollow_section,True
46.888354956467694,28.59738841524241,15.125133639661275,8.094783444861044,4,1247.8582363623873,42926516227.79509,16246094913.086342,1.52587890625e-05,76923.07692307692,rectangular_hollow_section,True
104.79080292923594,293.7037402578929,5.573290629648951,10.162499880125756,4,4235.3899709831,1722873080217.4917,8692218447920.824,-0.001953125,76923.07692307714,rectangular_hollow_section,True
113.01448289802623,95.82367346340206,11.748449632826718,12.398352270433303,4,4201.648082165611,1352583299824.3364,1030766013701.6833,-0.00048828125,76923.07692307705,rectangular_hollow_section,True
36.0187979528091,139.62651124812834,3.9142907934220412,19.38605588031511,4,,,,,,rectangular_hollow_section,False
59.692450313405004,252.32475989197206,19.686282940799202,14.909276292772585,4,10512.432701328602,833710250585.2512,12044246186603.723,-0.021484375,76923.07692307733,rectangular_hollow_section,True
275.36665393128,223.3016569900236,2.4106792103632606,17.77441431091073,4,2301.1277151327135,5294740855614.836,3874414612356.802,0.05078125,76923.07692307691,rectangular_hollow_section,True
261.3414140657792,110.04511424078241,7.147047611125576,18.39176310582765,4,4892.49991806834,7966216310300.732,2067821878340.1602,-0.0107421875,76923.076923077,rectangular_hollow_section,True
224.7103586192432,172.9582586947852,5.302790522755018,13.424557138960328,4,3990.7727594578464,5867426531262.693,3939866317794.13,0.0,76923.07692307731,rectangular_hollow_section,True
264.9720758258041,104.07317510294658,2.4426050629009644,17.61281000617894,4,1698.9223604503513,2899392765121.2383,703234005519.2306,0.00537109375,76923.0769230769,rectangular_hollow_section,True
125.86283162458493,221.81607557219326,2.29456059106761,11.494136706641495,4,1526.9976264494458,875756940920.2844,2058403916058.3037,-0.006103515625,76923.07692307715,rectangular_hollow_section,True
275.18140669625507,158.18055490489195,14.022711137209768,17.821380363532278,4,11064.101790053941,21113119777302.1,8730682222041.266,0.01171875,76923.07692307697,rectangular_hollow_section,True
233.96934167077967,107.93342645963735,11.298226165923753,12.048416070365072,4,7070.588399288253,9231618897847.371,2638250759904.5015,0.001953125,76923.07692307685,rectangular_hollow_section,True
27.168201751984977,79.72174897608022,2.2914085248785736,17.717683460766047,4,,,,,,rectangular_hollow_section,False
31.241904087710175,235.70009026951703,4.127414949593955,10.735169293336927,4,2063.8370974150503,70599168208.05928,2113958940088.6934,0.0028076171875,76923.07692307634,rectangular_hollow_section,True
131.95021324377427,71.78187010968952,5.493627076587575,8.77364103317087,4,2051.5181397104457,899991192495.4292,344695757114.1834,-0.0020751953125,76923.07692307679,rectangular_hollow_section,True
171.5500129413555,255.6137313856081,9.049233467461537,12.14914724967353,4,7265.462083668089,7012826152478.4375,13050064268793.79,0.005859375,76923.07692307695,rectangular_hollow_section,True
35.429310928182005,57.58418193219996,4.515968571187489,18.164474519448824,4,,,,,,rectangular_hollow_section,False
212.65723619682004,177.96221152334917,17.440576173432273,12.710923645085646,4,12246.99409661876,14781534149957.383,11058638894159.352,-0.05078125,76923.0769230771,rectangular_hollow_section,True
103.79120096905113,290.44856517720643,10.301700048369437,10.521341070789598,4,7587.529164660342,2769493396665.452,14692132111904.246,-0.052734375,76923.07692307701,rectangular_hollow_section,True
150.91410243018774,141.583231336025,9.67807702928243,12.985900087414853,4,5129.270846462882,3304891988192.464,2988330291541.7236,0.001953125,76923.07692307695,rectangular_hollow_section,True
219.27394931323474,277.5113501092912,9.81301825840214,13.055932763514313,4,9204.804232281058,14193637264717.5,20444470927275.54,-0.05078125,76923.07692307694,rectangular_hollow_section,True
184.58996457356596,133.8100037141936,14.596279876365552,15.436196033639368,4,8205.13386575389,7110634107509.104,4215281413470.342,-0.02734375,76923.07692307694,rectangular_hollow_section,True
168.84700599844413,254.76746909336796,10.072337845041092,16.63812514241047,4,7894.05061427011,7269040532999.424,13797739488341.93,-0.0078125,76923.07692307683,rectangular_hollow_section,True
167.9512323714391,293.5865799071254,17.940403307080174,9.478919614078073,4,15183.066787156702,13166811488931.996,32785909872686.906,-0.3125,76923.07692307713,rectangular_hollow_section,True
