d,b,t,r_out,n_r,area,ixx,iyy,ixy,g_eff,section_type,valid
79.30968859672812,140.69065415411671,2.7753760228313356,10.079837029664542,4,1142.1085403539987,250904535032.54016,599520955381.9551,0.0001220703125,76923.07692307704,rectangular_hollow_section,True
160.79188985989703,85.22743318911077,2.482907336658797,18.84873375695261,4,1109.5925591255054,727522773815.0715,282994321647.78796,0.00341796875,76923.07692307695,rectangular_hollow_section,True
252.53861603349506,183.54908834859398,4.032034782056874,12.035544087752422,4,3370.814205975227,6279142460198.627,3873790083324.91,0.0849609375,76923.07692307765,rectangular_hollow_section,True
278.605732503579,258.24335994019316,2.215350125575892,14.538697537727307,4,2299.4774693528757,5659155907204.105,5052792937766.829,-0.03125,76923.0769230764,rectangular_hollow_section,True
24.478282903979842,219.6612538145063,17.39638183786832,14.534406429982221,4,,,,,,rectangular_hollow_section,False
102.42971637330528,210.80797922681631,4.325054514752382,13.826091719952013,4,2533.824728595408,945098352781.585,2857990795947.0684,0.0068359375,76923.07692307679,rectangular_hollow_section,True
121.19050432159537,153.10292409320468,8.802771795907764,16.88625118720207,4,4299.326905654151,1881777507192.8672,2710729974940.9375,0.0068359375,76923.07692307708,rectangular_hollow_section,True
87.14975587752318,26.65539097870965,3.995753395422956,12.706437759328775,4,760.0328847025681,107972623100.49927,16157988558.708324,0.00018310546875,76923.07692307705,rectangular_hollow_section,True
221.14800818349426,160.8608622394133,2.57750245842746,10.587854108352095,4,1894.7466085548556,2729377898477.2744,1690518827643.9678,0.01025390625,76923.07692307713,rectangular_hollow_section,True
217.6641016674725,195.13181618295232,8.418148870809208,15.427899224870306,4,6477.610583343359,9038602807043.283,7638418217713.629,0.015625,76923.07692307675,rectangular_hollow_section,True
205.74780293945125,66.99895100727018,10.088641854452893,11.609551221126818,4,4963.697342942191,4472928657212.711,688570409469.5613,-0.00732421875,76923.07692307653,rectangular_hollow_section,True
153.86185270958222,133.11546050022443,19.62010570924893,14.770495789392456,4,9503.088704632379,5489920654403.295,4294980843174.13,-0.044921875,76923.07692307638,rectangular_hollow_section,True
160.7993713534602,162.4206117062351,17.565746606191333,19.599434675570016,4,9740.976873197838,6607216440371.402,6716593883289.881,-0.056640625,76923.07692307717,rectangular_hollow_section,True
242.16803700108085,146.09975790020235,7.801329929790939,12.55281615272716,4,5679.570771543454,8904727107095.791,4059124066867.632,-0.021484375,76923.07692307679,rectangular_hollow_section,True
175.82957645248055,235.9953038679414,9.311703626705945,19.07087002538261,4,7054.294410840443,6910876585313.396,10885596462564.61,-0.0546875,76923.07692307714,rectangular_hollow_section,True
297.79585376260013,179.76491086855893,4.969722815444648,14.931078436816481,4,4524.188178577198,11068752865595.82,5137423215887.26,0.025390625,76923.0769230765,rectangular_hollow_section,True
222.72184880981908,91.746125517445,13.114036939846246,8.44828796728591,4,7488.603834435806,8438824124036.41,1918160685384.2075,-0.0234375,76923.07692307676,rectangular_hollow_section,True
272.95452422715397,257.23486761181505,12.848885690406078,13.995888013086313,4,12769.741059122523,28163620944612.21,25670946119494.773,0.046875,76923.07692307669,rectangular_hollow_section,True
223.57324704675085,286.70388415473013,10.550572086228053,8.155835061961326,4,10255.655382445015,16496460807528.285,24320923214960.367,-0.04296875,76923.07692307707,rectangular_hollow_section,True
184.27301714899968,243.9337937410153,8.973528256161472,11.626476300880613,4,7234.818178701077,7902649416048.441,12219323682025.938,-0.03515625,76923.076923077,rectangular_hollow_section,True
135.52888261831689,68.14985079388066,9.333264891513448,18.513373432697833,4,3195.065206236769,1289324567994.4336,426602724658.1969,-0.005126953125,76923.07692307682,rectangular_hollow_section,True
209.83121657439352,45.784347169608296,19.813884127720605,13.712877368870158,4,8371.071299890611,6155550964631.0,320286408953.59375,-0.0234375,76923.07692307685,rectangular_hollow_section,True
134.3475751489272,114.65590203187857,5.4131901910156195,14.592527128137204,4,2449.914226851237,1259464030676.2935,988699126590.7346,-0.000244140625,76923.07692307695,rectangular_hollow_section,True
91.91129098122485,138.7965949159551,14.318330434462704,12.760790022201919,4,5623.807380511821,1270983656156.2808,2542840769344.802,0.009765625,76923.07692307704,rectangular_hollow_section,True
180.31856338434423,49.26727176948319,4.9424139110698455,19.84137686439969,4,2000.0054910340007,1286128436105.6133,165527490689.85782,0.000732421875,76923.0769230769,rectangular_hollow_section,True
153.50463884651862,263.5320334107481,3.334796361955222,19.3953051194311,4,2618.7433686612862,2192338080544.9434,4934790820956.547,0.0283203125,76923.07692307692,rectangular_hollow_section,True
109.65729939762683,295.7385809507401,14.254007953112763,16.939260062733975,4,10464.597281799428,3973341866150.1543,20301574713900.17,-0.0859375,76923.0769230769,rectangular_hollow_section,True
297.08964645535127,215.8999660107667,19.563244167034295,17.364849097536048,4,18239.06201411781,42522712364281.22,25431164660437.406,-0.0625,76923.07692307676,rectangular_hollow_section,True
283.9026661634689,209.4468590132794,7.1892075784082055,17.924532704622244,4,6680.803800874059,15409598896750.586,9691544057263.115,-0.0234375,76923.07692307678,rectangular_hollow_section,True
50.02073175143934,241.06515665332762,13.161631121860214,17.15593482191949,4,6691.044403207616,429283208113.26,7006298125678.797,-0.0087890625,76923.0769230772,rectangular_hollow_section,True
58.633314988266,236.44675631823515,6.539659031477054,19.71512956199512,4,3473.284235719229,407938786784.91504,3864180307611.7207,-0.00146484375,76923.07692307692,rectangular_hollow_section,True
174.1488535003791,48.767517047825486,4.155422322430364,13.248885110809528,4,1690.7112945154042,1078189864915.4102,143056091799.24503,0.0042724609375,76923.07692307654,rectangular_hollow_section,True
212.42233980925425,214.23510429637196,15.174218307086843,18.68506196494121,4,11690.553276036739,15023410553391.375,15227327865534.168,0.0703125,76923.07692307711,rectangular_hollow_section,True
171.95922775245464,83.28305644802789,16.214302221674032,9.898766962413745,4,7127.5510980347835,4618640911832.846,1319468753054.3203,-0.01953125,76923.07692307695,rectangular_hollow_section,True
149.44403871219322,103.77111878075544,6.514735323982695,18.171302724363184,4,2935.1716776672965,1722308374124.995,984158172690.0508,-0.00537109375,76923.0769230768,rectangular_hollow_section,True
256.0042583653369,214.59722340737443,17.171486616378033,16.82527354298427,4,14699.324451553464,26419611204499.47,19926022102223.844,-0.0078125,76923.07692307707,rectangular_hollow_section,True
131.4967778011027,249.94606451171762,7.324992382115276,12.725765341105735,4,5240.7330197532465,3107419602119.1016,8450109252548.379,-0.0185546875,76923.076923077,rectangular_hollow_section,True
41.14167124883406,100.22653858767049,7.437991500560751,9.476942621859688,4,1796.0410963942086,84621493649.65308,378548453040.53577,6.103515625e-05,76923.07692307705,rectangular_hollow_section,True
94.38645485725958,103.49883104593046,13.028809667990842,12.353669147027052,4,4324.806785404065,978951620800.1941,1142473603521.4658,-0.001953125,76923.07692307683,rectangular_hollow_section,True
118.45962649791096,228.04597488300436,11.16500675452204,13.758886672071014,4,7056.266507052946,3156839759612.423,9016697349481.422,0.005859375,76923.0769230768,rectangular_hollow_section,True
93.46763627260354,196.379153326071,10.79079282969671,13.294311364066111,4,5619.117368657563,1524763397862.1777,5089364281034.393,0.0009765625,76923.07692307665,rectangular_hollow_section,True
88.56973362596375,182.66926494128035,19.04502369961302,10.361002246622657,4,8773.304233515091,1767792415668.7778,6285620971087.258,0.0126953125,76923.0769230773,rectangular_hollow_section,True
169.57765883699562,181.70350008456154,8.55108185895563,19.60015486706616,4,5453.099830585604,4682080720194.841,5206616577427.588,0.03125,76923.0769230772,rectangular_hollow_section,True
252.04574502452846,112.42582320092859,17.235285348927924,12.990504706434894,4,11206.569503110211,16110502283919.625,4156237268174.2354,0.041015625,76923.07692307708,rectangular_hollow_section,True
181.44690266733357,175.09321831140335,10.777272599436783,19.03510943051365,4,6926.318212214811,6517086879249.021,6164689939025.623,-0.0234375,76923.07692307695,rectangular_hollow_section,True
38.69733076409446,175.935519912187,7.362325822507112,19.73187452699095,4,,,,,,rectangular_hollow_section,False
110.88814534354512,199.9433455750566,10.129432670915996,11.649337714189127,4,5753.274735743688,2240101836996.6206,5757080488689.543,-0.0166015625,76923.07692307697,rectangular_hollow_section,True
46.57305900246205,42.57508524736103,16.91182402330839,15.052960603518729,4,1644.6846650025468,53480912088.836975,45234713593.28174,0.00018310546875,76923.07692307698,rectangular_hollow_section,True
88.84148510226707,86.64622695205345,14.546646012780077,19.335479233621164,4,3908.1677792324344,692680074081.428,664156491262.9902,-0.009033203125,76923.07692307705,rectangular_hollow_section,True
272.51376819531475,153.78652770024547,10.346788954113922,16.807186902180085,4,8152.709428853823,15591353380444.383,6359746826683.469,-0.140625,76923.07692307694,rectangular_hollow_section,True
165.08597979064788,157.73490770662437,8.469541771726703,15.032269730385744,4,4998.4576966083,3961666834178.782,3691281295376.966,0.0107421875,76923.07692307688,rectangular_hollow_section,True
261.6908654327954,266.6240702945232,8.192577419655585,12.3202131755071,4,8253.298450947605,17626923393139.305,18139414420370.96,-0.0078125,76923.0769230768,rectangular_hollow_section,True
96.29153516024626,280.9901365158104,15.454918848457346,11.803114815097533,4,10566.983651739361,2959043175515.293,18034194458627.742,0.03125,76923.07692307711,rectangular_hollow_section,True
136.09947142935215,266.80560972952276,3.7173282476360137,19.357517122551645,4,2810.088800306358,1880426103466.7998,5197546246267.912,0.0107421875,76923.07692307654,rectangular_hollow_section,True
172.85917858394063,215.3691636388558,14.391354584490584,19.195243825895677,4,10000.43908455663,8768978700493.287,12437729444194.215,0.03515625,76923.07692307698,rectangular_hollow_section,True
265.3533888115239,63.4080049615022,19.301763749731712,17.553748065401678,4,10892.983098733592,13908969710044.695,1022599880502.1409,-0.001953125,76923.07692307747,rectangular_hollow_section,True
281.9606221409746,281.49450912739064,9.309679015217828,18.70367930824414,4,9882.91195154615,24148498849831.29,24087449264083.0,-0.0625,76923.07692307705,rectangular_hollow_section,True
34.267825634834054,130.53787923852383,3.3738181748184353,8.847938090974665,4,1018.1983489186848,41912315937.56265,359904456905.9779,-0.0009765625,76923.07692307721,rectangular_hollow_section,True
43.306788979409625,138.05609151462437,15.537659653208602,17.53784876435654,4,4366.658568886895,164220896228.7425,1393099248901.1113,-0.001708984375,76923.07692307691,rectangular_hollow_section,True
75.37250013070627,22.0061227355195,9.619365613809332,15.623808663271484,4,,,,,,rectangular_hollow_section,False
257.61487315892805,218.186388340303,6.95447142727941,18.05222907706854,4,6221.711115190596,12231730175247.816,9501171161592.973,0.0,76923.07692307686,rectangular_hollow_section,True
274.32021515966835,49.30625950076477,4.532928538608088,11.983928672405376,4,2763.6644576988056,4119156370116.1035,249969430715.0796,-0.010986328125,76923.076923077,rectangular_hollow_section,True
20.59009979124127,153.90368532811988,3.752556707124964,12.052911128935346,4,,,,,,rectangular_hollow_section,False
59.089196041726176,172.03779964099408,16.97385753187126,18.41277305706558,4,6356.826301164335,511448744344.7937,3461366247803.049,-0.001953125,76923.07692307676,rectangular_hollow_section,True
249.87792975036308,259.7224614828871,4.563014382196374,10.357799425191626,4,4493.638952493556,9028677603354.729,9572893354510.451,0.009765625,76923.07692307746,rectangular_hollow_section,True
49.445560322472176,273.9354131565518,5.2775226373493735,17.218472147404185,4,3148.0023274068917,275930047426.0203,4524913972500.137,-0.00927734375,76923.07692307667,rectangular_hollow_section,True
227.41174379289595,51.12100790599148,18.420890949976435,9.815032686337311,4,8807.991129886368,8134548988716.605,486689679985.4055,-0.009765625,76923.07692307692,rectangular_hollow_section,True
172.2285387844164,98.41019163753488,17.98232894105653,10.147630393884352,4,8336.998330086713,5601815420782.236,2137657723561.1753,0.037109375,76923.07692307673,rectangular_hollow_section,True
103.91193764334906,218.4099418088746,13.399758250846542,12.279351821936517,4,7769.073961345246,2547469566078.524,8662269821575.5,0.0390625,76923.0769230769,rectangular_hollow_section,True
226.7735331486271,268.55968587443635,17.629601752135834,13.33784709457053,4,16043.94517508647,24454779241079.703,32065847588058.797,-0.0546875,76923.07692307701,rectangular_hollow_section,True
195.8360083485843,249.22286867200495,6.632467762885225,16.090510087410365,4,5558.268844086361,6948743942348.252,10034869970517.744,0.009765625,76923.07692307688,rectangular_hollow_section,True
94.48978142282012,53.458817525918384,9.882310594128576,8.29332986987858,4,2464.728442509264,489171731430.3789,184517727047.55615,-0.000732421875,76923.07692307695,rectangular_hollow_section,True
200.32563475908896,131.66920404406102,13.943144404362734,15.43714006899122,4,8244.38558388366,8332501916091.898,4225871750932.76,0.009765625,76923.07692307697,rectangular_hollow_section,True
270.78856454780953,208.0829254621339,6.753726921931463,12.481127883670379,4,6162.907807635113,13193574716614.848,8816377355347.47,0.05078125,76923.07692307691,rectangular_hollow_section,True
143.96034636919853,124.86487152473092,5.392020866545461,16.269062597460195,4,2636.354451590362,1569310356947.5625,1264136592677.2168,0.001953125,76923.07692307697,rectangular_hollow_section,True
278.68337070514605,131.20095559713235,8.020420981267717,8.670812716540382,4,6242.821106512053,12273027338977.562,3744225458401.3496,0.025390625,76923.07692307697,rectangular_hollow_section,True
197.63482378377748,127.79925488734585,18.57538976830093,12.853200173150162,4,10544.744535539736,9895150588658.383,4760813531465.361,-0.0078125,76923.07692307667,rectangular_hollow_section,True
190.95150624658822,278.501715638533,15.270235318795104,16.293317905376334,4,13140.176481552358,14816003851466.062,27018221738725.023,0.1796875,76923.07692307715,rectangular_hollow_section,True
236.87182040185607,225.34661836552826,4.958311099494036,11.63432838864624,4,4394.517844614936,7692128347373.303,7131601451026.02,-0.015625,76923.07692307688,rectangular_hollow_section,True
217.27423314212496,248.17675163430604,13.611602297049641,17.07325079377913,4,11650.451636369457,16531409541892.102,20374316651791.055,0.05859375,76923.076923077,rectangular_hollow_section,True
128.98510104601448,114.8406209112803,12.642538150024734,9.051767234653262,4,5443.8824100350785,2379254437584.7773,1964534658853.5664,-0.01513671875,76923.07692307715,rectangular_hollow_section,True
119.64064294754787,215.05220616832307,12.973703184927366,16.530959718979325,4,7750.5249125901155,3380365864881.5996,8707799533255.316,-0.0078125,76923.07692307697,rectangular_hollow_section,True
70.01541978517895,127.52589037140996,9.66903621511933,10.899859623952809,4,3328.8151048969776,470027203434.1116,1262615220895.8906,-0.001220703125,76923.076923077,rectangular_hollow_section,True
278.1849042569065,109.83346206531137,3.963766621154368,18.620382079546264,4,2881.280462244521,5369537996698.361,1296112639928.5564,0.0458984375,76923.0769230771,rectangular_hollow_section,True
221.5520091784054,57.46881472101975,17.582771505904887,10.775374097063988,4,8459.19468177874,7737540393739.051,650432263936.114,-0.0244140625,76923.0769230771,rectangular_hollow_section,True
159.333093039767,219.72082742039103,13.354954467488204,10.450048343721743,4,9301.872951235633,7178899029767.277,12023898207952.25,0.037109375,76923.07692307682,rectangular_hollow_section,True
242.7083955445254,281.1272041904836,13.065172232582704,15.634271034137406,4,12767.379600207407,23154306752529.914,29131717824510.0,0.171875,76923.07692307705,rectangular_hollow_section,True
183.38518154560177,170.77734769852086,15.725296379937387,8.653495396923345,4,10074.598710532124,9289299268827.113,8270496266702.639,-0.03125,76923.07692307708,rectangular_hollow_section,True
114.29447474261049,293.92917862154763,6.707554685449537,10.537059726042585,4,5200.035279420806,2455483184318.597,10854679459593.55,-0.013671875,76923.07692307676,rectangular_hollow_section,True
201.10497152789168,157.9068530521583,8.769383719466749,11.611574528379084,4,5862.265921425845,6689996389748.941,4586883774172.016,-0.037109375,76923.07692307705,rectangular_hollow_section,True
136.05404380042899,130.03244061040425,8.480504787209064,11.096071710573456,4,4109.137946856282,2174387137224.7314,2024695042439.609,0.00732421875,76923.07692307705,rectangular_hollow_section,True
122.52474215751303,20.08249030424934,4.03106534072295,14.171688412050813,4,,,,,,rectangular_hollow_section,False
30.978717035304225,273.2386513071505,16.961318782075235,10.46733485120728,4,7650.490437325408,131511298008.23065,9466214270616.676,-0.00537109375,76923.07692307705,rectangular_hollow_section,True
111.357818900158,30.37842504196813,14.120838957225764,11.947557101925135,4,3062.5328580903015,599046748431.7363,47532403391.355194,-6.103515625e-05,76923.07692307688,rectangular_hollow_section,True
67.11404480039863,271.2315399868742,15.939556357432057,11.444327903208983,4,9638.906565366853,1167109628888.7341,13804540002994.414,0.0478515625,76923.07692307691,rectangular_hollow_section,True
262.5677004313569,258.1269934694702,3.793132059226314,9.006333659809862,4,3838.6394946698106,8469277267853.385,8253729224836.045,0.03125,76923.0769230771,rectangular_hollow_section,True
72.63607198186273,246.29707465714503,8.868371238406176,12.525638070489176,4,5198.727047174837,909777046033.3784,6744221164888.316,0.0048828125,76923.07692307672,rectangular_hollow_section,True
232.6139630155518,281.56526376572,5.5635471990367105,8.367304119350354,4,5535.357838822772,9928403856017.477,13286766094134.875,-0.015625,76923.07692307627,rectangular_hollow_section,True
82.3428503447571,259.4070941175687,2.660870624231875,19.655582606743405,4,1692.8621539478477,444319155736.67163,2565586766390.3076,0.001708984375,76923.076923077,rectangular_hollow_section,True
133.51002650504284,41.15498216095979,8.423034558581312,9.8705798807673,4,2563.295803914282,909675232590.8159,120715720913.47522,-0.0010986328125,76923.07692307694,rectangular_hollow_section,True
91.45609874453591,162.05536897076,7.880292150153167,11.036509224802789,4,3635.250010887345,966064721545.7598,2397857876466.7715,-0.00048828125,76923.07692307698,rectangular_hollow_section,True
109.11069530091066,296.4508031733532,14.908934068477386,17.208059505448325,4,10913.042688530384,4053236369787.6357,21116089411714.125,0.0078125,76923.07692307698,rectangular_hollow_section,True
227.19574919304014,129.96689830202592,5.45092094450759,9.84164897467359,4,3697.3009931745123,5127329515505.949,2165229164704.397,-0.029296875,76923.07692307752,rectangular_hollow_section,True
187.58899682933932,177.7243452347021,3.482028449148086,19.55011435536746,4,2371.541224739699,2560669708298.1514,2362673360119.0464,0.01806640625,76923.07692307713,rectangular_hollow_section,True
100.38044738222632,163.09879388925617,19.989777267040377,11.4947044982405,4,8803.289682765891,2237789999053.88,5215784773772.459,-0.037109375,76923.07692307711,rectangular_hollow_section,True
84.41290124412379,77.75936865382084,18.051158844263217,18.849661810232675,4,4196.7453222682425,599666905197.2249,518677687557.4099,0.00244140625,76923.07692307686,rectangular_hollow_section,True
154.89982250070787,146.09871628626735,18.857469898625425,13.585199859147533,4,9745.167430287907,5939927576371.943,5384350395016.924,0.025390625,76923.07692307697,rectangular_hollow_section,True
268.1692848216578,59.00823308730694,7.274492229259177,13.87963550198183,4,4399.411310445155,6356624794357.225,523966440373.32776,-0.01318359375,76923.07692307707,rectangular_hollow_section,True
224.66345906925824,191.11494198571853,14.795311854051986,16.083212908945185,4,11170.526151793114,15530208751373.012,12003494797372.46,-0.05859375,76923.07692307683,rectangular_hollow_section,True
160.07632092595736,168.0459636371474,10.52045756820118,15.373890941783502,4,6248.472326899309,4649734750671.51,5018736113334.328,0.0185546875,76923.07692307691,rectangular_hollow_section,True
86.24778797501119,57.854925020370516,5.532266943661471,14.60220886535155,4,1341.044783764288,240721129875.17102,129599760843.10947,0.00048828125,76923.076923077,rectangular_hollow_section,True
80.56701270958098,280.8724475491775,19.73072994903563,12.734187011711628,4,12543.562430445312,2123589531951.1768,19502562216866.266,0.0859375,76923.07692307679,rectangular_hollow_section,True
284.30175024133246,43.15383361504415,3.119366324669687,9.520498204620981,4,1954.320660423827,3100211786924.4287,143217469522.51086,-0.0078125,76923.0769230765,rectangular_hollow_section,True
206.83191775802612,186.73180816772083,9.987880684746806,15.66510110685964,4,7249.539469523824,8972177055504.807,7653244400244.627,-0.04296875,76923.07692307679,rectangular_hollow_section,True
250.645381819963,277.70942236494034,7.376546984161676,19.42851598176813,4,7344.997016582296,14639898449592.207,17106839672700.934,0.078125,76923.07692307688,rectangular_hollow_section,True
71.0308040395625,194.16568175996437,6.660188715362248,14.280736866688866,4,3209.2181379254907,546692680469.52637,2710455979957.203,-0.0068359375,76923.07692307697,rectangular_hollow_section,True
183.55438082365595,180.13234700165535,3.653466423272207,13.90977963223105,4,2515.7532209980077,2648661601079.9854,2574747105753.689,0.001953125,76923.0769230761,rectangular_hollow_section,True
72.00020720408844,128.3193832912766,16.44708455194546,14.630387981592122,4,5293.27187104935,657703866945.6497,1811554628092.6353,-0.00732421875,76923.07692307697,rectangular_hollow_section,True
38.784293671621256,108.91829956264583,9.890781335585801,10.499550162824496,4,2420.6079289081335,89362162221.4523,551582962415.7627,-0.00030517578125,76923.07692307698,rectangular_hollow_section,True
29.796597087729367,242.6220971074485,10.621002119097744,15.448687363768364,4,,,,,,rectangular_hollow_section,False
59.85783928785745,158.29842221017103,11.58310493112689,17.395874900662115,4,4248.352288405184,415772324467.8971,2137467310581.6738,0.0009765625,76923.0769230772,rectangular_hollow_section,True
210.3850991279829,295.5316057087291,7.975178900868312,13.265895304961425,4,7667.146247843758,11300681674780.248,19059018697017.812,0.109375,76923.0769230771,rectangular_hollow_section,True
257.7154642891513,47.95431466696091,4.707774304115693,12.632517478650785,4,2692.617162768719,3530114488206.2637,226436885218.3313,0.008544921875,76923.07692307685,rectangular_hollow_section,True
223.05089196349016,50.651135741211064,6.147605006900394,17.459414127693805,4,3037.1776064517207,2951012873002.4365,264022289733.6703,-0.004150390625,76923.076923077,rectangular_hollow_section,True
283.1290879489933,21.545233673234435,10.823620104326961,9.013754950391064,4,5992.161723881783,7803857940452.582,45939862226.46158,0.005859375,76923.07692307669,rectangular_hollow_section,True
120.23903252271242,124.36075107725587,13.08071552305023,15.886712906465524,4,5470.1458725049815,2083419155626.6313,2201039122747.574,-0.00048828125,76923.07692307698,rectangular_hollow_section,True
294.47164109894084,281.35585717939404,11.7184167486248,17.901698140838473,4,12664.050208359147,32980127324107.773,30738486091768.64,0.2734375,76923.07692307673,rectangular_hollow_section,True
202.18276626267914,297.51138580197164,18.375069345293355,17.778609681828854,4,16697.17773525472,20711690375137.094,38529780379125.66,0.078125,76923.07692307724,rectangular_hollow_section,True
255.9182595629867,215.42339365608737,19.5367963765707,17.722267798439393,4,16576.187378916584,29249157742592.97,22147938775968.67,0.3203125,76923.07692307679,rectangular_hollow_section,True
258.10424682942636,292.8632035654135,19.33718885151252,14.868244462389285,4,19591.5510945334,38470272257607.336,47087356416907.19,-0.40625,76923.07692307644,rectangular_hollow_section,True
137.5800860611651,39.53143076027936,10.47420184122428,9.701691313494761,4,3177.2451200011715,1141255107731.6372,123402220025.20462,0.001220703125,76923.07692307691,rectangular_hollow_section,True
256.1268273792189,36.23223473705515,18.950171244389285,11.020964805997478,4,8794.56037572899,9475423735753.508,197111700052.68884,-0.005859375,76923.07692307694,rectangular_hollow_section,True
208.95944926801081,136.84402904142155,7.44406253645722,10.543041697154155,4,4825.157111143491,5739118140011.09,2968014416103.162,0.0126953125,76923.0769230772,rectangular_hollow_section,True
164.86741646076894,246.77758839206555,19.557782916710238,12.542856049717091,4,14414.37655896716,11350429186570.32,22070805596308.86,-0.26953125,76923.07692307666,rectangular_hollow_section,True
253.62080532472152,182.81264382953984,16.738445419865705,19.2621690869975,4,13125.07073906156,22059463041223.555,13054259147234.902,-0.08984375,76923.07692307708,rectangular_hollow_section,True
111.49223406620106,204.2463231271069,3.7318308361046864,9.156194407629373,4,2246.447346331144,992552680270.2297,2509036058162.1504,0.0009765625,76923.07692307653,rectangular_hollow_section,True
63.64552753360629,43.56914593714728,8.575096130398554,16.999767574391477,4,1326.6061599756154,104349989428.78802,56519042302.77922,0.0,76923.07692307695,rectangular_hollow_section,True
178.40644022629627,89.6390394700258,10.020298176619079,14.963773877607302,4,4770.689184056734,3577891220636.958,1180995886565.2388,0.00439453125,76923.07692307659,rectangular_hollow_section,True
95.83312520434487,206.34216943308155,3.8983633763046406,18.04580483892157,4,2169.688283276255,710906280692.0605,2279940319443.301,-0.004638671875,76923.07692307702,rectangular_hollow_section,True
87.82314796928725,186.50340690376407,3.810373062467517,14.080911753952002,4,1939.709147705539,532052239461.69666,1683407014046.44,-0.002685546875,76923.07692307698,rectangular_hollow_section,True
29.951538619640683,201.9481886987622,19.72271899395366,18.693660119219764,4,,,,,,rectangular_hollow_section,False
22.53047822345415,287.12051506413195,9.804586481057393,11.61207683073998,4,,,,,,rectangular_hollow_section,False
126.32497620031552,106.21500599203928,17.592660642428925,17.091809820333523,4,6651.857188160044,2468326577588.341,1837834625021.6753,-0.01171875,76923.07692307688,rectangular_hollow_section,True
263.96237622927094,84.48773740344181,12.907300049777389,15.816195825591787,4,8087.016384014045,11892307380282.926,1778615977486.7744,0.0078125,76923.07692307707,rectangular_hollow_section,True
97.29824474868803,71.47245681664884,17.150242406560757,11.31643363086703,4,4484.331957404744,888266235959.9307,510138961434.2505,-0.00830078125,76923.07692307695,rectangular_hollow_section,True
118.32875687007356,130.71342514978477,8.326485660092793,11.830452771564344,4,3742.2890336403634,1528555249194.1323,1788249865650.0723,0.0009765625,76923.0769230767,rectangular_hollow_section,True
224.44546621395114,181.9140326624334,10.887088441914692,8.419578889203224,4,8303.139519318875,11889383417712.703,8535362523754.852,-0.02734375,76923.076923077,rectangular_hollow_section,True
293.43965181421464,24.58932717821852,7.639047207255171,13.932234094296646,4,,,,,,rectangular_hollow_section,False
84.29745539216833,288.886765530044,13.252784693450485,14.723727781425577,4,8974.290567012771,1975558871720.6382,15620651497135.36,0.04296875,76923.07692307666,rectangular_hollow_section,True
63.41490200120902,179.40572347803177,6.022444435914474,10.15534624790995,4,2693.6179217232516,368776277015.4421,1955936416862.7168,0.0029296875,76923.0769230767,rectangular_hollow_section,True
146.72987710029443,77.62557388903186,2.563250134189934,15.031338855243169,4,1053.3893632825118,579184403774.1792,222777653758.1715,0.00341796875,76923.07692307678,rectangular_hollow_section,True
47.08346352491143,142.18485981773028,2.6186022912916505,11.2785219259703,4,911.5977697525786,74309982953.3171,411510745366.6898,0.00018310546875,76923.07692307683,rectangular_hollow_section,True
81.79101925359424,72.27546430098121,4.407174376700854,15.296818908602255,4,1164.894662622282,210188530586.4834,174349766391.3847,0.00048828125,76923.07692307679,rectangular_hollow_section,True
166.1152889285414,213.95303485263477,6.474741446145465,12.09941165359248,4,4639.240302107581,4155598636608.5303,6129345426714.539,0.0009765625,76923.0769230771,rectangular_hollow_section,True
170.7356668253511,155.26681046076078,13.245374396361548,19.446719293950387,4,7594.5717472339,5983494158408.641,5144767088059.793,0.00390625,76923.07692307721,rectangular_hollow_section,True
73.01073318353465,143.5378103537514,3.298007607326359,12.241694709355505,4,1314.9805207928362,244017949970.91614,684329124246.3054,-0.0013427734375,76923.07692307672,rectangular_hollow_section,True
263.1954060502727,58.08397807417925,10.535432534778348,8.932542079387918,4,6245.862889736946,8626166378899.176,643403672490.4568,0.0224609375,76923.07692307669,rectangular_hollow_section,True
276.33803201720013,133.56075434020443,16.596191429476473,13.231128536250285,4,12328.72040799671,22289195041848.992,6733951689962.396,0.0078125,76923.07692307704,rectangular_hollow_section,True
97.16192482680488,28.50196308438602,4.785701599997377,16.92655782389633,4,,,,,,rectangular_hollow_section,False
137.15414120234257,289.83881838626087,2.0220955987123785,13.202547805056486,4,1661.1809290829149,1182083165758.3164,3661985585964.46,0.00830078125,76923.07692307667,rectangular_hollow_section,True
286.275033949441,232.30510211656537,2.7765951980069143,9.159434680480437,4,2805.7817037840796,7055551851749.332,5150985702308.9795,-0.08984375,76923.07692307685,rectangular_hollow_section,True
184.2903067646723,97.56096707096593,18.718365376111496,11.004320319040849,4,9028.98637565731,6809736684690.902,2268640620850.687,-0.029296875,76923.07692307713,rectangular_hollow_section,True
282.81463719373374,27.80943131616929,19.312549021445903,12.702756417440554,4,5062.481534038004,7242182022568.676,92221240931.25888,-0.000732421875,76923.07692307701,rectangular_hollow_section,True
229.56252205245434,179.09880394517907,12.235962031484169,8.63064442394769,4,9327.365846769602,13690605848544.965,9228882995729.652,-0.0234375,76923.076923077,rectangular_hollow_section,True
46.89808073981317,95.11921433900508,18.099771095819523,9.15284282905417,4,3746.7796784104958,154716761845.04193,601722655075.499,-0.001220703125,76923.07692307705,rectangular_hollow_section,True
166.42639389452526,261.9030862350285,18.11058398540253,15.028627494090038,4,13976.76139309486,11532088529538.898,24153835383764.477,-0.0078125,76923.07692307702,rectangular_hollow_section,True
153.92540055483866,276.45648100906794,7.853775195457132,17.441288912142884,4,6301.239813069152,5088048842387.646,12574116915944.895,0.02734375,76923.07692307686,rectangular_hollow_section,True
193.60930795677248,141.9381069142296,3.7206677180850223,13.241329801631856,4,2356.8575873147033,2546783847332.6426,1593558816921.1099,-0.00439453125,76923.07692307733,rectangular_hollow_section,True
238.42245210269414,227.2825701953339,2.822031866034031,12.41707243993426,4,2534.4944864187923,4570040249091.834,4253527463256.913,0.0283203125,76923.07692307702,rectangular_hollow_section,True
177.6549119357112,28.58961713016062,12.00793915467847,18.81366311218685,4,,,,,,rectangular_hollow_section,False
123.42166723968096,296.82424421582647,4.761867700572678,13.144600602165134,4,3809.0990140335057,2149607883819.9736,8330827058602.047,-0.0107421875,76923.07692307705,rectangular_hollow_section,True
58.640903493096,250.37992626660107,18.49006478791321,17.231913721677977,4,9763.16149218664,767085599237.1003,10962351288702.742,-0.0107421875,76923.07692307672,rectangular_hollow_section,True
47.867945013384215,89.14461596906354,16.930614607059567,19.42298699549086,4,3121.790385044652,131390346946.55609,405631741071.5647,0.001708984375,76923.07692307685,rectangular_hollow_section,True
115.476773476588,241.05393392995782,12.039001572243034,17.32651012826276,4,7732.547052119947,3263728364727.4014,10648746427858.77,0.03125,76923.0769230769,rectangular_hollow_section,True
278.02651149851266,27.25912984068418,13.406209943300198,8.19579526512977,4,7399.369880733259,9393540586971.57,91999692249.21222,0.0185546875,76923.07692307688,rectangular_hollow_section,True
294.0235367084941,132.9444080143041,3.691323884967389,13.675515472682486,4,3010.314815062831,6658038637938.252,1980548149869.4912,0.0341796875,76923.07692307637,rectangular_hollow_section,True
96.0322707176704,34.560198375180065,16.613117321454926,18.13698494988381,4,,,,,,rectangular_hollow_section,False
33.48783450585362,165.90053771065595,16.69970305328265,14.214508728932227,4,5341.88062991015,96346609653.63556,2289383078347.8057,0.003662109375,76923.07692307705,rectangular_hollow_section,True
244.0106925425914,179.42965755244495,10.050741617092873,10.080359499929477,4,8006.096699470127,13347777584340.059,8244484730338.666,0.044921875,76923.07692307665,rectangular_hollow_section,True
44.994769461464486,90.42309215920557,18.59259967998952,18.627645699666637,4,3305.813173736484,113403385764.62909,418936465309.3955,0.0015869140625,76923.07692307678,rectangular_hollow_section,True
231.25872195209692,130.5736807388781,3.117343694169838,11.074821085968265,4,2157.710375274653,3144633180646.883,1320872072581.4639,0.0087890625,76923.07692307688,rectangular_hollow_section,True
267.61599685455883,254.86853212170658,15.363172173750293,15.127196911545926,4,14881.099230204452,30978626862316.508,28682147897820.562,0.125,76923.07692307718,rectangular_hollow_section,True
246.08018359897216,55.12952547630285,15.147013155913767,15.357133712830452,4,7971.3294166973865,8861200276391.473,604840004672.6787,-0.0126953125,76923.07692307718,rectangular_hollow_section,True
78.02548456434218,233.8546425460294,18.38054093830374,15.437738171812388,4,9875.349987791114,1560883579431.394,10754787915581.438,0.009765625,76923.07692307714,rectangular_hollow_section,True
208.41694474273598,117.37137026429635,3.731194027724744,11.847514051391052,4,2300.982656552031,2683794026616.532,1119188541125.0723,0.03173828125,76923.07692307678,rectangular_hollow_section,True
61.85674243800983,52.44534446033691,9.27379135339632,14.15188688008098,4,1599.5344997416034,132382697653.67004,100657475241.14883,-9.1552734375e-05,76923.07692307695,rectangular_hollow_section,True
297.93635862218696,199.80588418822086,5.871702185187136,16.79163440598337,4,5544.566817015961,13883128170636.188,7564269400084.41,-0.029296875,76923.07692307683,rectangular_hollow_section,True
95.02460713687418,90.93442809503327,2.509913495423226,15.408227326233682,4,837.236551571954,223530864242.4552,209466143615.5963,-0.00030517578125,76923.07692307697,rectangular_hollow_section,True
204.36345306913543,262.35943995745083,7.750323118802412,11.244239663663627,4,6880.010949221604,9375975426488.17,13776608446822.367,-0.01953125,76923.07692307669,rectangular_hollow_section,True
210.08825124431053,224.40719966322018,6.548734411937641,17.39776926594757,4,5334.266114617088,7359504171132.508,8135064045779.352,-0.001953125,76923.07692307675,rectangular_hollow_section,True
252.3427437667849,82.89141613355602,18.900762750241316,8.573600018390954,4,11169.900696666438,14551518294917.523,2044737953672.1802,-0.056640625,76923.07692307727,rectangular_hollow_section,True
293.08462443196385,143.60561685732884,17.989387011040925,10.409963242704208,4,14308.73999414948,29319982808655.914,9019943455750.986,-0.02734375,76923.07692307704,rectangular_hollow_section,True
259.6627021958545,287.2591033317956,16.773824756616882,19.056539941389225,4,16864.55532920071,33809366253761.375,39650771929457.625,0.0625,76923.07692307692,rectangular_hollow_section,True
44.146557833214345,220.79595696634937,15.996669832297298,10.80462762536051,4,7336.082106557358,302021637961.693,6285419273124.176,0.0009765625,76923.0769230769,rectangular_hollow_section,True
182.85666406643617,92.49166421707322,10.116640432185472,17.279826036973898,4,4914.533247299081,3855541150058.878,1294667488059.8508,-0.00244140625,76923.0769230769,rectangular_hollow_section,True
215.23533873332028,51.22360010622693,4.080870860871811,9.125677260093513,4,2050.327096476123,2008182176364.796,199489111619.5954,-0.00830078125,76923.07692307718,rectangular_hollow_section,True
226.8743062683994,128.89319320504956,7.091698485470338,11.327916021865768,4,4734.446782372774,6416656277141.117,2660031142126.93,-0.0107421875,76923.07692307708,rectangular_hollow_section,True
59.65104044801319,70.67427877393253,4.822103652014864,17.810934510518045,4,1015.3539999500766,97058269694.23749,125139412283.12955,0.00018310546875,76923.07692307691,rectangular_hollow_section,True
173.37037534544382,204.5699945130787,3.110356600448566,10.162033055397647,4,2258.8206002096194,2248994182566.445,2886455639969.6445,-0.0234375,76923.0769230767,rectangular_hollow_section,True
53.62461463918379,40.91208974167012,11.622380374870291,10.253001829969879,4,1552.0401265638159,84364188400.46677,51532591885.43297,-9.1552734375e-05,76923.0769230769,rectangular_hollow_section,True
263.36290408791353,204.17450333496143,11.21804940560799,16.088054256538502,4,9751.228398499474,19022932732921.418,12795681060504.8,-0.0625,76923.07692307695,rectangular_hollow_section,True
219.29729183353348,25.121257591074215,7.816617282578647,17.078021421747124,4,,,,,,rectangular_hollow_section,False
26.350249116464497,281.6602127900778,7.211772947522093,11.011730622053244,4,4127.74582431184,75605149040.84369,5607444561077.27,-0.0029296875,76923.07692307701,rectangular_hollow_section,True
297.95412877222736,41.1532770717927,5.801399466879018,15.444059897871508,4,3654.4320179176048,5941089843166.471,211911399770.47644,0.00439453125,76923.07692307704,rectangular_hollow_section,True
154.9834709921348,229.90699826318905,14.447513325526973,11.745110594606624,4,10148.55017882458,7394917999465.855,13974877696755.266,0.03125,76923.07692307721,rectangular_hollow_section,True
220.6927230798836,144.5489373897122,3.243335723096065,13.943408978302914,4,2247.19865720762,3084617690244.2695,1630334147047.2275,-0.021484375,76923.07692307615,rectangular_hollow_section,True
187.44029381652905,192.16549882251576,17.178882365958703,19.130821197384996,4,11499.772262507016,11079229328604.93,11533645053649.688,0.078125,76923.07692307707,rectangular_hollow_section,True
74.61091019108676,248.9370901059283,10.667116448785633,14.118603314360895,4,6260.076700587303,1105118881077.4734,8159940610647.656,-0.0166015625,76923.07692307679,rectangular_hollow_section,True
254.63095299033213,55.62418018517219,18.38553752325995,8.468948520768695,4,9984.579736440315,11831267679084.445,696496747272.6399,0.0,76923.07692307676,rectangular_hollow_section,True
276.4271842122015,240.1175230626129,5.711524514492676,8.824304504019768,4,5701.850517028331,13340755431244.074,10762362364171.836,0.09765625,76923.07692307667,rectangular_hollow_section,True
167.1211074958835,63.035829606636895,12.873769558972448,11.195810507720818,4,5137.692797758661,2983838727587.247,554580782727.4015,0.00146484375,76923.07692307695,rectangular_hollow_section,True
136.26247129515434,253.2209045739279,2.3107237177577167,18.743184261203943,4,1697.3379754492614,1147753993807.7898,2900282825656.715,-0.01025390625,76923.07692307669,rectangular_hollow_section,True
107.15643123174254,35.35417933463696,2.4883742084236995,13.224126915307163,4,624.8502842268452,150213482363.96063,27363865491.518913,4.57763671875e-05,76923.076923077,rectangular_hollow_section,True
41.98035531729633,59.272312948644405,19.122758273418196,15.947785375082098,4,2155.4092052723217,57610802206.03668,110818508863.2461,0.000396728515625,76923.0769230769,rectangular_hollow_section,True
297.49463155533306,294.4106180439692,12.996415671272214,13.419345874651254,4,14529.766068652569,38899397289105.32,38273197189961.305,-0.09375,76923.07692307702,rectangular_hollow_section,True
284.52016264481273,110.72527507804932,8.60779549649488,8.389847552856223,4,6437.617682484016,12461388543425.062,2754501231531.1123,-0.01171875,76923.0769230768,rectangular_hollow_section,True
34.84921204378754,220.90015932750708,3.8435060476315,15.807604781879796,4,1800.1176457172546,78282243203.00119,1612480891420.3438,0.0015869140625,76923.0769230776,rectangular_hollow_section,True
65.2182633094761,110.35736554720268,14.099999159972134,19.029996291628024,4,3818.1566463954023,384387771554.27295,940344236804.4072,-0.0009765625,76923.07692307688,rectangular_hollow_section,True
85.0895119541855,71.99871179078858,13.554701993430331,15.944720724541744,4,3275.12640510953,517808156000.2737,389426773098.57764,0.0003662109375,76923.07692307685,rectangular_hollow_section,True
160.23283923117424,213.63195284634782,7.60015037727248,13.184865786342655,4,5309.15649848139,4384235129756.0967,6837478742994.963,-0.025390625,76923.0769230769,rectangular_hollow_section,True
130.12571376000477,228.5541546137809,5.586195627107303,15.921538984186201,4,3735.8134168286488,2174064353102.255,5149825574051.092,-0.0009765625,76923.07692307662,rectangular_hollow_section,True
87.00007335177398,135.3547984183242,14.906960791057337,11.852790567770509,4,5599.912146006846,1110058465677.584,2357166736386.0996,0.00634765625,76923.07692307673,rectangular_hollow_section,True
234.2034456783802,238.88467819238176,6.326080189622839,13.490322903121182,4,5694.847216094747,9792876494271.143,10092557814014.102,-0.02734375,76923.07692307694,rectangular_hollow_section,True
154.45001471690733,226.84422654453155,9.204529460665265,11.766450882327678,4,6548.488778381313,5035971783921.854,9191793615299.95,-0.009765625,76923.07692307692,rectangular_hollow_section,True
195.64151695779663,72.73797361813216,13.721935464316871,10.728416382194485,4,6497.107129641064,5277183163666.84,968020220883.9438,0.0087890625,76923.076923077,rectangular_hollow_section,True
95.80631459510495,254.64694244333134,7.205918441949867,15.271494919462098,4,4674.809100340712,1501185902939.9944,7027024195146.531,0.0,76923.07692307686,rectangular_hollow_section,True
194.88062020084573,253.57959466180523,14.32309380076355,9.417382048683171,4,11937.38429802407,13898242413667.125,21155979582537.18,-0.03515625,76923.07692307707,rectangular_hollow_section,True
293.9554555062166,245.80244886631817,6.191697958602228,19.031998717821445,4,6333.343683235412,16368441228108.305,12488148890743.848,-0.12890625,76923.07692307729,rectangular_hollow_section,True
140.2378018930745,175.90886204770354,10.855844653853197,14.818605202090582,4,6188.7931015829145,3622721165638.835,5185454113095.418,-0.01953125,76923.07692307691,rectangular_hollow_section,True
135.10396843296633,282.8701564951495,18.94955212437082,10.910399703429473,4,14285.466009381551,7775923570386.398,26690451467503.82,-0.0234375,76923.07692307692,rectangular_hollow_section,True
23.012470578711106,277.78472241017346,3.9440184698673955,19.310439136651325,4,,,,,,rectangular_hollow_section,False
243.7923518972871,164.29991111746065,19.955321031100482,8.916592273644994,4,14614.859269943556,21879930159074.758,11379351038559.348,-0.125,76923.07692307692,rectangular_hollow_section,True
258.5911975316519,159.37711634392474,11.741721335237656,19.757001210703663,4,8937.768471957412,15458869182064.016,7231197952861.021,-0.0078125,76923.0769230769,rectangular_hollow_section,True
142.43963141051165,152.93519032948853,19.424525282556864,8.91746998232574,4,9886.261384742358,5176718895414.959,5840301928392.027,-0.029296875,76923.07692307692,rectangular_hollow_section,True
193.44130499247748,258.0655652739624,8.70954289952352,13.64360579900714,4,7399.609359453104,8970931991246.232,14006367521727.848,-0.04296875,76923.07692307683,rectangular_hollow_section,True
187.4098996469147,193.87615838415726,16.706230525205747,10.044725366236216,4,11522.416501899768,11333939885878.18,11977405280151.035,-0.0546875,76923.07692307672,rectangular_hollow_section,True
37.477544733789756,55.64419631209823,15.367367394691755,15.32418405582722,4,1682.6174746204285,37624606149.93663,78140596266.75238,-0.0001220703125,76923.07692307682,rectangular_hollow_section,True
187.02132626625095,199.32100921044287,16.70598497876066,14.807023086915317,4,11572.850837127402,11353565009639.55,12586444031250.973,0.12890625,76923.07692307682,rectangular_hollow_section,True
215.26122073033903,239.4970908768616,19.027805667637423,18.915930760684205,4,15500.06356736478,20372097201261.9,24193316087580.438,-0.21875,76923.07692307704,rectangular_hollow_section,True
235.07544090347739,117.0411500079543,2.0381126695495855,9.09547018697579,4,1385.769674381823,2041769793817.2402,709043048428.9025,0.00146484375,76923.07692307711,rectangular_hollow_section,True
229.51419488137802,63.46234752436145,11.008952846983508,14.437111463184324,4,5769.2637941831335,6125584647371.742,698886609849.6191,-0.0263671875,76923.07692307686,rectangular_hollow_section,True
187.97469252234842,261.55246252118235,18.039287218495307,9.274079740833677,4,14830.626836241589,15639041048735.02,26753037690997.016,-0.0546875,76923.07692307697,rectangular_hollow_section,True
167.7105679098351,57.883251413081055,16.339021501046375,13.233718322941765,4,6128.978733742845,3288463295324.382,482613141266.4656,-0.00439453125,76923.07692307729,rectangular_hollow_section,True
78.53097780362515,199.1977035511578,6.988402770364919,9.604427449603183,4,3601.0072377434967,753585851154.803,3345646489832.55,0.00341796875,76923.0769230767,rectangular_hollow_section,True
225.79408443413476,160.72057350054172,19.979461993347773,19.894803002643194,4,13452.191043467083,16993522537918.906,9716073426825.559,-0.125,76923.0769230767,rectangular_hollow_section,True
49.15412777733998,20.086390322075932,8.577408676926881,18.665053427822055,4,,,,,,rectangular_hollow_section,False
288.072428052155,103.26286013032879,8.021614336289542,19.873988217098212,4,5766.399688677959,10847117896141.383,2150937931463.357,0.0,76923.07692307685,rectangular_hollow_section,True
158.34892380556064,224.38136788776117,8.57333378384223,14.146571732007601,4,6099.476360529685,4924569020424.491,8460740137901.236,0.029296875,76923.07692307713,rectangular_hollow_section,True
223.70810003023084,62.46707561556622,7.600336471353777,17.93738939940013,4,3904.0995161741102,3991778688538.3613,504140654079.86365,-0.00146484375,76923.07692307686,rectangular_hollow_section,True
112.75363124095634,181.3475988234717,13.755231950956468,11.319600247865926,4,7205.90229932559,2670682670574.706,5837053370768.176,0.02734375,76923.0769230767,rectangular_hollow_section,True
225.96804289723977,269.2087840754714,2.1292610654699597,12.729758890812718,4,2040.9102583791066,3517651594542.1924,4570854617029.896,-0.0166015625,76923.0769230767,rectangular_hollow_section,True
201.49012661392496,177.6147522148788,7.136187297544946,14.386632121077533,4,5052.619931240182,6047790965218.307,4983579035033.412,-0.04296875,76923.07692307702,rectangular_hollow_section,True
217.57453300014282,252.066001299569,14.776670281731999,18.605451049627582,4,12674.543467515039,17891567379367.152,22565191152741.6,0.0859375,76923.07692307683,rectangular_hollow_section,True
98.43375528003408,37.71880863600564,18.12326132491776,16.314579850733057,4,3355.0810719049837,484095338568.05835,75607913429.09296,-0.00048828125,76923.07692307679,rectangular_hollow_section,True
142.00589674650212,53.44157568902911,6.533402706266726,18.265963891583112,4,2187.1402420762183,916291596393.7046,194150714566.32166,0.0010986328125,76923.07692307675,rectangular_hollow_section,True
266.82542651005076,295.8619350382633,15.792166206824055,15.552744434933295,4,16532.646758626342,35521970576451.96,41798038922614.09,0.2578125,76923.07692307727,rectangular_hollow_section,True
216.40518865196452,115.59661165880391,10.460186025129461,13.959533088686129,4,6325.316082952929,7332196552479.988,2695950231617.6484,-0.0283203125,76923.07692307683,rectangular_hollow_section,True
213.89202680360745,31.52647030878122,8.265272960433524,13.707826629521614,4,3625.359667440494,2872824616293.676,94729600577.73074,-0.00146484375,76923.0769230768,rectangular_hollow_section,True
207.01039369559152,61.03562008230242,11.563085709905074,15.082251418085084,4,5448.968477929206,4662395791572.168,585103348970.9808,0.005859375,76923.07692307685,rectangular_hollow_section,True
98.18379522737536,274.0170876671094,10.492201871251842,13.748803146295153,4,7191.644263454615,2305939933160.337,12181641024476.668,0.001953125,76923.07692307675,rectangular_hollow_section,True
100.18433548483837,90.18691854119662,16.276517709420553,13.715805515035491,4,4949.338739132172,1131761797792.374,943158061295.7532,0.00927734375,76923.0769230771,rectangular_hollow_section,True
40.983400523169145,186.20561925380133,6.755016811085959,13.41352365927915,4,2751.2233837923377,144303087053.96185,1824635855557.2266,0.001708984375,76923.07692307704,rectangular_hollow_section,True
221.42447047534642,106.20827040038391,15.595056057716707,9.45901386010701,4,9156.60588362184,10398967852102.281,3036491955719.706,0.0234375,76923.07692307718,rectangular_hollow_section,True
91.38959084582902,65.7349199828183,2.120085417740693,8.620692277619217,4,616.1972738421338,144480105176.60037,87958595224.6315,-0.0001220703125,76923.07692307694,rectangular_hollow_section,True
108.27547455659841,138.65892475748245,7.073218125666368,17.307521337093313,4,3098.310746934101,1094393804276.1523,1602618061366.1587,-0.00341796875,76923.07692307679,rectangular_hollow_section,True
41.841081970127476,146.9894570240707,12.685199403409236,12.979409197769273,4,3978.6704418521745,159517587413.27972,1554022228111.7847,0.000244140625,76923.0769230769,rectangular_hollow_section,True
66.3394735187839,197.67634292333926,18.93357760117005,16.46994123066282,4,8292.347489826805,853630670461.2302,6115338614316.367,0.0146484375,76923.07692307683,rectangular_hollow_section,True
295.2278679287402,202.51930897641168,5.589469063415269,14.054373612908158,4,5313.445427164607,13226511875263.996,7453632248168.654,0.00390625,76923.07692307753,rectangular_hollow_section,True
249.78002344140089,278.5346620809824,14.133830075316826,15.514717259740381,4,13896.359770310279,26305519942502.07,31210148017567.656,-0.234375,76923.07692307683,rectangular_hollow_section,True
21.6314890094397,199.41888424167848,10.515598653562657,12.51303382665827,4,,,,,,rectangular_hollow_section,False
67.14632117232509,243.02530348062106,2.9496181023270354,13.988105105428065,4,1721.1558008878178,301420576970.7085,2233674951772.9775,0.011962890625,76923.07692307702,rectangular_hollow_section,True
120.46257180159341,226.8109544015308,15.348830972522775,9.556245039445926,4,9626.817041701112,4182529877036.5723,11915964039781.996,-0.009765625,76923.07692307688,rectangular_hollow_section,True
24.74872639031393,179.07692515771322,17.110409164143583,19.204627405522675,4,,,,,,rectangular_hollow_section,False
91.77246343154768,276.06498256553294,9.847842132783308,18.345749885304258,4,6592.538116038312,1856617353447.1362,10967238450864.29,-0.0283203125,76923.07692307698,rectangular_hollow_section,True
283.20121424296775,220.5806859685129,14.074162123634817,15.165829803323518,4,13159.4774638286,29418536367826.58,19845905334564.535,0.0546875,76923.07692307721,rectangular_hollow_section,True
272.8669836308536,205.1169034961024,17.997113340559622,17.832472977482624,4,15591.07893630578,30882064407971.195,19535290241179.902,0.1015625,76923.07692307701,rectangular_hollow_section,True
276.3577032520054,166.475370385054,17.307377184116042,14.578979954336749,4,13917.830193593983,26743465214506.64,11742897716641.836,0.05078125,76923.07692307697,rectangular_hollow_section,True
39.76012990010428,186.07314005807422,18.14129563205518,8.048453482222927,4,6812.612195436012,190627142043.22186,3966923598380.2695,0.017578125,76923.0769230769,rectangular_hollow_section,True
118.61082329333155,59.295115268974115,14.380528565007518,18.796580772410948,4,3955.7545238882044,1074739786549.2764,324773534296.2936,-0.0009765625,76923.0769230771,rectangular_hollow_section,True
227.31573893798878,117.36673060462077,12.591604305572714,14.552891480183323,4,7838.076536091314,9781762759052.86,3358514686974.13,-0.01171875,76923.07692307679,rectangular_hollow_section,True
271.57991886042936,213.49805985894008,16.248880301252882,16.449705554047508,4,14437.291099759097,29108585529239.797,19848040687601.223,0.140625,76923.07692307692,rectangular_hollow_section,True
121.88593767662786,122.49524399942705,3.9191500342043284,14.047224549316534,4,1759.347460931427,792364507054.7292,798344704330.105,0.0009765625,76923.07692307654,rectangular_hollow_section,True
115.47126352980419,274.0114507626504,13.920326557090979,9.307624450335105,4,9981.719303853593,4217075464275.743,17491506792901.406,0.041015625,76923.0769230766,rectangular_hollow_section,True
144.55931605699232,98.18196978295092,11.720587699906543,18.004587623892185,4,4855.975833563799,2457844003117.99,1317153772085.5127,0.0009765625,76923.07692307682,rectangular_hollow_section,True
270.5203596182195,33.39266303356881,5.4015369778787905,10.022467164126148,4,3087.3916006618133,4138543113143.164,114258340589.26703,-0.00732421875,76923.0769230772,rectangular_hollow_section,True
151.6726573129309,230.25527734595826,7.564957485067808,10.35910299395235,4,5450.11908339062,4154295799828.2217,7948363056010.883,0.005859375,76923.07692307679,rectangular_hollow_section,True
280.73646290586424,275.73889985487517,17.683165907917942,10.102460024236285,4,18327.655202084934,42110294385724.734,40922527708587.164,-0.734375,76923.0769230771,rectangular_hollow_section,True
277.3981800783875,44.293369734003875,11.468380280388352,11.009676474174542,4,6731.25409138342,9444576748349.14,351136749891.432,-0.01220703125,76923.0769230769,rectangular_hollow_section,True
190.19304108355794,87.95532286912696,4.4415446845655255,8.850500942226558,4,2333.0150264831873,2126422748972.1924,641229166726.4266,0.004638671875,76923.0769230767,rectangular_hollow_section,True
285.31362561736006,263.170056921551,5.971021766747552,10.612736349829778,4,6316.318951975498,15967138015528.984,14119452763248.418,0.0,76923.07692307697,rectangular_hollow_section,True
54.616853377220814,70.55243049933986,9.397849959154582,15.566219617672118,4,1795.1075543729514,126670091757.65356,192887445170.77325,0.00128173828125,76923.07692307695,rectangular_hollow_section,True
160.2908008262048,148.47841565621474,19.016232003820065,17.669235463689315,4,9984.583912171101,6467701279508.809,5693322932065.557,0.0546875,76923.07692307698,rectangular_hollow_section,True
277.4878794799494,116.1444558735209,5.685895414045682,10.309016105822298,4,4262.084386035687,8131073809718.033,2090259168953.0356,0.0,76923.07692307686,rectangular_hollow_section,True
128.45768500591043,41.05341533639678,13.023515887365829,13.07670452051484,4,3565.815780425799,1054054744954.4731,131823623928.34033,-0.00048828125,76923.07692307688,rectangular_hollow_section,True
273.4588689288662,107.02351763617312,5.279635023066311,11.360429464840337,4,3814.0347870474106,6923735935691.945,1603441293530.4626,-0.01171875,76923.0769230772,rectangular_hollow_section,True
199.07516905053788,84.02270325067195,15.41134514667516,8.477907760721049,4,7703.924883727452,6688487774257.666,1522931834219.4531,-0.0009765625,76923.0769230771,rectangular_hollow_section,True
137.91180056822162,117.72539363513832,14.594707036438324,10.93888273952404,4,6490.218864523317,3144968106948.131,2416998852638.616,0.0126953125,76923.07692307697,rectangular_hollow_section,True
190.94314106808247,39.44000756643242,18.538046829024903,12.435368327565772,4,7012.432089626854,4168121832054.287,186376623506.5954,0.001953125,76923.07692307698,rectangular_hollow_section,True
136.16186559837848,239.1483632725614,6.925268900347621,17.30730630816211,4,4814.654963688655,3020265469209.715,7190091963545.371,-0.0087890625,76923.07692307673,rectangular_hollow_section,True
190.39284047990532,118.5575888104985,11.627347071801422,16.241833392439105,4,6401.263271026013,5810322978988.914,2723857385649.4756,-0.0556640625,76923.07692307702,rectangular_hollow_section,True
227.87652834053762,152.83331594225382,5.4107089918204805,17.454580052291846,4,3843.109733613711,5527555461856.98,3013924736255.164,0.017578125,76923.07692307666,rectangular_hollow_section,True
103.2991203591187,186.98664577989774,19.38440401855639,9.150268437927814,4,9667.285254245173,2730416473969.08,7614310024559.773,-0.021484375,76923.07692307691,rectangular_hollow_section,True
289.60850496498387,86.09165286590587,17.7346516916106,17.94522814855837,4,11745.76452587761,19733840138641.617,2433242657573.8086,-0.076171875,76923.07692307715,rectangular_hollow_section,True
76.95936905664966,54.617274165780046,4.676584275523428,18.63596699882921,4,990.7418595302645,137093062462.65924,82153896844.26462,0.000152587890625,76923.076923077,rectangular_hollow_section,True
92.23116445672719,60.94808825076326,17.6149922962974,19.664096066046433,4,3772.873050560042,584868107370.4407,279652443271.0582,-0.00048828125,76923.07692307697,rectangular_hollow_section,True
267.60701461368967,273.2770159653881,17.96349923907782,8.457198315821675,4,18070.06632047077,37844587179085.07,39134456427654.79,-0.0234375,76923.07692307733,rectangular_hollow_section,True
90.2399300178589,83.98394195237941,6.7166767483930325,10.98968836817485,4,2057.4412514585806,457276791736.7715,408218926241.0679,0.001220703125,76923.07692307708,rectangular_hollow_section,True
142.32883867819555,189.52799480027102,6.922255880042921,12.0408825088542,4,4283.942814855512,2782618734156.099,4332618092833.9795,-0.0009765625,76923.0769230769,rectangular_hollow_section,True
155.95301710939384,49.130781389690995,5.649636135534725,15.632965109645347,4,2044.9013830565223,1025467034456.3398,161627395498.96832,-0.0003662109375,76923.07692307694,rectangular_hollow_section,True
179.49235915658755,290.45501064951134,9.44821749365698,8.07122048762124,4,8458.110065610583,9147301780343.588,19436072440050.344,-0.01953125,76923.07692307715,rectangular_hollow_section,True
161.6284388684366,235.421667861266,17.31464694252483,8.904511888415309,4,12471.086506085276,9614190222681.674,17801395276192.89,0.10546875,76923.07692307662,rectangular_hollow_section,True
198.43800234914823,38.397707332756916,6.002314400873902,8.25467854617338,4,2635.947095404437,2030152255947.9287,126204878440.00806,-0.0010986328125,76923.0769230769,rectangular_hollow_section,True
127.49915270557948,116.36802263155937,6.989319718377573,17.47198215493226,4,3018.14500533145,1371112442976.2344,1191397477802.693,0.0009765625,76923.07692307698,rectangular_hollow_section,True
111.48448950983858,59.81070190994576,3.1717384342813357,11.825942365723728,4,981.4097185350473,305367809745.6843,118246461936.93417,-0.00054931640625,76923.07692307692,rectangular_hollow_section,True
112.42354672730029,264.2097528263671,14.774258695533497,11.913012522098047,4,10113.920854554295,3950029867929.5957,16236059531698.82,0.0859375,76923.07692307721,rectangular_hollow_section,True
83.76391214904932,214.37839405338684,8.914350572975067,12.834034101751566,4,4848.278979336792,1114332166702.9424,5082610701257.752,0.00537109375,76923.0769230769,rectangular_hollow_section,True
229.0237982593086,220.26709033683792,6.73894321343573,8.647935448989712,4,5802.695610417127,9405478093733.732,8858732947690.021,-0.0546875,76923.07692307688,rectangular_hollow_section,True
189.8662804713269,223.02177701456137,13.59111859451804,8.389256726742628,4,10413.967464073548,11266341336440.348,14568332775132.86,0.03125,76923.07692307713,rectangular_hollow_section,True
78.66257672522299,183.68198289087556,6.580525318945812,8.683109290026067,4,3208.541252202697,671406832433.8044,2596842330159.4854,-0.00537109375,76923.07692307698,rectangular_hollow_section,True
67.5479802257725,235.83491542187514,19.518470790680713,18.13930813897433,4,9990.22306639435,1077741348003.812,10296383752630.227,-0.017578125,76923.07692307662,rectangular_hollow_section,True
234.77685126757805,279.44563471760233,10.70556101515643,13.581652953590176,4,10375.45485944874,18036214808796.52,23633142148607.945,0.00390625,76923.07692307702,rectangular_hollow_section,True
138.83433686206286,186.47370111198802,10.234052214017357,12.156418157653768,4,6095.41258205251,3600321939870.543,5742746735497.367,0.00390625,76923.07692307691,rectangular_hollow_section,True
51.38379636576532,87.14785901401174,18.71338997858869,10.386832590532283,4,3676.1436337757336,183123856798.54517,501780156315.9575,0.00146484375,76923.07692307672,rectangular_hollow_section,True
21.50875006157797,207.638962416169,11.862860428462833,17.9135186311386,4,,,,,,rectangular_hollow_section,False
292.89599513287294,63.16283102978848,4.852769038600872,9.546363040955399,4,3292.4418030264696,5925335788030.068,496313711371.60474,0.00732421875,76923.07692307708,rectangular_hollow_section,True
196.14299725605846,224.4089664574431,13.513726656855493,13.856069482545793,4,10444.091869736134,11967513152410.945,14814384514916.898,-0.0234375,76923.07692307637,rectangular_hollow_section,True
272.59962702970506,21.430866943173417,17.646229301068608,10.164045426036111,4,2449.2834497217464,3777920169261.922,32687005361.07995,0.0009765625,76923.07692307692,rectangular_hollow_section,True
76.04979918964987,69.95171181371505,11.387025012352463,18.153295771828976,4,2522.628633356404,324259097113.2643,282559870945.4553,-0.0006103515625,76923.07692307701,rectangular_hollow_section,True
276.82347698711743,44.06063179177089,19.21661796935934,10.645530401031866,4,10742.173719443803,13889046855095.984,385258944188.70593,0.0107421875,76923.0769230769,rectangular_hollow_section,True
50.80367464081372,249.86002475936556,18.97056745944691,19.862830539601674,4,9574.256361581569,503788806573.60034,10030200420859.262,-0.021484375,76923.0769230768,rectangular_hollow_section,True
167.3753428296961,80.2388487026192,7.936891619080217,9.313767473099311,4,3593.7465313585294,2427316955653.4453,743254131673.1748,0.0048828125,76923.07692307724,rectangular_hollow_section,True
193.80463609363903,274.14551578702424,6.7692905689134015,8.883956891219686,4,6077.635044078485,7681989055002.9375,13102399034469.473,0.041015625,76923.07692307724,rectangular_hollow_section,True
153.81019547118171,79.4266839938423,18.987090737673192,19.8198741743914,4,7022.807244789465,3334117545885.801,1050076560650.2759,0.01708984375,76923.076923077,rectangular_hollow_section,True
25.528119170733923,101.30168160887428,9.594852375400318,10.058439585204804,4,1964.6243683524785,25496515604.583534,336791828966.8887,0.00054931640625,76923.07692307698,rectangular_hollow_section,True
227.85162959178842,292.65547493461054,15.748994058580053,17.092019211881443,4,15112.469933664377,24046031420515.547,35719973990535.86,-0.3125,76923.07692307686,rectangular_hollow_section,True
138.10850434303057,176.43026311817258,18.3244006801395,16.750981822137717,4,9903.738775642092,5075318772570.158,7624914574830.936,0.046875,76923.07692307679,rectangular_hollow_section,True
277.656953813709,79.63625898452933,18.863642465074463,17.823085567109217,4,11738.692435514035,17613696603584.83,1961982956450.3354,-0.021484375,76923.07692307704,rectangular_hollow_section,True
59.54439756967141,270.9802162118257,12.358154506715623,12.55666132088863,4,7400.822220948799,757361771389.9463,10524718978549.7,0.0185546875,76923.07692307714,rectangular_hollow_section,True
204.5444545765342,292.7927627446728,19.868986462558674,8.930722077785308,4,18104.308587535383,22721945058901.78,40726436972448.95,-0.390625,76923.07692307694,rectangular_hollow_section,True
55.62478255177459,271.4466190914106,12.57588602466942,10.555697196150518,4,7482.390957468495,648179068765.01,10559362317275.445,0.01953125,76923.07692307669,rectangular_hollow_section,True
61.08384146058714,284.0815973378133,13.215051430503365,14.04878845348119,4,8227.534374675459,871088226795.9058,12705077997299.36,-0.0009765625,76923.07692307691,rectangular_hollow_section,True
270.4775251239414,75.86065207710983,13.966562089781108,9.45297829170115,4,8804.689086865903,13305033053216.133,1500232277474.8604,0.052734375,76923.07692307695,rectangular_hollow_section,True
64.27961105785207,72.71879916801856,10.335365165164989,9.923652856854618,4,2306.0992150503207,232471688788.0536,286713977198.47327,6.103515625e-05,76923.07692307682,rectangular_hollow_section,True
81.0131696857051,277.01380583586115,15.66694124820543,18.82056512650697,4,9892.294661123728,1861399947140.4985,15181687259489.969,0.060546875,76923.07692307694,rectangular_hollow_section,True
270.6732560040745,150.19628897816165,12.677758460562545,11.017149026261297,4,9907.085058379314,18496184321177.14,7202680453001.65,-0.12109375,76923.07692307727,rectangular_hollow_section,True
132.10915014109295,27.161152672134335,2.3197255269277894,14.070324058127316,4,,,,,,rectangular_hollow_section,False
203.72235821107836,130.28987408167583,6.779320503105189,16.31951905482662,4,4169.603889630419,4627010106779.156,2325737410345.607,-0.013671875,76923.07692307705,rectangular_hollow_section,True
26.723681189119763,43.508634572673714,11.456274925728954,12.30932379545282,4,933.4247354527251,10361263714.06511,25280912223.115234,-4.57763671875e-05,76923.07692307702,rectangular_hollow_section,True
246.8309376761204,194.0722709132253,3.516006885756021,17.694758000925212,4,2938.9207394959635,5312489918455.9375,3705854390474.251,0.0234375,76923.07692307649,rectangular_hollow_section,True
27.061316457724033,212.0267215940175,5.893743303755018,17.06320764442078,4,,,,,,rectangular_hollow_section,False
133.15196588611906,295.35907595319475,15.218382604836759,18.253451968080423,4,11792.116431075829,6582622465904.512,24014221842541.664,-0.0625,76923.0769230771,rectangular_hollow_section,True
188.30136399810596,272.158933700553,10.079732176418911,17.0113563568397,4,8634.89012303912,9915646475751.398,17560352315442.434,-0.03125,76923.07692307678,rectangular_hollow_section,True
102.72859590238359,76.7591482150614,14.487290921388421,15.255450323626873,4,4128.9172430330955,961429918063.2722,583885777634.6411,0.000732421875,76923.07692307675,rectangular_hollow_section,True
244.93072428035,241.88928671342197,11.514457360877294,15.905963463983616,4,10446.891256893132,18715304807629.87,18355203915119.96,0.08203125,76923.0769230767,rectangular_hollow_section,True
259.0424559267435,197.91302042954968,14.74123706541231,15.330962370443372,4,12368.271098469924,22634597548373.79,14761506541836.992,-0.05078125,76923.07692307686,rectangular_hollow_section,True
185.1300723188361,232.00103545764915,15.22785150080502,16.59427395566371,4,11502.968468060477,11673934035742.95,16737521968705.523,0.0625,76923.07692307682,rectangular_hollow_section,True
276.80603793342317,225.14745763692605,5.426839184039674,8.593968122535212,4,5266.413880158216,12163017969922.816,8876088802801.33,-0.0234375,76923.07692307685,rectangular_hollow_section,True
211.17602060175756,57.3566469405118,10.262751984666988,15.544644938459967,4,4876.734427252106,4296800070090.801,476547092516.83167,0.00927734375,76923.0769230767,rectangular_hollow_section,True
221.46920494850306,111.52226213323969,11.870076158705494,14.033307916618512,4,7149.419157420565,8435700085030.631,2784110231638.131,-0.0078125,76923.07692307702,rectangular_hollow_section,True
173.1556477353911,231.80584535335208,10.414349315949792,18.941796475139892,4,7714.911911718345,7226132671042.416,11371045790843.883,0.013671875,76923.07692307692,rectangular_hollow_section,True
180.16477010780298,213.96094077100508,14.822900021154528,15.334432836329622,4,10570.415391506738,10027665727633.578,13202455205133.582,0.00390625,76923.07692307669,rectangular_hollow_section,True
292.5566828059984,191.61749107685057,11.6011492111068,14.038315892319812,4,10504.472487024588,24331028072608.242,12532565163029.535,-0.05859375,76923.07692307686,rectangular_hollow_section,True
237.11649381668067,208.4493675521169,13.535613047534532,14.30652721236611,4,11125.08047884029,17761481136225.355,14490434523405.691,0.09375,76923.07692307692,rectangular_hollow_section,True
60.50709413897901,45.44848000473948,8.954570917518648,11.294972041158681,4,1454.7371282941772,113350504198.11044,69711682299.16898,-0.00018310546875,76923.07692307692,rectangular_hollow_section,True
142.64105702129936,261.14890276690045,4.700636657362342,15.69700317131591,4,3582.280001721064,2581270754643.3574,6485033637453.898,-0.013671875,76923.07692307723,rectangular_hollow_section,True
217.24059083751249,279.75959606611974,17.279614511901478,9.700066289185152,4,15887.511687341019,22676109203207.805,34035085416766.258,0.1484375,76923.076923077,rectangular_hollow_section,True
199.9370906780999,21.781868947928068,18.610685566304277,19.119120669534738,4,,,,,,rectangular_hollow_section,False
33.54751708352346,100.35619994449571,16.23908407881911,8.221223378613669,4,3226.5275178519023,60159338644.973236,528137774641.2754,-0.00128173828125,76923.07692307692,rectangular_hollow_section,True
120.12265540843279,165.44411432679325,15.462411645952834,15.935219031499827,4,7621.049537708627,3027574350986.62,5131508210051.0625,-0.0185546875,76923.07692307688,rectangular_hollow_section,True
61.098482535082624,75.95476274871146,3.490700744102705,11.912916018392073,4,837.0999059133808,93582868208.85101,130133800594.76248,0.00030517578125,76923.07692307692,rectangular_hollow_section,True
185.29584345094003,228.14720949233717,18.867574939159265,12.790054966468986,4,14013.80852657945,13732327030761.625,19292496119929.93,-0.0390625,76923.07692307727,rectangular_hollow_section,True
171.29195869502846,27.46991883004725,6.429819268172615,16.907977990987618,4,,,,,,rectangular_hollow_section,False
205.52165800930507,90.93884895492282,18.958087114520225,18.100556589212886,4,9475.381817078996,8361934199275.469,2048236933522.895,0.017578125,76923.07692307675,rectangular_hollow_section,True
239.47366894556652,209.11507534574181,14.590058020003156,12.481134396097314,4,12082.613724739525,19549768705159.473,15757798758447.895,0.078125,76923.07692307679,rectangular_hollow_section,True
154.0524287767915,164.50568611483246,10.60337935453945,9.679854861921816,4,6212.158872232649,4320015585138.9473,4795517347074.867,0.0029296875,76923.07692307665,rectangular_hollow_section,True
137.53006260320012,69.0770429410992,4.816312086710486,14.095948754202533,4,1784.7970361995967,817766232907.2954,282024873210.18274,-0.0032958984375,76923.07692307682,rectangular_hollow_section,True
199.61737453638378,217.42109998889688,11.906147798376454,11.392946060919847,4,9233.818789080766,11045384092775.766,12638207199892.02,-0.01953125,76923.07692307682,rectangular_hollow_section,True
207.47850270933367,239.98113786027096,8.166888521837588,13.918430623532569,4,6881.271258120278,9359488626040.2,11708308406662.504,-0.07421875,76923.07692307702,rectangular_hollow_section,True
20.455988417394515,228.60768543056102,6.936306343617272,17.32990605423936,4,,,,,,rectangular_hollow_section,False
104.3333942305635,194.34341907780353,17.9549071587254,17.239993245851977,4,9138.696775400622,2695232621935.246,7714108515287.777,0.013671875,76923.07692307679,rectangular_hollow_section,True
49.86628245386232,64.78142056747713,3.7614767801247204,15.832375542865275,4,700.9369969591385,48478293677.47635,71514085660.95941,-9.1552734375e-05,76923.076923077,rectangular_hollow_section,True
94.73303771742592,94.75362220210681,6.921767097310129,16.59502791920669,4,2249.6986403119663,552074273660.1422,552260064858.9288,-0.00244140625,76923.07692307688,rectangular_hollow_section,True
155.7851636176006,223.73140756475982,14.097431556801585,19.650525780326696,4,9550.161159848185,6938856167467.473,12349754032153.703,-0.015625,76923.07692307685,rectangular_hollow_section,True
201.4540746031679,81.72523959654504,7.0274420733963785,14.822947837210773,4,3623.5628129942334,3401205355284.003,815879169897.1746,0.001953125,76923.07692307697,rectangular_hollow_section,True
266.4472990998563,116.73925411438319,16.36148161242741,8.435456735937024,4,11397.050236529127,18681292326501.914,4709638980206.845,-0.0234375,76923.07692307678,rectangular_hollow_section,True
163.89842186354954,274.0793824755565,2.3969877549102465,13.783978085148686,4,2016.3381635870032,1953475487914.483,4231774883297.242,0.0029296875,76923.07692307683,rectangular_hollow_section,True
23.589960078366758,103.23244585559473,5.63012684602634,11.951204993769386,4,,,,,,rectangular_hollow_section,False
296.19633940642325,105.83543915273285,12.077796346083296,19.479366053704062,4,8803.160766154835,17066772683345.508,3220860825884.499,-0.037109375,76923.07692307676,rectangular_hollow_section,True
259.7811927927163,234.47633383048526,3.477132272933396,13.848650646646888,4,3304.619067192677,6945383444300.977,5954202457754.799,-0.00390625,76923.07692307787,rectangular_hollow_section,True
100.62811878244298,221.340208647655,8.165024146465488,11.290236594453907,4,4873.385368964316,1657683064204.8174,5803904154531.883,-0.0234375,76923.07692307685,rectangular_hollow_section,True
20.578651545949185,185.20576618834022,2.9198007247552544,17.478062529657304,4,,,,,,rectangular_hollow_section,False
140.47181946595305,240.92000274709196,2.138818394694983,17.57693249463904,4,1542.5443244108824,1094423061504.0686,2449120457229.3145,-0.00439453125,76923.07692307708,rectangular_hollow_section,True
158.76467772009855,172.83956776622998,10.621567392595743,18.70786462051492,4,6308.446910904873,4622156309376.205,5278561139017.818,-0.005859375,76923.0769230772,rectangular_hollow_section,True
93.50276196922749,205.65205895091054,10.491317000220452,16.145403231428602,4,5608.0798328427845,1539665417732.2583,5484753870233.145,-0.0166015625,76923.07692307691,rectangular_hollow_section,True
233.9175869635284,212.28726558439823,12.41398910620144,13.059410956235014,4,10291.804210053142,16285188547061.375,13980409572385.32,0.05078125,76923.07692307685,rectangular_hollow_section,True
297.0290125684406,281.354681481627,13.61656668530776,17.2330639915001,4,14725.65728450386,38518790767174.97,35400736905726.98,0.015625,76923.07692307686,rectangular_hollow_section,True
197.73730950625975,295.0930994670754,6.112919804094798,16.071887412467888,4,5716.669850846853,7622568987073.719,14024684655697.605,-0.08203125,76923.07692307724,rectangular_hollow_section,True
118.1505412086242,100.91880393762519,14.831226000286893,12.274293955690464,4,5467.614584400752,1856306738382.0508,1422280626730.4854,-0.00146484375,76923.07692307678,rectangular_hollow_section,True
64.18313632272293,114.94020396169756,16.35462586845933,14.394564392153448,4,4581.891796091841,429538216901.2484,1211652942588.02,0.001220703125,76923.0769230768,rectangular_hollow_section,True
53.09984500192675,261.7772869154968,2.108741704751515,12.391681923816575,4,1262.3869922323058,144884786487.19962,1790983488118.538,-0.0001220703125,76923.07692307654,rectangular_hollow_section,True
81.21005033874098,198.06236612315374,6.765414295968923,18.56697434261003,4,3390.2481585131286,750642623401.2522,3034405108046.9473,-0.01220703125,76923.07692307694,rectangular_hollow_section,True
248.11766885377003,54.90182972247154,14.611709466523212,14.646999577982422,4,7786.724186393506,8864859924383.598,597682265554.1597,-0.0048828125,76923.07692307692,rectangular_hollow_section,True
287.3853542013984,212.49726105922053,2.65065255894275,10.254355617275628,4,2574.5909217439767,6354580583313.164,4033814518318.0137,-0.0263671875,76923.07692307768,rectangular_hollow_section,True
148.05769854602147,86.47786834424811,11.692281306732745,16.987272765265992,4,4677.1433789514585,2378396557470.201,990158889443.6719,-0.0068359375,76923.07692307675,rectangular_hollow_section,True
295.0177026396678,48.467754086096626,8.53469733524312,17.91714205683761,4,5338.730879476284,8517467868584.297,393408201869.9971,-0.01171875,76923.07692307691,rectangular_hollow_section,True
114.12333243441464,258.2356878331149,17.14400882922439,9.811427671285472,4,11495.520394320762,4440312394306.249,17500742156070.14,-0.01953125,76923.07692307701,rectangular_hollow_section,True
203.4138013641548,85.92600959839432,3.378737059296741,10.815446238002037,4,1847.8735936761761,1891690047497.311,502105722736.8137,-0.009765625,76923.07692307638,rectangular_hollow_section,True
59.600491626111776,142.31730083926647,8.719175113279075,16.92318519958243,4,2997.928707557452,312634542498.80347,1285968785763.6611,-0.00341796875,76923.0769230768,rectangular_hollow_section,True
30.238756554898274,170.42195075036614,12.790418909780222,18.12313736392503,4,,,,,,rectangular_hollow_section,False
233.63808942764317,75.8180810742453,2.3654995901797804,9.601533113210046,4,1401.8252787793383,1796369931651.8877,315182635448.1396,0.002685546875,76923.07692307686,rectangular_hollow_section,True
120.65956352961089,116.60252454035435,12.686015319073594,14.991142673612028,4,5156.660282538947,1955855000641.461,1849729310539.746,-0.0048828125,76923.07692307704,rectangular_hollow_section,True
212.403856955518,99.17626696852898,16.963531826904067,12.753157548400154,4,9257.310022008698,9311070202320.781,2556463306903.7803,0.0078125,76923.07692307688,rectangular_hollow_section,True
263.02765280117757,33.63021296418684,13.176750739427284,19.31884204940316,4,,,,,,rectangular_hollow_section,False
33.52380422008183,122.74792136546823,9.754254357693977,19.59330081660491,4,,,,,,rectangular_hollow_section,False
99.63900960808283,24.790493453340968,6.987307834483393,9.958550421371442,4,1453.2201560836493,253893627161.97034,21474896827.48439,0.0001220703125,76923.07692307691,rectangular_hollow_section,True
297.2217830339503,59.063576940101974,15.27962408032858,9.52004288732986,4,9863.313866735092,16450680078888.75,904253806859.1848,0.0185546875,76923.07692307695,rectangular_hollow_section,True
126.57442153296586,172.29270480132428,15.784117426268143,8.668197572280844,4,8363.01653296646,3755518499672.532,6270436225328.25,-0.04296875,76923.07692307694,rectangular_hollow_section,True
94.2942514695434,237.35802336321947,2.511637104144539,14.258948191685525,4,1575.4287487704262,532302627823.3738,2170679626338.541,0.006103515625,76923.07692307673,rectangular_hollow_section,True
291.1302999934738,199.8446081971949,9.693569880714373,13.243455892863338,4,8979.950543030845,21168991689055.46,11803532665908.387,0.0078125,76923.07692307656,rectangular_hollow_section,True
101.67772422853147,25.73393363021755,19.038126587266625,13.760896880556597,4,,,,,,rectangular_hollow_section,False
143.33895216860125,118.53452528201859,6.941626887202657,8.747081625182243,4,3369.6594387217633,1962772201460.8047,1457629057024.938,0.00146484375,76923.07692307713,rectangular_hollow_section,True
218.2204093412954,238.6987669293597,13.492890032747347,15.560456207227539,4,11364.235105312424,16134307846584.488,18581686874140.17,-0.1015625,76923.07692307682,rectangular_hollow_section,True
21.38461900007082,139.5565585184334,5.06381709840953,17.706859093351802,4,,,,,,rectangular_hollow_section,False
188.03574915692946,39.976338440826225,13.03642256157549,18.813751047203638,4,4944.550889291324,2920187787129.1094,175257379347.03137,-0.001953125,76923.07692307707,rectangular_hollow_section,True
95.89718293309706,120.97054634023704,6.247185865212318,17.000016845542948,4,2380.1395022788383,652968813205.5995,932592019299.293,-0.000244140625,76923.07692307711,rectangular_hollow_section,True
185.2620392461072,260.83533806572416,10.589627358312693,13.503867151053242,4,8825.58751769069,9716998142249.215,16586225802770.46,-0.0078125,76923.07692307682,rectangular_hollow_section,True
156.42305351727046,168.73523429784217,18.805215666613964,8.541080780054687,4,10741.848850337432,7013579055106.785,7961426554216.475,0.009765625,76923.07692307683,rectangular_hollow_section,True
278.94221313154617,117.58747254008256,5.097877351594272,16.323931217551234,4,3798.5195486788803,7252078618571.783,1915940851578.3818,-0.021484375,76923.07692307739,rectangular_hollow_section,True
60.80658046986605,259.5031983737093,7.130388720906049,10.237047230527795,4,4269.350886374692,544775628132.04553,5957152549879.611,-0.0029296875,76923.07692307692,rectangular_hollow_section,True
108.150493132937,158.17031467056333,7.652316975338082,14.13603764713047,4,3683.9217299054803,1343105159963.0513,2432444627017.586,0.0087890625,76923.07692307694,rectangular_hollow_section,True
259.09238892456904,57.460296868582006,17.808070438441614,16.474245665310452,4,9734.474790961844,11737134992477.027,746598858920.9656,0.0283203125,76923.07692307669,rectangular_hollow_section,True
163.3796317840982,282.75707357179914,9.721244900261746,14.417430450787046,4,8110.18979179962,7232718016330.941,17045804136827.79,-0.06640625,76923.076923077,rectangular_hollow_section,True
45.282919951949424,255.10579801117106,19.611660610071112,18.549045205612114,4,9899.707169995829,370340349082.58484,10471079386591.742,0.0068359375,76923.07692307683,rectangular_hollow_section,True
65.55107019241765,164.02472826627047,14.430012405516749,10.406397389126148,4,5684.36910081673,638831056203.2793,3174238164958.326,0.0029296875,76923.07692307713,rectangular_hollow_section,True
270.1643651617455,261.60285062087996,4.319475690713237,13.257760458793815,4,4423.404364624306,10215015253389.898,9730734394078.496,-0.005859375,76923.07692307686,rectangular_hollow_section,True
57.62878515068663,175.1412347523832,10.119411421512162,9.267514902411522,4,4215.494413447823,411542602726.27673,2718754470181.965,-0.002685546875,76923.0769230768,rectangular_hollow_section,True
233.52825718837423,211.60285322364365,14.361994413799248,19.508624054857698,4,11606.774892271791,17829125639641.36,15263944442278.477,0.046875,76923.07692307679,rectangular_hollow_section,True
278.28520193054055,119.90108868888524,12.947400041970186,14.010017663974345,4,9445.262281634241,17157090013308.516,4374940873111.5254,-0.076171875,76923.07692307675,rectangular_hollow_section,True
274.6322992364252,230.1855447472053,6.043008122251467,10.993643752797595,4,5858.813464421293,13326576187858.93,10181055700567.34,0.0546875,76923.0769230767,rectangular_hollow_section,True
202.84164732505587,91.12761699949782,9.09105251507442,11.427547569992296,4,4889.261461934525,4775297272428.381,1317208204189.12,0.0126953125,76923.07692307702,rectangular_hollow_section,True
68.52237498184985,174.45505695419828,11.045773889100943,17.651314954412577,4,4611.7753165491085,628584675944.2141,2945679128995.198,-0.001953125,76923.07692307695,rectangular_hollow_section,True
31.123151186538024,115.85775951864285,13.754124820974042,10.793260863824948,4,3169.989305840696,54127138333.50488,693782567183.5881,0.0006103515625,76923.07692307673,rectangular_hollow_section,True
132.23588689000908,232.62529463126793,15.041979360647522,16.082025641936532,4,9813.874299063884,5166603087828.56,12946139966967.125,0.017578125,76923.07692307662,rectangular_hollow_section,True
201.8768013692832,50.52853198316314,18.101752816455242,19.067243555933945,4,7464.636483236381,5168873933862.598,393858982892.05945,0.00732421875,76923.07692307691,rectangular_hollow_section,True
43.24296740778489,133.89794920266888,9.447224148352149,16.291303847092234,4,2771.4145595746004,136673475095.26404,930999099224.3921,0.000244140625,76923.07692307697,rectangular_hollow_section,True
244.9692206801375,283.14354892872615,5.889731881293282,14.524525477999878,4,5945.727285729374,11621652636553.258,14477444613558.242,0.03515625,76923.07692307711,rectangular_hollow_section,True
207.51792923218122,234.40138648660917,15.486225912299606,14.144922309240503,4,12527.953117298452,15852555142338.348,19254437935458.24,0.0234375,76923.07692307707,rectangular_hollow_section,True
273.3375013305536,208.33157928034154,3.4250307007842995,10.543307336140652,4,3192.047968889825,7134617559825.516,4734684217687.633,0.05078125,76923.07692307713,rectangular_hollow_section,True
60.670037463720675,84.64452783396813,19.98587168862592,19.508829317410317,4,3830.1418231034295,257342212542.02747,473761980929.89233,-0.0042724609375,76923.07692307698,rectangular_hollow_section,True
129.6644534004978,107.70496658840246,9.025816146625079,15.196166317703664,4,3766.1938093293743,1685187654436.1982,1257286718258.629,0.005859375,76923.07692307683,rectangular_hollow_section,True
142.84628218336738,37.54462485075962,3.0574529085790125,14.534894469971968,4,986.149841174643,403212069160.26965,49597073737.399124,0.000640869140625,76923.07692307686,rectangular_hollow_section,True
215.42727345332736,47.45190083105228,17.89205985543532,8.319779310660326,4,8057.177890826923,6624825910409.168,372312401727.9951,-0.013671875,76923.07692307685,rectangular_hollow_section,True
241.3319191664947,239.07316228535478,11.359677437515009,18.073991430254438,4,10116.737289506942,17551452540188.152,17297380719829.898,0.01953125,76923.07692307679,rectangular_hollow_section,True
290.3110774257066,46.7737678074995,17.665143270463474,15.602844170584916,4,10417.626277417683,14938918964608.281,469559047743.92065,-0.03125,76923.07692307701,rectangular_hollow_section,True
117.49793645856525,288.36453882573693,8.580194068539686,10.143007952756777,4,6569.84046204616,3166129728410.585,13195008436102.285,0.0859375,76923.07692307711,rectangular_hollow_section,True
77.78100357513262,247.62829391571574,19.65764040761345,18.297588714090757,4,10913.064852408266,1664119325897.2583,12934380394066.078,0.015625,76923.07692307715,rectangular_hollow_section,True
122.5901226966014,267.6869207107372,18.018754235126742,18.70055612624001,4,12416.664295181867,5490053818001.297,20090361614615.445,-0.02734375,76923.07692307695,rectangular_hollow_section,True
175.30944987144366,70.30409268152576,18.659173173689528,18.97382091519717,4,7413.325397574903,4371209892677.916,864515259499.5596,-0.0048828125,76923.07692307714,rectangular_hollow_section,True
296.4835830002527,142.92502307201508,3.6858837564670566,18.00042847176966,4,3065.765896121492,6959573703885.197,2302462327809.9033,0.0869140625,76923.07692307785,rectangular_hollow_section,True
35.33330935930529,150.9154053514935,5.377104583276129,14.023621552920773,4,1765.4049144502694,69533053756.37408,760816345124.4131,0.0,76923.07692307713,rectangular_hollow_section,True
151.70243477150248,91.68610797942472,8.174734237249133,15.133215700716343,4,3531.3744341947227,2024591244093.108,914858050209.7732,-0.00048828125,76923.07692307705,rectangular_hollow_section,True
46.87436022515102,86.39230520167628,17.36535190942404,17.510552590982304,4,3115.6249293084857,123379808617.31775,382080718444.5366,-0.000732421875,76923.07692307708,rectangular_hollow_section,True
135.13425393562565,273.3218331036566,4.365555605014904,18.879988045090883,4,3344.2580178664953,2201703848083.5874,6417878380346.391,0.0029296875,76923.07692307723,rectangular_hollow_section,True
144.14215246161166,185.9739126605124,13.899925859856152,8.451678929826342,4,8332.915028319027,5061200034370.03,7660765240965.918,-0.0234375,76923.07692307672,rectangular_hollow_section,True
175.87824016907155,189.17283564581302,9.732491969061032,8.242464846788693,4,6658.889500869173,6229190855547.6,6986152204461.496,0.033203125,76923.07692307691,rectangular_hollow_section,True
294.318174660332,260.378516589025,7.489361107898166,11.97700978486854,4,7960.975760288399,20968829160475.977,17384992266545.5,0.07421875,76923.07692307686,rectangular_hollow_section,True
140.96468659786896,200.87076542759513,14.825062557155881,18.607270159942935,4,8924.40859331355,5148033002463.643,9111955444705.504,0.0,76923.0769230769,rectangular_hollow_section,True
166.96881164833079,109.56657273463759,7.861644497790989,16.381507003422108,4,3905.0582347308864,2827813666661.343,1467226339672.397,-0.0009765625,76923.0769230769,rectangular_hollow_section,True
29.71870002634565,140.37736988057853,10.488638629500693,17.904747916068224,4,,,,,,rectangular_hollow_section,False
189.79374883889065,146.3031100094763,17.16761751307018,13.596236165930316,4,10176.19863792618,9349003462850.77,6088227006878.52,-0.02734375,76923.07692307695,rectangular_hollow_section,True
213.85379673312337,120.88615286522293,14.013290832836365,13.830399480321244,4,8404.847304533085,9363199874319.656,3691599143030.3613,0.01171875,76923.07692307714,rectangular_hollow_section,True
219.3087444662532,65.0026858236251,7.869208713609825,17.585465137477364,4,4012.0712409115417,3999947691058.1113,557611332691.1686,-0.001953125,76923.07692307704,rectangular_hollow_section,True
280.42803200000156,101.1329674164592,3.806629999047061,8.303309489656625,4,2798.2365438518614,5333144526016.867,1091369732128.3569,0.00830078125,76923.07692307675,rectangular_hollow_section,True
211.52420490963985,80.96199922768801,8.590274415136726,18.47292222480298,4,4486.320126459703,4442402865170.072,958162245869.344,0.0009765625,76923.07692307702,rectangular_hollow_section,True
298.35997255805614,90.36355855999724,3.1271896891479605,14.160619871272498,4,2313.320601920622,4709755810873.842,740047872896.4198,-0.0185546875,76923.07692307724,rectangular_hollow_section,True
165.0104570143897,20.736842315049895,8.152132660905881,10.209691724886557,4,2662.639927577735,1180949374124.5967,22918585263.31199,-0.000244140625,76923.07692307688,rectangular_hollow_section,True
35.36583190989266,172.6839978835978,6.671581396516817,14.718073020691712,4,2446.12710869166,91011758114.07745,1331436531749.832,-0.0006103515625,76923.07692307698,rectangular_hollow_section,True
80.38194621643697,139.09423276437494,3.4615007067201864,13.5795074009418,4,1389.476986942196,304471553608.7304,699243524679.8367,0.0030517578125,76923.07692307691,rectangular_hollow_section,True
147.3130527937903,292.5179382516322,8.221879271378974,14.85545632857892,4,6785.397183203866,5091535864386.313,14824199201563.848,0.06640625,76923.07692307705,rectangular_hollow_section,True
267.8023374010056,98.06898655102957,12.461580019037472,8.677809795070495,4,8422.201271076061,13664084477450.05,2592373170599.064,-0.01953125,76923.07692307707,rectangular_hollow_section,True
262.4921297896226,238.648843926644,11.646177220247658,12.124091256032372,4,10983.454222113793,22330919009483.055,19246363314220.375,-0.02734375,76923.07692307734,rectangular_hollow_section,True
110.70599083244973,287.56079840026825,4.915073495608603,16.996668572679745,4,3675.467487045783,1664917016246.955,7269411665558.104,0.0068359375,76923.07692307688,rectangular_hollow_section,True
68.1458764998091,140.142189055342,3.516678615635591,9.926675353731927,4,1358.0454327211721,219903886207.4242,668343071448.3616,-0.000244140625,76923.07692307707,rectangular_hollow_section,True
283.3799724981668,123.84298635440221,10.813931273485462,19.647186324832717,4,8031.612206002729,15229588989164.125,4096057184156.867,-0.06640625,76923.07692307697,rectangular_hollow_section,True
29.63422796643392,76.43874581417144,8.07717701245464,12.257709318933625,4,1319.8026295827913,26403389844.521294,136836913625.32129,-0.00048828125,76923.07692307691,rectangular_hollow_section,True
72.85479727438184,245.2645349142424,3.6505792518847784,16.5542297643015,4,2161.7944253826845,434793927825.62463,2867995575588.9326,0.02197265625,76923.07692307701,rectangular_hollow_section,True
40.65175617185002,69.90104673641167,16.129052345008773,15.959984377251631,4,2270.917470475356,63552008139.591705,174223932055.2069,0.00018310546875,76923.07692307701,rectangular_hollow_section,True
77.29186193382516,147.22755352453373,2.8287539055976527,12.43342034164407,4,1175.8726280426408,247017128194.36066,655749399011.8857,0.0001220703125,76923.07692307686,rectangular_hollow_section,True
182.3161370954257,298.781533586069,7.158369722425373,18.207239753653944,4,6473.354919859697,7358890976694.3125,15675367605792.992,0.08984375,76923.07692307691,rectangular_hollow_section,True
105.34802637913803,68.49276745607729,3.0674591878002713,19.96505757593563,4,915.7871643295922,254979902791.886,135530655382.53244,0.00018310546875,76923.07692307697,rectangular_hollow_section,True
242.9165843620391,105.89709501510768,7.466460838423553,17.37801359877749,4,4782.058725627098,6747891578136.535,1840347032452.9678,-0.01171875,76923.07692307679,rectangular_hollow_section,True
217.30832174088044,119.19253524523141,15.510695888403419,14.414775697113216,4,9268.612411628943,10426032805016.902,3873717914020.342,0.0,76923.07692307711,rectangular_hollow_section,True
279.07203164513834,158.9860613551302,16.63056143511625,12.879490111492498,4,13298.120495460726,25851410728269.945,10356087776654.271,-0.10546875,76923.07692307707,rectangular_hollow_section,True
98.27266169870076,83.71378107344552,9.867640254380252,16.023994737860356,4,2983.2044933076418,712808480414.9766,550611489692.6055,0.002685546875,76923.07692307694,rectangular_hollow_section,True
102.62600474257451,87.77043475092862,8.705283531267419,12.844719943947917,4,2863.9302362066824,784576703253.9431,610774534866.8198,0.00341796875,76923.0769230768,rectangular_hollow_section,True
163.58186370596957,122.26218171365215,4.743164310757418,14.256062476576025,4,2508.8800328154803,1893534927677.1284,1216429084575.2664,0.001953125,76923.07692307686,rectangular_hollow_section,True
39.92328424915963,222.62867981863315,19.35879647076238,8.82317578973727,4,8588.479636572472,231108692700.2345,7031481025938.766,-0.00048828125,76923.07692307695,rectangular_hollow_section,True
287.6643452911898,172.5234827914751,4.806045069293402,12.209772936220354,4,4236.711238552014,9693199414534.588,4445232224205.522,-0.03515625,76923.07692307656,rectangular_hollow_section,True
279.9160569469035,41.45806403231815,2.546335303505315,13.361386236937925,4,1549.1559303732079,2331520549937.0645,106747963571.90991,0.0003662109375,76923.07692307691,rectangular_hollow_section,True
168.2353830940323,110.79070137893137,2.8240704811934343,17.532072986685904,4,1453.0289154460443,1129682654659.4683,606109344632.1255,0.003173828125,76923.07692307714,rectangular_hollow_section,True
139.68092903344984,163.6187513995998,4.866330193201776,10.58416078003904,4,2777.85723396471,1728690343886.3389,2201330293631.4717,0.001953125,76923.07692307615,rectangular_hollow_section,True
125.53440064350474,78.71997865298252,19.81329501689261,10.279108609590494,4,6417.977839473841,2105576123391.33,906281636007.125,-0.01513671875,76923.07692307702,rectangular_hollow_section,True
201.65317920571624,158.18047583534036,19.519667965861306,15.475298799166005,4,12284.112315773877,12627887271331.8,8446221925485.238,0.09375,76923.07692307663,rectangular_hollow_section,True
230.39786010401178,113.54516175042626,11.96568152853386,18.73390474174002,4,7353.164847765625,9233805709793.441,2969535024776.1943,0.044921875,76923.07692307723,rectangular_hollow_section,True
215.02262486084047,98.7200803212408,4.344959820794156,13.773515337399814,4,2550.0721271696048,2945404134972.299,890297289393.7046,0.005859375,76923.07692307711,rectangular_hollow_section,True
66.01632785217419,242.50777183494824,18.319386998049108,19.694327550575416,4,9575.56892470258,1012883877570.8816,10370607072728.7,-0.0263671875,76923.07692307702,rectangular_hollow_section,True
97.6169246531365,34.608451856360475,3.0820194242379664,16.555269064956917,4,684.4985047013067,129079784175.09265,26676385487.273636,-6.103515625e-05,76923.0769230769,rectangular_hollow_section,True
174.46353327903262,198.6621163531561,10.951907162566243,19.876088359121983,4,7377.679989067375,6671862099526.549,8167814823852.662,0.05859375,76923.07692307678,rectangular_hollow_section,True
212.2651876975667,288.17368202907585,14.4246250046292,12.153111860793913,4,13457.30871309704,18951145643712.312,30762980073073.594,-0.125,76923.07692307702,rectangular_hollow_section,True
184.30996912563535,137.97741094386333,12.072077940004151,13.16045510005258,4,7026.403465801255,6330038273642.385,3982099652018.127,0.0546875,76923.07692307667,rectangular_hollow_section,True
294.07191085238895,231.7084658300309,15.465484248122985,19.867620077223783,4,14930.827927317514,35705732377086.81,24539458582069.47,0.0546875,76923.07692307683,rectangular_hollow_section,True
25.685735412071153,289.15902829462925,18.52559907568074,9.420827558474446,4,4473.188151124091,73456247497.9931,6955594816455.758,-0.00341796875,76923.07692307682,rectangular_hollow_section,True
99.88657183396387,38.032795400076935,13.335933883412714,18.646186235847093,4,2647.69711408421,420074858234.3926,74264738636.7009,-0.00079345703125,76923.07692307694,rectangular_hollow_section,True
184.91384468202173,39.953176575463544,5.900640642822657,13.715907419469987,4,2387.4010081926604,1564611360645.3066,123293959626.19699,-0.0013427734375,76923.07692307691,rectangular_hollow_section,True
42.040544483661584,203.05189454991148,18.03524814686456,13.189338045212056,4,7365.56657283489,239563149994.0028,5066167295251.766,0.00634765625,76923.07692307669,rectangular_hollow_section,True
245.00607657846285,152.13649789511604,11.446911997262344,16.636466266854548,4,8318.144487306892,12976152817289.75,6121113841503.002,-0.025390625,76923.07692307675,rectangular_hollow_section,True
38.10019558114967,60.37082188392866,6.543217061541439,19.38663153474704,4,,,,,,rectangular_hollow_section,False
72.74771504174916,150.24585176673355,6.523810625605849,8.71824190203623,4,2668.102967623396,460474256506.1754,1466000925066.6182,0.002685546875,76923.07692307683,rectangular_hollow_section,True
223.2093680633999,237.49941765638326,18.463847657885236,19.292097474615062,4,15277.75995981308,21560478352753.188,23817499006959.21,-0.1484375,76923.07692307633,rectangular_hollow_section,True
92.61435795475447,108.6911880386698,18.186252844854337,13.094702000283537,4,5827.556726391574,1160623993067.999,1537501493899.0752,0.0029296875,76923.07692307683,rectangular_hollow_section,True
192.1262576887474,294.639600750891,2.554353398594742,13.5375021721118,4,2398.010756431917,3145296008679.4385,5980177283857.947,-0.033203125,76923.07692307723,rectangular_hollow_section,True
28.115272617654284,248.8146359164896,14.149179748265837,16.619880411999837,4,,,,,,rectangular_hollow_section,False
60.81090090362957,168.13756258318182,12.458070960522896,8.06230734143442,4,5018.697480945372,509223146896.24756,2972328284750.1445,-0.0029296875,76923.07692307678,rectangular_hollow_section,True
254.61332554754222,283.52516193413123,16.70691163025606,15.323864726584647,4,16629.959895348504,32164045807963.734,38141198064505.81,0.1875,76923.07692307665,rectangular_hollow_section,True
267.5798703501563,75.12536816659488,17.562635767647258,9.790521936923561,4,10707.975539243092,15283167979556.18,1619117019631.414,0.03125,76923.07692307663,rectangular_hollow_section,True
77.59125356533322,33.789030362691925,7.4589180298348925,11.418766420578196,4,1324.3031559245294,154563527705.13605,37749866751.36095,0.000152587890625,76923.0769230768,rectangular_hollow_section,True
111.38928505857716,107.76622623861381,10.965304637816883,15.469964039138723,4,4106.234434609634,1336330282626.6987,1266972633031.9805,-0.00244140625,76923.07692307694,rectangular_hollow_section,True
144.75666526805003,91.5404321487282,5.758093037263826,10.35842851693771,4,2502.4848462043838,1386333262686.6343,678812313139.8942,-0.002197265625,76923.07692307678,rectangular_hollow_section,True
219.22933785752386,146.99289243766867,18.804483341656393,17.35065462260322,4,12057.760067041027,14221862859410.2,7353475241952.498,0.109375,76923.07692307745,rectangular_hollow_section,True
278.7331863556587,255.57232331628347,4.138867199327142,14.158522734295422,4,4254.247941048994,10318903577721.025,9055178587612.643,0.11328125,76923.07692307718,rectangular_hollow_section,True
174.86544342303165,106.03376489127695,7.422225138137576,19.77104479544478,4,3711.0357610874103,2867910719128.49,1324642120737.0498,-0.001953125,76923.07692307695,rectangular_hollow_section,True
265.67281838094607,121.584609125224,10.836405437957,11.909110550762708,4,7782.570037519827,13333111094184.645,3807931481439.326,0.03515625,76923.07692307685,rectangular_hollow_section,True
86.85313658743304,31.109593551874113,8.71744795319419,10.448160656010572,4,1646.5236309114732,227577586810.6842,36848480038.80705,-0.00018310546875,76923.07692307682,rectangular_hollow_section,True
136.8241012746211,253.09748519199715,12.590876791773475,15.170984506708445,4,8961.286778683154,5330022994923.253,14264805130094.527,-0.015625,76923.07692307697,rectangular_hollow_section,True
114.39284205947072,269.21342000340235,12.4437164161172,10.586728777949563,4,8815.511941917299,3729625018238.296,15051326909471.812,0.0703125,76923.07692307676,rectangular_hollow_section,True
112.07310549348897,207.47401620440607,17.37580009910058,18.935935761340097,4,9540.964461522773,3346830209564.9834,9339236630425.887,0.025390625,76923.07692307702,rectangular_hollow_section,True
194.5168239352239,271.7234378308733,15.947348860119552,15.444958766582083,4,13614.773720068139,15722899909121.828,26820042655310.65,-0.2109375,76923.0769230772,rectangular_hollow_section,True
44.64260941860702,238.34295288887904,12.21323449051965,18.527973355118874,4,6012.27580318431,301748052707.8463,5960951425373.271,-0.0078125,76923.07692307717,rectangular_hollow_section,True
244.8390318552754,23.564653033745802,6.93995580228624,11.070591365906596,4,3427.27163141885,3469064606056.9395,47795229813.81204,0.0008544921875,76923.076923077,rectangular_hollow_section,True
43.87501779848516,202.11265918260622,12.787985582202515,13.43678501835625,4,5457.117181343723,253618872585.3269,4014527270177.707,0.0087890625,76923.07692307685,rectangular_hollow_section,True
190.0976535114698,219.63555205771,11.572922199770202,8.810298560619476,4,8870.269547734,9773513477083.385,12280003741938.219,0.0234375,76923.0769230769,rectangular_hollow_section,True
193.16965934339967,160.90128060665415,19.000496703431374,10.03711659828221,4,11910.228245087703,11498371237831.055,8487696822316.496,0.00390625,76923.07692307683,rectangular_hollow_section,True
184.18192944647905,293.763559933239,13.777487503978339,15.825177516698204,4,12164.256158287542,13157312933478.578,27562165238628.875,-0.078125,76923.0769230769,rectangular_hollow_section,True
198.8962508848191,134.6399242935974,19.813813463977677,11.506189570944514,4,11514.505902563715,11011326600613.488,5703777638923.734,-0.072265625,76923.07692307692,rectangular_hollow_section,True
141.64253200568072,133.07306688930277,11.392147278877323,17.24055797356005,4,5477.044114752814,2974519960940.051,2693555581465.496,-0.0126953125,76923.07692307723,rectangular_hollow_section,True
129.41141861724117,76.19898407129939,6.9282096674333555,19.318128579614985,4,2437.343601311354,971555865922.4844,427700145881.928,-0.0048828125,76923.07692307701,rectangular_hollow_section,True
180.65358800436394,287.9724999571415,10.966229918002078,18.04679003094898,4,9521.537758953527,10145899501552.97,20995127334212.42,-0.1640625,76923.0769230772,rectangular_hollow_section,True
175.2496956258811,51.181911758111504,15.249606046213158,10.065693394391754,4,5874.465496264792,3398754683687.3145,359328387443.24084,-0.00634765625,76923.07692307698,rectangular_hollow_section,True
140.29517773355386,72.84845706713236,6.601210496486043,18.4244353103968,4,2440.0369070285674,1121343665481.5854,404692819380.6813,-0.00341796875,76923.07692307679,rectangular_hollow_section,True
253.78700820040672,257.9550694750433,17.688132169299138,9.243737280388697,4,16766.59625556688,31359027765684.33,32188094583807.984,-0.2109375,76923.07692307669,rectangular_hollow_section,True
101.06982503805024,142.1482953637535,10.104811812690276,14.18135894225866,4,4322.425080163781,1287192880853.27,2222562803399.937,-0.001953125,76923.07692307695,rectangular_hollow_section,True
138.77303651055698,250.7892818059504,6.9970441601965145,19.836135155707606,4,5027.104980575037,3289903396045.366,8162654714154.799,0.0322265625,76923.07692307692,rectangular_hollow_section,True
257.01872137283124,145.23142990605461,10.709748900282044,9.848488500146406,4,8060.20861882876,13802165163129.254,5573502894702.332,-0.005859375,76923.07692307685,rectangular_hollow_section,True
59.63120782867151,166.31857195724666,14.548421156755275,19.53419403796353,4,5371.072075096239,474447745387.33606,2809731367951.076,-0.0126953125,76923.07692307698,rectangular_hollow_section,True
211.72183426221233,51.008634283285986,6.051241028114138,13.026017681387874,4,2912.1910820021712,2646116752232.1064,258302164283.59143,-0.002197265625,76923.0769230769,rectangular_hollow_section,True
243.0602737736273,128.69490800938456,15.047408782318744,10.36751762373459,4,10174.720908541198,14622768504658.242,5150002309047.511,-0.041015625,76923.07692307679,rectangular_hollow_section,True
41.19776287405709,265.8380736889276,6.734530140957205,15.313521826053469,4,3793.1637541128507,208383271724.281,4914815312954.859,0.002197265625,76923.07692307695,rectangular_hollow_section,True
82.16336386593991,288.99985733881044,16.016244093877944,9.877465638652476,4,10765.636872029127,2102828035548.3647,18482522730279.727,-0.091796875,76923.07692307714,rectangular_hollow_section,True
93.24257037055789,258.6116344709732,4.642117701746687,11.362772708207288,4,3096.5548385279603,999759269497.314,4913630592287.422,0.00732421875,76923.0769230768,rectangular_hollow_section,True
207.09280830884117,175.72156718563065,5.968824131708111,10.126431421408656,4,4342.137003814096,5545351469449.521,4310537257798.5205,-0.0185546875,76923.07692307691,rectangular_hollow_section,True
233.8774930024725,208.00074252640997,4.6694114365181045,10.174159630941443,4,3966.197688888105,6668558634924.66,5580901864386.708,0.0,76923.07692307656,rectangular_hollow_section,True
125.13980523161018,263.4633527731519,7.743710489344451,18.299145223283908,4,5555.15897961601,2989969507794.5684,9517641281245.809,-0.017578125,76923.0769230771,rectangular_hollow_section,True
43.10658202764016,157.35362995211685,4.82667616013468,19.275288864222492,4,1679.1514896908275,103228716431.37292,801630864498.563,-0.0006103515625,76923.07692307692,rectangular_hollow_section,True
263.9558167408812,130.4040918844347,14.97811031232382,8.766353008075447,4,10839.308329121175,18260426671670.633,5741785077256.482,-0.0546875,76923.07692307724,rectangular_hollow_section,True
155.0934673162919,111.73587119030037,15.797824260846776,9.634872980679011,4,7339.530211870028,4326528908110.9043,2493301565588.502,-0.03125,76923.07692307705,rectangular_hollow_section,True
63.857995508197774,94.71639705002752,16.51847175183271,8.741386461104117,4,4070.9617747474604,367355599708.4375,752509802632.6277,0.004150390625,76923.07692307695,rectangular_hollow_section,True
185.7395429108798,140.84463969740926,2.218318347938356,13.880866513817177,4,1372.5881982285914,1394018991635.0752,922422572833.3813,0.001953125,76923.07692307675,rectangular_hollow_section,True
34.26980111891146,161.60813237954252,16.179111639521807,18.848675691213856,4,,,,,,rectangular_hollow_section,False
71.2790747028245,134.34984794197175,16.949770004585602,18.168651492195437,4,5492.932852442642,658292050931.9468,1989280921669.5898,0.0009765625,76923.07692307686,rectangular_hollow_section,True
284.85966691294203,67.99940638237553,6.289636072640665,15.523171836707576,4,4124.761543043056,6930421734622.834,686933043172.9962,-0.0166015625,76923.0769230769,rectangular_hollow_section,True
71.38735797586308,153.02708519188138,12.206752904905592,19.051750145169308,4,4566.608849780925,638999168605.362,2258684140009.625,-0.0009765625,76923.07692307678,rectangular_hollow_section,True
187.8162307016875,144.55175585299088,16.878768990384245,18.91621431677789,4,9726.681578567874,8642652509754.471,5636423582785.211,0.064453125,76923.07692307676,rectangular_hollow_section,True
65.56796880840442,208.31330469334276,4.612586985296328,16.747966832303796,4,2308.2716115684852,357199827968.7251,2180885353288.7725,-0.00146484375,76923.07692307669,rectangular_hollow_section,True
277.4844305770724,25.12496822031221,18.010534763657905,12.704547188645009,4,,,,,,rectangular_hollow_section,False
281.23811933387975,73.88001723791103,12.465399894849172,11.04516686269648,4,8109.838675383163,13189569850858.969,1360424562814.6514,-0.001953125,76923.07692307678,rectangular_hollow_section,True
50.38532879515111,29.847420620181474,5.4289856751214085,8.171191511525542,4,694.0206747913271,37406757864.00957,15662879987.69928,2.288818359375e-05,76923.07692307688,rectangular_hollow_section,True
83.69176795320348,132.16964007570218,11.216962220957592,17.273849743937767,4,4077.6375532702054,791818875280.8567,1663076309373.0605,-0.00634765625,76923.07692307701,rectangular_hollow_section,True
92.1380738073168,158.0881479297529,10.325255073254924,14.050678695866702,4,4557.312770946546,1155319870256.8242,2760700935823.1357,0.00341796875,76923.07692307702,rectangular_hollow_section,True
288.1749293050807,153.5698048368533,4.394507502190007,13.461217757584834,4,3706.255163070273,8221722289252.377,3148443171742.5337,-0.0166015625,76923.0769230767,rectangular_hollow_section,True
24.972360289395947,46.86543519514198,8.760593982362074,14.41511672116494,4,,,,,,rectangular_hollow_section,False
200.9504405247773,166.14821778815596,4.910722601208373,19.577102598781227,4,3340.818326706905,3940312875692.674,2960104756896.6836,-0.017578125,76923.07692307717,rectangular_hollow_section,True
271.41470644169976,118.44723650972097,6.056669252543159,17.622653525845337,4,4399.010790400554,7929396387080.557,2200953563410.45,0.0068359375,76923.07692307718,rectangular_hollow_section,True
99.52533829952527,280.5068056706595,10.055805174375246,12.557818204063137,4,7087.1427998629915,2368220658836.7324,12669114522637.168,0.048828125,76923.07692307672,rectangular_hollow_section,True
152.2406692263982,119.68597837565694,4.040613900258713,16.745275636498533,4,2013.1991152294083,1328054052785.045,925091947599.043,-0.01220703125,76923.07692307666,rectangular_hollow_section,True
104.01247062006694,75.90902893207964,12.753970574251712,10.147626370213729,4,3835.7976393417425,966596411169.4705,564715824824.7751,-0.00048828125,76923.07692307701,rectangular_hollow_section,True
190.499700104413,93.06027476333607,7.807966743183669,16.719555285672612,4,3984.0692096802168,3468835160857.036,1124773940223.849,-0.00244140625,76923.07692307697,rectangular_hollow_section,True
152.1151501344034,194.39172264905707,10.790813493915138,10.636939834048118,4,6899.270964657111,4875457442330.446,7193209796982.406,0.01171875,76923.0769230768,rectangular_hollow_section,True
295.3429691709185,159.1709157736582,13.918420315741676,12.686082157402003,4,11716.404203151473,25768429340582.46,9561876241649.889,-0.1015625,76923.07692307697,rectangular_hollow_section,True
155.55606993480222,27.114815465224456,15.787575496918596,16.308779964706293,4,,,,,,rectangular_hollow_section,False
283.5755996192433,205.41936814826695,6.905429280408142,9.800475548436877,4,6475.032494519527,15036068572658.102,9160992092553.639,-0.01171875,76923.07692307686,rectangular_hollow_section,True
236.12248034266344,175.6291627811386,16.953456887733587,13.049212766677693,4,12641.266704698815,18554211677995.85,11481756413961.738,0.203125,76923.07692307701,rectangular_hollow_section,True
77.70823966287233,173.56473966576064,3.8662342990978056,17.97043973458559,4,1759.1612583236376,372657213423.42206,1265268251896.705,-0.00244140625,76923.07692307657,rectangular_hollow_section,True
152.552104423345,236.20249058567575,4.063611716642022,16.72685446782605,4,2974.0137502072384,2386012125252.0034,4614819650956.7295,-0.0029296875,76923.07692307624,rectangular_hollow_section,True
90.78923727781164,80.7343501875757,17.823823767730556,12.373117443133324,4,4690.563579910014,825771870376.447,669113119840.3706,-0.00341796875,76923.07692307691,rectangular_hollow_section,True
177.1606868048732,43.180703413633836,9.117627248570917,15.053968601687549,4,3494.07499831311,2048491329688.5205,182466664118.1662,-0.000244140625,76923.07692307717,rectangular_hollow_section,True
202.4380419039465,206.86687952384415,7.811834178009913,18.41291335864944,4,5924.092837416595,7372405482669.912,7620409278148.252,-0.009765625,76923.0769230769,rectangular_hollow_section,True
78.93533208464953,104.34644658295304,5.774598145667382,16.649739451509994,4,1824.4281781002157,334810095857.03564,513583423603.52075,0.001220703125,76923.07692307678,rectangular_hollow_section,True
32.32428021655103,136.41523156401573,12.424160436338227,9.689332466697715,4,3481.5713187805554,72357366021.01083,1113109343384.2627,0.000732421875,76923.0769230768,rectangular_hollow_section,True
273.2815456860346,33.558210350262065,18.613940714761615,9.573881850896543,4,8212.941076405841,10279859196264.34,168035001975.45642,-0.001953125,76923.07692307656,rectangular_hollow_section,True
215.02663782210303,76.42388298258506,14.354791173445776,11.366777109996615,4,7413.978986685438,7236434325355.119,1229734573820.296,0.0205078125,76923.07692307683,rectangular_hollow_section,True
166.36492991426778,76.46500777546937,11.668964448278901,13.260890196800567,4,4949.171913355113,3054875720723.8965,839191418259.5532,0.00439453125,76923.07692307704,rectangular_hollow_section,True
290.98334268905506,58.40917758608428,11.857026345008693,19.054087412668622,4,7411.89578119965,11683455773729.188,737935219102.7075,-0.0009765625,76923.07692307673,rectangular_hollow_section,True
149.88324780751114,87.57982701782387,17.78897731390628,19.17396002215841,4,6816.937080588677,3257490728318.3115,1296739003590.2607,0.0078125,76923.07692307694,rectangular_hollow_section,True
66.47694894681347,122.79705463479146,4.520761007691873,12.509912916906814,4,1536.9045770080513,222464650222.81915,574221192732.0332,-0.00048828125,76923.07692307707,rectangular_hollow_section,True
75.44984278421082,120.6209725676657,19.663764364029905,15.966445955706117,4,5909.39871117224,740672091616.4109,1720571480286.8584,-0.005859375,76923.07692307672,rectangular_hollow_section,True
191.0896963728432,262.13653643543114,4.084904443561646,14.308581608594983,4,3535.8139945472267,4396855968131.5713,7086071025471.875,0.015625,76923.07692307717,rectangular_hollow_section,True
242.45565207058584,225.41367879162303,5.902118164508142,12.478368116744429,4,5271.037549862159,9537030804929.379,8535562560659.195,-0.029296875,76923.07692307669,rectangular_hollow_section,True
56.78205669774205,294.1449442038526,12.856065120700269,15.841444463285274,4,8119.928237990794,732964745561.2361,13070700377221.59,-0.013671875,76923.07692307685,rectangular_hollow_section,True
292.77892641161293,107.13126051317317,6.103561125821285,12.786881799881217,4,4613.901136869532,9368494627566.355,1935473968940.7617,-0.0009765625,76923.07692307685,rectangular_hollow_section,True
156.80025310487255,44.04336313610381,13.424909905086597,11.119319160654863,4,4548.062823658638,2059247337778.626,202907586302.0108,0.005126953125,76923.07692307708,rectangular_hollow_section,True
161.0041270155202,146.2716719835296,16.293240557599052,9.142868711219654,4,8867.566221498178,6059567733178.686,5168959663480.627,-0.0234375,76923.07692307667,rectangular_hollow_section,True
84.21078891963926,105.91636784777583,13.981482356811556,8.571815276639677,4,4461.1155630766025,799396228543.6562,1185503328603.1807,-0.002685546875,76923.07692307711,rectangular_hollow_section,True
102.75705207463403,237.54753087860243,14.137861344570956,15.707983668068975,4,8578.566057031016,2743139909544.7354,10932666229942.043,-0.005859375,76923.0769230771,rectangular_hollow_section,True
192.83182539226434,276.182558398121,12.77873741020382,13.180278480931992,4,11160.080279332675,13152609102336.969,23183890137660.79,-0.11328125,76923.07692307733,rectangular_hollow_section,True
109.0561529561799,225.16471948291456,10.214551388467315,17.46084127215275,4,6158.112052131455,2356122254508.1826,7462747390728.391,-0.01171875,76923.07692307688,rectangular_hollow_section,True
31.574850313425845,263.2376540028697,13.46782205458009,18.02551205702978,4,,,,,,rectangular_hollow_section,False
295.3871712857564,150.31204379758412,11.580361196047075,11.011459049901923,4,9665.044498788111,21305559286238.758,7264954806509.16,0.01171875,76923.07692307721,rectangular_hollow_section,True
262.8162969129685,283.42614485022165,13.424497233271138,10.348479093405324,4,13838.100772879476,29211138225996.414,32885286398372.03,0.265625,76923.07692307697,rectangular_hollow_section,True
54.49444805328223,266.14931052293576,7.877438598001056,10.60440487181819,4,4698.4698269448245,461948793988.45435,6626638360348.574,0.001953125,76923.07692307718,rectangular_hollow_section,True
100.2588389561125,52.23665251975105,10.423227047463588,19.19502489602634,4,2452.911071140058,483733775900.55615,165033426826.48596,0.001220703125,76923.07692307698,rectangular_hollow_section,True
58.051634314842694,236.76010477700734,18.558686564190403,8.68471036407749,4,9489.513740439706,730471532107.5757,9860451858341.488,0.0126953125,76923.07692307708,rectangular_hollow_section,True
89.5738904762507,167.90579774232262,4.821506428385945,13.834159905242878,4,2279.7361893035545,621463052727.7308,1633431853357.5806,-0.004150390625,76923.07692307688,rectangular_hollow_section,True
89.33669402511214,25.044759009783224,12.110193851919744,18.706815539828433,4,,,,,,rectangular_hollow_section,False
156.72128400916318,203.7105642348526,7.840690471247989,18.578863332867968,4,5176.297601523295,4005960532131.5244,5992066296865.127,0.0078125,76923.07692307691,rectangular_hollow_section,True
83.50196974478575,131.5127121110927,7.872568627239941,10.646571927622606,4,3031.871930887247,642794416598.9594,1327921976047.3057,-0.001953125,76923.07692307675,rectangular_hollow_section,True
107.21631353857468,41.66018415232264,4.518571109544789,11.2694898205145,4,1182.321645852033,295895767378.5,65920558625.85181,0.000518798828125,76923.07692307688,rectangular_hollow_section,True
23.307215015884157,20.44621145183003,15.651416781943334,14.316066002668311,4,,,,,,rectangular_hollow_section,False
295.52991270952094,164.2748697024563,5.634127692139456,8.948445578027913,4,4985.134160511025,11797427629624.566,4775058183665.3,0.00390625,76923.07692307683,rectangular_hollow_section,True
108.80244763741031,65.50920960934539,5.61878760929622,15.548380056184824,4,1689.4019467841092,484330404234.9551,220910406769.21936,0.0,76923.07692307694,rectangular_hollow_section,True
138.75446087411422,280.35480997617316,5.304936860401657,15.952657708385939,4,4193.013689863648,2889090707590.3667,8490970461464.141,-0.03125,76923.076923077,rectangular_hollow_section,True
58.312462017349965,224.8957020552998,10.400881806391006,16.687565198243963,4,5219.563468670915,530292653662.26843,5164993741821.252,0.0029296875,76923.07692307704,rectangular_hollow_section,True
265.0653896955449,41.6674132809817,7.418017364531473,11.117162502284485,4,4220.682963668591,5552069915901.225,231204407474.87268,0.00048828125,76923.07692307711,rectangular_hollow_section,True
82.62607383813246,211.94301794501038,12.974935928789717,19.116362473048774,4,6642.916141348763,1334319950126.2505,6344762444985.951,0.021484375,76923.07692307679,rectangular_hollow_section,True
58.773073071360066,207.41307316117548,7.40745372251714,14.167501708538982,4,3569.02178109225,405593143467.92065,3184442301842.4434,0.005126953125,76923.07692307685,rectangular_hollow_section,True
145.82450187282967,241.5426119003638,3.2481107645225364,18.400901834731872,4,2365.2355788693353,1770203209739.6821,3774493128422.791,0.02587890625,76923.0769230762,rectangular_hollow_section,True
129.17920682891508,186.37284229460283,12.000421090504627,12.369874262404199,4,6844.59721188866,3430994914512.993,6184526796703.039,-0.013671875,76923.07692307675,rectangular_hollow_section,True
77.6689566286177,234.7760821205904,18.65422224039195,9.821471943281226,4,10168.457040762805,1591270625727.3252,11316906486095.973,0.013671875,76923.0769230772,rectangular_hollow_section,True
113.22737815855554,146.50206282261706,13.462965520913299,12.068793006944999,4,6122.795490277528,2179338840663.4126,3330357231828.4053,-0.01171875,76923.0769230772,rectangular_hollow_section,True
127.81305014280957,123.28337148390965,4.058644403090145,15.521472192773684,4,1862.812116884507,909608700227.1465,861542987680.2332,0.00146484375,76923.07692307686,rectangular_hollow_section,True
175.59904994153842,285.58800341764305,5.084930011746572,14.754787460432222,4,4462.584114488148,4802600226187.587,10066129534385.336,-0.025390625,76923.07692307737,rectangular_hollow_section,True
224.88719278522095,112.21105122237184,18.13531060514082,8.730723724692568,4,10834.979219313978,12591967217600.785,3874470184029.376,0.015625,76923.0769230769,rectangular_hollow_section,True
80.09242143201413,233.7519735384241,12.825547523554205,8.631705856380083,4,7317.967382281984,1420464900409.6636,8675850748421.949,-0.0263671875,76923.07692307678,rectangular_hollow_section,True
122.81809745233612,151.9256747111802,7.5442392601434305,11.383199706992446,4,3802.9637025576567,1758635258250.9575,2452078680355.3477,0.01171875,76923.07692307686,rectangular_hollow_section,True
227.18289807299533,40.66549433622416,10.947818964771784,8.905004360148968,4,5305.993357206709,5043607377890.895,226713420578.4519,0.00439453125,76923.07692307682,rectangular_hollow_section,True
97.38280509276899,160.85066540646173,11.527562824033597,11.047718201432579,4,5300.014212789975,1480987002589.33,3365787630797.374,0.00732421875,76923.0769230769,rectangular_hollow_section,True
110.57191483689488,110.09745946175502,16.01222974660718,16.888330479123344,4,5756.803278908895,1700199907897.417,1687930940920.8047,-0.0048828125,76923.07692307692,rectangular_hollow_section,True
298.3293631979503,62.85294973218894,6.962624075059267,11.337093277075422,4,4726.247095769689,8580015029819.336,660221398690.4657,-0.0068359375,76923.07692307692,rectangular_hollow_section,True
127.6694191317793,253.29853815945762,12.148559137129563,8.947036348693022,4,8586.024101149962,4508107162464.15,13642280228153.55,-0.033203125,76923.07692307688,rectangular_hollow_section,True
44.25312968181692,173.31430237935973,19.171647643505235,12.00315854632063,4,6727.968183803237,239059073743.86633,3395309902803.1875,-0.00341796875,76923.07692307702,rectangular_hollow_section,True
147.9038265066892,213.54028672254756,10.241631086930612,8.81063914493019,4,6906.363141047974,4778372059055.929,8552364031960.668,-0.02734375,76923.07692307704,rectangular_hollow_section,True
109.06210507197895,112.38651574935416,11.906454141767359,13.561374984325234,4,4525.108967743133,1419459226418.9316,1490842717960.4644,-0.00048828125,76923.07692307701,rectangular_hollow_section,True
121.26786658052826,191.73520239883794,4.966551706272171,18.681833220307226,4,2849.5233637492793,1399997665233.856,2801851816502.949,0.00146484375,76923.0769230767,rectangular_hollow_section,True
137.63670200645464,64.80663621870858,16.23434223219088,19.58299990720767,4,5146.573022760121,1879457915047.537,505760334212.21423,0.0087890625,76923.07692307705,rectangular_hollow_section,True
182.08505472362822,54.96767434223872,13.707709027851138,12.226326882576792,4,5597.811452377276,3599544693585.9336,431951435646.3821,0.00439453125,76923.076923077,rectangular_hollow_section,True
290.29804837526854,205.26257792840434,4.891742055402168,13.640994512120933,4,4643.065639307576,11322331470176.879,6693152057529.061,-0.017578125,76923.07692307646,rectangular_hollow_section,True
278.5574249895839,297.86205660696874,4.334559967963129,9.040584390483662,4,4862.3104786452795,12322132584855.508,13637418441001.605,-0.046875,76923.07692307545,rectangular_hollow_section,True
61.72103778253347,111.65671511489559,5.286805048087574,17.01870088218284,4,1569.4287281673721,184422567814.9254,458823484656.6006,-0.0008544921875,76923.07692307682,rectangular_hollow_section,True
233.02997131344338,242.21817898245956,5.817134308096003,11.96877004191159,4,5288.399599542628,9100347357598.318,9652049329785.3,0.048828125,76923.07692307676,rectangular_hollow_section,True
82.34160133808456,147.68200366963094,4.493417224682854,19.802072345133006,4,1828.65371666534,408136687179.8424,985867134497.3701,-0.003173828125,76923.07692307701,rectangular_hollow_section,True
113.4965948210219,134.78863556730585,14.313628965592638,10.903282217816228,4,6169.323871050614,2133070414983.5127,2840097048426.545,0.001953125,76923.07692307683,rectangular_hollow_section,True
283.0768515331286,56.82073652884144,17.93593972964915,19.100854056901532,4,10542.487971209506,14843031858647.21,785300106589.1465,0.0087890625,76923.07692307672,rectangular_hollow_section,True
34.93366554779182,127.76136760799557,2.763490284248057,16.851198886945916,4,783.1654023854285,33506726643.03823,247897628379.24023,-0.000396728515625,76923.07692307669,rectangular_hollow_section,True
111.01335576606704,264.6705513302885,16.381499751037737,13.096234116351262,4,11063.606176732474,4088984463999.834,17465402292121.031,0.005859375,76923.07692307644,rectangular_hollow_section,True
144.43645287978677,208.05056762656238,2.9283916121409197,8.174790896371446,4,1990.835657992667,1439475288015.1697,2502318282213.72,0.0078125,76923.07692307708,rectangular_hollow_section,True
236.1950947378212,50.17557952613274,9.486422925998966,11.673495803097712,4,4941.810563123857,5337969585356.168,373860482449.2184,-0.0078125,76923.07692307682,rectangular_hollow_section,True
211.63967309734468,200.42621805744005,17.572740600021323,8.873479336946904,4,13168.31054643348,16352087531800.258,14966509949012.297,0.0859375,76923.07692307702,rectangular_hollow_section,True
288.40820659409974,195.4304631004118,11.545178032620338,8.789833521769133,4,10561.581444818778,24180737192012.305,13102539833118.617,0.08203125,76923.07692307702,rectangular_hollow_section,True
118.1792745776358,44.510623262065465,6.716228474950065,17.099688628160326,4,1820.3110427777617,505674663144.4697,105145231189.31732,0.0001220703125,76923.07692307704,rectangular_hollow_section,True
286.26254906648217,70.60208700005674,5.822001291146043,14.757138898110128,4,3881.813483348339,6695655675418.006,708805469548.9642,-0.001953125,76923.07692307669,rectangular_hollow_section,True
28.1971207325903,210.2535929078584,19.8505802547924,19.41040989689608,4,,,,,,rectangular_hollow_section,False
258.80067638584336,216.23732395857124,3.281186581950121,9.041191183190385,4,3025.746398745927,6226619590481.846,4747086192462.831,-0.0126953125,76923.07692307669,rectangular_hollow_section,True
127.4762096707998,257.29664112005173,2.110853612062288,9.81200224960097,4,1569.607814135752,955248539444.2979,2770122686323.951,0.01806640625,76923.0769230767,rectangular_hollow_section,True
20.87647296479028,107.1269082761432,7.230387731611032,12.106281019507424,4,,,,,,rectangular_hollow_section,False
47.25054535634548,273.33462644672966,6.339424620103613,8.669667758090448,4,3834.164737927642,294369768497.5825,5624037101345.725,0.005859375,76923.07692307691,rectangular_hollow_section,True
167.9988193134219,298.2432896393194,9.069430798587506,19.240760159878512,4,7861.331874473458,7498847277143.033,18235049957379.72,0.03515625,76923.07692307688,rectangular_hollow_section,True
162.8591304831641,81.9148499492347,17.43079192698779,17.39240112936132,4,7015.3829982631305,3891429858772.135,1187317996755.6484,0.0009765625,76923.07692307705,rectangular_hollow_section,True
237.2568131033439,207.11102714003488,5.978725096358657,14.349698976434285,4,5034.685044831151,8529262384646.344,6936598858236.404,-0.021484375,76923.07692307705,rectangular_hollow_section,True
104.82246539758789,68.21755256765067,7.317106698723515,19.936194393404715,4,2079.9338747939005,529693109735.88135,272086108371.08533,0.0001220703125,76923.07692307692,rectangular_hollow_section,True
50.89224051719988,285.69803856580666,4.702557012765285,16.154290974868026,4,2947.394878665542,282673326686.9487,4668975680932.924,0.01611328125,76923.07692307678,rectangular_hollow_section,True
152.6514891294108,27.215798120120414,7.137213366019049,19.741681189622074,4,,,,,,rectangular_hollow_section,False
89.03799713148433,164.96844005380228,14.285647969323328,13.629807439835508,4,6255.202484681226,1374841391969.8745,3871920690019.918,-0.01953125,76923.07692307705,rectangular_hollow_section,True
263.7567850936199,99.61376231413684,10.204110706843371,8.840677150198193,4,6921.093512965955,11176838194483.777,2294339017258.688,0.037109375,76923.0769230769,rectangular_hollow_section,True
102.53550713142813,266.39151500032017,14.847605650665372,14.276272751898441,4,9869.748339055503,3168164607952.409,15521010935369.613,0.037109375,76923.07692307701,rectangular_hollow_section,True
203.1772175361011,251.51894191729917,6.044186669460823,10.190164839858983,4,5263.757836791481,7142130717707.904,9899543668969.896,-0.013671875,76923.07692307691,rectangular_hollow_section,True
212.29615698522778,274.48011953266894,8.869036397406346,10.95743725446295,4,8204.129788142473,12008609643557.0,17870868834506.375,0.11328125,76923.07692307702,rectangular_hollow_section,True
143.79785966937865,209.46119105004965,2.2855528115150268,13.418373761517149,4,1537.7763744139618,1105581616205.931,1941712121728.2979,-0.00244140625,76923.07692307708,rectangular_hollow_section,True
55.81027774061267,267.26876352287445,16.901392222148147,13.31084839479965,4,9601.164269122619,711050731797.1357,12488276408265.227,0.0205078125,76923.07692307683,rectangular_hollow_section,True
150.34270718088914,292.9164653822685,3.022050661059688,14.136207801154772,4,2566.2643080758944,2137441990313.2993,5868213728476.387,-0.0068359375,76923.07692307717,rectangular_hollow_section,True
163.97229874858598,267.3481362046571,14.477242997918506,9.424110164341979,4,11561.485381899245,9751972835145.047,21427377660870.695,-0.046875,76923.07692307662,rectangular_hollow_section,True
54.36533677867783,281.6006756827948,6.7698649212163815,11.344456678640233,4,4257.794953175278,436199633246.3574,6710568926930.8125,0.005859375,76923.07692307691,rectangular_hollow_section,True
251.94096258085835,233.52564362507317,19.949352901861218,14.419445991986466,4,17569.662151014014,30850762828242.023,27286589505657.28,-0.0625,76923.07692307737,rectangular_hollow_section,True
217.05269172546923,86.2933250325302,14.711017671235485,18.09050253354099,4,7743.555698376279,7755089335915.539,1651948075851.9727,0.0087890625,76923.076923077,rectangular_hollow_section,True
237.76509323129383,120.99185571052459,12.921115694338349,9.18123728648117,4,8518.964045593566,11782071411715.465,3918939070311.1816,-0.048828125,76923.07692307676,rectangular_hollow_section,True
52.54391925569068,207.2858848710811,4.2977527680449965,14.727962058841028,4,2051.3622038350404,205657274119.09204,1823621573063.8184,0.001220703125,76923.07692307695,rectangular_hollow_section,True
32.966233558502545,182.30852923323582,13.579984852773054,17.49904279045065,4,,,,,,rectangular_hollow_section,False
47.90255323105616,31.138014586338937,19.70244177807303,14.45295059117396,4,1212.4534986894012,39136777375.10776,17569620604.55284,9.1552734375e-05,76923.07692307701,rectangular_hollow_section,True
196.75751106288763,120.45282249076793,15.321599889737898,16.80336519791312,4,8501.176476928087,7931099115184.723,3547758321554.7324,-0.0390625,76923.07692307683,rectangular_hollow_section,True
131.7495895663261,277.1386516502348,8.142034543725114,15.185921951264172,4,6212.197587271752,3722823498059.874,11906790469302.79,-0.013671875,76923.076923077,rectangular_hollow_section,True
79.59974969747205,294.4467942374513,2.1251827946801383,18.418302388368247,4,1498.0008347416574,381315202532.7993,2851609226889.5273,0.007080078125,76923.07692307647,rectangular_hollow_section,True
237.51885984513933,182.41149389190798,8.40994078377937,8.904892486943687,4,6701.218267517645,10854567632657.441,7199947963836.65,-0.021484375,76923.07692307672,rectangular_hollow_section,True
21.780644024903903,182.8697280299248,10.222641677019714,13.715488006644154,4,,,,,,rectangular_hollow_section,False
135.79728458323086,169.13190144307794,9.14259509878039,19.308974557656725,4,4971.85875555105,2745916390811.5605,3860760338231.3213,0.0107421875,76923.07692307708,rectangular_hollow_section,True
213.4791072787694,20.122774570763244,12.237991143017286,8.318740494566747,4,3403.8206459937605,2621250281053.41,27795273047.491455,-0.0013427734375,76923.07692307707,rectangular_hollow_section,True
44.486202525180076,211.60496645070052,7.755260069799617,13.261615511002976,4,3585.9805032563454,219051778630.75415,3070012002367.217,0.001708984375,76923.07692307676,rectangular_hollow_section,True
112.89013508206556,291.195552624046,5.103984125469691,19.6073905244737,4,3846.59028894645,1802183361900.7422,7754475819596.385,-0.0322265625,76923.076923077,rectangular_hollow_section,True
85.44265658737936,243.6125144976279,5.580703649230013,13.928435850379893,4,3423.8250829260487,901635231214.8074,4676090705949.17,-0.0078125,76923.07692307704,rectangular_hollow_section,True
254.28890920637608,201.41726807276925,14.429201493418075,8.206221344649716,4,12250.803015804098,22039968636303.04,15194682519651.598,0.0078125,76923.07692307691,rectangular_hollow_section,True
247.62318404239815,121.05947917103789,11.09415572176383,11.027164837054983,4,7566.526226150475,11399224531577.496,3609182177629.3867,0.0234375,76923.07692307701,rectangular_hollow_section,True
191.93114633335756,30.52970133828801,14.708295489941221,13.533714284949466,4,5495.5425177703255,3203083858973.3086,85475416414.30984,-0.00048828125,76923.07692307667,rectangular_hollow_section,True
56.8848432577707,226.2863852493366,3.1848127844838077,14.584216488848039,4,1680.3696018275855,208281631210.4779,1818351731114.6875,-0.0009765625,76923.07692307697,rectangular_hollow_section,True
192.69214343343745,132.066066983483,10.11688127825351,11.860768736595872,4,6024.038679103347,5946580401423.477,3266975062828.7207,-0.0205078125,76923.07692307701,rectangular_hollow_section,True
209.02068033543162,127.19869216523895,16.405765702860997,13.88988998591244,4,9762.346863008463,10357924114158.703,4559692036391.718,0.01171875,76923.0769230769,rectangular_hollow_section,True
180.83885960653234,152.71146142248733,17.39720138688361,10.529570921207712,4,10284.1618870351,8758984429157.463,6622174421508.902,0.060546875,76923.07692307694,rectangular_hollow_section,True
233.58271431747232,192.20006431606436,12.743829849644063,18.661818346732325,4,9889.344894527372,14981914462865.312,11032993671500.078,0.125,76923.076923077,rectangular_hollow_section,True
115.16795481170666,99.5320137703795,7.7292312463213895,15.936566216841882,4,2893.3535533959152,1028804883030.3809,819223160567.7751,0.00146484375,76923.07692307695,rectangular_hollow_section,True
80.149947809466,213.21981490969137,17.557058571357967,16.89645118226552,4,8782.928928984216,1484040911036.358,8107755025421.254,0.0166015625,76923.07692307705,rectangular_hollow_section,True
201.3186803094343,116.2032222302627,9.3650465897917,17.55625745755252,4,5355.272190175574,5446822820759.648,2296581966132.776,0.0146484375,76923.07692307678,rectangular_hollow_section,True
46.416933554109505,256.2659494388472,11.761496541459648,18.662190173190428,4,6266.018389921156,356181645412.60913,7269439315400.66,0.0009765625,76923.07692307695,rectangular_hollow_section,True
111.29767499167336,190.98819473629464,3.3752153401485057,19.45535254170219,4,1875.0515647613793,803680313742.8347,1804131648032.0928,0.003173828125,76923.07692307649,rectangular_hollow_section,True
76.80866075981056,275.4981005315541,10.96027583217858,9.437936098524192,4,7153.17333952034,1358487849632.7239,11524788991269.16,-0.0185546875,76923.07692307688,rectangular_hollow_section,True
30.367455556297823,200.19276061666463,7.298993872233161,9.914697200001603,4,3061.1546471979436,78089078191.76422,2204465244485.801,0.0030517578125,76923.07692307714,rectangular_hollow_section,True
250.31384857655937,141.9780084517493,9.297409931851593,17.52980707277077,4,6709.307316352621,10804456463046.516,4459730354827.977,0.033203125,76923.07692307656,rectangular_hollow_section,True
38.78738879628152,61.07200510341273,11.652184604471927,8.54288225420295,4,1711.0857229839064,52639045692.91728,121488394455.73126,6.103515625e-05,76923.07692307694,rectangular_hollow_section,True
207.99604627726578,126.02998139585272,16.09509872691833,19.58921442817556,4,9344.626496022223,9664415353575.422,4261761947040.9834,-0.05859375,76923.076923077,rectangular_hollow_section,True
49.22434796452186,172.39422248068513,14.943954100797974,8.956626171750244,4,5650.20728018776,317398365487.06946,3157395845742.326,-0.00537109375,76923.07692307713,rectangular_hollow_section,True
84.5232709477121,169.47192240000788,16.418174866665538,13.80760916373341,4,7071.399064722778,1333135390474.4277,4406520552661.365,0.00390625,76923.07692307721,rectangular_hollow_section,True
212.50593225152986,138.797512575565,8.695071683141975,9.39338186471447,4,5719.052198566064,6979230704624.266,3571766453896.702,-0.04296875,76923.0769230766,rectangular_hollow_section,True
168.73996805553185,37.79198647447456,17.84125479064279,14.262402594648542,4,5892.9208285682835,2676840511606.826,141733950217.60864,0.0,76923.07692307682,rectangular_hollow_section,True
286.9349807564436,218.01004619352437,12.510031467679319,8.91625639992623,4,11928.253175705946,27728233128678.484,17993415652551.883,0.1171875,76923.0769230768,rectangular_hollow_section,True
138.32035714655336,37.17526733531004,8.37655245092227,11.984868436643282,4,2528.8129557162374,911309180524.8242,94175906237.24072,0.001220703125,76923.07692307694,rectangular_hollow_section,True
199.7147145966252,242.70483397812097,19.15307433483071,10.829008193552209,4,15362.760557710675,17675190059241.613,24284427328905.688,-0.015625,76923.0769230773,rectangular_hollow_section,True
189.5762029552695,104.70199405595433,10.117523302763512,14.514277232615889,4,5353.943121919238,4728764929301.521,1831485687968.9448,0.0361328125,76923.07692307698,rectangular_hollow_section,True
215.29193772213324,221.29465940535468,9.078170279429699,17.538292936280314,4,7361.144194641157,10341919761028.627,10788931319909.023,0.001953125,76923.07692307675,rectangular_hollow_section,True
132.4226642915526,208.4296789734834,9.070599411369903,18.934946757751668,4,5593.140173492727,3118327801256.1143,6315493789923.68,-0.009765625,76923.07692307683,rectangular_hollow_section,True
187.17890794758634,62.73354282530558,12.018269883470856,17.31961528300197,4,5157.410506782669,3612642719382.666,569474345099.1732,-0.0009765625,76923.07692307692,rectangular_hollow_section,True
71.28806815044256,236.59080146284614,7.830051411055448,9.48238232825857,4,4488.990557340942,775068335537.645,5501432021705.842,0.01416015625,76923.07692307705,rectangular_hollow_section,True
295.9560557250741,140.36194337353268,12.838843631353754,14.772003756582462,4,10329.818517868403,22007679137159.445,6654132197165.459,-0.04296875,76923.07692307673,rectangular_hollow_section,True
288.61883160390494,81.559511678501,2.0726157319386296,12.536421554910014,4,1469.6213388297397,2778489257579.4316,393872662440.0716,0.0087890625,76923.07692307685,rectangular_hollow_section,True
186.21411653745577,91.07025266167359,11.528215418055256,17.460693256137382,4,5591.907361788435,4440443938607.998,1391380121751.983,0.0029296875,76923.07692307665,rectangular_hollow_section,True
47.804059424231845,242.30400777933326,15.803460789120171,8.586193804282184,4,8096.702713620169,419184977234.6561,8600262684987.652,0.005859375,76923.07692307657,rectangular_hollow_section,True
203.06799231978218,163.4425351098993,14.602954696248661,11.797677227134226,4,9712.1029241092,10781546801609.129,7594587431217.799,0.056640625,76923.07692307678,rectangular_hollow_section,True
63.917264290249776,255.37519666579843,3.8914975994687815,17.684412824252643,4,2301.982729870755,356380131406.11334,3141303000621.532,0.0126953125,76923.07692307733,rectangular_hollow_section,True
280.325905037562,46.51842354497475,19.329963058394046,17.686715260396344,4,10828.367810634245,14075004226599.078,445020222646.4785,0.0,76923.07692307707,rectangular_hollow_section,True
132.98911693983038,232.5644022536479,16.071231955331264,15.411484353698816,4,10479.138961859411,5503364920156.342,13746664998349.55,0.00390625,76923.0769230766,rectangular_hollow_section,True
235.80801790305213,274.33034633770524,3.80025606572935,8.110709578962211,4,3772.341441089057,6988318666819.168,8787323240199.3125,-0.1015625,76923.07692307651,rectangular_hollow_section,True
198.8966528348165,163.74894696482218,14.563730071198744,11.039746398486132,4,9592.66031909001,10267099156988.156,7498823603318.406,0.041015625,76923.07692307665,rectangular_hollow_section,True
196.20767101766177,67.9955159865198,2.08301370953902,17.27759805321958,4,1015.6819356992988,892417896128.7258,179135333363.23746,-0.0001220703125,76923.07692307673,rectangular_hollow_section,True
57.132783402300035,166.17400350243034,11.265397812831068,12.323883700053042,4,4372.885108969413,397326805135.1295,2466314535899.536,0.002197265625,76923.0769230767,rectangular_hollow_section,True
38.60530873226403,293.77945906159283,7.390434829394531,10.993623291173444,4,4586.585035480621,212343242645.97223,7237698096986.867,0.00244140625,76923.07692307713,rectangular_hollow_section,True
166.1145308878166,123.28269656767775,14.13066051398233,8.328073497515762,4,7310.688875297012,5178433735823.582,3167028458830.832,0.0185546875,76923.07692307697,rectangular_hollow_section,True
109.09625609193748,100.31866485838542,9.792242599788498,15.43772998501591,4,3511.2793801160897,1094533193476.6401,957250463530.9414,0.00048828125,76923.07692307694,rectangular_hollow_section,True
179.66754824620818,43.18409746049498,13.031509606820316,19.87447638610164,4,4780.737136035148,2621027489544.6143,205209778072.49335,-0.00341796875,76923.07692307691,rectangular_hollow_section,True
21.063463445382485,66.16504737067844,15.220837908590127,11.440981963277029,4,,,,,,rectangular_hollow_section,False
50.03708199497321,95.80933887226439,10.553641999894984,12.907996032976484,4,2471.8310090756386,153928005913.48572,466942916419.1387,-0.0010986328125,76923.07692307702,rectangular_hollow_section,True
269.7046215034421,52.94023700148183,15.127832763162127,11.334501467115215,4,8717.958702764272,11671069427177.05,605779521728.5884,-0.0234375,76923.0769230771,rectangular_hollow_section,True
275.946852531211,197.2674920222469,13.859714764982902,13.396557930040418,4,12169.397138578943,25212300997697.062,14814631607450.738,-0.06640625,76923.076923077,rectangular_hollow_section,True
128.2892446971689,201.84882147425222,15.948784613289074,15.79733264643967,4,9263.59117872486,4384247256111.4453,9227062803089.5,-0.046875,76923.07692307713,rectangular_hollow_section,True
85.24551930543831,164.0378051147555,12.964631296354927,17.060625382590267,4,5517.118349382611,1129085356219.3025,3328878688098.17,0.00537109375,76923.0769230772,rectangular_hollow_section,True
245.908605176786,50.2814399655133,14.320388274004872,9.682261129845063,4,7569.072636806006,8489791161969.57,474502778137.09595,-0.0029296875,76923.07692307714,rectangular_hollow_section,True
276.61656448099683,259.9666966916147,2.8113644310249906,11.446873069349413,4,2928.988216008823,7128391155529.434,6493990332001.176,0.013671875,76923.0769230765,rectangular_hollow_section,True
280.4281103505081,237.55579226984636,11.346978171467759,8.931397555202759,4,11160.318555625478,25700021928718.742,19830966208066.883,-0.1796875,76923.07692307683,rectangular_hollow_section,True
206.99258843946353,277.0298282970639,4.640625093019228,9.960140034079014,4,4335.284390076595,6311568895934.111,9828899843152.932,0.0546875,76923.0769230769,rectangular_hollow_section,True
95.38911292861066,84.21997077558096,11.753669110217738,16.393396678658476,4,3422.320145132547,744442917755.741,606573777482.585,0.00244140625,76923.07692307702,rectangular_hollow_section,True
49.481663739441345,246.61437065246716,4.753775197418966,16.436252947027718,4,2591.084329613755,229847357972.9488,3084416726384.994,-0.001708984375,76923.07692307717,rectangular_hollow_section,True
172.84081767999058,250.03179978713067,2.061779945209091,10.985358529601923,4,1685.6889707015673,1771887723304.275,3084277394516.2676,-0.00390625,76923.07692307708,rectangular_hollow_section,True
199.06000557365903,30.107104798872978,14.09209015983576,13.16215523890613,4,5491.296811252767,3476330899900.168,85388915329.32355,-0.003662109375,76923.07692307701,rectangular_hollow_section,True
207.47996402249913,261.0343288401066,11.855649093223331,18.936620848422262,4,10238.400992831796,13685996319125.18,19566030487582.613,0.01171875,76923.07692307672,rectangular_hollow_section,True
206.3376810514654,234.49801180323198,17.492696447716288,17.459626710565093,4,13893.99363593156,17006924553244.078,20885481246412.094,0.0703125,76923.07692307723,rectangular_hollow_section,True
141.92496953076554,104.04510189399893,14.42008130056637,9.505012211268841,4,6171.716618906241,3059480643914.6436,1817859350595.7612,-0.01953125,76923.07692307685,rectangular_hollow_section,True
85.25677864990949,221.58611699181336,6.3395588144979875,13.471568580113162,4,3599.1195469011654,913233580971.1375,4119050665349.365,0.0068359375,76923.076923077,rectangular_hollow_section,True
151.40609985672532,177.61018152673682,14.185155635605716,12.688969344107441,4,8368.4098115042,5471540169791.629,7085378931795.553,-0.0078125,76923.07692307659,rectangular_hollow_section,True
86.74150540122122,52.00114639908205,4.987826776655804,12.692662890067748,4,1182.7957719055375,212140506846.83966,95567142340.91086,-6.103515625e-05,76923.07692307686,rectangular_hollow_section,True
195.29465580021758,298.53335683071873,14.104477525863409,18.465717626895433,4,12812.664754221993,15477735110554.672,30227942198388.68,0.0234375,76923.07692307707,rectangular_hollow_section,True
127.8144125494384,113.0530713193395,15.929167641837548,16.56538132555591,4,6384.676442370023,2541520219583.6357,2070259571656.4785,0.0078125,76923.07692307666,rectangular_hollow_section,True
68.20032370843228,62.551911151633604,19.110196317339906,13.146582918743372,4,3363.770698625121,286525295630.4573,243499675131.00708,0.000244140625,76923.07692307688,rectangular_hollow_section,True
35.22524334502272,272.17774088125043,4.235470580340884,17.27513584762479,4,2403.8382995799857,106380986735.70737,3184785834127.6797,-0.001220703125,76923.07692307683,rectangular_hollow_section,True
33.545893857193796,76.73483333354281,11.312267072786891,9.844324114266918,4,1886.2698153545794,43016442337.06796,198624971103.77124,0.00018310546875,76923.07692307683,rectangular_hollow_section,True
157.14772532127535,40.37339123447295,10.824690193434634,11.434312225510647,4,3677.142258570814,1685041760783.1777,149475686040.53345,-0.001708984375,76923.07692307695,rectangular_hollow_section,True
52.41780406892999,160.1043681791415,14.360231410201724,11.455388094915419,4,5147.644245538892,340632339967.246,2532866797074.0986,0.001708984375,76923.07692307708,rectangular_hollow_section,True
245.55732125362752,273.1949480832865,15.418658556724617,8.382936845147135,4,14975.714475958868,27226358678894.5,32250413955573.89,-0.03125,76923.07692307669,rectangular_hollow_section,True
170.72651249096543,138.36454635721282,6.316774978397371,16.534432940705532,4,3576.323810210203,2955790927901.4443,2143838405280.8862,0.01416015625,76923.07692307688,rectangular_hollow_section,True
289.26490839820593,105.48878416267426,3.7929770444227366,10.31010200656078,4,2873.211403117349,5821828203375.855,1219204321230.1584,-0.0146484375,76923.07692307657,rectangular_hollow_section,True
229.44430873148718,23.785840628975503,17.63175144165396,17.632942788508522,4,,,,,,rectangular_hollow_section,False
25.158330855990524,288.6219857601925,18.630217650396684,10.842507432130704,4,4101.683705584965,66728267059.90779,6406000994254.172,0.001953125,76923.07692307707,rectangular_hollow_section,True
68.40807231260433,205.9484030260293,2.94172474951152,11.8522547039804,4,1518.4690918787103,269566513782.30957,1485148430597.2803,0.0028076171875,76923.07692307724,rectangular_hollow_section,True
235.11477232018146,277.9969220038234,9.605102263822417,18.50795335133369,4,9224.665055727453,16110597579863.262,20839877261291.46,-0.12890625,76923.07692307691,rectangular_hollow_section,True
42.087275083631496,211.59029373624915,8.13491214485607,10.062625232061048,4,3765.0419397085434,199909620158.99982,3229227566399.991,-0.004150390625,76923.07692307672,rectangular_hollow_section,True
59.63938536476605,251.7904366234594,2.925101632717063,9.255691749927584,4,1742.1114247646165,244368051045.63007,2387186426282.6514,0.00537109375,76923.07692307641,rectangular_hollow_section,True
110.24064225046261,104.33659338049137,8.283225834758206,11.953656235931483,4,3150.9182444632497,1054961919741.7434,966745124626.2466,-0.000732421875,76923.0769230769,rectangular_hollow_section,True
147.63465415809645,67.19757930993285,12.380843726204407,19.051978359019945,4,4387.9936122440795,1975149585034.7988,531518533265.78687,0.002685546875,76923.07692307701,rectangular_hollow_section,True
139.3890075255804,172.88773457363777,16.929576749655162,10.863297483437574,4,9308.972637098372,4974252502031.037,7112903707227.316,0.029296875,76923.07692307679,rectangular_hollow_section,True
90.7697776859363,62.58928364516632,3.1586062869267613,9.836548797239459,4,876.7318397824686,194105939232.52118,110164242836.1239,0.0003662109375,76923.07692307698,rectangular_hollow_section,True
276.278407720176,144.75926073407484,13.233480812292477,14.281979089611047,4,10240.212177767477,19406409865483.203,6883005149872.336,-0.015625,76923.07692307691,rectangular_hollow_section,True
117.79702550808172,143.58223052321546,2.7410159212525986,15.208674020376971,4,1326.975464430302,597088717774.6552,801978162829.1096,-0.000244140625,76923.07692307675,rectangular_hollow_section,True
140.09737918350731,278.3626718046955,10.135188552299729,16.860796909955095,4,7832.402184119755,5138906894162.998,15137569699462.633,-0.060546875,76923.07692307691,rectangular_hollow_section,True
139.7140365817842,265.3385644926667,17.039620463235533,17.411973659381566,4,12339.452337973276,7255577549429.082,20724849661988.25,-0.09375,76923.07692307686,rectangular_hollow_section,True
273.74468642407453,103.10524983912585,15.564056301690432,10.429185730648896,4,10652.899941324737,17726115127859.46,3440582956890.168,-0.017578125,76923.07692307691,rectangular_hollow_section,True
170.16600639059578,249.65525392549978,3.0326429158953756,14.618477892001794,4,2430.0799260731706,2446085951809.0947,4351286727789.453,0.0,76923.07692307726,rectangular_hollow_section,True
42.23119238105866,193.2203021107809,12.579452255016129,11.219042138714974,4,5164.864284009347,219966539212.87903,3504760614212.1113,-0.003173828125,76923.0769230769,rectangular_hollow_section,True
106.71798112639155,27.04756834398872,11.125352803536408,19.858487760416665,4,,,,,,rectangular_hollow_section,False
190.8672272743574,187.24131562293417,14.240546172188271,13.216024555286001,4,9783.1084002804,10071758405214.562,9767045003503.402,0.056640625,76923.0769230772,rectangular_hollow_section,True
181.0036965784341,149.80547694183295,17.90906160948093,10.830340580333182,4,10448.729511097137,8810812850972.355,6435494182876.742,0.0078125,76923.0769230769,rectangular_hollow_section,True
97.57646237901953,89.21238566234067,2.0797611750123983,11.415167804024792,4,716.4945229180688,204919070438.70148,179323991735.24738,-0.00030517578125,76923.07692307685,rectangular_hollow_section,True
53.15825721683868,106.73897217954065,11.81633867456939,9.862069307547012,4,3123.0357816305336,220125834950.11566,744366728312.5137,-0.001220703125,76923.07692307683,rectangular_hollow_section,True
40.6532928591469,216.6526627818489,15.834623197757978,12.397971874460223,4,6992.034834368582,230953197092.03564,5601379839857.959,-0.0009765625,76923.07692307718,rectangular_hollow_section,True
165.05503935138108,188.43517522910557,13.590122785228825,8.389542885666184,4,8798.800659950684,6986854841715.674,8651074293975.635,0.025390625,76923.07692307698,rectangular_hollow_section,True
281.64101661084595,39.94102655077439,3.158074550650799,14.684377232649394,4,1908.4911122462884,2845983403026.4473,118003290321.1417,-0.009033203125,76923.07692307718,rectangular_hollow_section,True
204.85502966621672,277.67429434957523,16.44624679063819,10.083714835826548,4,14687.995254082358,18836370044778.273,30683299211677.92,-0.1171875,76923.0769230767,rectangular_hollow_section,True
150.520953444486,204.5445829552343,6.728660247315119,13.226246363862781,4,4464.416277497929,3281342086760.915,5260770255160.018,-0.021484375,76923.07692307694,rectangular_hollow_section,True
283.7562767704246,287.08939319111323,10.43304303756825,10.599340653776418,4,11363.60296954382,28269318783610.367,28784998795489.68,0.0859375,76923.07692307663,rectangular_hollow_section,True
142.53049327114786,77.56440775007448,18.815503976396222,18.1074700474926,4,6538.41973963467,2680872727341.534,918775648872.1084,-0.0078125,76923.07692307679,rectangular_hollow_section,True
128.8699427406286,262.1699788135247,7.732508414460769,12.484458183015567,4,5674.991552575883,3251018239487.6416,9879467556976.3,-0.04296875,76923.07692307657,rectangular_hollow_section,True
116.03274638750086,281.97823609149003,12.81962950780213,12.890997409230245,4,9381.162347137239,4085997204605.1445,17350557408089.242,-0.06640625,76923.07692307686,rectangular_hollow_section,True
243.084818842156,200.1126011778267,10.558346422734926,10.93862959170718,4,8793.440069680846,14942823450986.215,11022967343917.422,-0.078125,76923.07692307697,rectangular_hollow_section,True
213.26271862319373,110.83909860276927,13.057897492123026,19.561138556286508,4,7441.7958677560455,7938661667925.09,2759543766702.877,-0.02734375,76923.07692307707,rectangular_hollow_section,True
41.230666258963915,137.36461749054163,16.11393432850999,10.313826967770098,4,4610.73480254706,152116639205.7403,1513503045786.7812,-0.0048828125,76923.07692307694,rectangular_hollow_section,True
167.56038165626748,200.72853387155462,9.379278225341697,18.030223350464723,4,6306.43486946641,5413947879977.951,7161342393682.924,0.01953125,76923.07692307697,rectangular_hollow_section,True
261.03431988580303,127.51040723018221,16.28863979060152,9.441987444325138,4,11507.29993324901,18640409586016.79,5694446289528.451,-0.10546875,76923.0769230769,rectangular_hollow_section,True
234.24799035137983,71.07877473983001,7.200408951155421,19.860921055557963,4,3955.4039700950684,4559759457297.234,679796320317.6572,0.0029296875,76923.07692307695,rectangular_hollow_section,True
174.36200875708224,153.85337828321252,17.176612510448706,15.891907615384188,4,9842.56024932389,7775616259269.344,6331131439562.965,-0.0234375,76923.07692307686,rectangular_hollow_section,True
146.864512335705,188.15139389694127,13.70105723439699,16.403981721129284,4,8167.483518566682,5110982746323.396,7605351716286.67,-0.033203125,76923.07692307669,rectangular_hollow_section,True
182.84967922818,25.695916703632893,12.676268403170976,17.0446697004537,4,,,,,,rectangular_hollow_section,False
218.90087694722973,268.6200775958239,9.317155274317566,17.530651268150706,4,8497.517118854927,12944515443413.926,17735176917357.133,0.00390625,76923.0769230769,rectangular_hollow_section,True
94.36603623428428,204.41273704657047,19.24079199532372,11.172554305060418,4,9891.82218250094,2330732861830.6074,8931034673451.906,-0.009765625,76923.07692307695,rectangular_hollow_section,True
201.54932819388765,177.81671831142637,6.181419442889651,18.439240075911904,4,4347.450118458818,5212959325767.65,4310693604774.1484,-0.0029296875,76923.07692307688,rectangular_hollow_section,True
200.86042285436267,164.4749126657026,11.58069851355326,12.513107979748025,4,7769.517957864153,8702823791086.021,6341679393030.678,-0.033203125,76923.07692307659,rectangular_hollow_section,True
148.85032991726254,166.0952213311308,10.280350912063053,11.49080345730282,4,5922.18574182264,3873841815371.3535,4608168345476.601,0.0029296875,76923.07692307695,rectangular_hollow_section,True
32.820503937489285,93.31414130588388,3.6097579740190495,13.164250160788589,4,776.500511061907,26674051923.731773,136825141869.83856,-0.0001068115234375,76923.0769230771,rectangular_hollow_section,True
147.16186590372263,167.30535807756254,6.646138625651421,11.383118400512117,4,3896.164485948688,2617959440074.982,3191432557785.0713,0.0009765625,76923.07692307676,rectangular_hollow_section,True
137.63670581087473,92.13185253856345,2.0619833183461544,10.599758204856714,4,891.0894939846605,475128290703.83496,260204054632.57623,0.0009765625,76923.07692307673,rectangular_hollow_section,True
232.8717635271354,251.84450003213,6.861298042128768,16.632223988844885,4,6282.095976043715,10756599161175.703,12117734295601.324,0.05859375,76923.07692307702,rectangular_hollow_section,True
125.45831899698626,230.63889600265443,19.75086970898266,14.935151586822604,4,12283.013224412693,5411307143796.533,15092877774063.285,-0.0078125,76923.07692307701,rectangular_hollow_section,True
281.72051479933305,38.35287356907593,6.457938117288531,10.812116300312463,4,3869.2654199994613,5678639215526.371,185150420574.752,-0.004150390625,76923.076923077,rectangular_hollow_section,True
25.43645062529331,232.05581388237124,5.489444612333701,14.656953972379224,4,,,,,,rectangular_hollow_section,False
197.86024477278394,56.028487867841356,19.483357644656802,14.302169850243995,4,8170.252997108163,5719469014020.906,541870559670.0974,-0.0224609375,76923.07692307678,rectangular_hollow_section,True
96.07106265990653,90.50367438602365,18.548118148052172,12.798640097336381,4,5381.28459666189,1088591522615.2891,978848047998.6895,0.0078125,76923.07692307714,rectangular_hollow_section,True
176.68723463564783,108.48666111104265,12.922341919033018,9.656387394733647,4,6609.0356742360555,5107986604342.055,2290695504515.294,0.0185546875,76923.07692307707,rectangular_hollow_section,True
57.69710892464898,293.9922401294844,7.007761694626939,18.46105820072988,4,4523.042732510937,520424949639.2555,7566204406080.234,0.00341796875,76923.07692307721,rectangular_hollow_section,True
90.28190825173864,157.3652546936066,11.105732890981917,18.2235843538679,4,4725.8220563228115,1119131848272.7622,2739806109909.177,0.00048828125,76923.0769230769,rectangular_hollow_section,True
204.67907507507135,37.576616967177834,16.804955401260244,12.138659637410104,4,6865.219038996501,4747946863462.137,173242647605.932,0.00244140625,76923.076923077,rectangular_hollow_section,True
250.24630088083276,62.0266278948977,9.767902308455493,15.957871569936007,4,5502.5173160986205,6854267704797.766,665259579329.5906,-0.00244140625,76923.07692307711,rectangular_hollow_section,True
95.11991613852476,193.38913165155105,4.570498096536383,16.60904972058949,4,2422.7684886983234,763725929767.4827,2259730125469.6123,0.00634765625,76923.07692307678,rectangular_hollow_section,True
299.94328522696014,261.97830510408244,6.630473160604724,13.730994947370089,4,7137.636536174219,19545448500431.062,15907661969546.414,0.109375,76923.07692307678,rectangular_hollow_section,True
114.94273410075171,226.32870084163892,15.807292100620364,12.969649433790993,4,9621.460774811663,3751241102792.963,11550133934751.48,-0.04296875,76923.07692307679,rectangular_hollow_section,True
241.96420312594412,119.32842597347327,6.690151304678276,13.837634903206812,4,4514.778592038896,6683163984296.914,2226605823093.75,0.0185546875,76923.07692307697,rectangular_hollow_section,True
112.91346792260423,145.43693256172327,8.606671999880163,9.211609847965079,4,4066.2872981673445,1566639989833.146,2342635078543.294,-0.01318359375,76923.0769230768,rectangular_hollow_section,True
240.13108240696556,169.15468425633202,15.763136343522099,18.530130598586535,4,11573.639334422154,17313342546193.309,9873265615092.076,-0.0625,76923.07692307698,rectangular_hollow_section,True
157.94460155754626,123.01520205349397,8.323619824870157,9.35766746760368,4,4313.577908794179,2975271295885.1523,2005382596576.708,0.00048828125,76923.07692307711,rectangular_hollow_section,True
39.9153391575772,94.2190260462842,19.261566266882383,11.247280013846858,4,3556.742880156844,92219697534.01556,502470946819.239,0.0008544921875,76923.07692307688,rectangular_hollow_section,True
118.91223044352444,49.49609901905489,11.933816706918769,12.2368761187903,4,3300.1950545328255,924673868106.4805,199270579037.10822,0.0023193359375,76923.0769230767,rectangular_hollow_section,True
210.58599972549086,275.19447508149875,9.308200886881341,13.674396769619921,4,8528.988617327332,12225326702183.875,18491368177776.223,-0.0859375,76923.07692307695,rectangular_hollow_section,True
85.9559288953231,29.542244104301396,19.68265149611818,8.728876686302861,4,2005.4752835611296,270657600051.0199,33712698226.522552,0.000579833984375,76923.07692307682,rectangular_hollow_section,True
139.11246452825424,265.43304047295567,2.663370275573845,19.629694342054748,4,2029.0660337416828,1431827464081.088,3771623799288.713,-0.02490234375,76923.07692307717,rectangular_hollow_section,True
25.172733295825935,118.25605214355355,19.72012396155459,15.812716667282444,4,,,,,,rectangular_hollow_section,False
267.2565530221875,216.61832578303338,17.00855025277928,8.413143494864507,4,15232.07627416165,30057088296850.9,21447553117931.938,0.1015625,76923.0769230771,rectangular_hollow_section,True
201.7380911618813,171.24928944850947,10.408903225292836,19.54677769359114,4,7032.822264239627,8009402390092.375,6209146350058.635,0.044921875,76923.0769230768,rectangular_hollow_section,True
173.7992059936342,143.11450260539152,9.947344427487497,10.084606763830163,4,5807.420529185346,4890387846191.065,3594688709078.1973,-0.0185546875,76923.0769230768,rectangular_hollow_section,True
88.22098459342459,177.3279611951298,13.56909289755688,12.38952006084168,4,6316.535292918333,1406751213010.6978,4524495266003.947,-0.0068359375,76923.07692307685,rectangular_hollow_section,True
131.06029371329709,116.03460255253253,14.074990658542331,11.30242386772062,4,6035.55047999223,2656404458762.1865,2170162726976.3188,0.0068359375,76923.07692307691,rectangular_hollow_section,True
75.33001680084756,129.7248134215247,18.978133983731368,17.91446543533575,4,6021.509734091285,772296496036.3413,2023665825979.9863,0.00830078125,76923.07692307715,rectangular_hollow_section,True
195.86349078646765,289.76107784792043,3.2695295248416008,16.98411823975583,4,3032.3981082593555,4059770218522.3926,7308306034676.9375,0.0234375,76923.07692307702,rectangular_hollow_section,True
202.64976622853794,146.7747524904577,12.431851936325998,16.418818918233704,4,7816.102280051199,8453580753064.332,5061918690947.695,0.0703125,76923.07692307685,rectangular_hollow_section,True
284.6444177925267,273.39776081452817,6.832108485891283,16.598446560767,4,7258.371513603159,18234594213585.43,17151966433053.2,-0.0390625,76923.07692307713,rectangular_hollow_section,True
261.8089367370528,45.60372952592141,6.749753720077951,10.067204979846451,4,3877.339741043072,5146584568848.5625,268931481081.28412,-0.005859375,76923.07692307676,rectangular_hollow_section,True
246.73521796218097,204.896781567933,17.26380396605774,15.904962231971325,4,14148.649076259,23437813348702.15,17392253784619.68,0.28125,76923.0769230773,rectangular_hollow_section,True
167.73121856680908,179.1749411320824,4.476867947134216,8.785465879172907,4,2967.3163530001916,2655381485525.239,2936411347780.457,-0.01953125,76923.07692307708,rectangular_hollow_section,True
220.9016326950965,237.56136829378326,7.269013553065384,13.926110403278384,4,6304.173690904285,9660096101156.766,10796959951221.113,-0.005859375,76923.07692307697,rectangular_hollow_section,True
130.47226988597856,143.11809334130555,5.734740822200433,16.708259816991365,4,2847.642812946019,1468437887998.2607,1690393255270.539,0.001953125,76923.076923077,rectangular_hollow_section,True
82.00393393340875,256.7764531650723,9.8752099043468,14.784005003245827,4,6106.5052509141115,1349645636976.2751,8707922143045.934,0.015625,76923.07692307708,rectangular_hollow_section,True
26.663028175052172,224.74522706102093,4.987575495783879,19.337450521785023,4,,,,,,rectangular_hollow_section,False
172.7615898450524,247.82057951725488,8.226698340270001,16.426463000849896,4,6446.698460723477,6282279513139.83,10955627569344.836,-0.01171875,76923.076923077,rectangular_hollow_section,True
140.09274982456674,172.87146951593164,4.737184160213974,10.499808499380993,4,2798.3364908266594,1779474389443.5107,2453031654311.43,0.00244140625,76923.0769230767,rectangular_hollow_section,True
211.93220124163147,109.63088019674757,8.464060430581272,9.918815078505345,4,5060.63084971071,5728817954836.719,2011755095105.8154,0.0,76923.07692307704,rectangular_hollow_section,True
95.36776628390936,151.81060538873072,12.87495048147108,19.820773509649186,4,5357.142586168395,1350644473863.0435,2874730938580.874,0.0107421875,76923.07692307692,rectangular_hollow_section,True
104.37385063714473,278.40400909899256,16.59925928845564,19.73299437223717,4,11225.945480259808,3628618527930.3555,18669796288949.586,0.04296875,76923.07692307673,rectangular_hollow_section,True
233.99438242342322,214.65691855592792,5.512742202525285,13.02962925416093,4,4711.76896833341,7911456907536.721,6939751816650.426,-0.037109375,76923.07692307644,rectangular_hollow_section,True
88.73694064556143,50.56092598378537,8.741410775100384,17.72349854273371,4,1896.2261953195066,305833751281.34985,123076606007.18759,-0.00067138671875,76923.076923077,rectangular_hollow_section,True
195.53945113525478,135.13359376783768,17.222923041380476,15.96424351792093,4,9948.9394249931,9373665628794.79,5094268246270.592,-0.03515625,76923.07692307679,rectangular_hollow_section,True
295.8097507670963,128.63990599610534,6.408841505016808,12.861796666676414,4,5152.382973185815,11216943609089.977,3069276085523.9546,0.052734375,76923.0769230766,rectangular_hollow_section,True
102.86300135490262,23.07061890181601,14.548201866148482,13.777320855552736,4,,,,,,rectangular_hollow_section,False
185.39171762613776,281.6409690324847,7.499176878250498,18.745850245088292,4,6554.851595359038,7549686354040.512,14315777984011.691,-0.0625,76923.07692307713,rectangular_hollow_section,True
251.51768769095315,40.50619612279945,3.3954363973090196,13.512740955864908,4,1856.7467780471095,2252090417339.377,115813371939.3981,-0.0042724609375,76923.0769230766,rectangular_hollow_section,True
36.603664395849194,246.06118177074114,7.496340004842942,11.373083479402796,4,3898.805246828044,156161016790.62466,4310221468406.7793,-0.006591796875,76923.07692307669,rectangular_hollow_section,True
256.06242384703364,151.6442699348405,3.0253006822168356,16.086620100072626,4,2342.07961950516,4222268844557.593,1919962512597.189,-0.0283203125,76923.07692307685,rectangular_hollow_section,True
236.74735022647783,119.18964100453874,5.9001220040288676,11.786291520210472,4,3956.6279131441643,5701650140672.479,1967345351222.5894,0.0078125,76923.0769230768,rectangular_hollow_section,True
155.15543589683816,57.651860579188046,8.234400984782468,11.472868485287151,4,3112.3207455003867,1620482616845.5063,316897726298.90314,-0.000732421875,76923.07692307685,rectangular_hollow_section,True
125.20343480574434,220.25851576321375,10.850697389427067,12.521405865487175,4,6872.061296985968,3425720320736.868,8439848034979.84,0.015625,76923.07692307683,rectangular_hollow_section,True
254.81353215971575,212.60862032517934,15.242157028425895,9.428227709894344,4,13230.858812212939,24081740837070.28,18036117105762.453,-0.0703125,76923.0769230768,rectangular_hollow_section,True
191.0836834706762,202.52840002640653,18.223418372862245,14.95941998285232,4,12793.759193369786,12936906462362.367,14222814187809.191,-0.140625,76923.07692307708,rectangular_hollow_section,True
152.20869223285985,297.382542238808,13.068303751008651,18.533091776421983,4,10754.055797388593,8088557262984.811,23462412621205.336,-0.04296875,76923.07692307685,rectangular_hollow_section,True
291.519658471289,189.19818951299504,11.608691146094298,16.585284624199577,4,10371.658027408059,23673968964465.93,12038965107217.781,-0.06640625,76923.07692307679,rectangular_hollow_section,True
271.77709286522565,297.2952034372972,5.987800398238848,12.859899325050494,4,6553.416363426937,15649979084823.781,17934783972420.027,-0.1484375,76923.07692307654,rectangular_hollow_section,True
156.82736228684368,137.80270782869314,15.269641231212383,19.663372139789193,4,7697.79982725172,4852493245879.697,3933794193600.954,0.0,76923.0769230767,rectangular_hollow_section,True
130.5759355837228,283.1783268317215,2.7084022992732124,8.326556822041464,4,2174.1163309923163,1399311461136.4055,4565978439142.863,0.00634765625,76923.07692307718,rectangular_hollow_section,True
261.91506789755755,30.638785143755733,4.624413879762378,13.904122398092106,4,2513.02775276318,3060130544974.2764,79792631720.70718,0.0020751953125,76923.07692307672,rectangular_hollow_section,True
48.33893622874993,116.96445994389346,15.640104579067263,14.631527473638652,4,3978.1917256417155,194515696377.9356,980788322591.7437,-0.001953125,76923.07692307691,rectangular_hollow_section,True
171.97911771528962,90.36128936436435,17.589692072941645,11.638669841595071,4,7855.9262530772785,5118533371136.961,1682966892510.8237,-0.0009765625,76923.07692307665,rectangular_hollow_section,True
256.9139157331723,102.08423125063673,14.006646750371743,12.16526744047877,4,9123.982113023432,13579334003493.14,2936264392379.8096,0.0625,76923.07692307692,rectangular_hollow_section,True
213.9202451389732,203.42523212960666,18.843246722310464,15.640490935154947,4,14063.390848380248,17549524821667.887,16171553882324.91,0.09375,76923.076923077,rectangular_hollow_section,True
80.50605935290616,176.72600018292218,15.276606208588458,8.351217852532095,4,6856.024126876305,1212781639488.6055,4701713745389.148,-0.0166015625,76923.07692307679,rectangular_hollow_section,True
293.9915902553105,209.06811350088847,17.94792982775447,9.852470708501656,4,16672.176604904165,38512926009457.78,22234556455105.297,0.171875,76923.07692307654,rectangular_hollow_section,True
227.44506246112542,86.27069533508185,16.55041592540758,19.558055537735207,4,8915.115838167996,9520376302143.598,1834387918670.599,-0.0458984375,76923.07692307685,rectangular_hollow_section,True
147.88770021587985,177.8824885653132,8.466259357657485,17.878019577022958,4,4998.357274815052,3325160572981.924,4423397455517.7,0.00390625,76923.07692307683,rectangular_hollow_section,True
198.7653365501571,243.29941185603718,16.567100115576913,19.98843300946902,4,13161.754728464177,15227395594736.992,21019194103909.375,-0.11328125,76923.07692307711,rectangular_hollow_section,True
66.8505138655534,65.56026185713645,14.052014950835822,12.087502392584335,4,2785.332189409168,262793073082.20007,253828798608.8689,-0.0010986328125,76923.07692307694,rectangular_hollow_section,True
286.26972741204213,259.89260848331253,18.507257273882853,14.163814359504741,4,18645.2458030231,43310465507926.91,37118397370755.234,0.109375,76923.07692307726,rectangular_hollow_section,True
255.88203560150993,109.86091263209538,9.189794323996319,14.277260822270904,4,6206.437799352031,9690420229115.195,2526289729894.675,0.052734375,76923.07692307678,rectangular_hollow_section,True
252.69204797312887,50.19955804739642,7.668639989212224,15.987008582365487,4,4223.912020153667,5151452843923.344,344917737341.0557,-0.0009765625,76923.07692307692,rectangular_hollow_section,True
66.31837813888798,144.26495714400588,13.46019066242986,19.457460140923786,4,4601.651241862479,521696037732.67444,1936129472312.2832,0.0,76923.07692307721,rectangular_hollow_section,True
146.19771991280993,191.21618049945658,19.33246699842151,16.021247912969987,4,11294.428683388782,6550720583441.342,10240931250488.066,0.013671875,76923.07692307762,rectangular_hollow_section,True
120.71295663627207,244.24658759744165,9.593512831422707,18.58419247848417,4,6369.806297764861,3056962457294.123,9266201640888.176,-0.0234375,76923.07692307708,rectangular_hollow_section,True
63.66885542485262,161.62508638236787,6.710717487331125,15.393046439660289,4,2682.070030714738,352042917388.22046,1550445567585.3271,-0.001708984375,76923.07692307682,rectangular_hollow_section,True
259.6556097057693,106.97008234448515,15.264880924787963,9.580339157562392,4,10169.145809264499,15587557675834.383,3543292812020.782,0.001953125,76923.07692307688,rectangular_hollow_section,True
298.7134543740379,141.24416435604985,2.679734018425763,14.875737010499224,4,2256.6698348924774,5246279507916.885,1687916342793.7651,-0.0087890625,76923.07692307669,rectangular_hollow_section,True
152.13716668482684,142.96775770578412,17.4243810772113,10.140525773232367,4,8966.77483403403,5371637797691.402,4840982252999.268,-0.03515625,76923.07692307708,rectangular_hollow_section,True
141.65138180103793,116.75770368550042,11.438890029019102,12.74768828023948,4,5227.642798748046,2761151989027.4893,2021066885559.9507,0.00390625,76923.0769230768,rectangular_hollow_section,True
137.47479641639805,246.86512649511158,4.876600306471293,8.842733916078659,4,3590.95572222115,2399365605146.0234,5906770556120.551,0.029296875,76923.07692307688,rectangular_hollow_section,True
221.08466007090527,272.66636942532136,4.00716722092548,18.13762453513253,4,3763.5527249759384,6124226998273.352,8388688083992.602,0.01171875,76923.07692307666,rectangular_hollow_section,True
52.13707082342333,101.79959124792252,10.25015593497166,9.299441145417354,4,2649.007188298604,187685809103.25757,592406327028.7686,-0.001220703125,76923.07692307679,rectangular_hollow_section,True
138.0519982933428,209.04863789932799,4.013626616839872,13.091819136556088,4,2632.8457609331126,1718235228278.9414,3223517925219.0303,0.00048828125,76923.0769230766,rectangular_hollow_section,True
216.22619392222066,158.89835888359877,2.9524638445257807,14.61305209417274,4,2102.6432145141553,2867298207866.3623,1806497156289.8667,0.0146484375,76923.07692307764,rectangular_hollow_section,True
66.75331775298031,266.26922367201524,14.802949529815926,19.801524405731605,4,8615.807868880787,1054071148281.7175,11572652345338.855,-0.0234375,76923.07692307686,rectangular_hollow_section,True
253.58281028513406,98.53213705965796,8.219691697873992,9.842344909958033,4,5424.060542462352,8239178083258.119,1814595169190.337,-0.013671875,76923.07692307718,rectangular_hollow_section,True
141.6346124848548,102.17446000258835,14.93250199811756,9.903311590244737,4,6291.364880007286,3063780507899.042,1767086758514.2114,-0.0087890625,76923.07692307705,rectangular_hollow_section,True
197.8695073065106,224.16832332841625,4.052992246632714,16.317951780457676,4,3239.478808150084,4110097497943.3965,4957842847373.285,-0.0126953125,76923.07692307651,rectangular_hollow_section,True
265.99423510847544,58.61579048657631,5.099394504824764,13.028486542772821,4,3099.7429031484176,4506910328586.988,391780722151.43976,-0.00439453125,76923.07692307673,rectangular_hollow_section,True
162.37110379990244,55.48682560673686,18.60862689195781,10.483916318049284,4,6613.037366985055,3225889724250.05,435530889913.28394,-0.00439453125,76923.07692307694,rectangular_hollow_section,True
256.73967657149365,251.2592175517111,9.417299610070517,10.363099568319832,4,9106.714152200424,18369674227919.46,17766451867924.74,0.13671875,76923.076923077,rectangular_hollow_section,True
63.28762911658017,250.55022177206513,17.08288640086918,19.416170307531235,4,9183.669223285206,913795057851.3125,10588550896581.035,-0.0107421875,76923.07692307701,rectangular_hollow_section,True
84.48035050939932,181.6044307306731,7.263904153161132,13.084798933291378,4,3517.2423338168333,826899690316.8174,2778149778604.5234,-0.00537109375,76923.07692307692,rectangular_hollow_section,True
89.41084889342584,242.29939977113222,18.37241936326758,16.394344744496085,4,10569.681878477762,2296323034110.7954,12836062442765.648,-0.08984375,76923.07692307688,rectangular_hollow_section,True
258.433956685072,191.78852452917516,14.142053745965097,18.428689651334697,4,11612.90896245217,20941545195145.17,13074272527234.355,0.00390625,76923.07692307686,rectangular_hollow_section,True
167.0583439768953,117.27226945743543,14.399541159299748,9.650537687885276,4,7265.940721934311,5092803811482.178,2835706838812.4785,0.0205078125,76923.07692307702,rectangular_hollow_section,True
122.08950693817029,23.54267431481287,15.97956909398988,13.915888708249152,4,,,,,,rectangular_hollow_section,False
166.26516468120073,158.32778348970123,12.102551417391345,10.550886839861185,4,7159.597473571954,5575318026624.141,5154966399211.516,0.04296875,76923.07692307695,rectangular_hollow_section,True
102.37466039340049,160.30023960593687,19.384243055838645,11.522568016705826,4,8547.743123419616,2283015828093.381,4966303178095.393,0.013671875,76923.07692307673,rectangular_hollow_section,True
84.50243612257898,146.07233116281571,13.236317851310895,18.07098499683388,4,5099.934883171582,988621170926.332,2442488650812.004,0.0068359375,76923.07692307679,rectangular_hollow_section,True
112.80845527982085,133.33775294266428,18.258626026710186,10.550389898328582,4,7543.762703114358,2409107153564.092,3211454774155.617,0.0341796875,76923.07692307679,rectangular_hollow_section,True
79.32482298773493,77.11458518382538,11.006473740563688,14.731215237454174,4,2755.9876160988097,413893259977.06104,394958948002.25916,-0.00048828125,76923.0769230768,rectangular_hollow_section,True
279.30322108319973,51.32734230127785,19.618029042066137,13.309536689868846,4,11256.027968462384,15191474500892.195,604304852819.0828,-0.0283203125,76923.07692307669,rectangular_hollow_section,True
256.4098145858288,201.32493732202028,10.576056549991044,11.003621362787577,4,9113.748482126173,17084811272781.871,11706662648104.145,-0.08984375,76923.07692307683,rectangular_hollow_section,True
91.11672139730999,127.8244877593876,8.251324446450809,14.943452385385845,4,3162.250289574763,773401284754.709,1319602041273.8423,0.0,76923.07692307686,rectangular_hollow_section,True
279.99490072822823,210.9799450909002,10.272898971852708,16.046660873317734,4,9441.181165809528,20911158552525.54,13488659989422.207,-0.109375,76923.07692307686,rectangular_hollow_section,True
193.9735883307667,73.91475689692987,10.182160080478099,19.552228069129782,4,4746.167045632301,3794848794328.3496,791257253968.542,-0.0107421875,76923.07692307701,rectangular_hollow_section,True
266.6389545371014,168.71660907292912,4.273580704805783,18.568840470142,4,3507.552919938261,6912487221463.879,3467073441384.824,-0.0087890625,76923.07692307683,rectangular_hollow_section,True
130.46397279227423,213.42951431137686,3.1940843293773113,11.421766339465922,4,2093.27890239829,1254749843859.8738,2644484485681.8584,0.001953125,76923.07692307637,rectangular_hollow_section,True
254.24669908432207,84.88158545174142,19.123447341752282,8.108581030907128,4,11442.029743582378,15211483672866.79,2204777407726.798,-0.05078125,76923.07692307676,rectangular_hollow_section,True
27.724759655906187,117.32381853733533,8.830603592388243,10.517957895303436,4,2142.0344783606274,37056699975.70111,511858061580.7307,0.0001220703125,76923.07692307685,rectangular_hollow_section,True
177.04077418444504,122.71536267428397,15.02769849285129,17.680128872645753,4,7800.411234187673,6008407370981.301,3302470041602.675,0.013671875,76923.07692307667,rectangular_hollow_section,True
247.21316661894298,32.23419433323173,7.643826245835382,12.415476749486212,4,3907.0064108572697,4204794066813.424,113937289681.68771,0.005126953125,76923.07692307682,rectangular_hollow_section,True
126.9369686059865,61.62438555358367,4.9384705624456,14.978594757879007,4,1641.3012204183035,619764012695.1567,202357623752.43384,-0.001220703125,76923.07692307711,rectangular_hollow_section,True
190.25958426815913,34.04634841349364,9.295276733483048,10.374809896068422,4,3717.891467737392,2421841880778.4014,109966581500.27515,-0.000732421875,76923.07692307679,rectangular_hollow_section,True
218.98384466003355,29.706162563735823,8.68888960730806,11.79660573705901,4,3890.1908206114713,3218245339741.215,85270337009.19244,-0.001708984375,76923.07692307683,rectangular_hollow_section,True
63.120331838695456,169.2907372317465,14.55154861085182,14.302187744573786,4,5712.339096380067,584975002463.0637,3272272416397.749,0.005859375,76923.076923077,rectangular_hollow_section,True
174.54798183805016,237.99861367897236,18.50717728298985,12.079552678275908,4,13754.16792461164,12172311839593.96,20215008285627.695,-0.04296875,76923.07692307688,rectangular_hollow_section,True
247.6197313659331,79.83074317285227,6.410297890556798,13.363303455614856,4,3903.5089033538884,5354212733952.824,883651165087.7319,0.013671875,76923.0769230768,rectangular_hollow_section,True
63.52916853029506,224.9902762622565,15.80847950236658,12.839402153709461,4,7957.625113702977,829446923942.1042,7818605680337.129,0.0244140625,76923.07692307698,rectangular_hollow_section,True
288.8613152363647,146.18821094830662,19.3155592778945,18.360514139161175,4,14976.978023354097,29317180023631.234,9533243176320.543,-0.01171875,76923.07692307705,rectangular_hollow_section,True
220.38455647953492,294.24548943854705,2.2000456834048983,11.081846251447656,4,2201.1374830986433,3713516593846.0977,5730321563224.568,-0.0390625,76923.07692307688,rectangular_hollow_section,True
261.29304967839676,103.94103359241262,3.6728951397240786,13.386464068479128,4,2544.1283448611553,4250144386852.407,1030212447192.9692,-0.0234375,76923.07692307739,rectangular_hollow_section,True
186.10271297283967,255.67095674404072,7.0030878185231655,17.018067809450436,4,5802.071846153094,6617821822114.775,10750199127236.277,-0.03125,76923.07692307705,rectangular_hollow_section,True
49.499316252445496,279.2031028427454,17.399473546014093,11.97300110586841,4,10084.178616920246,537586516107.48975,13843302636943.352,-0.0068359375,76923.07692307702,rectangular_hollow_section,True
224.38311356972133,215.32528389079573,5.445626379155913,14.641517319340757,4,4540.546290820562,7066599207129.643,6638700567231.959,0.0078125,76923.07692307749,rectangular_hollow_section,True
248.77839576920223,77.08888212474717,9.039655920566238,19.987830786333795,4,5284.9437725649595,6868565405101.189,1034801929500.394,0.0009765625,76923.07692307721,rectangular_hollow_section,True
85.7000956597625,135.14685226441264,15.89978921704622,17.04790503310764,4,5722.313757767964,1060429842766.7329,2300305096660.205,-0.00341796875,76923.07692307683,rectangular_hollow_section,True
271.4476544391402,288.9111072176889,3.6280321293450384,12.276256829988505,4,3937.434022692655,9470370753709.521,10402169516087.482,0.15234375,76923.07692307724,rectangular_hollow_section,True
276.4312913113499,122.45858633812297,2.0855464504025667,17.530187558159874,4,1577.6381840030374,3058135963506.828,897085046653.1438,0.00439453125,76923.07692307717,rectangular_hollow_section,True
250.5800481244683,93.22595529274503,15.057638781494953,11.276560759772302,4,9319.722455466903,12793768918067.953,2411108387189.7305,0.048828125,76923.07692307691,rectangular_hollow_section,True
105.68853392457729,269.43335286311185,19.404588126813724,10.57393632555408,4,12940.211130034648,4094887020051.0176,20390007684479.953,0.0390625,76923.07692307736,rectangular_hollow_section,True
274.50736583055186,45.97898697040128,10.764476934973727,16.199035111440537,4,6203.365734696715,8413370332117.969,364153607732.7174,0.00048828125,76923.076923077,rectangular_hollow_section,True
91.57443170847719,35.31687707854419,18.58066728539997,14.500705801078338,4,2923.4898347639482,371597755209.6709,58440097739.19757,0.00103759765625,76923.0769230769,rectangular_hollow_section,True
164.00082478848515,88.80259289327579,13.725379857079567,11.524588128584146,4,6053.285533282338,3758287670250.795,1342465037363.0098,0.0048828125,76923.07692307683,rectangular_hollow_section,True
244.6068524281326,137.5165674944178,12.723941397601777,17.78600663684947,4,8785.919737133483,13061218340801.355,5212656226549.244,-0.02734375,76923.07692307723,rectangular_hollow_section,True
58.27247348658601,140.6443664953491,12.554313203138419,16.24172537645543,4,4113.8888663451635,360204455939.20996,1625366151457.767,-0.0009765625,76923.076923077,rectangular_hollow_section,True
246.17028805561205,199.07223369086782,4.698364728258358,8.311259477126747,4,4039.5009692801736,7366782505342.211,5330974524762.083,-0.013671875,76923.07692307691,rectangular_hollow_section,True
134.52990512216405,160.29736757471008,14.309122927842647,14.93064637082231,4,7395.897469483674,3716728109071.589,4943779561120.916,-0.015625,76923.07692307714,rectangular_hollow_section,True
250.32375550608467,45.92937453444325,16.993467292176607,9.999502955278256,4,8813.633969303584,9690760034282.02,389568025277.83386,0.033203125,76923.07692307638,rectangular_hollow_section,True
145.2237454642862,205.4098714207227,13.990714719671422,17.833736685924226,4,8724.996070110643,5432201045366.455,9469396258991.77,0.0078125,76923.07692307676,rectangular_hollow_section,True
131.87003034836198,52.58134734795831,17.374120060865447,19.266817271468533,4,4834.292626377122,1459390396043.9014,274532539020.9447,-0.001708984375,76923.07692307683,rectangular_hollow_section,True
82.4350887298035,241.19681481036434,6.188728472974521,16.557852369292657,4,3685.8947672492623,886970257263.2769,4813382285598.668,-0.001953125,76923.07692307685,rectangular_hollow_section,True
295.3169759780513,118.1715598986085,2.5530035127577784,9.55726684346448,4,2042.9224167002196,4481816339964.402,1101611618760.3374,0.00634765625,76923.07692307747,rectangular_hollow_section,True
198.48588617321042,117.7017662844965,4.669399817060374,16.615979406881703,4,2732.2299467250955,2857196023222.9062,1291563283158.7634,-0.00927734375,76923.0769230769,rectangular_hollow_section,True
112.3041092733474,214.7811626860486,5.411870502153139,8.036403323407338,4,3365.4372948366527,1483265228622.31,4065882136239.009,-0.01171875,76923.076923077,rectangular_hollow_section,True
180.7482092306308,23.40160264671221,16.73278429366003,8.306598308471392,4,2678.5507169846037,1659478160764.0771,34769711453.51343,0.0008544921875,76923.07692307683,rectangular_hollow_section,True
113.46294669628091,258.70952323020515,6.935764765599842,16.42559006617022,4,4790.438850963429,2157503259437.0151,7794371606876.721,0.0068359375,76923.07692307667,rectangular_hollow_section,True
225.50438922670105,250.41531893941658,2.9881359777023317,17.8583940799286,4,2710.712115365284,4507249215149.256,5270147252298.526,-0.0634765625,76923.07692307685,rectangular_hollow_section,True
177.41637300912433,161.10006047296318,17.542530075131737,14.629809218059826,4,10431.876667067243,8627768361756.26,7362115469793.752,0.02734375,76923.07692307704,rectangular_hollow_section,True
179.5153848540435,270.43759108275253,19.713030159586715,12.917489721142545,4,16018.59739708902,15239065824456.258,29810257693725.15,0.0625,76923.07692307682,rectangular_hollow_section,True
203.2062146433363,230.26932530422562,7.472885077280901,9.345057958587375,4,6171.424665216066,8091591588833.443,9812920994152.166,0.021484375,76923.07692307705,rectangular_hollow_section,True
116.92018921822188,111.4221545634229,15.55598971506289,9.2883535870268,4,6049.953526343083,2067937869034.1045,1905451747072.7993,0.01220703125,76923.076923077,rectangular_hollow_section,True
198.54341356738524,133.70928548755597,9.085823214153738,11.893337274965992,4,5573.800501827418,5890942677023.984,3163004514424.959,0.009765625,76923.07692307692,rectangular_hollow_section,True
101.32307712074518,119.39802608166016,3.2790265842903548,10.109288020143584,4,1348.947435874991,441451825853.2628,566088204834.9746,0.0015869140625,76923.07692307697,rectangular_hollow_section,True
247.07237966409764,133.42334338752622,11.909865140203232,19.044283486161895,4,8184.141136940413,12309165823179.926,4629603708747.356,-0.02734375,76923.07692307688,rectangular_hollow_section,True
121.44414423943768,245.79938337452214,13.529596329605754,10.737865703053952,4,9089.811699329615,4194331272174.6865,13260716638732.422,0.029296875,76923.07692307698,rectangular_hollow_section,True
254.80604214735908,137.8162402220657,15.564120029046137,16.585102109354256,4,10978.650121067862,17265250730979.781,6357666854958.457,-0.04296875,76923.076923077,rectangular_hollow_section,True
158.4240874934674,199.87598414456147,6.8207081073483575,13.912979093213668,4,4558.36149111595,3652845219433.0293,5220389881105.953,-0.0126953125,76923.07692307694,rectangular_hollow_section,True
257.2218992655471,240.4171046642864,19.921486751918458,13.865485254138108,4,18047.703429091594,33251318763286.234,29814162107178.625,-0.03125,76923.07692307669,rectangular_hollow_section,True
274.5021334874316,247.81881340505066,16.30195426030275,17.68384969647533,4,15655.880614967755,33559925611768.836,28550911440559.54,-0.3515625,76923.07692307715,rectangular_hollow_section,True
170.65823940738466,149.08832440088355,16.374496904357056,15.449974221602977,4,9160.17993958335,6946370234509.211,5566631086951.611,-0.021484375,76923.07692307659,rectangular_hollow_section,True
241.5822452044448,108.96137422562637,14.847241089923859,12.345436640696635,4,9375.039182646706,12613683753178.043,3368913800132.173,-0.0078125,76923.07692307675,rectangular_hollow_section,True
