d,b,t,r_out,n_r,area,ixx,iyy,ixy,g_eff,section_type,valid
155.47663560975397,88.51600370373771,3.218044159337806,14.803409321223032,4,1444.0147012852005,912463959787.8069,390036880004.76624,0.0008544921875,76923.07692307663,rectangular_hollow_section,True
20.460535637131265,142.3352649087692,8.35342000080871,19.383882283601036,4,,,,,,rectangular_hollow_section,False
114.90502528340687,98.43578540041963,4.449834019133212,17.358819103916723,4,1684.7715981460592,622965966187.6184,493676853637.91174,0.0003662109375,76923.07692307667,rectangular_hollow_section,True
243.59826858960903,114.65286679180963,3.6442377111325746,12.364730096141741,4,2481.143158331948,3782082353015.4014,1194749475100.1104,-0.017578125,76923.07692307662,rectangular_hollow_section,True
92.85337416728984,139.7581873670129,6.376574702417271,12.840525058473517,4,2680.7907482249493,727219953207.4963,1374511024807.913,0.001220703125,76923.07692307688,rectangular_hollow_section,True
61.25739910888578,129.7329097214878,10.87352512728784,18.46624086510134,4,3397.1889300833877,342146473253.4896,1181884595901.5117,-0.006591796875,76923.07692307694,rectangular_hollow_section,True
207.86073075125037,107.28675327380512,5.827528996386267,19.67929067750279,4,3341.818645874179,3602088992969.128,1308164826178.947,0.0244140625,76923.0769230766,rectangular_hollow_section,True
194.19857178289087,66.16517062275176,9.229946769240383,17.0345541894928,4,4236.255157186104,3348980376604.4307,576114722869.4551,0.0068359375,76923.07692307673,rectangular_hollow_section,True
99.38448466672152,68.49992890020619,12.383191704166373,15.162093274326333,4,3322.3492290303197,722222495132.4685,385678052929.1332,0.000244140625,76923.07692307676,rectangular_hollow_section,True
77.70788516506502,136.64035597591084,17.61547678468918,18.278266829293337,4,5976.817094268259,859069738794.4602,2292494028173.4316,-0.0009765625,76923.07692307705,rectangular_hollow_section,True
274.21988570447274,263.1278644071931,9.018590320942751,9.28734056194158,4,9280.716082745643,21437317122632.758,20113350050788.367,-0.09375,76923.07692307702,rectangular_hollow_section,True
273.25416446665963,242.57204613495077,2.5717284591032143,9.414569475449564,4,2584.8650972085625,6067216132191.143,5072550994520.472,-0.01171875,76923.07692307691,rectangular_hollow_section,True
131.15029819744302,207.37447779193354,13.927986862330496,16.71632369100831,4,8382.321337485244,4291180028877.826,8990516286687.586,-0.009765625,76923.07692307698,rectangular_hollow_section,True
224.7037912402936,24.853734679996386,2.1657628395476918,16.418514224023497,4,,,,,,rectangular_hollow_section,False
100.81053444147206,75.91200305178432,17.385903722916076,16.927638496958952,4,4649.338506920607,975277840930.5156,592044776324.3254,-0.00048828125,76923.0769230766,rectangular_hollow_section,True
268.07896387363655,78.0000975688227,19.007482382563992,8.871008051724196,4,11632.350996736006,16656777550868.203,1853758581974.0098,0.021484375,76923.07692307657,rectangular_hollow_section,True
238.1368833709574,133.0485354848293,9.605958955995673,11.255956073137305,4,6638.111950694452,9701978012312.836,3863670504629.4053,0.015625,76923.0769230771,rectangular_hollow_section,True
270.7579315644764,77.46947722693483,16.971120992841755,15.668060560737274,4,10422.055062496096,15143443627388.781,1712198378766.227,0.021484375,76923.07692307653,rectangular_hollow_section,True
226.1619313357502,263.63684340546905,3.8129923326556914,16.985889113114258,4,3562.047083774906,6001922438147.369,7554049137791.383,-0.044921875,76923.07692307662,rectangular_hollow_section,True
163.05047776429882,219.84677842359096,5.52271296206949,9.12402475273137,4,4036.9834648587134,3570583569007.8555,5647716485968.045,-0.015625,76923.07692307704,rectangular_hollow_section,True
85.83256569122543,227.97013947451418,15.518905836356552,11.851082564817087,4,8635.955353933197,1817445100995.0015,9626870204575.3,-0.0087890625,76923.07692307662,rectangular_hollow_section,True
186.11876853067864,293.83817268304205,16.967401032253782,13.986889051627339,4,14940.039943074402,15991578584376.188,33361785655640.85,0.1328125,76923.07692307729,rectangular_hollow_section,True
233.42056137299878,239.13750243335272,8.279036563175808,12.57501791882054,4,7410.805571444667,12488488344331.668,12962257999468.988,-0.0078125,76923.07692307669,rectangular_hollow_section,True
117.13955983739314,203.50773912068775,5.836190624097384,18.386412952689874,4,3425.9209348695586,1580105161571.3687,3676585886051.2764,0.00927734375,76923.07692307678,rectangular_hollow_section,True
44.574339145524476,171.38503832169414,13.781447021100572,9.927278265795247,4,5094.201456800505,233308038425.86664,2759612591848.0283,-0.0029296875,76923.07692307698,rectangular_hollow_section,True
218.93998488461304,108.96192678658119,15.311138992547237,18.779263357563288,4,8762.746736401177,9583063327325.727,3038417851118.1816,-0.015625,76923.07692307701,rectangular_hollow_section,True
145.07436566351134,268.2469297767045,10.936929419452927,15.900639103260188,4,8334.27406100162,5751203270785.136,15178352924028.066,-0.0234375,76923.0769230772,rectangular_hollow_section,True
179.99610100062915,244.20744344894962,8.717081787602307,8.14028995481745,4,7025.419602999972,7396043829804.979,11902587226866.102,0.017578125,76923.07692307665,rectangular_hollow_section,True
251.54044743314458,239.63623982137761,15.242899313713181,18.54804185024387,4,13711.423770884481,24926151117545.477,23092302700026.117,-0.0390625,76923.07692307673,rectangular_hollow_section,True
72.20686509052376,266.19270023054776,14.297529486829724,19.91656382443642,4,8493.782161624216,1265547901851.3032,11731084357633.828,0.0439453125,76923.07692307676,rectangular_hollow_section,True
21.77229913218751,140.72582004833737,4.041561262052168,16.386292501331724,4,,,,,,rectangular_hollow_section,False
204.73360865448265,196.17472261372194,14.50132014347995,17.41302258845579,4,10491.511631664343,12366201358134.312,11554852791296.336,0.09765625,76923.07692307686,rectangular_hollow_section,True
38.877989512428705,87.58131179659591,6.2711764564042145,17.89769042407508,4,1243.6350740599653,50501577778.05499,182022055909.95337,0.0,76923.076923077,rectangular_hollow_section,True
156.70259786734158,101.75339283169914,14.934007415999858,12.882819093400741,4,6661.50202582037,3893119610164.9043,1890384127195.0474,0.005859375,76923.07692307685,rectangular_hollow_section,True
235.7745748683076,56.78866868920396,3.5883835469451317,8.619330921025306,4,1999.1698392799958,2393027079201.415,246923613724.3736,-0.002685546875,76923.07692307702,rectangular_hollow_section,True
151.74476261696395,20.20141399101465,9.079923286090416,19.15297573166624,4,,,,,,rectangular_hollow_section,False
182.01921660470194,176.61155619061944,13.920758657550307,13.40169111936275,4,9030.069459242834,8386872662005.418,7990861755671.955,-0.033203125,76923.07692307702,rectangular_hollow_section,True
38.3916893643975,90.50648740336335,6.020677321329746,17.749422728683243,4,1229.6358992515609,49706416566.32854,192369162827.82092,0.00018310546875,76923.07692307705,rectangular_hollow_section,True
224.63363508185677,61.880765163313555,2.9479705916499523,9.377322809170476,4,1607.9123164465996,1808093079797.1704,238706276659.56952,0.001953125,76923.07692307697,rectangular_hollow_section,True
162.32732254274836,121.03155328111495,16.67308206354425,10.873943481391214,4,8218.722271262497,5346500895086.467,3268031759297.365,0.0009765625,76923.07692307675,rectangular_hollow_section,True
228.82169713272367,149.22328555975147,17.38018804367971,9.991586929426784,4,11832.870221226733,15604702962416.832,7717762806510.727,-0.13671875,76923.07692307673,rectangular_hollow_section,True
265.38131006287745,113.37058584163526,6.412850406617858,14.003897087310287,4,4554.774754042924,7842940327736.852,2081927707771.1567,-0.001953125,76923.07692307685,rectangular_hollow_section,True
103.19322996406207,85.48056590497697,11.456168121227215,16.10313119762551,4,3560.265730469742,914127630960.374,671708924618.9453,-0.004638671875,76923.07692307694,rectangular_hollow_section,True
298.0281100962808,244.60431051067522,13.80114502438778,12.530535025886353,4,14058.996739490913,35721614407467.78,26190991927408.242,0.0546875,76923.07692307669,rectangular_hollow_section,True
267.04705639288136,186.3744135712849,7.335821681359524,15.20715299769114,4,6267.881335747745,12566463018533.516,7237458961187.611,-0.099609375,76923.07692307692,rectangular_hollow_section,True
278.43689243817266,173.79214712335937,7.374102058070907,15.058615778758902,4,6284.346500000085,13291181379405.39,6435651327151.168,-0.029296875,76923.07692307679,rectangular_hollow_section,True
46.44067716028443,143.73534029492862,17.603709208719856,11.097523120301894,4,5332.889288481623,226877858387.37976,1941196360713.3818,0.00439453125,76923.076923077,rectangular_hollow_section,True
151.18519865027534,36.6321047997687,18.21457985747519,17.0993508241458,4,5222.5550684683285,1805615940967.4658,111390935869.13037,0.001220703125,76923.07692307682,rectangular_hollow_section,True
283.65683579708696,141.24256402525896,6.3633242159663475,14.729539411306291,4,5098.611925593451,10549960155632.7,3595257940383.7256,0.0078125,76923.07692307708,rectangular_hollow_section,True
255.62765647828743,203.56298677856435,17.034389955140146,14.583935871230526,4,14270.692011906347,25291632493627.125,17546591440186.414,-0.1328125,76923.07692307686,rectangular_hollow_section,True
217.92019185559897,237.47523782263417,18.04688605140342,12.07258583416685,4,14988.431142132911,20455961733878.305,23500461787192.11,-0.171875,76923.07692307713,rectangular_hollow_section,True
81.91661687091809,21.177339564742283,16.16815589038378,9.152710390195393,4,1097.7386570205,146159223958.57782,10585394961.89434,7.62939453125e-05,76923.0769230769,rectangular_hollow_section,True
228.33751770952762,288.8497773665085,10.47633399268866,12.128156569051775,4,10253.075720338558,17130450527198.02,24680837786552.375,-0.0703125,76923.07692307726,rectangular_hollow_section,True
230.7510114659308,96.84324298845827,8.144524784732695,15.570560973232288,4,4883.569558054812,6106576025960.82,1543907554360.0117,0.0048828125,76923.07692307694,rectangular_hollow_section,True
131.9444691971152,277.83230116677066,2.0825291656250142,18.391767299603977,4,1617.1305845621523,1055458913187.1165,3228214219539.4424,0.00634765625,76923.07692307697,rectangular_hollow_section,True
176.6583188823908,167.7514146299678,3.401728379972492,19.295037051683153,4,2177.1885114794686,2079364413108.476,1925223994695.0771,-0.017578125,76923.07692307673,rectangular_hollow_section,True
285.88700658578824,181.38507885951444,15.433966883909841,8.705217991489267,4,13395.113629702635,28730925693502.086,13822002719496.797,-0.10546875,76923.07692307676,rectangular_hollow_section,True
87.35407082373098,262.1318657612991,19.635238502380822,11.756161735490505,4,12044.101733217574,2453045632524.2803,16898552315291.312,-0.025390625,76923.07692307697,rectangular_hollow_section,True
106.25232204198133,204.8006704600106,9.233246140439102,18.37092560553971,4,5149.052626224961,1861809836822.6772,5236134704979.293,-0.0029296875,76923.07692307692,rectangular_hollow_section,True
134.34283492497573,278.9372190648723,15.856504032736941,17.36425992931839,4,11801.394609869547,6579346987073.547,21651160958526.664,0.0,76923.07692307688,rectangular_hollow_section,True
38.22969035647322,168.01110519403068,5.881580543620922,11.835323993794622,4,2183.0439090895125,101617135395.61746,1196322704575.2188,-0.0008544921875,76923.07692307695,rectangular_hollow_section,True
59.77879984136238,162.49205480012245,7.114263514485039,19.896143950976555,4,2727.6558049792975,306816129463.08344,1501909708814.9932,0.003662109375,76923.0769230768,rectangular_hollow_section,True
264.751872846226,25.92284471562378,13.62290227679934,10.762303756621446,4,6433.083516187041,7332158702737.4375,74261038350.90048,0.01318359375,76923.07692307678,rectangular_hollow_section,True
224.23581777381202,64.8390915466708,14.482072547243078,13.123039391435594,4,7361.671752810264,7323423469806.598,838805362228.8215,0.0,76923.07692307675,rectangular_hollow_section,True
50.21703467995907,162.31874429184447,2.431765312897469,17.612249453259217,4,930.2761078902871,87102755159.19377,521144000529.6416,-0.001708984375,76923.07692307678,rectangular_hollow_section,True
226.44188900531404,84.14489826547077,14.03765900881194,8.978266234782927,4,7850.990078326087,8790397257422.719,1640005258258.1025,-0.013671875,76923.07692307649,rectangular_hollow_section,True
48.44750717221177,103.87219784932145,14.21822368457005,11.700913725617239,4,3385.888354135545,174114399243.5813,695635150009.5449,-0.0003662109375,76923.07692307682,rectangular_hollow_section,True
135.6457479837481,194.04376984363518,11.45889402402792,14.393761855725764,4,6831.9625510483265,3819674312402.873,6752392707792.922,0.0,76923.07692307657,rectangular_hollow_section,True
120.64884851527484,54.97732000749474,13.74126407984639,18.495573578325622,4,3751.8789847737494,1033754033690.6323,265405884306.75806,-0.00439453125,76923.07692307701,rectangular_hollow_section,True
123.18791595463243,143.78663363044797,5.7955465259670635,12.64469747581337,4,2847.1959030791672,1335630344763.6904,1693882873571.7495,-0.0048828125,76923.07692307704,rectangular_hollow_section,True
99.74125832979699,128.07107370943552,4.738032807450526,19.020655294296734,4,1911.1767640269593,586224173808.8032,853656964992.031,-0.001220703125,76923.07692307702,rectangular_hollow_section,True
202.8099571165806,272.2742848283791,8.648567548049442,15.307119962975504,4,7728.433831118274,10349751814498.473,16291904604661.05,0.08203125,76923.0769230766,rectangular_hollow_section,True
260.28925203953577,64.4699013688905,10.361715984163643,18.705696808448526,4,6020.3825121118225,8012267119148.59,779013401158.5615,0.001953125,76923.07692307676,rectangular_hollow_section,True
49.58060164164381,271.5281704010996,14.708958910722094,11.158252668538346,4,8456.430976134057,506225600366.8424,11332659684197.102,-0.0087890625,76923.07692307694,rectangular_hollow_section,True
165.96344962875034,104.97869896741886,5.278755747117865,10.568270671388479,4,2665.3044222764684,1979895610452.8608,975815422180.741,0.0078125,76923.07692307727,rectangular_hollow_section,True
198.9094266465451,178.57397915316847,11.915303928071232,11.07806687181634,4,8305.037579404252,9351778162464.217,7881662918832.99,0.0625,76923.07692307697,rectangular_hollow_section,True
125.48978653069095,25.644105000282128,11.776479601084906,12.35658634041616,4,2852.5597919559746,698720722060.3062,32107520421.071365,-0.00018310546875,76923.07692307682,rectangular_hollow_section,True
254.59364507367135,282.34556614938526,4.1069999433468345,11.817279575923932,4,4262.749141445806,9066332242454.213,10598620805314.176,-0.12109375,76923.07692307838,rectangular_hollow_section,True
269.0289554377583,116.20870383376914,7.695134450334005,8.150509222199883,4,5625.827355619543,10061744453882.508,2662885175243.196,0.015625,76923.07692307701,rectangular_hollow_section,True
198.61095703908458,40.73113218909166,2.6426025781037694,16.35904333691393,4,1157.5610987340492,890945748571.9209,73285597652.12375,-0.00018310546875,76923.07692307688,rectangular_hollow_section,True
243.39122953464255,100.0684250037203,8.487593900877664,8.48404390271689,4,5470.156136266598,7766482562954.969,1866712650323.567,0.0009765625,76923.07692307688,rectangular_hollow_section,True
31.149121850560878,91.69500387990028,12.98237531926703,11.406631711794708,4,2385.3375692703867,41624610147.23956,327300020081.4463,-0.00042724609375,76923.07692307688,rectangular_hollow_section,True
104.81698614075046,237.93539730462282,16.41313847437349,13.182018665875047,4,9999.954589397405,3206883884176.1035,12712693901039.734,-0.01171875,76923.07692307691,rectangular_hollow_section,True
77.71223695498924,158.62188656699766,2.7317464396468454,19.872183781838036,4,1160.2509505768717,246041572812.945,712527714945.6013,0.005126953125,76923.07692307711,rectangular_hollow_section,True
257.5839752380847,138.68359393109705,9.495009311488305,17.63902020463874,4,6919.697590551439,11624844478839.547,4412341749585.138,0.009765625,76923.0769230768,rectangular_hollow_section,True
70.86805579077382,245.4596784772813,6.466486830266461,9.236853869799791,4,3846.151911802432,684831561224.2313,5100905630480.885,0.00146484375,76923.07692307694,rectangular_hollow_section,True
101.12422344341165,81.54155007970837,10.260682786493389,17.075159293509554,4,3082.300696326089,760407559612.4312,537400881512.11,-0.000244140625,76923.07692307714,rectangular_hollow_section,True
276.1973164807056,189.7433618309619,4.070650203582329,19.361493051926587,4,3586.0247235465185,7793031966162.477,4433693257588.673,-0.01171875,76923.07692307633,rectangular_hollow_section,True
139.1304622270138,163.50563606384512,19.683584429406885,9.154649359844662,4,10280.344795328787,5208821327858.037,6849191741184.223,0.017578125,76923.07692307682,rectangular_hollow_section,True
133.42257698088682,147.78927039504453,2.201957677578819,14.062854409536705,4,1161.9556993981475,666290122752.5444,775747746266.9436,0.0009765625,76923.07692307669,rectangular_hollow_section,True
82.08100575170576,66.18171900248369,19.03975374646832,15.388897688845674,4,3958.904475218009,503724062565.9165,339012637408.80664,0.0029296875,76923.07692307692,rectangular_hollow_section,True
150.737639091757,26.058767618993876,13.932118360453936,13.757644463548104,4,,,,,,rectangular_hollow_section,False
281.39568183719865,244.448738336491,12.95039660368382,19.314863148719297,4,12616.378993345337,28778340112676.96,23118655639806.03,0.234375,76923.0769230771,rectangular_hollow_section,True
231.32251308383903,133.6152540320877,18.84300405976339,12.467760070127142,4,12177.367405501409,15562401017053.691,6221153246096.508,0.00390625,76923.07692307726,rectangular_hollow_section,True
281.495595061371,152.24340269526814,17.06037405856221,14.001563320081619,4,13439.229863549604,26056088614281.383,9552419514839.85,-0.0546875,76923.07692307676,rectangular_hollow_section,True
47.91332050841035,230.55230945251182,8.917505084263258,19.624595903402287,4,4377.8667836641,300197305709.47235,4266315866782.658,0.00341796875,76923.07692307685,rectangular_hollow_section,True
106.2668084570081,167.549207594331,9.901660772375338,13.91574533164125,4,4852.759972476184,1668974606145.913,3449520783155.124,0.0048828125,76923.07692307694,rectangular_hollow_section,True
134.7901199400879,271.55365889649534,15.089020971894847,18.504286909422817,4,11021.200793165188,6212279694641.51,19318713940209.008,0.1171875,76923.07692307667,rectangular_hollow_section,True
282.1204111684591,148.95395729430655,17.80166609159362,10.672859443840427,4,13966.17674478344,27006168614470.18,9438113883854.654,-0.03515625,76923.07692307676,rectangular_hollow_section,True
293.0125849461281,110.36608637845994,6.061916520637686,17.2222094777276,4,4571.455975531647,9258289092171.266,2024975242268.9985,0.001953125,76923.07692307695,rectangular_hollow_section,True
97.5190062309445,152.04600390553676,9.57594003640336,15.60279527817936,4,4205.72039779198,1195550875243.0737,2423718898704.4395,-0.0048828125,76923.07692307708,rectangular_hollow_section,True
260.98104438016804,33.41814403581165,17.226357890048426,15.830125905466923,4,8236.549437480426,8895883402000.332,153487999837.28864,0.00390625,76923.07692307697,rectangular_hollow_section,True
261.9539402803943,57.473604057579394,17.76428020635285,9.795540094278543,4,9990.569595755884,12655168658844.96,775568882105.6396,-0.0244140625,76923.07692307694,rectangular_hollow_section,True
68.81875998609155,186.58607085098203,12.866784667647764,14.555148927485185,4,5701.259545753521,758642904350.373,4124098870732.9004,-0.00830078125,76923.07692307669,rectangular_hollow_section,True
189.48425439657473,33.55172368432051,12.387309806466334,13.220745375966374,4,4737.756246539499,2858588349956.3164,110730923027.5632,-0.000244140625,76923.07692307694,rectangular_hollow_section,True
209.43525605142761,70.3959847710466,5.1379276223525645,17.144044012629998,4,2620.14070829793,2537400131701.6094,460497641043.8562,-0.00048828125,76923.07692307695,rectangular_hollow_section,True
291.938197757736,172.1910395548602,19.335145873431536,16.239412754708834,4,16188.90302472194,34188844684455.836,14436802240765.105,-0.09375,76923.07692307662,rectangular_hollow_section,True
37.71446567411155,203.0081968553026,8.477880984312236,15.725059085696738,4,3599.3824095502405,142857813752.0755,2645929127757.8193,0.002685546875,76923.07692307695,rectangular_hollow_section,True
160.77838628215417,23.55817801957159,13.528663178446815,15.824597729260102,4,,,,,,rectangular_hollow_section,False
200.45234277409497,166.05170160516622,12.368286237856339,12.174033533243971,4,8305.948746114464,9232026581171.08,6841587690814.914,0.005859375,76923.07692307672,rectangular_hollow_section,True
147.2814298756669,51.29977598750045,2.96393613046937,9.529363451744826,4,1094.320420353407,544473446549.6555,105239075772.76886,0.0,76923.07692307726,rectangular_hollow_section,True
233.38582625342707,288.2023255756161,9.008329946911903,15.004807176914872,4,8883.489803175939,15582839779585.855,21556292947936.547,0.0625,76923.07692307673,rectangular_hollow_section,True
178.642034266928,154.96246562100524,6.491893863917601,9.932549477941887,4,4076.0538397566916,3833358275926.9863,3077803157827.252,0.009765625,76923.07692307691,rectangular_hollow_section,True
23.370140412965448,181.56814423341032,3.1228427620262935,17.430637910593866,4,,,,,,rectangular_hollow_section,False
273.2339340418624,249.56062724553328,11.198796161819658,11.885104727618016,4,11066.902615895906,24588909155636.766,21355203205315.59,0.125,76923.0769230767,rectangular_hollow_section,True
292.1165875929553,85.15114453112295,8.004526806990727,11.914578694645801,4,5656.740873077572,10595040316767.25,1443423682328.802,0.025390625,76923.076923077,rectangular_hollow_section,True
240.91719233371302,296.42689459541117,4.675640397276135,11.497043043829368,4,4851.7585229825745,9426602879874.906,12904484448036.387,-0.103515625,76923.07692307752,rectangular_hollow_section,True
90.05808382083612,177.3535119697892,10.036191333838993,14.166615506425414,4,4781.0547434647615,1194656199244.5913,3563640977974.3877,-0.00341796875,76923.07692307683,rectangular_hollow_section,True
172.81267663391094,99.97205266122936,9.57947965997724,11.728672228188682,4,4726.263085905586,3526233012903.868,1466433989249.712,0.0263671875,76923.07692307704,rectangular_hollow_section,True
284.1833023788235,56.99873813626194,19.468010543505507,13.59760591373217,4,11583.362499331783,16649585374843.102,829241465300.9485,-0.025390625,76923.07692307665,rectangular_hollow_section,True
48.02918101602297,33.65751933012088,10.288515066234634,15.543087589933503,4,1043.4784859505364,38215438009.98721,20916787054.145805,0.000213623046875,76923.0769230769,rectangular_hollow_section,True
204.9800853740243,141.18393874939756,17.293184103060987,18.519549968439595,4,10434.86977455836,10819405072283.395,5874701915447.5,0.03515625,76923.07692307672,rectangular_hollow_section,True
21.62668525960953,168.33968990658502,19.375015378413785,9.460827328543019,4,1332.1137300815315,16168206546.368912,978368367388.6321,9.1552734375e-05,76923.076923077,rectangular_hollow_section,True
193.69143542797687,224.12106847564533,11.66628512811689,15.248742562743947,4,8984.540618028279,10212184574191.707,12836719390585.43,-0.0078125,76923.07692307692,rectangular_hollow_section,True
255.78543614006614,178.55686710603734,13.429023109860648,14.740638907664588,4,10728.664909618165,18801729287846.547,10631973346271.676,-0.1015625,76923.07692307675,rectangular_hollow_section,True
104.46098343761965,47.23038992180946,3.0084936952567185,13.725375488375965,4,802.9865665665125,201636313620.13647,60331804581.82036,-0.00048828125,76923.0769230769,rectangular_hollow_section,True
49.488107783094016,106.23168057265822,5.980828259625479,8.277102584887048,4,1656.3478434534113,124789460322.55786,431308441394.218,-0.00128173828125,76923.07692307682,rectangular_hollow_section,True
82.90473500154152,113.28789311812925,13.053528769293685,8.591424740651867,4,4366.621198569556,786748277019.0938,1337767039330.5889,0.001708984375,76923.07692307694,rectangular_hollow_section,True
84.94522681455472,180.58295975615695,8.242587270417236,19.76136159469739,4,3847.688271345033,881497237513.5974,2890111957050.121,0.00439453125,76923.07692307704,rectangular_hollow_section,True
174.84188322739485,30.69840070105178,6.290368173585266,10.74167581087594,4,2332.003734245096,1303958686870.3438,64615873211.2735,0.0006103515625,76923.07692307686,rectangular_hollow_section,True
253.30487107688492,232.97504066099773,17.901686589917304,14.661090163690101,4,15913.632053966068,28644320545439.78,25049490520648.414,-0.09375,76923.07692307678,rectangular_hollow_section,True
284.39698628384946,68.57425646187927,10.593376791418244,8.824978074674434,4,6951.555976482832,11582173209983.062,1045519061123.7815,0.0048828125,76923.07692307714,rectangular_hollow_section,True
297.1236526251687,22.562232663767922,17.502631970083474,18.701978607444058,4,,,,,,rectangular_hollow_section,False
239.34068352330473,107.30057973964594,18.270140355220583,19.62995692301072,4,10947.690843351314,13667611673324.773,3545603074404.714,0.00390625,76923.0769230771,rectangular_hollow_section,True
288.2060888350542,134.79174501451737,19.346683118066164,16.48544744464486,4,14598.26353409841,27833285136175.234,7854140667904.031,-0.01171875,76923.07692307675,rectangular_hollow_section,True
219.8926599082882,203.74953434448224,4.971998185034494,18.667279344959674,4,3952.9067859559445,5826478483574.35,5194785405135.048,0.001953125,76923.07692307686,rectangular_hollow_section,True
273.88929631871736,73.98982230298287,6.161373752096502,14.302296283944179,4,3996.6953753803973,6434530633879.193,791447080835.2634,0.01611328125,76923.07692307694,rectangular_hollow_section,True
91.49229776574944,81.25800536360893,12.373580054637449,18.242611916767476,4,3364.3101224467923,649698173859.7454,534244970659.6301,-0.00048828125,76923.07692307692,rectangular_hollow_section,True
257.8358623855874,129.72839525639537,6.348625561107406,11.739710002289083,4,4651.023519728251,7974740972970.197,2746090810606.819,0.029296875,76923.07692307711,rectangular_hollow_section,True
164.49712066460975,238.37454234812347,11.808164922880707,14.605339352739175,4,8751.127291017774,7419034976737.094,13325530430896.184,-0.025390625,76923.07692307707,rectangular_hollow_section,True
143.55618184534404,92.63068778410161,9.812462929351856,18.18756222320948,4,3989.366958876493,2000771461095.0781,997647691748.1306,-0.00732421875,76923.07692307708,rectangular_hollow_section,True
41.99310387793564,236.48023686031135,14.300629882238681,12.41039188268779,4,6992.638469139556,273380764296.76257,6841619090792.73,-0.01318359375,76923.07692307698,rectangular_hollow_section,True
148.57152517987979,90.93149710159302,5.424716619436708,9.61881041999831,4,2405.8307580586566,1403964836416.599,653804431908.0449,0.003662109375,76923.07692307675,rectangular_hollow_section,True
179.15579077391064,108.11860747742234,11.734110687948679,10.378395079322717,4,6083.350674819338,4874609708610.357,2142572966119.7368,0.0029296875,76923.0769230771,rectangular_hollow_section,True
62.31032857122254,75.37939717728162,16.545380030003003,11.009537419998576,4,3340.0493619205595,266572125477.51697,378137737028.0032,0.001220703125,76923.076923077,rectangular_hollow_section,True
70.76125327285715,114.41449059794176,2.8648176029749157,8.467427092156566,4,987.8526533041367,167594270176.20114,348882817516.83716,-0.00030517578125,76923.07692307692,rectangular_hollow_section,True
192.79757319354928,291.9003229593791,8.268160557040463,16.22314797031466,4,7541.761432794499,9376527476168.541,17753433740633.164,-0.00390625,76923.07692307702,rectangular_hollow_section,True
229.31271992237862,51.4240230490004,14.868769972222825,17.449150785932446,4,7166.284328030906,6731669279117.328,457072097321.85156,-0.0048828125,76923.07692307672,rectangular_hollow_section,True
231.58201727124376,154.13467494231577,13.703392827022308,14.084498199621848,4,9621.894958567404,13426936888933.172,6992550078572.779,0.02734375,76923.07692307713,rectangular_hollow_section,True
149.84255933531523,144.18390096681233,18.78603379374229,12.170179025657283,4,9487.408518665183,5416780710649.408,5076586280082.24,0.0,76923.07692307694,rectangular_hollow_section,True
59.43261877180406,262.22955990077423,19.690333016345917,14.64146882925317,4,10902.061366996493,857831789732.531,13465075130975.25,-0.009765625,76923.0769230768,rectangular_hollow_section,True
114.81539064738467,199.63321334254465,16.144374466514083,19.422293750042016,4,8744.107979228267,3261277436283.5,8110315737781.787,0.00390625,76923.07692307708,rectangular_hollow_section,True
29.546905383936913,139.3525259232836,12.114624550303128,9.502789461643957,4,3414.946874561806,56746100259.69864,1115376098345.7334,0.00146484375,76923.07692307685,rectangular_hollow_section,True
236.00162386250088,74.34631162149914,19.21106447145748,17.947617233751124,4,10125.851437458328,10836740787777.613,1393482705074.7446,0.00390625,76923.07692307657,rectangular_hollow_section,True
299.4284673380797,123.4828223041701,15.311787993784783,10.75579075854199,4,11897.565573252637,24689829268782.867,5728169932013.77,-0.06640625,76923.07692307718,rectangular_hollow_section,True
163.5632279755695,61.13794719632093,11.155930358768494,14.765164591386714,4,4310.698681158516,2380851368376.463,453941144104.5973,0.004150390625,76923.07692307692,rectangular_hollow_section,True
181.9324355337194,167.6530745633694,17.32371986118715,12.960234429636756,4,10743.830133117548,9484508472276.52,8294016278316.322,-0.033203125,76923.0769230769,rectangular_hollow_section,True
281.6463489126629,21.58363773014041,6.335329081822506,14.881442032476782,4,,,,,,rectangular_hollow_section,False
278.84947198259164,187.11997288899457,9.622377110124033,10.840354204536606,4,8481.077064624027,18233350020296.844,9786954910828.51,-0.08984375,76923.07692307691,rectangular_hollow_section,True
149.67415668587032,150.1364945153903,10.182948547736766,9.081016256769336,4,5608.678249732522,3626902366556.299,3644762344624.423,-0.001953125,76923.07692307697,rectangular_hollow_section,True
215.4393494634093,31.095948038755846,12.780934910253755,17.077306460827533,4,,,,,,rectangular_hollow_section,False
69.64580721156217,79.90854570300635,9.600902479032374,11.844653256726112,4,2367.7428084278154,291862850433.5669,366353957980.922,0.0001220703125,76923.07692307691,rectangular_hollow_section,True
38.4719140262906,218.64787988237302,13.23491638673384,15.976896923165988,4,5857.523122424226,189409392681.09155,4728284809336.43,0.0029296875,76923.07692307691,rectangular_hollow_section,True
287.1841049276937,151.9216316560431,10.960621331915664,13.808309193864828,4,8962.642450171876,18809161903651.555,6875240389723.969,0.04296875,76923.07692307714,rectangular_hollow_section,True
117.95040931010705,136.29544070914372,10.950560663535413,17.335575907126973,4,4828.856320421853,1874847621336.0938,2359782178439.711,-0.0107421875,76923.07692307698,rectangular_hollow_section,True
161.4844274956501,43.242399076560034,6.609311470289908,14.472590560425568,4,2383.8500143539745,1218397837288.393,138795305708.15924,0.000244140625,76923.07692307695,rectangular_hollow_section,True
250.0601813261856,99.58918063949442,8.929794228264676,13.043425927204213,4,5772.4198147945535,8439133904649.07,1934946566698.7017,0.025390625,76923.07692307688,rectangular_hollow_section,True
273.16968486847065,62.3676451394106,12.739437572823457,18.842538550921766,4,7582.147241792983,10719453345339.105,848081356108.1326,0.0302734375,76923.07692307698,rectangular_hollow_section,True
53.47118138489507,253.09303696251584,13.709374688098407,14.628845541189804,4,7440.661958004155,555028950553.2946,8811997805859.312,-0.0078125,76923.07692307679,rectangular_hollow_section,True
271.5393354189483,38.228480086540415,8.406224033402694,19.70754701561236,4,,,,,,rectangular_hollow_section,False
157.04437719613506,275.72270717719846,8.527583250957829,13.975092673861997,4,6924.4081197973255,5778985842330.86,13874705833048.668,0.0234375,76923.0769230767,rectangular_hollow_section,True
169.90659004422554,126.60010053708771,9.724127365779525,10.337051304640038,4,5281.824082013644,4121756556693.424,2582046444064.5757,0.001953125,76923.07692307705,rectangular_hollow_section,True
38.74335117632718,149.73470448232516,18.12981016654707,10.00154951160134,4,5419.351679969338,139277156639.1823,2002248661302.1797,-0.000732421875,76923.07692307695,rectangular_hollow_section,True
67.65196567388182,291.43279488130946,8.210136434468758,13.296816736712337,4,5475.713371470602,857324017869.6304,9526976834903.43,-0.0361328125,76923.07692307685,rectangular_hollow_section,True
240.960744978864,293.71459641895484,8.949375806173343,17.14675027816705,4,9022.84172277767,16832494387968.375,22802548000134.883,-0.01171875,76923.07692307747,rectangular_hollow_section,True
176.54097782361637,69.44341048230585,5.070790605866902,12.53325009391693,4,2290.4249250431412,1659859990932.6821,383907699113.9252,0.003173828125,76923.07692307702,rectangular_hollow_section,True
83.0558903077777,39.63266636574953,6.844809543497493,9.520218247329236,4,1408.677192702528,207860539732.47314,60584276569.68642,0.00054931640625,76923.07692307685,rectangular_hollow_section,True
295.3930476628167,271.23003303783923,11.332679372642234,19.979249214294324,4,12004.589681245858,31118112548904.71,27284759976043.242,0.0,76923.07692307726,rectangular_hollow_section,True
193.82002644354367,127.42592279776781,2.1961922483386775,17.17061063050328,4,1321.1460219612118,1389850775355.255,744860298709.0345,-0.00390625,76923.07692307686,rectangular_hollow_section,True
194.25866523558534,244.99485406628722,4.40877564971867,14.961326045331274,4,3682.906271801538,4620407108379.563,6558317425735.527,-0.0126953125,76923.076923077,rectangular_hollow_section,True
152.7811909934575,264.4319599757258,7.780423562149337,9.249954342806536,4,6166.647962624028,4907862252288.441,11547606440271.488,0.033203125,76923.07692307705,rectangular_hollow_section,True
79.4692699581502,140.62462119705282,16.874774896306143,11.26228151988452,4,6162.1986423551125,971193275781.7026,2637098651252.698,0.005859375,76923.07692307685,rectangular_hollow_section,True
296.30918326024386,256.414306760283,8.829772587989908,11.947354304882225,4,9315.965946895427,24520187186254.812,19629259517527.902,0.1171875,76923.07692307753,rectangular_hollow_section,True
286.32934741843235,235.1236824864437,9.661391512057499,16.614781350929714,4,9474.852481234144,22624484285654.36,16704403449174.723,-0.2265625,76923.07692307682,rectangular_hollow_section,True
77.80208689255507,142.26388163821665,16.368600080361336,9.152770068958645,4,6048.846186056657,926995483246.5977,2667128943471.218,0.0068359375,76923.07692307701,rectangular_hollow_section,True
170.61593179336532,23.960699489693585,5.1169087293256705,12.315780607596185,4,,,,,,rectangular_hollow_section,False
123.45410726991574,271.73463971860997,18.175497616115823,14.405231938223425,4,12836.598696043864,5787819738764.488,21624684707921.586,0.02734375,76923.07692307686,rectangular_hollow_section,True
174.5565698448884,298.18631345723674,18.965490705014,16.991132328068822,4,16204.14358973811,14970845737573.184,35780330994074.81,-0.1484375,76923.07692307686,rectangular_hollow_section,True
185.0160782137495,291.19025041863114,14.486622844506087,13.350759641198144,4,12779.551209375726,13847136070200.09,28523790300195.82,0.25390625,76923.0769230769,rectangular_hollow_section,True
248.05380739621205,223.31450580281225,11.803306376393241,15.391571786356913,4,10346.112234561087,18518727350884.715,15718802932161.742,-0.04296875,76923.07692307675,rectangular_hollow_section,True
84.27411170081113,92.95111054826573,17.014631872691336,17.417883360743957,4,4569.6329901892095,714751050808.5891,847698058095.737,0.00244140625,76923.07692307713,rectangular_hollow_section,True
256.2215829693435,56.14952165411466,9.619125566744492,15.638794314967837,4,5431.027975128744,6896693589706.531,530113041245.5447,0.00732421875,76923.07692307688,rectangular_hollow_section,True
252.4971877222175,30.67450591836698,8.081284799814231,13.347553527654204,4,4165.129952187905,4573742598981.816,104140679003.07007,-0.000244140625,76923.07692307694,rectangular_hollow_section,True
76.84748421058308,295.11145960793175,8.862537723339914,8.911251964793223,4,6199.41400415737,1255815169348.3904,11551690510964.176,-0.0126953125,76923.07692307673,rectangular_hollow_section,True
81.50695804067325,134.2216962027528,18.049817237167595,18.39056456343995,4,6146.4451984256475,968215039151.1338,2303619003025.799,0.01806640625,76923.0769230769,rectangular_hollow_section,True
272.8043804576557,294.83740551071514,17.354880014649318,14.683985391669326,4,18282.323305290425,40488211729576.82,45791483776317.67,0.25,76923.07692307633,rectangular_hollow_section,True
202.58785418868985,291.4811862466627,7.480419876202776,16.039219888922645,4,6983.857497493654,9585976703284.85,16734148711192.941,0.06640625,76923.07692307697,rectangular_hollow_section,True
196.445384608782,243.90127135014578,6.100323944278389,10.459762600183005,4,5133.256761100062,6495537651584.355,9045655061368.086,0.00390625,76923.0769230768,rectangular_hollow_section,True
255.92892451005966,84.53238898007612,14.84080715982526,15.909501080776147,4,8972.473051212712,12252995668764.047,1879275868184.126,-0.03125,76923.07692307702,rectangular_hollow_section,True
221.7083255408666,206.78540657213495,16.944710771962292,11.24949960498295,4,13246.360582562584,18171087018201.227,16237900007521.258,-0.1328125,76923.0769230773,rectangular_hollow_section,True
91.81718729416625,113.47905234278892,15.378896860088865,9.031157597460082,4,5286.855708198506,1118914628504.958,1611631630085.226,-0.00146484375,76923.07692307697,rectangular_hollow_section,True
93.4369925977548,118.74620803829853,6.177022244722718,17.453434754460535,4,2291.2333796851995,594989038449.5955,859024011587.4626,0.001220703125,76923.07692307694,rectangular_hollow_section,True
158.22671379871343,236.04632066950245,7.908175168941026,9.615421771724895,4,5896.26185903304,4877027433917.53,9090360855464.84,-0.03125,76923.07692307695,rectangular_hollow_section,True
35.16210838543118,63.13923636880859,18.298673020124266,18.14676647938044,4,,,,,,rectangular_hollow_section,False
31.955703679039207,40.85996454446898,8.346287760181461,10.88640964200284,4,824.7772676645664,16520473208.241463,25296441126.128387,-0.0001068115234375,76923.07692307683,rectangular_hollow_section,True
112.4730189557183,226.31158564462584,15.520664903737154,15.834351952676888,4,9302.13218668099,3471158267685.995,11023201093225.043,0.05859375,76923.07692307707,rectangular_hollow_section,True
187.36173179880836,194.37505841583797,2.744267790354665,18.33479697232724,4,1971.9517528956537,2202078330289.0,2325715544822.942,-0.01708984375,76923.07692307686,rectangular_hollow_section,True
54.73920856105355,70.01875448276081,4.1037431908749795,19.038991262196745,4,817.1648966603007,66616161198.661514,95606800040.3718,-0.000152587890625,76923.07692307694,rectangular_hollow_section,True
183.04263433023965,204.77509679366958,16.55811366137378,18.750232726255966,4,11399.609790305723,10761697598334.582,12889630078739.273,-0.13671875,76923.07692307672,rectangular_hollow_section,True
251.98081937262634,88.60365961736844,15.346517821616406,15.075526257575916,4,9284.237624231919,12487478489308.668,2129511231773.832,0.029296875,76923.07692307701,rectangular_hollow_section,True
165.4291771407412,149.7304939638463,7.033557699026067,15.782907513487707,4,4062.9546792147307,3229452160711.132,2770913293350.3115,0.0068359375,76923.07692307692,rectangular_hollow_section,True
45.19911937075017,237.5867868211658,2.481934527674169,11.893645873096192,4,1326.193711330894,107650644112.03642,1511726396106.0796,-0.00341796875,76923.07692307707,rectangular_hollow_section,True
74.74667090588493,99.15328599251518,12.667310824231924,17.709815136858367,4,3475.635856195488,475095437236.36365,760252161523.4702,0.00244140625,76923.07692307683,rectangular_hollow_section,True
147.22693489186005,194.6507748592659,13.906473391410367,18.416158774807023,4,8416.248897034786,5307000438183.965,8296428167979.48,-0.037109375,76923.07692307715,rectangular_hollow_section,True
22.7832147272192,194.1474317390695,4.499501085859181,9.103098579138678,4,1809.5040247143572,28874335333.16617,1206978363012.1396,6.103515625e-05,76923.07692307698,rectangular_hollow_section,True
25.002975377527513,114.03164268736337,2.0641897038350203,15.546334335404882,4,,,,,,rectangular_hollow_section,False
111.6958830329994,62.38320100125172,2.5415549049063078,19.684794403328198,4,765.4246241980474,230936246905.27594,98301208886.43811,-9.1552734375e-05,76923.07692307697,rectangular_hollow_section,True
176.76391051330654,101.09914268691686,3.9860203888462022,19.17597172863076,4,2014.5988865328889,1626618053431.7368,701449411075.1353,-0.00146484375,76923.07692307698,rectangular_hollow_section,True
53.74820166197685,274.28515610882334,15.208789551671721,9.256313583174306,4,8967.072148870606,647746070826.803,12533718845983.555,0.015625,76923.07692307697,rectangular_hollow_section,True
268.92905368853735,47.893563364052405,4.891783219015178,14.26926649771774,4,2888.2621770166575,4057271479121.8594,240922288977.53497,-0.001220703125,76923.07692307691,rectangular_hollow_section,True
99.08168642605592,79.42203253699876,13.768276894993225,17.2372065231199,4,3872.0276483541434,850883150488.4246,586552809865.6631,-0.005615234375,76923.07692307683,rectangular_hollow_section,True
223.19424072923437,193.99142162393608,4.531542294803321,9.330258914062956,4,3634.823394987756,5530367028603.514,4468574913783.775,-0.0048828125,76923.07692307665,rectangular_hollow_section,True
62.06708744743287,100.20138845618096,5.728362456037698,16.565810089461657,4,1570.832951905654,179087666748.84155,375083222141.06104,0.000244140625,76923.07692307695,rectangular_hollow_section,True
161.02256091083964,76.67464433553421,14.117610988876631,13.88060109918315,4,5721.534506615291,3215536259954.7812,910792592103.5056,-0.01953125,76923.07692307698,rectangular_hollow_section,True
219.489790763206,59.30535102101878,5.668727032683737,11.25926590517077,4,2936.772305103512,3017075882503.09,364846119706.4254,0.001708984375,76923.0769230772,rectangular_hollow_section,True
190.59782074556318,203.893743771276,18.220790637981437,19.340434838675208,4,12675.108748516343,12691531305259.04,14155941600756.867,-0.17578125,76923.07692307673,rectangular_hollow_section,True
37.970990829672,236.5012872677742,3.1499151232402616,9.496207945676407,4,1639.5383654846928,90483108478.96744,1793581186805.0996,0.0013427734375,76923.07692307647,rectangular_hollow_section,True
81.0464778776848,60.11863622658222,4.004738375153912,18.922562780373255,4,930.9850843667782,150113665977.0979,96555361226.98718,-9.1552734375e-05,76923.07692307688,rectangular_hollow_section,True
282.8080280446715,25.412677974126776,6.490861090584486,18.16073510948827,4,,,,,,rectangular_hollow_section,False
289.01631415358685,238.93349886956835,4.547888161381701,13.791522419285055,4,4614.618945641892,11685079022658.586,8766292259392.842,-0.2109375,76923.07692307646,rectangular_hollow_section,True
73.13851478668181,149.33641099994188,8.566869698467833,9.384096958339647,4,3430.8689597293405,566051937706.013,1811204209717.8286,0.000732421875,76923.07692307685,rectangular_hollow_section,True
44.494364362603655,107.11294639056497,10.765372639883664,10.959804397669215,4,2680.5658893481204,130650001499.75491,609119887860.1321,0.000732421875,76923.07692307676,rectangular_hollow_section,True
118.11426503162063,261.22265483233264,7.241193909397859,9.746234220758549,4,5195.25097599896,2539392734203.575,8850947514164.234,0.0166015625,76923.07692307701,rectangular_hollow_section,True
163.49201180662627,116.60918285860714,6.451383321638228,15.266808024588315,4,3292.2352496512485,2389649153610.619,1420324749414.983,0.00439453125,76923.07692307715,rectangular_hollow_section,True
82.33253058744556,241.2720767582099,13.446805833207625,16.094936520295164,4,7727.595909496643,1564019932952.7212,9478800691449.629,0.0126953125,76923.07692307705,rectangular_hollow_section,True
177.97884251850485,33.34489666899189,2.7203393741080366,11.224538879073172,4,1066.4747277220692,659379572067.5847,44549406122.37629,-0.0006103515625,76923.07692307688,rectangular_hollow_section,True
246.11341749529456,151.31456055100276,12.228022971007743,14.413566503542645,4,8918.444407805317,13987136035990.824,6456147278011.6875,0.0625,76923.07692307707,rectangular_hollow_section,True
141.2884002505442,180.98395299736148,6.313376152998571,11.881377423721316,4,3799.6538144010365,2426230974876.021,3552654215053.1475,-0.0146484375,76923.07692307682,rectangular_hollow_section,True
51.25138965847372,28.18332548184246,2.8864821533850167,19.749035896519707,4,,,,,,rectangular_hollow_section,False
100.04322520981214,229.1444201469598,11.071824896618576,9.013881365085048,4,6717.824651611398,2155910479619.3638,8340333581957.578,-0.0078125,76923.07692307678,rectangular_hollow_section,True
199.9098101758944,119.07402842310917,6.58480933001797,12.102654184250664,4,3911.429030944417,4136671793065.4893,1850562141958.2559,-0.0078125,76923.07692307678,rectangular_hollow_section,True
67.23675875325218,299.1781059282093,19.93378734786712,19.7822480181037,4,12627.311138545698,1360779175591.4531,20413250846073.47,-0.08203125,76923.07692307707,rectangular_hollow_section,True
27.94419015375613,225.82755480598223,8.113053256916556,19.787467109174017,4,,,,,,rectangular_hollow_section,False
133.7942508486022,180.77132273982298,11.358739718631078,18.015635796249917,4,6349.804209928251,3377018101271.8555,5435393232265.949,-0.013671875,76923.07692307694,rectangular_hollow_section,True
75.45967852775632,73.82291829539187,10.619904654444941,18.17276805759314,4,2446.4006368930923,322081600553.32434,310793692899.74304,-0.001220703125,76923.07692307686,rectangular_hollow_section,True
92.92206282519568,171.11326528583126,11.028847824717793,13.771561782157267,4,5155.335536741422,1335145178426.5698,3599539412553.295,0.00634765625,76923.0769230768,rectangular_hollow_section,True
211.13410397270115,87.19169152858723,13.787455136833001,9.762302295900788,4,7370.628820550779,7328898654905.045,1651868110096.2925,-0.013671875,76923.07692307698,rectangular_hollow_section,True
82.49156263885696,181.82730298279748,17.005836631306586,19.935098422134168,4,7444.305402084631,1314735693245.5845,5074520974109.547,-0.03515625,76923.07692307691,rectangular_hollow_section,True
293.07828361163536,237.5119146278962,5.082224720653318,16.60993539193389,4,5146.839371209925,13239100620199.05,9638872456048.818,-0.0234375,76923.07692307718,rectangular_hollow_section,True
141.36695446035782,215.52469606315188,12.09715930000244,13.35100320903816,4,7872.708083789372,4856991310996.789,9522920696358.047,-0.015625,76923.07692307688,rectangular_hollow_section,True
137.74722539397175,102.34029156112305,9.560258689686728,8.928892396674755,4,4145.278236224306,2071673604404.0352,1282954137860.6501,0.0009765625,76923.07692307667,rectangular_hollow_section,True
195.41541946100264,30.142308652994835,14.469850577199093,9.036239507624144,4,5608.413317339048,3507397416647.408,86425693071.4497,0.001220703125,76923.07692307685,rectangular_hollow_section,True
205.53693479924567,168.18702041390824,4.205627158081654,13.327843351314547,4,2978.32145204803,3743778679050.6426,2764682633724.0435,-0.0185546875,76923.07692307729,rectangular_hollow_section,True
153.7946871226159,28.72900129260092,15.88467813283809,19.803463095898703,4,,,,,,rectangular_hollow_section,False
46.83984896938937,53.13545820917095,14.370188155627178,12.283684103596975,4,1896.4298244755769,75804434233.60117,95764989816.69238,0.000457763671875,76923.07692307694,rectangular_hollow_section,True
112.80374270783544,75.74432863903971,10.19327712060006,16.73603375400366,4,3190.946728306127,946799586046.813,496878202740.74805,-0.00048828125,76923.07692307686,rectangular_hollow_section,True
191.14087285323822,26.598138284657583,9.678885890460872,12.04290978263826,4,3700.775690018786,2243047927360.035,55565240438.712296,0.0001220703125,76923.07692307704,rectangular_hollow_section,True
273.52852778535396,65.17559664912014,12.693922787558648,13.697969966474755,4,7767.799033387004,11432927793060.445,969307055472.1926,0.01171875,76923.07692307713,rectangular_hollow_section,True
283.62199467788156,192.35887120655264,10.825412572266034,9.640427753717765,4,9743.68242269307,21630679014697.094,11761436361350.71,0.1640625,76923.07692307679,rectangular_hollow_section,True
128.20403416641813,298.84882796692835,7.851806880802501,19.182644081002696,4,6220.083755275381,3588834162905.1904,13419196954475.016,-0.068359375,76923.07692307701,rectangular_hollow_section,True
155.47544612860872,267.38358162907605,2.7571631613630636,19.490730413546995,4,2201.498573702812,1905748852144.3936,4289858913041.6016,-0.021484375,76923.07692307736,rectangular_hollow_section,True
174.37523956216015,45.69701787684188,3.1344730712509374,8.696295416691035,4,1295.6297574342254,849240224887.0474,101143014764.17111,0.0006103515625,76923.07692307666,rectangular_hollow_section,True
33.47264974239202,69.0191893334097,9.405887515493191,15.888024281587866,4,1363.7593208716135,31871628124.170776,109209734575.39935,-9.1552734375e-05,76923.07692307686,rectangular_hollow_section,True
162.53906426297874,258.20561544204054,17.794430594432196,12.507961725318514,4,13550.807854732855,10696604785309.57,22793769304327.242,0.0390625,76923.07692307691,rectangular_hollow_section,True
105.43271691845831,88.08410733803223,16.045140714554236,13.403055975134576,4,5000.581279986083,1264261850741.456,926313434905.4993,0.0009765625,76923.0769230769,rectangular_hollow_section,True
256.1671055909831,209.36146183234314,3.076573928650885,13.984705914609549,4,2750.020222504876,5476767716196.258,4046119052158.676,-0.02734375,76923.076923077,rectangular_hollow_section,True
176.0417767763813,197.00217671854972,6.068063808793957,14.027194898547172,4,4246.609004015703,4144978928017.199,4921243606642.539,0.01953125,76923.07692307686,rectangular_hollow_section,True
196.90241318665107,27.84430603634398,10.976206948534344,15.219715105868051,4,,,,,,rectangular_hollow_section,False
154.77486914007912,22.43086291107662,9.753062983065892,11.36154871846223,4,,,,,,rectangular_hollow_section,False
277.9584926826477,291.438854964501,11.45238953057483,17.005744356207543,4,12258.935950733308,29100433085340.79,31309679660576.64,0.1171875,76923.07692307685,rectangular_hollow_section,True
111.57739539184068,163.74756455361225,11.494940779685829,8.697355413413257,4,5725.509574183613,2116421063882.3623,3951061261088.6367,0.0068359375,76923.0769230769,rectangular_hollow_section,True
206.38068117459568,216.0291650463136,13.501859564198362,11.894396694580978,4,10535.959324925418,13181690709046.438,14173413044135.594,0.04296875,76923.07692307691,rectangular_hollow_section,True
139.81750836499015,172.0070979490707,17.745330228353815,9.752341089394735,4,9712.16608836177,5165331907560.984,7302094888548.684,-0.041015625,76923.07692307685,rectangular_hollow_section,True
35.158494752808316,22.735313133548143,12.930209899990844,15.92621073267736,4,,,,,,rectangular_hollow_section,False
34.762865847726985,271.02835252265254,9.142440657647235,11.968270544165483,4,5121.765065176361,164830270098.75842,6622169450363.645,0.00390625,76923.07692307701,rectangular_hollow_section,True
73.39317761456601,61.30267162077524,10.823443598186293,8.855396933300197,4,2368.740074078214,293579667054.59314,215231527778.73456,0.000244140625,76923.07692307694,rectangular_hollow_section,True
254.39222881413804,24.849590299195707,7.2066480398768435,15.870164102133746,4,,,,,,rectangular_hollow_section,False
107.88099591703161,190.487132306645,6.726146692396166,19.755086413163912,4,3612.261231281627,1378111949741.9368,3303335452643.6846,0.0048828125,76923.0769230768,rectangular_hollow_section,True
37.728124737691275,87.069283133061,19.884124598831452,15.168592474005578,4,2958.374580909486,66864676586.425385,337964822356.4175,-0.00018310546875,76923.07692307702,rectangular_hollow_section,True
156.6279663457611,102.27968240341312,6.280490387987546,8.368927648002034,4,3028.6783808483847,2001790280121.9775,1026950350289.4172,0.005859375,76923.07692307698,rectangular_hollow_section,True
237.8620363606599,59.907659417843234,12.641354982770533,19.98108254041572,4,6543.837372827172,6970929175344.273,656240959820.3323,-0.0166015625,76923.07692307669,rectangular_hollow_section,True
57.17755559722266,297.3660983694283,9.628312142175517,12.414326548121604,4,6310.142730635126,653850985294.5613,10838858263430.469,-0.0009765625,76923.07692307683,rectangular_hollow_section,True
108.53227139085175,288.0221294465422,4.677173917226925,14.903127914238777,4,3504.470890829339,1538242452974.7087,6965579357188.037,0.041015625,76923.07692307782,rectangular_hollow_section,True
162.93996830585044,223.38438157397582,6.669710411095572,18.555743453129658,4,4772.365095412942,4122490677759.258,6668825217680.189,-0.0283203125,76923.07692307678,rectangular_hollow_section,True
172.4054877630512,157.2826064257049,11.849719726870166,18.86400749027497,4,6945.109050658577,5688942148961.625,4922531570302.13,0.013671875,76923.07692307702,rectangular_hollow_section,True
178.71455537285814,162.50716100474793,17.711458670158287,9.048343201024084,4,10750.413066382347,9103624350289.074,7778756114980.109,0.09375,76923.07692307646,rectangular_hollow_section,True
143.18307262481898,278.238486022415,3.0835822176236354,18.457813390124223,4,2456.6182405654467,1839696117031.587,5004877358963.301,0.04296875,76923.07692307617,rectangular_hollow_section,True
291.43514318343625,247.1962066349866,6.332694313205898,11.69141605034936,4,6553.589992154934,16850735135724.82,13111196543519.438,-0.01953125,76923.07692307695,rectangular_hollow_section,True
299.64143425924647,127.7151270805846,16.770354918433107,8.283200080212321,4,13140.251800850676,27391510728733.258,6646749860772.428,-0.0390625,76923.07692307713,rectangular_hollow_section,True
103.19194551005123,233.8714155968964,7.247972112392185,15.992074631907316,4,4496.632161695801,1642286656714.6885,5916098319328.6,-0.0244140625,76923.07692307695,rectangular_hollow_section,True
224.66957225543078,229.43294004107682,10.419751605903723,17.50475637744948,4,8772.766666157131,13307980874855.008,13747124956817.238,0.0,76923.0769230767,rectangular_hollow_section,True
89.31491677555738,174.5022695305076,8.777948774157752,13.63028469145201,4,4161.09845863139,1047477549569.8079,3052513450235.176,0.0029296875,76923.076923077,rectangular_hollow_section,True
283.20462282942265,33.36855537683299,11.169380230522851,12.385343510900809,4,6420.914010221795,8784670829567.098,163606860487.80237,0.0,76923.07692307691,rectangular_hollow_section,True
25.96803970310748,65.5960863216921,12.988321567598804,13.29682721468529,4,,,,,,rectangular_hollow_section,False
63.98869171802576,94.98274854811828,18.510337430807937,8.576159919666141,4,4441.149116198557,382617626031.61194,795982127526.7446,0.001220703125,76923.07692307695,rectangular_hollow_section,True
188.79183596678877,256.55711184029576,6.06286834586339,9.526972594741757,4,5174.387398155427,6174359245776.406,9882289943204.889,0.060546875,76923.0769230772,rectangular_hollow_section,True
150.5848594900351,85.08441696382432,5.052769482695132,16.668663595839853,4,2136.527788345215,1217998227324.0938,508599925988.17395,-0.000732421875,76923.07692307669,rectangular_hollow_section,True
98.39901633365311,225.41051488987023,11.659118687127698,17.739016334860835,4,6729.2197737529195,2035732780754.9727,7787826986812.26,-0.00390625,76923.07692307704,rectangular_hollow_section,True
56.34036416901084,262.097823217502,17.428144380292125,18.149021809636594,4,9555.74521740154,705555208735.0911,11649120622924.508,0.0,76923.07692307697,rectangular_hollow_section,True
237.84419238573003,228.06532373697144,17.50335601204501,18.11404028547176,4,14756.744853271111,23429987799576.367,21909548845971.727,-0.09375,76923.07692307682,rectangular_hollow_section,True
195.00486613422405,151.3632710465733,18.48688646144125,15.84136264207113,4,11188.52819733396,10742196724663.18,7069097482550.412,0.03515625,76923.07692307705,rectangular_hollow_section,True
291.742419796483,159.63287960061734,11.633740065183163,11.477085160977225,4,9829.266694650725,21544435826842.344,8276501374025.852,-0.01953125,76923.07692307701,rectangular_hollow_section,True
73.39349295723974,251.24330485031462,9.154642371813638,18.696062206925802,4,5350.133611919491,944924800996.7905,7007985238614.424,-0.001953125,76923.07692307666,rectangular_hollow_section,True
74.62970952183929,138.8574192817697,14.113962173117187,8.881531825794148,4,5150.601200293756,758191097881.1284,2211630889287.0254,-0.01025390625,76923.07692307667,rectangular_hollow_section,True
117.300346868471,160.8309033592971,9.581663547853033,14.714298743772604,4,4772.520374808773,1975042364776.1118,3252197914091.8584,0.0107421875,76923.07692307678,rectangular_hollow_section,True
109.1735003737263,102.22876487603406,4.4873086171014664,11.406684553068272,4,1734.4759694094412,605987902071.1764,548066767747.80273,-0.0003662109375,76923.07692307702,rectangular_hollow_section,True
153.70694430414278,37.083135801689195,13.006979964222813,15.288558888415041,4,4057.9449569621074,1614025893531.8457,117028290581.19763,0.001220703125,76923.07692307702,rectangular_hollow_section,True
174.54977496501493,223.07617204163338,7.934106879441705,16.71897760097321,4,5855.463056854563,5678219670323.719,8278597741937.414,0.00390625,76923.07692307701,rectangular_hollow_section,True
89.67686945556505,92.16541374552419,9.025744634115775,15.544501717658042,4,2757.530419178143,581927216288.388,607901301396.6465,0.000244140625,76923.076923077,rectangular_hollow_section,True
213.20525620690645,174.68192583632256,19.165723733456776,17.231418109842235,4,13102.055506594208,15439317310842.781,11140937564827.812,0.015625,76923.07692307667,rectangular_hollow_section,True
271.3707661441491,270.8075190863049,3.8591517095908126,10.888637549139489,4,4055.975548521716,9584568096691.307,9554572361420.752,-0.078125,76923.07692307723,rectangular_hollow_section,True
280.25081911264573,84.19380237368375,4.460624145119123,9.655024722658537,4,3105.4745802300836,5570338616741.201,836595413170.1328,-0.02197265625,76923.07692307701,rectangular_hollow_section,True
187.77165791975753,92.07986834042241,16.975827046929417,9.403210353371625,4,8260.287036565176,6485874577087.754,1905839002286.414,-0.0244140625,76923.07692307682,rectangular_hollow_section,True
126.86925008526114,159.23005745290178,13.210905784425908,16.803178977134493,4,6591.707470125925,2982740550297.5596,4303259040228.134,-0.0126953125,76923.07692307665,rectangular_hollow_section,True
139.56347508526855,62.586778473718816,6.393903091809612,12.361461604290245,4,2304.3362970976677,1035369834528.5532,288588790896.5514,-0.0015869140625,76923.07692307702,rectangular_hollow_section,True
220.76909694762335,234.36601896077366,10.131114704859371,11.242223074685086,4,8686.3411724512,12974563352297.547,14239808656378.066,-0.09765625,76923.07692307707,rectangular_hollow_section,True
273.63127132738896,275.267859579925,2.9512179459901287,17.353705113747697,4,3111.2837373275233,7485920809910.27,7552896421651.291,0.052734375,76923.07692307782,rectangular_hollow_section,True
195.348060519914,20.934770541766717,5.895182057119643,11.951245095549332,4,,,,,,rectangular_hollow_section,False
150.99950161167143,143.96795812347963,8.342822138512023,12.359054807399797,4,4506.695270617087,2974386305434.835,2760748640644.287,0.013671875,76923.076923077,rectangular_hollow_section,True
168.35373910797045,93.10857503794912,14.285408912564819,14.243362537718136,4,6451.02713802228,4202245577259.754,1562940167360.3438,0.0400390625,76923.07692307675,rectangular_hollow_section,True
204.82002006890994,109.69481166631103,3.287152238782874,10.470021386381696,4,1966.4670485342544,2197505516379.5527,848278091836.5237,0.0126953125,76923.0769230765,rectangular_hollow_section,True
96.1063528543996,54.573976086580274,15.39386319470668,13.145871009667838,4,3518.406718869472,627142845720.3667,225388749095.55243,-0.0001220703125,76923.07692307678,rectangular_hollow_section,True
63.61485529070308,94.37567695644692,11.032509173979587,10.697371445156993,4,2884.765202305781,298856436070.48193,583793795710.998,0.0008544921875,76923.07692307701,rectangular_hollow_section,True
224.05084685945397,50.83920326335601,3.2244433898177784,8.764184604785735,4,1685.0244703359472,1792202475708.707,167736033219.97195,-0.0018310546875,76923.07692307653,rectangular_hollow_section,True
143.7098649295582,71.45276298062754,2.8230935445652197,9.35446078049228,4,1138.121844601221,602134803338.7361,206749740082.1474,-0.0020751953125,76923.07692307669,rectangular_hollow_section,True
285.2159311429761,218.28346902006177,16.3518883387879,15.86737565188987,4,15145.021321170481,33640013401092.492,21984011497937.992,-0.09375,76923.07692307682,rectangular_hollow_section,True
125.23218784085411,32.855221350461356,17.669005539908056,8.508893816373298,4,3818.9416389443245,992298615708.3818,70972125425.47403,0.0028076171875,76923.07692307695,rectangular_hollow_section,True
108.08498444677032,118.86791974442883,19.60187655278688,9.299014335924022,4,7273.999697322251,2021202100840.8682,2388578613466.966,-0.0146484375,76923.07692307692,rectangular_hollow_section,True
197.76806502892168,291.43397357127526,4.859431544266752,16.7450499441832,4,4520.90256316843,6078604114736.602,10927131985186.14,-0.0234375,76923.07692307688,rectangular_hollow_section,True
35.06815674554449,261.3780619673121,6.609510054050104,11.173852560833712,4,3639.9642749850973,139518052558.08533,4525716892824.604,0.000244140625,76923.0769230768,rectangular_hollow_section,True
158.67440319571588,83.9431355345518,12.87165711661239,16.151639987799868,4,5332.94412365407,3022827893970.252,1053157104339.7773,-0.0078125,76923.0769230769,rectangular_hollow_section,True
245.99550102677972,279.79171119358256,17.991488678880028,10.095288584594513,4,17522.699841189962,31482039772047.984,38688472042480.81,-0.484375,76923.07692307698,rectangular_hollow_section,True
114.88174238645786,251.4744771432666,16.047384579955946,11.234613495980254,4,10601.827548272497,4204451544078.7354,15499563416373.137,-0.068359375,76923.07692307676,rectangular_hollow_section,True
199.21049501407458,72.88213665030327,8.21968991844535,8.871177070458298,4,4124.5075662220415,3710658893227.033,719129043699.6095,-0.0009765625,76923.07692307688,rectangular_hollow_section,True
118.00877593435537,60.33327720058187,10.809415045455847,10.113184769993367,4,3285.8962240968285,1009196671892.4409,322943695316.03076,-0.000732421875,76923.07692307683,rectangular_hollow_section,True
160.52229104127153,96.3701291189194,2.5799789491489546,17.70844024653019,4,1214.2103921676874,831276609590.5039,388979229459.2997,-0.00244140625,76923.07692307686,rectangular_hollow_section,True
173.49322935262066,43.30031568505616,2.501898723029563,15.00705508374485,4,990.9202314198492,610682068300.3604,70315985519.75409,0.00018310546875,76923.07692307691,rectangular_hollow_section,True
85.8239915916969,114.63268198595962,14.734149617176968,18.978402963942706,4,4696.570488153926,849634528457.2002,1379595969962.732,0.00634765625,76923.0769230771,rectangular_hollow_section,True
258.78870845428696,258.33572190073585,18.537224523546413,19.54582573484938,4,17416.56654480496,33245268253000.977,33152620400648.703,0.0078125,76923.0769230771,rectangular_hollow_section,True
178.43351311939975,262.389089243921,5.260207349154678,19.901984493126367,4,4345.250110995038,4682801513265.477,8384545625493.641,0.001953125,76923.07692307679,rectangular_hollow_section,True
108.42771085832182,200.67578066536257,19.42129589770478,19.039523507408074,4,10135.13035101647,3175365951358.6807,9023492491198.234,0.009765625,76923.07692307686,rectangular_hollow_section,True
226.19800837773664,160.62780001851092,11.818314993954296,15.047759407682378,4,8368.562473680253,11485912689120.871,6688081751745.086,0.060546875,76923.07692307723,rectangular_hollow_section,True
32.384482542497096,121.25834455167434,18.184700405980458,19.86870577921924,4,,,,,,rectangular_hollow_section,False
139.46068633876408,191.73217851910346,11.510361667039595,19.885279221651754,4,6769.060523613435,3938474955500.7236,6501947465271.961,-0.0078125,76923.07692307701,rectangular_hollow_section,True
125.7852464299202,157.1183803082727,15.809431107405254,16.666448807743187,4,7668.302309623472,3272365938632.628,4720682275317.9,0.00390625,76923.07692307686,rectangular_hollow_section,True
132.2402120887619,286.72051211005464,8.687318447809435,16.70083325885359,4,6762.711037312204,4071587425360.706,13685254280474.758,-0.01171875,76923.07692307702,rectangular_hollow_section,True
163.96420850288274,261.10238882786336,10.147976028397883,18.272829436730703,4,7947.322557761522,6943249052067.9375,14330589326215.93,0.01171875,76923.07692307694,rectangular_hollow_section,True
80.370852949131,271.375517615494,13.339501303701672,18.281892694389885,4,8362.672789482198,1633736376159.4473,12579114326194.703,-0.0546875,76923.07692307698,rectangular_hollow_section,True
280.19367125942273,111.97877226365304,3.8988871147955346,17.905920833356014,4,2872.841883426864,5469813151470.258,1345128848290.699,0.0126953125,76923.07692307624,rectangular_hollow_section,True
23.40637464417614,136.5131155296437,18.74415655627651,9.924769768010174,4,1702.3148965018634,22782281582.710762,679071816906.3379,-0.000244140625,76923.07692307691,rectangular_hollow_section,True
101.88412194020017,91.20337093579849,2.2774629796430594,14.899415423098471,4,796.0729867545548,242744968821.64587,206114084971.11853,-0.00018310546875,76923.0769230772,rectangular_hollow_section,True
32.43392809453884,24.761701452121375,10.478849430168442,17.34555816407758,4,,,,,,rectangular_hollow_section,False
51.18461986183928,62.8766755591974,6.814376496927485,18.399821826010616,4,1164.4394135291068,72850055409.47531,100001078540.17035,-0.000152587890625,76923.07692307694,rectangular_hollow_section,True
84.66770798858435,243.248143755415,11.956003426232982,17.685864915120263,4,6989.38351710832,1555054826097.4473,8840664186787.207,0.033203125,76923.076923077,rectangular_hollow_section,True
195.77701573204797,59.08193215564725,12.756360938202215,9.841379612733368,4,5754.39372494704,4450748722786.648,551236298506.0404,-0.0029296875,76923.076923077,rectangular_hollow_section,True
177.17099571123316,225.15778946521638,13.056366596830927,9.218879556382428,4,9739.041648324295,9307879191210.184,13644676876443.102,0.05859375,76923.07692307704,rectangular_hollow_section,True
206.8634288688168,62.18345600955905,15.082612828857648,9.399095617806985,4,7117.576157448162,6049505284201.135,717615043535.772,-0.009765625,76923.07692307686,rectangular_hollow_section,True
158.13343440985673,254.56707063688955,10.817439384384476,18.88540545124011,4,8169.09095255497,6564608833664.156,13823205039948.746,0.0390625,76923.076923077,rectangular_hollow_section,True
125.89577119612997,254.08175110434206,14.392942296621936,18.32712945993086,4,9788.956107547503,4787581964782.641,14937442908270.309,-0.029296875,76923.07692307697,rectangular_hollow_section,True
248.00440068338628,191.22219036503566,14.003379459619811,12.210935835139974,4,11367.82774728248,19213084004497.58,12703308151928.465,0.1953125,76923.07692307673,rectangular_hollow_section,True
69.20370217421853,43.321178603748294,13.748398253783934,11.009900759578624,4,2216.782015875734,195335860474.3824,82157605517.52032,-0.00067138671875,76923.07692307695,rectangular_hollow_section,True
178.96342093937923,214.422765557091,13.97686612086404,8.701596942128484,4,10139.483189331344,9666149229338.656,12919760930108.668,-0.125,76923.07692307692,rectangular_hollow_section,True
87.5936750330101,232.3888908660932,16.338743867117927,17.976576781536362,4,9067.933351589272,1950856698856.1895,10227672663278.168,0.01953125,76923.07692307685,rectangular_hollow_section,True
155.96477816468652,236.11398644794525,11.872138935882713,19.320545283539598,4,8428.03168999581,6391934405799.225,12270489858375.477,-0.01171875,76923.07692307649,rectangular_hollow_section,True
192.4674677326739,146.08743110762876,2.828048684950166,17.70956486948543,4,1790.738871523681,1927096181012.6782,1277993038753.789,-0.00732421875,76923.07692307695,rectangular_hollow_section,True
278.5199011256713,270.12166875144044,19.423951001329044,14.277011050326706,4,19600.58140663125,43450323373128.06,41372430047748.3,0.125,76923.07692307666,rectangular_hollow_section,True
117.39503321953343,85.99788599840097,19.87848403768547,12.736214763293912,4,6343.458119060972,1857766694588.144,1064602419435.6929,-0.0068359375,76923.07692307711,rectangular_hollow_section,True
172.69933170026127,213.5196303707369,19.841943796473863,13.215965579455425,4,13577.197196403458,11269603067762.824,15998514346118.637,-0.12109375,76923.07692307711,rectangular_hollow_section,True
226.56615177159202,203.9092843782493,3.5756848633930733,12.584359666937228,4,2950.1370267269385,4687557069512.524,3999856083842.251,0.0556640625,76923.0769230774,rectangular_hollow_section,True
133.16534914682558,188.14084098998586,9.562405359365663,14.351767495472817,4,5596.126443522769,3076812331931.373,5297273126538.967,0.015625,76923.07692307683,rectangular_hollow_section,True
50.296109107614896,44.06466280552107,3.1969795017967213,15.357572880457438,4,474.4811819629808,29064818386.42224,23977259587.6957,6.866455078125e-05,76923.07692307686,rectangular_hollow_section,True
122.31441264799403,221.75578796338706,11.979872927330213,14.591661037534593,4,7463.67000668896,3488264672011.534,9067758220144.973,0.0078125,76923.07692307713,rectangular_hollow_section,True
40.60862537731417,20.806470941965138,17.954693047434112,18.098530494838194,4,,,,,,rectangular_hollow_section,False
250.7154357567168,98.58490101801142,6.148296735597016,16.040122357611303,4,3984.5607185633726,5911239887537.094,1376720387113.5247,-0.0166015625,76923.07692307698,rectangular_hollow_section,True
56.45015632422688,269.75250272641904,13.41250746408521,16.870464225668833,4,7758.15467452122,670120460993.1885,10449925578637.418,-0.017578125,76923.07692307662,rectangular_hollow_section,True
201.89551604267461,61.1600387808496,3.5311241805659144,12.508023924811935,4,1732.0223755393565,1566512954259.8647,241783196471.4121,-0.0025634765625,76923.07692307705,rectangular_hollow_section,True
21.977804426937727,217.97831299869563,4.986901049931138,14.653884714377623,4,,,,,,rectangular_hollow_section,False
201.76797064247916,288.5747232572718,14.910510728078028,19.93119934952528,4,13361.181281688223,16884369310647.297,29700793721827.594,-0.125,76923.07692307717,rectangular_hollow_section,True
216.83475618763774,60.327063817297045,4.776676957366436,16.595007698988777,4,2420.837048127229,2397203194044.0166,317319531150.94147,-0.000244140625,76923.07692307695,rectangular_hollow_section,True
142.43176999696973,205.1283284586546,4.12019790195856,19.700545586105633,4,2650.76439148646,1800507535914.1177,3111910629495.7217,0.01611328125,76923.0769230769,rectangular_hollow_section,True
255.28894889254104,24.342841966893367,10.342509093889134,18.11033939457274,4,,,,,,rectangular_hollow_section,False
282.55646056334746,175.35442968230348,16.2461655166128,16.08756484800321,4,13564.030910869176,27720274306240.28,12876647905533.582,0.2109375,76923.0769230773,rectangular_hollow_section,True
253.23075064646557,298.2478403277654,10.215919472810347,19.938705821740214,4,10547.242294584492,21366523655558.254,27469460998796.28,-0.015625,76923.07692307678,rectangular_hollow_section,True
64.48944554747922,119.43804757004504,15.272009957748073,18.658988304434352,4,4348.261637966622,422050777189.9856,1225266913911.5835,0.000244140625,76923.07692307711,rectangular_hollow_section,True
165.4182795028273,278.6089297972315,11.48971263172019,17.497917506795368,4,9405.35749435287,8363195884129.496,18965197645921.79,0.03125,76923.07692307713,rectangular_hollow_section,True
146.84678123963826,49.07249478429777,16.244431296392555,18.06822781734796,4,4986.533622737074,1866713765124.585,253151574119.8341,0.001220703125,76923.07692307697,rectangular_hollow_section,True
48.473725051592346,135.82264101168795,9.481402372956929,11.21589844383635,4,3012.400139925262,196127629715.53406,1134373459321.393,-0.000244140625,76923.07692307694,rectangular_hollow_section,True
260.5205434565777,284.10834692108375,15.994769854204234,15.708877450155432,4,16152.328033582817,32784135690707.094,37590489136277.914,0.140625,76923.07692307679,rectangular_hollow_section,True
205.4766079643171,156.92016294487829,2.2973382870186128,12.524182874153858,4,1591.7180945274215,1997857566874.8096,1334352383604.813,0.00732421875,76923.07692307688,rectangular_hollow_section,True
78.2917747287349,62.947225710771626,17.189781104281735,18.448264228027913,4,3335.0260309785294,380556436589.1011,257888569359.8534,0.0,76923.07692307678,rectangular_hollow_section,True
225.21047878004657,256.2451540958223,8.846097244502836,8.577557685672522,4,8131.418452979462,13072818401224.473,15968142482753.27,-0.078125,76923.07692307704,rectangular_hollow_section,True
279.78414563988053,27.716155259753272,16.08784205883371,13.908832770727905,4,,,,,,rectangular_hollow_section,False
285.00868966425656,100.8188476412233,5.341447653847387,14.163831896568375,4,3884.8512654367555,7395837686551.564,1459511422643.8088,0.0283203125,76923.07692307727,rectangular_hollow_section,True
267.65268362546465,140.97759732337926,7.516617022707921,18.178795011142117,4,5700.249977083742,10452697745752.91,3881414568610.5635,-0.00390625,76923.07692307697,rectangular_hollow_section,True
222.626954371946,21.286896505804197,16.399637182967993,11.588831043754716,4,,,,,,rectangular_hollow_section,False
267.8045460786443,249.78288564859096,14.289703435103135,13.806092365928109,4,13784.951118768307,28835496815041.484,25840895151170.703,0.1484375,76923.07692307686,rectangular_hollow_section,True
113.66071308024604,178.19682623972872,15.438669644679827,14.88283639066678,4,7836.87536511899,2842160914051.455,5983722418399.568,0.0087890625,76923.07692307685,rectangular_hollow_section,True
219.480902152568,100.82685205906506,13.762681028886131,13.27587144991243,4,7882.692585421008,8725953628971.18,2410730928983.6333,-0.0546875,76923.07692307704,rectangular_hollow_section,True
243.27754807330706,287.09755878906685,7.744346367223051,10.86038123589194,4,7866.679254282046,15080732859168.238,19445784077192.156,-0.01953125,76923.07692307686,rectangular_hollow_section,True
90.95223926858408,241.58400788945002,9.345159146302978,13.570814447239412,4,5699.56946329436,1566249874982.0542,7571133688937.822,0.0166015625,76923.07692307685,rectangular_hollow_section,True
138.4653019123853,68.30648775350433,15.446904533795863,11.40452395980084,4,5303.477585047783,2131084187354.1592,615849320842.5388,0.00537109375,76923.07692307675,rectangular_hollow_section,True
177.97986160823424,192.57709482329943,19.92017855156737,10.905658762176598,4,13056.934024140453,11207543781604.184,12773139408742.66,0.08984375,76923.076923077,rectangular_hollow_section,True
128.728183747899,172.60822023337633,14.1061870713287,12.207514153648379,4,7556.4539153459655,3580107110417.584,5782520581011.459,-0.0107421875,76923.07692307682,rectangular_hollow_section,True
133.5526754205511,131.8114789364486,19.713825646338588,15.943448791207885,4,8653.952097749212,3747489569068.3584,3664518518463.8984,-0.00390625,76923.07692307657,rectangular_hollow_section,True
149.6561943101804,221.66014215689106,19.334900097512033,16.77426613662315,4,12581.999088784623,7931038234944.598,15188421005439.867,0.109375,76923.07692307698,rectangular_hollow_section,True
203.70322478307233,192.35738071863338,14.222172987905747,14.525516199865667,4,10245.705468519765,11984538024244.613,10938058798008.012,-0.04296875,76923.07692307675,rectangular_hollow_section,True
276.6599903861415,250.665104745511,9.985706864866819,14.048044026463726,4,9951.72532082638,22773420171551.508,19555130980936.027,-0.0703125,76923.07692307685,rectangular_hollow_section,True
122.85014087708527,232.1102998328707,11.184732930544419,11.12792456387702,4,7316.051752488494,3540657712704.4854,9833865303934.488,-0.033203125,76923.07692307683,rectangular_hollow_section,True
25.02578046418801,260.9721902615533,5.134720694667166,18.454629898337014,4,,,,,,rectangular_hollow_section,False
224.56111651600594,77.43555996424024,5.9684771514469475,10.700744601943263,4,3370.3180689281926,3895313395249.6807,716553438751.8386,-0.01123046875,76923.07692307704,rectangular_hollow_section,True
289.99169010163115,220.9984319942017,7.444058385030299,9.275656024960716,4,7303.341540372524,17964848919032.39,11826959446957.016,0.05859375,76923.07692307691,rectangular_hollow_section,True
214.52943920535665,163.87559081067866,10.59998502363206,17.357347130463495,4,7317.121015304521,9225724994240.264,6056889003455.805,0.005859375,76923.07692307698,rectangular_hollow_section,True
231.13746858564608,137.73179494633104,6.959349412758984,19.23741009874146,4,4721.122834998259,6621671267820.338,2992577299659.2617,0.01171875,76923.07692307678,rectangular_hollow_section,True
121.50168122531083,21.83380562266224,10.83414698451432,14.94582950556531,4,,,,,,rectangular_hollow_section,False
205.26987211976484,184.30611749276383,19.324431524011075,18.376578670355116,4,13225.235810799766,14686888835546.727,12316842335463.938,-0.1328125,76923.07692307694,rectangular_hollow_section,True
45.5872278408325,157.18047005181046,6.252481690113059,10.974823541211805,4,2281.0822884973436,152064535873.7665,1164437576013.7227,-0.0008544921875,76923.07692307697,rectangular_hollow_section,True
290.2551591622874,171.12836678814466,19.709297120949156,11.090096802459932,4,16510.274180240962,34600623619191.312,14522468325494.227,0.09375,76923.07692307702,rectangular_hollow_section,True
263.3771571278205,186.91183327952376,10.157234734268219,12.596332375992603,4,8581.985885839207,16534000606058.625,9681260052331.021,-0.07421875,76923.07692307667,rectangular_hollow_section,True
189.74729053450596,230.76625700422792,16.514565854149037,13.813471028862665,4,12607.461823511174,13270321663119.41,18189813780575.35,-0.12109375,76923.07692307685,rectangular_hollow_section,True
190.6273141249827,92.41715239821534,7.630147414471542,15.347605523098657,4,3910.4755749444425,3426696298468.7803,1095897273463.5032,-0.00341796875,76923.07692307692,rectangular_hollow_section,True
173.450545394275,91.21108759744891,12.581213176084894,18.499112526128748,4,5719.185516933827,3916643061350.955,1371907754838.1191,0.0048828125,76923.07692307679,rectangular_hollow_section,True
188.75267799533822,205.32043816599753,2.2024063761730086,11.67585948386593,4,1669.8365311376258,1950142329457.9297,2211752747915.7153,-0.00146484375,76923.07692307713,rectangular_hollow_section,True
47.79202480257078,258.8930702983393,15.533042569054796,12.568223988839454,4,8404.443374952276,439315857227.886,10020505612731.027,-0.013671875,76923.0769230771,rectangular_hollow_section,True
295.90789898481813,163.98238288726313,9.899054665473278,13.069993671853222,4,8552.223067262876,19551204506579.4,7750876056111.764,-0.0546875,76923.07692307702,rectangular_hollow_section,True
222.72254500783032,259.62709389185636,9.649324773300352,14.338288423510708,4,8752.658630928872,13654856257705.652,17306852084646.387,-0.078125,76923.076923077,rectangular_hollow_section,True
91.54531314979761,115.7546302619074,13.045255647373848,18.2167924991631,4,4422.739999814118,951986352796.8364,1399735357037.2344,-0.00439453125,76923.07692307702,rectangular_hollow_section,True
272.9134334822022,218.1294441075511,3.6680355652394256,16.99717395672829,4,3437.269546225829,7675110990475.533,5484115656778.358,-0.05859375,76923.07692307612,rectangular_hollow_section,True
79.37623559720153,141.50700528387458,13.967183299367372,13.675512604912601,4,5202.884944009053,872082877069.0686,2322325925101.547,-0.0078125,76923.07692307692,rectangular_hollow_section,True
45.72034668855139,78.22039675841049,4.9053398855231345,10.035064258927399,4,1045.3050644397927,64789667307.93408,151636580159.72827,6.103515625e-05,76923.07692307685,rectangular_hollow_section,True
76.73544942625898,293.9104939488774,8.878842591550868,15.091872826210139,4,6077.315713081624,1219943168971.655,10978313444482.871,-0.01171875,76923.07692307702,rectangular_hollow_section,True
131.96870479718325,206.03442206674865,14.92886458078071,9.002133151878887,4,9119.483425694863,4700070193221.282,9766193994218.8,-0.01953125,76923.07692307686,rectangular_hollow_section,True
152.0635500743078,283.01017601058214,15.446166829905351,18.060342764396744,4,12166.764368931363,8779012784104.154,23879300875246.977,-0.05078125,76923.07692307743,rectangular_hollow_section,True
88.9901487540443,286.04134685952033,16.20357139905174,10.098824029004128,4,11001.490081029471,2557795669219.2217,18921583527203.414,-0.041015625,76923.07692307705,rectangular_hollow_section,True
233.53525940667743,255.18373515475452,4.885184824271211,18.757548650930662,4,4520.101954807025,7909464033124.705,9037550747815.277,-0.017578125,76923.07692307691,rectangular_hollow_section,True
37.82544961890045,258.4643766902036,15.581335803784942,13.59292852619376,4,8077.302750294903,222713797078.27344,8994863822404.883,-0.00390625,76923.07692307669,rectangular_hollow_section,True
154.8964864377971,250.68636281821654,17.0031974786703,9.58317186358059,4,12544.13847876189,9043619315656.227,19895539019150.03,0.02734375,76923.07692307694,rectangular_hollow_section,True
107.25042486309998,187.6472442913214,13.32285984998378,11.603816190523915,4,7013.117703949809,2383315633028.777,5980940274827.336,-0.01953125,76923.07692307665,rectangular_hollow_section,True
88.3199378132473,38.355992122136996,7.227976890795525,16.26565626987258,4,1439.3548633199098,213538397098.72473,54994059286.40047,0.0003662109375,76923.07692307686,rectangular_hollow_section,True
228.23784396123006,287.7691493074312,6.947445146762068,18.216055008865027,4,6771.94949402851,11551795914001.484,16430624133657.652,0.04296875,76923.07692307669,rectangular_hollow_section,True
291.3477299237332,143.99514397628292,8.755769765132396,17.678683070867933,4,7083.952475540389,15103880337885.715,5034945294583.074,-0.072265625,76923.0769230769,rectangular_hollow_section,True
293.5395292825354,152.35913992894316,13.897576179761264,12.586230215264019,4,11462.8377619205,24611155794517.516,8573086628319.99,-0.02734375,76923.07692307679,rectangular_hollow_section,True
251.53582211347964,96.71431225349781,2.5445687809952275,12.89540158758509,4,1687.2418763351593,2607295840442.4326,604998916901.0376,0.020263671875,76923.0769230769,rectangular_hollow_section,True
32.201426341557955,174.3430185723863,13.897128531781801,19.81473740427806,4,,,,,,rectangular_hollow_section,False
34.737075833723665,78.50146352275195,9.22827835962509,14.197566571223389,4,1572.471967292537,42603259330.37204,173441836101.16174,-0.000274658203125,76923.07692307697,rectangular_hollow_section,True
152.73455672919818,28.284239469200145,7.6481558640366085,17.924938422540144,4,,,,,,rectangular_hollow_section,False
41.49562114731221,291.75908371364807,6.2585525697573,10.464279990522376,4,3922.8932453264215,227470610110.51056,6277651140706.764,0.0029296875,76923.07692307704,rectangular_hollow_section,True
158.57004918876706,108.98141946801812,17.594899858929743,12.093132231589784,4,8030.516744897716,4761582013204.359,2516650423645.2803,0.0107421875,76923.07692307711,rectangular_hollow_section,True
93.8043575449172,90.61399759847478,13.55392933438767,17.99436301205521,4,3960.2710565849475,818652804703.6763,772848438959.0271,-0.001220703125,76923.07692307707,rectangular_hollow_section,True
216.57321468810684,25.94655604701158,16.956785475195666,18.620601325551924,4,,,,,,rectangular_hollow_section,False
279.0836508493006,144.93288580780683,2.204598042151922,9.024550956882859,4,1815.2002807846018,3836369949204.5566,1420717103709.272,-0.0234375,76923.07692307634,rectangular_hollow_section,True
131.25667500447463,33.49843070816046,9.984212507702457,13.368637564356815,4,2723.8958393689095,819275551743.2417,70929140606.16235,0.0018310546875,76923.07692307698,rectangular_hollow_section,True
252.85206981938126,278.22459575265015,17.9353826292123,15.615301929758694,4,17519.57695037844,32965262691148.28,38390337123634.62,-0.1640625,76923.07692307698,rectangular_hollow_section,True
92.7845185743878,46.117885353333534,11.525714040614014,8.360594411519099,4,2600.630898951602,456061588996.25806,131197318837.68378,0.0,76923.07692307686,rectangular_hollow_section,True
196.99456692051248,53.59067722483174,19.946221022186897,15.119309324294141,4,8176.456882536,5531458631459.326,473712617765.9741,-0.0107421875,76923.07692307711,rectangular_hollow_section,True
142.40655574315392,295.8851615157088,2.8914732626945994,14.652424280071656,4,2424.8015244637163,1833154277868.794,5552153692589.197,0.0185546875,76923.0769230762,rectangular_hollow_section,True
180.36795477001934,253.68805019376603,8.428999756714017,13.316094085666023,4,6879.689102167,7317582453679.984,12404468464517.992,0.013671875,76923.07692307705,rectangular_hollow_section,True
130.93383296967775,135.4829444596982,3.2072431704091824,16.902256433714093,4,1569.6482605000037,830233589948.8652,873561844385.3479,-0.004150390625,76923.07692307678,rectangular_hollow_section,True
179.47566175339986,187.80800547032132,5.353147654691789,13.765216699555046,4,3698.904359188584,3719752618288.0684,3985373521314.245,-0.0263671875,76923.07692307695,rectangular_hollow_section,True
110.01228698180262,30.283215175646365,7.4569564441881635,12.468769670428884,4,1739.57815488562,378311435449.10583,40611351865.42619,6.103515625e-05,76923.07692307697,rectangular_hollow_section,True
174.44953122251184,207.27356841895238,7.37342795566517,13.234150021413754,4,5270.951125512086,5064940287509.963,6604692506266.217,0.01953125,76923.07692307688,rectangular_hollow_section,True
171.93199241062197,278.8423762717875,18.654656911581156,19.321962368254958,4,15053.204553466945,13304527937179.71,29157068673255.86,0.2109375,76923.07692307691,rectangular_hollow_section,True
57.20557592385561,160.45843630729792,19.72560507424003,15.230667638498026,4,6798.7374693986485,460132962846.7886,3142497993321.7676,0.0185546875,76923.07692307695,rectangular_hollow_section,True
252.1761016399282,266.2871702672332,15.329820342327542,15.868828248889935,4,14704.354877482561,27733407241584.008,30220502154483.71,0.2109375,76923.07692307717,rectangular_hollow_section,True
81.9598495307971,264.9046328081065,16.96252476862,9.322729512380095,4,10529.572474391221,1977980927151.5,15232982566210.586,-0.017578125,76923.07692307697,rectangular_hollow_section,True
85.94884655729558,223.97506033662714,12.645267569499323,16.60089402490682,4,6938.587588328162,1549549720578.4443,7553107326406.582,-0.0029296875,76923.0769230767,rectangular_hollow_section,True
283.76308774942277,121.53675315779121,5.586474472072565,12.24433790868913,4,4297.962976136481,8608599464553.852,2308370628755.47,0.015625,76923.0769230769,rectangular_hollow_section,True
60.7367566194821,68.53394432508941,15.792703060447295,19.14065565865539,4,2730.2737966017658,191489115611.41522,236643017967.56238,-0.0015869140625,76923.07692307698,rectangular_hollow_section,True
127.5520082439699,246.30841523391604,12.810109223599312,9.59371739979619,4,8829.950711436066,4554029770558.941,13238281799059.727,0.01953125,76923.0769230771,rectangular_hollow_section,True
133.68575060483894,258.6590204566737,4.206608016416906,16.03089418056249,4,3112.9232893414005,1996307882837.7217,5447753082171.473,-0.03515625,76923.0769230767,rectangular_hollow_section,True
103.56174943338615,34.54509123907864,19.272973874616735,9.356604296875993,4,3229.8851456556486,578196183958.9128,67082432505.90823,0.000732421875,76923.0769230769,rectangular_hollow_section,True
65.842043857092,188.1933283667358,4.426090210546189,15.851900376061517,4,2049.6722424628642,316454671432.36304,1622880886247.1323,0.006103515625,76923.07692307654,rectangular_hollow_section,True
177.84029339534425,259.8951704470629,9.499548315721217,12.280796627345872,4,7812.530080108791,8059629150546.959,14559752271376.484,-0.02734375,76923.07692307718,rectangular_hollow_section,True
98.87140339712992,278.67607417684115,10.344162831542004,9.020192508748337,4,7301.4544776895245,2397868205052.6978,12982177483448.906,0.01171875,76923.0769230772,rectangular_hollow_section,True
106.17199637242854,202.74193456645634,2.446655362624395,16.745650243779146,4,1411.7118141124465,574429558767.9996,1515115965059.2515,-0.007080078125,76923.07692307704,rectangular_hollow_section,True
48.356420397305826,26.98802355423873,11.090079700388923,18.70406045875069,4,,,,,,rectangular_hollow_section,False
213.9620768926915,79.07558197392243,2.44941886478619,10.245239046637632,4,1367.3552175256234,1511413460044.2266,327330745966.0264,-0.00048828125,76923.07692307698,rectangular_hollow_section,True
187.39166526933903,199.008488049987,4.089328085957562,16.57837243220856,4,2974.4773781776094,3310893861425.258,3623941966362.6797,0.00390625,76923.07692307615,rectangular_hollow_section,True
114.15539894761918,102.76603475129359,19.673305574986845,13.040110221906692,4,6816.9230182592655,2006366154057.3574,1667569820526.606,0.00341796875,76923.07692307713,rectangular_hollow_section,True
283.95674710300824,176.91669946897304,5.646261014564653,13.139988993562234,4,4960.399142548901,11091553644094.488,5382266407148.112,-0.03125,76923.076923077,rectangular_hollow_section,True
249.39250113883915,136.856783392215,13.190696822686535,16.903466116352995,4,9221.873978866797,14161050133074.043,5414010426863.339,0.02734375,76923.07692307727,rectangular_hollow_section,True
234.46821152750564,171.98363806884916,6.633565308393081,13.014534325768384,4,5087.7716851103305,7972877229961.258,4955528764695.895,0.0390625,76923.07692307736,rectangular_hollow_section,True
23.520913681947057,171.35292704448958,10.45417293634581,17.140199449972748,4,,,,,,rectangular_hollow_section,False
253.20253277915876,28.182772946200455,2.6741351097394594,11.265711700838043,4,1423.219584663442,1659926276166.3691,43201232120.33667,-0.0015869140625,76923.07692307702,rectangular_hollow_section,True
192.81719763776104,193.2820798284137,2.0937450228477203,10.72658289199656,4,1558.7181172933215,1864758779062.563,1871492624330.8682,-0.009765625,76923.07692307698,rectangular_hollow_section,True
205.75040762366964,186.35748600185434,17.40603069286,19.115084189142603,4,12075.738865089112,13735637833095.121,11707727794458.84,-0.09765625,76923.07692307713,rectangular_hollow_section,True
38.29713704605378,294.4196237163625,8.189817873079232,11.875698698127584,4,5054.040378640904,219479986163.77295,7902353676093.066,0.0009765625,76923.0769230769,rectangular_hollow_section,True
21.36084865372557,219.5276061743715,4.888184777307134,19.371834734383043,4,,,,,,rectangular_hollow_section,False
164.9990828207446,149.39579358153293,12.849595798139129,15.988025793651849,4,7173.478490906437,5305209595430.723,4525885559217.197,0.00390625,76923.07692307713,rectangular_hollow_section,True
44.73994221529982,155.28052625355733,2.8583766410016445,11.139186645758622,4,1055.2767367058195,78151918489.44092,549118282351.8501,-0.0001220703125,76923.07692307662,rectangular_hollow_section,True
129.1740597106184,272.13045600900927,11.2580588058986,9.127282713327057,4,8445.5368320511,4663183579858.872,15440915123807.742,-0.021484375,76923.07692307704,rectangular_hollow_section,True
176.9922613113002,234.511141423396,7.738579274353264,13.352234653144503,4,5982.591927194359,6069651973958.061,9367085833532.453,0.05078125,76923.07692307697,rectangular_hollow_section,True
207.896183208703,162.07314501346332,5.993091311431706,12.456641931096236,4,4177.460917473803,5224242914035.283,3568223223566.9014,-0.0224609375,76923.0769230767,rectangular_hollow_section,True
92.31617376167524,44.79652017263925,12.252749819392367,10.631800675898429,4,2646.4603735215574,438920323841.7002,119887792692.38379,-0.000732421875,76923.07692307692,rectangular_hollow_section,True
45.946463821947084,188.9528486596504,9.535304587691252,8.95961418340502,4,4035.7101632668373,243502547284.00696,2833160306592.9736,0.0029296875,76923.07692307686,rectangular_hollow_section,True
177.2111936206236,163.20355760073386,4.752818800063839,19.78849905428774,4,2979.9890985486845,2794959133086.24,2470069803510.8594,-0.01123046875,76923.07692307794,rectangular_hollow_section,True
136.63491312024644,174.53724406625616,12.513519616976513,14.52944198156528,4,6954.324352286944,3781047259582.6504,5599548609826.285,0.0517578125,76923.07692307695,rectangular_hollow_section,True
142.79184196460363,183.359939506445,8.709467836095548,13.40121218142359,4,5220.217557933438,3296875571301.0254,4871609037906.499,0.0234375,76923.07692307701,rectangular_hollow_section,True
231.5822160009028,140.80968220772974,16.593085472880134,9.230243673075092,4,11171.7418524622,14920163897376.246,6574684316650.473,-0.03125,76923.07692307672,rectangular_hollow_section,True
194.16633184980665,109.53504589880268,10.161563806561853,13.402607203987191,4,5590.006822726869,5251034403991.975,2104143187294.9014,-0.0029296875,76923.07692307701,rectangular_hollow_section,True
278.9244986065551,202.549745767475,19.609172956041494,17.763369500010278,4,17029.007511545315,34608821387423.438,20629043615797.805,-0.0625,76923.07692307715,rectangular_hollow_section,True
72.25038933293109,221.43805471724608,18.67584616476533,8.854112825248755,4,9496.2161690985,1243394272312.8115,9261824448407.164,-0.0068359375,76923.07692307685,rectangular_hollow_section,True
201.82966181809667,153.8077501385443,18.32126657723977,18.155343045837235,4,11359.163941505316,11659121206482.027,7464253713838.006,0.04296875,76923.07692307701,rectangular_hollow_section,True
241.9429755852634,64.16757853290869,16.802587484787594,15.654602511268626,4,8912.524366653364,9866790044178.0,926567895410.0881,0.017578125,76923.07692307685,rectangular_hollow_section,True
285.480298525967,144.6662015633865,11.177668521362452,12.346109928282441,4,8965.24771791211,18370492544834.83,6235459302419.236,0.01953125,76923.07692307701,rectangular_hollow_section,True
98.20117189008093,140.83246849878756,8.124642804452774,13.661371764348173,4,3464.1088991070674,1011101483304.0981,1785041173729.1636,0.00244140625,76923.07692307682,rectangular_hollow_section,True
192.599567804914,61.90484181322694,16.465505971439057,10.95997848607472,4,7176.515076652932,5194818361552.848,677445343376.5745,0.001953125,76923.07692307669,rectangular_hollow_section,True
100.87928209723809,57.51259272245643,5.391839187954433,9.9672454427461,4,1513.3476767780944,376685680712.38,154845495392.62137,-0.0006103515625,76923.07692307686,rectangular_hollow_section,True
274.350500317409,239.91798794886142,6.373954382793801,14.88670642476604,4,6244.191510690151,14236749238484.766,11611114360944.598,0.0078125,76923.07692307713,rectangular_hollow_section,True
112.61932461537481,38.12476844816679,7.692040059366164,17.677925810497676,4,1869.5981372887682,431923708827.55615,72154776106.53365,0.0008544921875,76923.07692307688,rectangular_hollow_section,True
146.61743338243593,212.47702261572897,4.0868438427743055,14.53811316186933,4,2766.189058632795,2017128485997.7632,3534809794474.0,-0.0224609375,76923.07692307708,rectangular_hollow_section,True
281.2792566583237,196.29613452632512,9.93828355947345,11.604869986894604,4,8965.585899712141,19784717638928.57,11295934772760.164,-0.1484375,76923.07692307666,rectangular_hollow_section,True
275.56219398704314,233.36638789102602,3.350884698090252,15.763643339066155,4,3271.392407589987,7605717961598.883,5928220394522.453,-0.044921875,76923.07692307608,rectangular_hollow_section,True
180.89649250995635,28.747719109629166,2.803618086817159,8.66972523503318,4,1103.3305869028038,692812748265.2588,33836039100.74823,0.00079345703125,76923.0769230771,rectangular_hollow_section,True
135.8715940802987,132.6115139896752,19.25548373538563,17.54969940659771,4,8548.457676537657,3846058591871.3984,3691138847558.4326,-0.0234375,76923.0769230764,rectangular_hollow_section,True
88.64019727633809,125.36868239224866,2.975417993987925,12.35197371829609,4,1173.4678364360436,304547067690.9006,513256599288.32947,-0.0006103515625,76923.07692307662,rectangular_hollow_section,True
244.4624375861188,194.8408007226137,5.92861722112964,8.629043522743054,4,5001.15938934498,8865537222567.473,6261498389738.893,-0.033203125,76923.07692307683,rectangular_hollow_section,True
295.81534698483364,196.6121407751481,6.6393712986988085,9.336385054265856,4,6282.598650196381,15568321813120.344,8305950551602.623,0.03515625,76923.07692307715,rectangular_hollow_section,True
186.2293584117718,267.3804575097172,6.444870525128791,12.33277649839075,4,5563.337701331209,6494381179200.816,11304588669433.5,0.0234375,76923.07692307702,rectangular_hollow_section,True
217.66775708398566,203.12847818475532,9.208728830522187,9.209861240322038,4,7325.97255750877,10369173555339.14,9310397547652.066,0.0234375,76923.07692307667,rectangular_hollow_section,True
255.44496331128926,35.248991362805825,14.32545001869504,11.66809059123337,4,7371.625025843335,8084782599937.422,179260541535.89795,0.00048828125,76923.07692307701,rectangular_hollow_section,True
258.01921149258817,84.3710510640819,3.7222587957963693,12.53130738795759,4,2414.0751628689854,3720018979347.2344,653815341924.924,0.00927734375,76923.07692307669,rectangular_hollow_section,True
205.32328186532095,61.78223891735706,19.394383051812493,17.21136482560584,4,8559.894115624244,6567921502099.445,730262679199.3406,-0.0107421875,76923.07692307717,rectangular_hollow_section,True
294.4558905394343,146.2913457170552,5.618852845805151,13.305531034621042,4,4708.74956169483,10609831155477.871,3614848239070.663,0.021484375,76923.0769230777,rectangular_hollow_section,True
112.26625113249337,76.96284241639376,19.093587022628654,19.296180538178838,4,5395.562528985455,1354106740452.4268,694810502428.1487,0.00634765625,76923.07692307675,rectangular_hollow_section,True
190.80925205037178,205.22556228346306,17.550283174433297,16.05584634765938,4,12411.206317034954,12625390812913.383,14207058440188.309,-0.0703125,76923.07692307702,rectangular_hollow_section,True
211.775367116277,128.5904873876318,15.732807278328222,8.20381362397588,4,9652.43332866189,10720931480809.656,4699389407149.503,0.0234375,76923.07692307676,rectangular_hollow_section,True
272.1034583227006,45.061994114983385,14.126070866242788,19.54867412846743,4,7809.673768403263,9835292516318.555,370532255757.411,-0.01171875,76923.07692307715,rectangular_hollow_section,True
97.50540859363234,267.9268597984102,7.647760993431003,8.939002495211213,4,5277.28584205528,1765946746181.9,8891211188332.902,-0.03125,76923.076923077,rectangular_hollow_section,True
219.90388298696755,230.96038473874836,11.807949106684557,8.573469991379197,4,10016.349618538565,14628002522198.902,15802548756583.402,0.0078125,76923.0769230771,rectangular_hollow_section,True
142.5209576240414,161.68295493804905,2.222936835697464,8.888731869741637,4,1298.1096420765891,867471194586.4036,1048520673966.5132,-0.005859375,76923.07692307694,rectangular_hollow_section,True
281.66671673893205,148.31590613512117,2.97822997240218,10.08473276679825,4,2474.495402026041,5309099276513.844,2002689586084.1587,-0.0146484375,76923.07692307654,rectangular_hollow_section,True
57.732261457297696,113.96817876150499,13.599514044546424,13.779861953883618,4,3740.4458973298447,299308396148.5657,982402800221.9512,0.001953125,76923.07692307701,rectangular_hollow_section,True
147.3749503348875,89.46588469400557,16.060717102362084,15.278408239705286,4,6342.451005665144,3080658223738.047,1317699755868.939,0.01513671875,76923.0769230771,rectangular_hollow_section,True
146.13193301796272,228.1677365265733,5.376694122591749,15.444272849316874,4,3772.1848854793534,2733127282810.267,5390425917309.832,-0.0078125,76923.07692307695,rectangular_hollow_section,True
159.92481420294567,119.03976302444057,12.573656388603881,14.941608706480949,4,6165.177664826106,4028327455252.289,2499378736501.0894,-0.021484375,76923.07692307708,rectangular_hollow_section,True
49.33263547453812,67.28967202349992,5.402796144503299,15.315223278357715,4,1007.112429528713,65428507582.42433,105528587291.35397,0.000244140625,76923.07692307701,rectangular_hollow_section,True
284.0559077553209,55.38547155515242,4.999429497516699,17.286239241750916,4,3146.2009341703883,4993511433009.182,355472920680.09705,-0.0107421875,76923.07692307707,rectangular_hollow_section,True
52.44327692512125,296.68998393517404,17.470940402881332,11.404557568486087,4,10848.373818730415,675386257182.1721,17044746935161.047,-0.009765625,76923.07692307733,rectangular_hollow_section,True
205.09401496168002,204.29933130305332,10.347405453918128,8.438972612150828,4,7972.826430615163,10043815056068.475,9982773022059.025,-0.001953125,76923.07692307691,rectangular_hollow_section,True
290.1620457560506,253.7418536074173,16.949128301638684,18.419012804451135,4,16951.20267516545,40316827701431.64,32613658592274.477,0.0390625,76923.07692307734,rectangular_hollow_section,True
205.61754661444337,135.16313364314698,19.628870421211627,12.22310101098034,4,11687.705215281805,11926093359827.05,5891482140558.891,-0.11328125,76923.07692307694,rectangular_hollow_section,True
292.3110473334037,216.93653226072604,19.49436867413024,17.07029822892136,4,18043.403404396966,40917640424553.36,25313331277912.1,0.328125,76923.07692307653,rectangular_hollow_section,True
295.6111526503698,72.8292449619517,3.8268162672497583,14.138848950958794,4,2667.760291628444,5010958905212.225,550020407192.4363,0.0029296875,76923.07692307713,rectangular_hollow_section,True
141.04236823484274,223.55615460550058,9.695789762906717,10.799037432757338,4,6578.705840093788,4221364375732.1475,8733804893347.041,-0.06640625,76923.07692307713,rectangular_hollow_section,True
286.2217341417607,71.8160282445343,18.46987900095769,8.555959547211915,4,11788.078133083369,18770284732110.71,1573869222729.2363,-0.041015625,76923.0769230767,rectangular_hollow_section,True
77.26967338955173,97.60521935731398,2.144082543079893,12.39175353043569,4,682.9632548229465,131130177393.01852,185555934501.27936,-0.000152587890625,76923.07692307698,rectangular_hollow_section,True
195.17719077850055,220.67458581909972,11.526231278720623,13.179067877139259,4,8884.03551821047,10243687349837.615,12422379484862.625,-0.015625,76923.0769230771,rectangular_hollow_section,True
24.812369973565062,159.49766957818412,16.14704916428182,17.354101226859495,4,,,,,,rectangular_hollow_section,False
196.4019795624847,67.67908694125384,12.17764760476893,19.637960973573247,4,5508.598693565599,4273017450700.924,719559956918.2668,0.0068359375,76923.07692307686,rectangular_hollow_section,True
156.69792359422752,22.36123004993044,17.443532266782643,15.422330177167257,4,,,,,,rectangular_hollow_section,False
139.79766082949834,190.5969121033158,4.918666260580902,9.742912018005605,4,3081.7771785329037,1998454114103.2515,3212599212421.667,-0.00439453125,76923.07692307737,rectangular_hollow_section,True
97.64699216726704,145.08128369404537,19.032898341252455,19.009592709631296,4,7429.275705971682,1731791002865.9058,3418401757009.328,0.0244140625,76923.07692307682,rectangular_hollow_section,True
288.2819474410776,33.04140967175589,3.1314795395910133,18.207350490196145,4,,,,,,rectangular_hollow_section,False
82.25810518388096,164.78925750246995,19.94250050295961,17.898322556322867,4,7942.321053682613,1282776225634.4644,4367825044891.631,-0.005859375,76923.07692307651,rectangular_hollow_section,True
203.95521313009402,228.3277222398456,13.830088384864077,13.172670998867517,4,11018.41776669239,13621948687904.637,16293500366641.512,-0.05078125,76923.07692307717,rectangular_hollow_section,True
34.382916237862304,272.94093173640886,8.859916418795716,12.8464884744394,4,4982.595227948103,158629186482.57428,6498911442781.668,-0.0048828125,76923.07692307688,rectangular_hollow_section,True
134.69594742663583,287.525278694412,5.442502124091126,16.893252152522322,4,4323.134230442231,2823065208785.313,9042854914776.125,0.0595703125,76923.07692307675,rectangular_hollow_section,True
233.34441652127734,168.23214817502787,13.635093915465555,15.506988911170035,4,9970.442489218036,14458624652955.89,8589591193144.773,-0.0234375,76923.07692307679,rectangular_hollow_section,True
50.73972553897427,280.27689500989,13.305130661506855,18.74088069342772,4,7778.659536631379,520006131722.8595,10855864439881.129,0.017578125,76923.07692307669,rectangular_hollow_section,True
255.74153684834823,50.45122964492063,11.181386993700013,10.740716122284992,4,6231.862990434667,7751830093194.305,449242827119.6406,-0.01220703125,76923.07692307717,rectangular_hollow_section,True
237.45653901515837,80.23684763849022,16.75069468580616,18.50257546977915,4,9181.55054450794,10408693667350.121,1609820443508.5566,0.0029296875,76923.07692307708,rectangular_hollow_section,True
216.2568804661804,217.88288688969482,4.477746929006925,12.42753184463594,4,3716.4906822893686,5495449540852.403,5558070993287.168,-0.03515625,76923.07692307669,rectangular_hollow_section,True
131.17731597367037,97.47404611076558,13.233314642379037,9.393362607683466,4,5262.913108967509,2237547236130.325,1361812575720.8164,0.001953125,76923.07692307682,rectangular_hollow_section,True
261.428983995689,149.37567077487256,3.273688852789614,11.37090325233438,4,2583.09252343194,4849048014062.967,2074489328187.6436,-0.033203125,76923.07692307673,rectangular_hollow_section,True
243.96282776129743,217.29544230303418,5.125948342666686,11.14935200435756,4,4535.644085862816,8278732445097.787,6943483773753.854,-0.060546875,76923.076923077,rectangular_hollow_section,True
217.62794450130585,271.9471604438719,5.978892787608365,16.533227631586605,4,5549.291860116698,8642436260997.926,12117808346702.156,0.015625,76923.07692307675,rectangular_hollow_section,True
136.21646935582686,119.12031652487929,13.468849565258658,13.380954116791031,4,5973.495947485865,2862101130868.167,2296915959357.002,0.013671875,76923.07692307673,rectangular_hollow_section,True
63.135432804975416,76.79320588400107,7.704852993137767,17.451064431403765,4,1709.2491302838257,173471730437.45905,236043662226.44617,-0.00048828125,76923.07692307707,rectangular_hollow_section,True
281.7226433556893,130.66487898057392,15.099753983396912,18.220072955776523,4,11219.655316739554,20843630167275.22,5981616373113.953,-0.03125,76923.07692307678,rectangular_hollow_section,True
150.31814451800085,25.29781992296933,15.719230866757933,10.286430675602457,4,2966.9131445962857,1148339999732.399,37825442341.17784,-0.00048828125,76923.07692307707,rectangular_hollow_section,True
164.83127065039784,254.48788613834589,14.333204429990932,11.959229419836664,4,11055.588226085116,9311964988025.375,18701713863192.992,-0.20703125,76923.07692307679,rectangular_hollow_section,True
263.62973214746563,258.6032794650423,5.2955547342629385,17.262242185742366,4,5264.071997573942,11466930052316.73,11138729843465.941,-0.05859375,76923.07692307746,rectangular_hollow_section,True
204.9626610798492,130.06128475131237,6.365532595350166,17.1790128219038,4,3924.944547007139,4407186389205.776,2195030307416.1895,0.005859375,76923.07692307691,rectangular_hollow_section,True
135.9147968780776,100.496197872674,3.244200371685496,15.820260643633166,4,1399.7065750063082,722635731471.1646,460035793889.8231,0.0008544921875,76923.0769230764,rectangular_hollow_section,True
263.98737764769754,20.52868350604384,16.87050474979391,8.77783300751525,4,2300.172898209901,3346723601492.6807,28142871247.113083,-0.0015869140625,76923.076923077,rectangular_hollow_section,True
274.05550642348504,286.53469867257246,14.032554737880346,12.175467453291514,4,14797.13309946711,33641451483986.805,36075523032720.42,-0.2421875,76923.07692307691,rectangular_hollow_section,True
154.55431778849234,54.748875751527365,6.0613611305094945,15.454344582437736,4,2239.7554602674722,1141237266480.0874,218189971319.6004,0.0001220703125,76923.076923077,rectangular_hollow_section,True
122.55212470675484,107.59176191801873,5.6418986069795345,16.42326231939056,4,2316.0871254285066,977244682961.3767,801297715727.8704,0.00732421875,76923.07692307685,rectangular_hollow_section,True
117.61695780394854,204.99935802476708,13.336431334058883,11.317644082345225,4,7765.570016106587,3242994583875.7715,8037440357146.691,-0.04296875,76923.07692307679,rectangular_hollow_section,True
144.66351778516668,97.3955511873948,2.465095060336381,19.86782893000248,4,1077.2149755884273,610420162585.2446,340800230932.2199,0.0023193359375,76923.07692307711,rectangular_hollow_section,True
74.90810699934738,177.8918418952957,14.501662227879397,16.26119835381717,4,6229.515506180758,946549334529.5564,4123917625929.199,-0.00830078125,76923.07692307682,rectangular_hollow_section,True
129.56561824574862,40.707370523169345,2.7996035841795757,10.508465515017946,4,871.0413231670685,318306068012.04065,52109406361.16141,0.00201416015625,76923.07692307675,rectangular_hollow_section,True
103.26873867594381,235.52515580150933,11.45772524124091,8.690284740395736,4,7162.975792981049,2447580779221.5415,9414170190207.098,-0.0283203125,76923.07692307697,rectangular_hollow_section,True
170.8208019274247,158.76651620711812,8.546676750462645,17.895211777710227,4,5108.726306974815,4287156155398.6133,3829039831529.8584,-0.01953125,76923.07692307698,rectangular_hollow_section,True
161.3036684023524,52.682818637522935,18.183610607724084,18.51375366319018,4,6116.869052098204,2756478784131.755,350340602947.4789,0.0029296875,76923.07692307698,rectangular_hollow_section,True
78.25899796809753,113.56156064519293,5.952700168922924,9.37923885273841,4,2065.7330320110636,390699224033.8612,701994212920.7212,-0.0020751953125,76923.07692307708,rectangular_hollow_section,True
102.18569013090091,185.84867449691,7.956301497786217,15.923375710553646,4,4140.085936801793,1394340693291.6914,3561011110305.6895,-0.02197265625,76923.0769230772,rectangular_hollow_section,True
146.31861460551224,71.42671830263673,3.9710127491209977,9.721996484599924,4,1604.8198153441645,861204107238.4487,283563105728.61224,0.0010986328125,76923.0769230768,rectangular_hollow_section,True
87.12682569560975,261.32371747396735,12.385896890289281,16.911079871101855,4,7752.595889622914,1838762165897.5874,11297620464396.281,-0.01953125,76923.07692307714,rectangular_hollow_section,True
49.46597634624375,157.38323107278237,16.08075970513228,17.452697664900548,4,5315.507026611104,280321498800.8816,2310699706221.163,-0.007568359375,76923.07692307682,rectangular_hollow_section,True
144.95917687204195,204.30824609155994,18.720279497293102,18.144788565912393,4,11345.738744426984,6609516603340.92,11647935549054.93,-0.017578125,76923.07692307686,rectangular_hollow_section,True
207.63619977532255,205.50353739307954,19.567647968393516,13.937966166065603,4,14442.50758842593,17002669294543.41,16718017202934.352,0.0546875,76923.07692307665,rectangular_hollow_section,True
194.09462268504274,117.47824638309267,12.983946635062267,17.602436078463207,4,7128.04421778178,6564001230493.432,2921497456239.0557,0.013671875,76923.07692307707,rectangular_hollow_section,True
168.81287786683544,124.53263490113909,15.567258360640077,14.909890976564416,4,7941.507791986269,5632112616952.102,3411016862319.324,-0.078125,76923.0769230769,rectangular_hollow_section,True
262.96359908998176,258.08073090147377,3.836286924009741,8.412804258946203,4,3889.051945915861,8606046160072.631,8365491040348.113,0.048828125,76923.07692307713,rectangular_hollow_section,True
103.53144785976146,127.40699327303284,12.912540826074373,14.813905287327323,4,5081.232653486772,1460930484108.251,2054000958714.7085,0.0048828125,76923.07692307704,rectangular_hollow_section,True
129.27897804381837,89.07863886038702,2.6329257384907403,14.61250785262386,4,1052.0945895938219,484298043562.6749,277809269428.0889,0.00048828125,76923.07692307682,rectangular_hollow_section,True
284.27095456650864,109.94485528474762,12.710393638481133,16.165691355295873,4,9125.669322980959,16701974490491.867,3558801465912.0566,0.044921875,76923.07692307691,rectangular_hollow_section,True
41.712119386951926,178.67872681168785,16.520792701666924,9.699017369473586,4,6096.24566288625,208032546188.07312,3377006833005.0586,-0.0009765625,76923.0769230768,rectangular_hollow_section,True
191.58635375585317,97.50123741638708,4.319773234955461,10.90867520861233,4,2347.3583490126603,2222568970418.964,785404455923.7476,0.00732421875,76923.07692307673,rectangular_hollow_section,True
33.21341866063521,213.59852027861,2.8036090589087976,14.428948090957018,4,1279.4414452916512,53394911663.06688,1086895377437.3105,-6.103515625e-05,76923.07692307727,rectangular_hollow_section,True
158.40610336120554,295.0149790052308,17.21842090887723,17.008474540923146,4,14139.205809697807,10942861630527.973,30040683247444.39,0.02734375,76923.07692307694,rectangular_hollow_section,True
55.0201162804778,242.65286348704936,3.466043766776099,18.481920092118536,4,1899.336486075474,218712748957.47583,2259555345384.034,0.0009765625,76923.07692307657,rectangular_hollow_section,True
288.45742708963894,291.09757709078514,4.795342953546343,17.18404664268266,4,5324.537274888745,14112123457521.453,14306955068921.547,0.0,76923.07692307714,rectangular_hollow_section,True
198.11787398166635,189.8545882823844,11.555440129219246,12.828321029981959,4,8269.326737975243,9409510213655.021,8798495732948.586,-0.05859375,76923.0769230768,rectangular_hollow_section,True
125.86297857874814,76.6851367703794,6.807997762486163,9.47303074719009,4,2489.8629873215345,1000080243687.1023,454633107993.255,0.003173828125,76923.07692307701,rectangular_hollow_section,True
121.01414156391816,36.183260638656705,8.048813769937016,11.127128623921315,4,2157.0346494072905,604342989359.5269,75546446100.46738,-0.00042724609375,76923.07692307704,rectangular_hollow_section,True
86.90833717447316,43.95513357052238,8.3208088627261,15.20260479878021,4,1717.0763364816164,260073271005.6892,84615689633.72623,0.0003662109375,76923.07692307695,rectangular_hollow_section,True
244.19126307097972,105.38394783223818,2.2022903536565144,8.242150581609339,4,1488.8787638553229,2277574844781.6084,630821258147.1301,-0.00048828125,76923.07692307697,rectangular_hollow_section,True
115.71883384568743,281.11995287098966,9.897525806540754,10.522433167675718,4,7353.269106206415,3348413099134.2393,13896250422686.156,-0.05859375,76923.07692307688,rectangular_hollow_section,True
216.26587469115637,31.72577855205724,5.048493342252212,14.588054463179013,4,2280.2111739170346,1908402188342.0742,74865320507.9642,-0.00146484375,76923.07692307698,rectangular_hollow_section,True
103.01177153713017,278.4629287492817,9.957397111295464,12.491712198166113,4,7050.771007717813,2529233323232.9795,12577181801139.898,0.0078125,76923.0769230769,rectangular_hollow_section,True
232.9529238803613,79.18158071760561,5.556943844770199,19.40173776431804,4,3160.7602189559097,3800273841278.2744,705053014583.3523,0.0009765625,76923.07692307678,rectangular_hollow_section,True
142.66893909873892,225.56223441629552,7.644750207314197,8.331897463253895,4,5327.353513221477,3607472505210.0977,7381341863218.006,-0.0068359375,76923.07692307683,rectangular_hollow_section,True
176.15822937610793,198.39128954519092,17.766024483056533,14.266125743693854,4,11842.462999080833,10234904233924.531,12428255560213.621,0.01953125,76923.07692307675,rectangular_hollow_section,True
94.99683826754307,24.22249821685636,18.556298081281852,19.070678164923194,4,,,,,,rectangular_hollow_section,False
84.08929273489787,44.775385482711016,13.384357152770022,10.575564633040479,4,2621.1351224032896,352249368745.00037,111341016692.25977,0.00042724609375,76923.07692307715,rectangular_hollow_section,True
138.85079989559932,122.71532680200173,15.328660042555358,10.757957936486601,4,6963.311535826794,3428517327922.712,2789776693199.4854,-0.0078125,76923.0769230769,rectangular_hollow_section,True
41.54285531517202,157.96436194937243,12.087436659194873,8.015207835203467,4,4174.393646873145,172486089235.99573,1959640456398.1113,0.001708984375,76923.07692307678,rectangular_hollow_section,True
97.51649286140758,238.20847371058622,6.952652826622828,8.59037194357394,4,4403.888384076251,1465235215360.4797,6046948772302.428,0.0146484375,76923.07692307711,rectangular_hollow_section,True
25.746954209032097,182.58920584223407,11.21548291826568,14.413591833603663,4,,,,,,rectangular_hollow_section,False
89.36760276484274,198.80032900175993,12.457844643979506,9.731224597511982,4,6464.4143457893515,1554959151039.169,5876509102086.713,0.03125,76923.07692307695,rectangular_hollow_section,True
116.14563630260928,32.096981143362726,16.65907811830899,11.987676643524708,4,3483.0730512853656,738988995913.4272,58870007863.935455,0.0023193359375,76923.076923077,rectangular_hollow_section,True
197.7980401643319,181.0014474932168,3.6296411631380985,16.44493203196504,4,2590.911136578934,3105578370259.332,2718888992549.748,-0.0244140625,76923.07692307673,rectangular_hollow_section,True
184.4414536457282,43.913977173884426,13.599657613540183,14.450742403121197,4,5263.208987173933,3181149206614.2344,233514024361.48956,-0.004150390625,76923.07692307692,rectangular_hollow_section,True
199.0620616470462,214.53002259735965,9.574079621285055,19.50595297119667,4,7271.034995123626,8706047034080.133,9770198465159.607,0.021484375,76923.07692307715,rectangular_hollow_section,True
165.01189604286506,145.64802665438643,2.5912653246687443,13.953693121974764,4,1517.5451606747515,1258191861379.848,1044212135023.1748,-0.000244140625,76923.07692307727,rectangular_hollow_section,True
117.1791448830739,227.81664937285998,4.581482534496782,16.936683457906213,4,2943.0242261658436,1425190244946.2302,3925356745268.785,0.01708984375,76923.07692307753,rectangular_hollow_section,True
160.55014477060666,61.5525093710044,9.006897447227734,9.308788755715822,4,3589.852440985206,2038689043260.4375,413810915441.07446,0.00244140625,76923.07692307702,rectangular_hollow_section,True
164.8790747447299,117.06033195579347,5.5084873503301734,10.621781223748126,4,2898.069117054537,2193238524622.6743,1293368456138.3882,0.00244140625,76923.07692307704,rectangular_hollow_section,True
185.80992034736732,100.74084181283442,10.491078668120702,10.149860513542414,4,5469.182581537989,4649791303895.738,1724973016587.025,-0.00390625,76923.07692307695,rectangular_hollow_section,True
237.3954753314224,211.50000689222983,4.733751217226769,12.960663314920248,4,4059.988757521716,7009765936426.416,5885341367002.236,0.05078125,76923.07692307673,rectangular_hollow_section,True
138.14245784016407,50.12201591714707,3.3643899026324955,19.809552333276223,4,1099.5387151245716,442171636973.49976,95019995120.66751,-0.002685546875,76923.07692307679,rectangular_hollow_section,True
292.76065384751206,185.12471788640323,9.879831227639611,12.056681309661666,4,8911.784489508143,20761786221618.234,10154194370253.203,-0.01953125,76923.07692307705,rectangular_hollow_section,True
239.167489293594,21.524765860591902,15.861255273369197,11.50335066994641,4,,,,,,rectangular_hollow_section,False
248.79024899237464,231.08215778135175,11.082551949004765,17.262037774515854,4,9885.338020057054,18014916894062.91,16066285721863.746,0.00390625,76923.07692307667,rectangular_hollow_section,True
297.51241817558355,228.75724466646486,9.86628892164834,18.532696526583216,4,9726.928240482735,24581762447059.93,16404671459520.125,0.01171875,76923.07692307705,rectangular_hollow_section,True
196.45928033938716,91.35532385459389,17.925380783285103,18.703883870546456,4,8683.866440646094,7098490215415.389,1919442001721.3652,-0.01953125,76923.07692307702,rectangular_hollow_section,True
250.75833070497706,52.3715186208875,6.641804490163253,16.67304612129447,4,3672.839462867291,4491698188085.934,342035249390.2593,-0.00634765625,76923.07692307698,rectangular_hollow_section,True
156.2801359796183,99.93611632152371,16.420935979090892,9.213164894069571,4,7251.150390596413,4156387672079.41,1939580481120.9297,-0.0068359375,76923.07692307724,rectangular_hollow_section,True
227.68331531143735,59.69510598604863,5.972080632464506,10.866431978966823,4,3195.7065508649544,3514180817425.08,400611877954.5083,0.00244140625,76923.07692307695,rectangular_hollow_section,True
99.72639892543162,107.93950522731367,3.346034213812728,9.224719146307025,4,1294.3941540422497,400856239129.75916,452078630006.4313,0.0003662109375,76923.07692307659,rectangular_hollow_section,True
187.01403402129267,159.75947059566838,9.84883137360163,11.020938903773974,4,6322.54236764972,6282879191866.605,4903720296913.521,0.03125,76923.07692307691,rectangular_hollow_section,True
162.47728359991876,156.61866996689756,7.303817515368982,13.41673381889812,4,4305.213227664909,3363711366945.9463,3178250430852.8164,0.005859375,76923.07692307708,rectangular_hollow_section,True
247.7355774726592,133.4100080606619,12.998342577804081,10.244020509289335,4,9127.754190285094,13979530864642.898,5137363946025.024,0.017578125,76923.0769230767,rectangular_hollow_section,True
49.211876083889905,150.34470901213152,11.341739014121162,18.37023477008426,4,3724.0314650424734,231892860329.68896,1567248931673.7808,0.000732421875,76923.07692307702,rectangular_hollow_section,True
224.8817591090002,61.02876823958527,6.915165702148987,16.796529844850852,4,3578.4772209475323,3717307840753.916,450849738578.2883,0.0009765625,76923.07692307717,rectangular_hollow_section,True
108.91705979806606,217.65236217144826,16.350204272217645,12.743143821761374,4,9447.249083088265,3236416766861.9688,10317074187696.934,0.005859375,76923.07692307683,rectangular_hollow_section,True
279.1732601254597,187.74568577470023,4.10592078598034,12.488991187561664,4,3681.1310371507957,8224269144683.582,4508902506234.932,-0.01171875,76923.07692307667,rectangular_hollow_section,True
248.78713765846797,184.54721739183,15.490335761287222,16.329601554448498,4,12199.235785414648,20145039465475.14,12499478507492.535,-0.0703125,76923.07692307705,rectangular_hollow_section,True
67.59819837905698,213.1489577569862,6.367026230936601,15.04917081616588,4,3261.79501500116,513839743341.2555,3214389613658.662,0.00390625,76923.07692307685,rectangular_hollow_section,True
277.12094400110743,54.434068671292266,7.384873663208898,19.223945730701658,4,4449.44186385472,6506201309104.947,441583761540.41956,0.0,76923.07692307678,rectangular_hollow_section,True
277.50718547299635,90.63739942850604,3.3101839303575655,15.908781401680008,4,2299.0586399252124,4084223547663.2715,727160406817.3724,-0.029296875,76923.07692307667,rectangular_hollow_section,True
242.31268200042888,41.920767151578204,15.608301253719306,12.60363300949799,4,7739.4747643507935,7819059862851.145,282811422932.34656,-0.00439453125,76923.0769230772,rectangular_hollow_section,True
207.53573567057921,246.09603703483563,5.928896448873393,17.879633068846616,4,5061.603187255928,7037770339071.344,9109893116783.324,0.025390625,76923.07692307814,rectangular_hollow_section,True
224.88919906783156,239.86844885195626,11.158369517242654,14.84662680578205,4,9667.019216090192,14834567466025.418,16401194911668.43,-0.10546875,76923.07692307657,rectangular_hollow_section,True
117.95411035133856,175.0945336877881,6.575345515725692,16.373117913137527,4,3508.768854093776,1567556919282.8076,2878263946536.168,-0.001953125,76923.07692307698,rectangular_hollow_section,True
185.3477753477658,289.5514376710022,13.946681322368688,16.23201098613483,4,12210.240839820292,13295760010307.023,26952217674655.383,-0.08984375,76923.07692307667,rectangular_hollow_section,True
280.54907507928533,75.42992927060186,9.070829505925003,14.84587038122914,4,5941.881150326441,9796639224843.664,1137728415863.2466,-0.0048828125,76923.07692307691,rectangular_hollow_section,True
227.25133086626468,263.8156328114053,7.551183284289436,12.889827234621892,4,7050.5452922973145,11679462939328.254,14680219585997.02,0.140625,76923.07692307698,rectangular_hollow_section,True
41.44268274855216,49.890311584003186,2.7952859349889505,14.93730856224856,4,403.65470148012616,18494778927.69986,24178740266.805473,-5.340576171875e-05,76923.07692307688,rectangular_hollow_section,True
94.65470408409327,62.373030709340526,16.403328406800547,15.525535484670865,4,3834.2360222142374,673108980930.3816,319451958665.7688,0.00048828125,76923.07692307685,rectangular_hollow_section,True
127.60781519197167,296.75809680802473,15.496980579760999,14.861926221630808,4,11971.27811457787,6122473852064.248,24430122347318.594,-0.0703125,76923.07692307679,rectangular_hollow_section,True
287.8106586129689,170.59555377977136,11.709326971135871,9.918149692390664,4,10088.453407224426,22056649093961.492,9632176381573.541,0.08203125,76923.07692307673,rectangular_hollow_section,True
88.57453713228819,264.81135431653996,13.661307607526295,18.208039940126532,4,8598.04148873781,2054730819258.8735,12710114960032.0,0.033203125,76923.07692307659,rectangular_hollow_section,True
235.20815016721974,172.308573749301,3.0284415961429807,9.599048052122845,4,2382.6265073528434,3893194364046.383,2433153919483.913,0.00390625,76923.07692307605,rectangular_hollow_section,True
168.85051377239097,178.92836821380115,5.034190694724476,18.678436914283544,4,3237.47956856869,2859304624330.9033,3120161568526.087,-0.01171875,76923.07692307705,rectangular_hollow_section,True
271.36660638552155,137.71223012081154,18.772844747720193,16.430229290441325,4,13679.51574039856,23587876716079.617,7667764795872.34,0.04296875,76923.07692307654,rectangular_hollow_section,True
237.33546901316973,248.92798981521162,9.92003674673152,11.46869866643142,4,9124.741548755186,15833518289589.48,17049312884852.812,-0.0625,76923.07692307685,rectangular_hollow_section,True
198.0849444253599,281.1919418756272,13.772291749609034,18.700351796734026,4,12117.36075232382,14866278394984.07,25799591526248.5,-0.125,76923.07692307695,rectangular_hollow_section,True
49.4989156937279,244.40409618205146,16.79475027907006,9.497941221397692,4,8653.589946250133,470718845573.9541,9300289664249.344,0.0205078125,76923.07692307656,rectangular_hollow_section,True
87.76258326332365,46.62121619436418,13.959932406393667,11.243710565344937,4,2846.037635445789,415513080161.9678,130857193681.64227,0.00048828125,76923.07692307705,rectangular_hollow_section,True
142.28797203974614,232.3933450111959,6.083184654640444,18.39514949550694,4,4223.693687640272,2886371928601.911,6102447216488.76,0.0126953125,76923.07692307663,rectangular_hollow_section,True
61.82746232990924,267.67291637639676,14.120148898253053,8.51623491827985,4,8435.148141908909,891071895933.5476,11826980288964.434,-0.0078125,76923.07692307717,rectangular_hollow_section,True
246.37694006279517,175.69983894450843,13.352702697810777,13.986786136097283,4,10363.32468951347,16910595279946.836,9883653663986.992,-0.05859375,76923.07692307665,rectangular_hollow_section,True
288.481332918879,233.17042011703953,17.297942920820695,10.27793692022178,4,16744.49319261911,38713259492288.125,27544069702328.75,0.3125,76923.07692307697,rectangular_hollow_section,True
182.09029494201496,235.8724552235954,6.664754869216265,17.280692131318204,4,5207.6385221828505,5607702792980.324,8319214970922.838,0.0078125,76923.07692307697,rectangular_hollow_section,True
280.1980023162166,86.41998686390522,13.651839939603937,11.792774718621077,4,9125.459744022568,15225635140444.102,2097888393142.4834,-0.01171875,76923.07692307683,rectangular_hollow_section,True
178.04359633053826,88.43439144838622,7.973967885329771,13.551368526642381,4,3842.904987016754,2942535955463.535,969151230872.9727,-0.00537109375,76923.07692307678,rectangular_hollow_section,True
137.69945475678057,141.12569925078384,16.659851896212253,9.008926137490468,4,8099.00813044355,4025667049499.2354,4194978709859.0293,-0.0087890625,76923.07692307691,rectangular_hollow_section,True
78.82117437377335,239.38779250218056,3.1740782668991008,18.89919159239745,4,1869.8409870627622,440150283351.093,2416319777872.615,0.004150390625,76923.07692307724,rectangular_hollow_section,True
103.9124807362844,80.28982912117962,11.742377174400525,10.635554039731002,4,3661.2973009287807,953664955829.3787,618672207475.7253,-0.003173828125,76923.07692307694,rectangular_hollow_section,True
157.46038137969342,298.217760827917,9.498279907337489,14.816936117736088,4,8104.194307861292,6828202227731.811,18542397004310.617,0.015625,76923.07692307673,rectangular_hollow_section,True
246.40038140228185,141.2370048636945,7.3539315985448015,18.128945283812108,4,5272.4386702672255,8355322646898.961,3544292598159.206,-0.01171875,76923.07692307701,rectangular_hollow_section,True
236.87470578443097,206.69634643364287,12.287191176716469,10.747955569501007,4,10181.06582114482,16432063373679.234,13254535986444.941,-0.046875,76923.07692307697,rectangular_hollow_section,True
196.6468057271677,53.81584285012777,10.375214700806719,10.911146140687059,4,4647.86129909786,3603859480654.619,390727148267.79126,-0.0087890625,76923.07692307705,rectangular_hollow_section,True
104.02339986534615,241.09335751233704,19.66349145114903,10.749583061872288,4,11910.235696486985,3555889943907.9004,15117774349104.57,-0.037109375,76923.0769230765,rectangular_hollow_section,True
102.87246895066723,186.75378194927134,17.84531943750839,16.300994948882682,4,8797.401789964215,2504807144664.967,6882221689295.15,0.0322265625,76923.07692307672,rectangular_hollow_section,True
126.7367952813397,78.6786350867805,7.5371461661690615,12.670915192802148,4,2735.0614502169137,1092307256393.1614,512412935860.8939,-0.00048828125,76923.07692307711,rectangular_hollow_section,True
95.89290717319209,202.84779646406545,5.691197510312062,13.5993017401164,4,3148.422885823634,1001443888489.9033,3207259215426.7666,-0.0205078125,76923.07692307673,rectangular_hollow_section,True
284.0128830451605,119.52649368411808,4.665412906808943,11.972177511026866,4,3588.3470974585985,7216456574103.365,1894756781766.5005,0.029296875,76923.07692307663,rectangular_hollow_section,True
216.66928874166766,24.868976912639358,4.102733277070461,8.185196511061246,4,1864.273543132517,1583971553152.808,38147291954.49143,0.00128173828125,76923.07692307651,rectangular_hollow_section,True
54.034076818717686,278.2110860249804,9.841755240315766,13.13491689694323,4,5990.629431939114,537622817336.6521,8898580521610.914,0.0,76923.07692307678,rectangular_hollow_section,True
112.79003510293256,102.79359370481431,18.097316737511967,11.523244376742836,4,6360.133774554579,1883048697500.351,1601875649831.1587,-0.01953125,76923.07692307675,rectangular_hollow_section,True
50.498551462486375,258.49739544090704,12.064632258917825,17.12546063692557,4,6605.954113444008,457102088857.0897,8030543265449.074,-0.0244140625,76923.07692307694,rectangular_hollow_section,True
58.912906107850176,96.67118273742535,11.001528486652152,16.581448326005905,4,2695.3821316573317,232501858434.95013,530479981311.10254,0.0006103515625,76923.07692307704,rectangular_hollow_section,True
274.50198322218876,111.23387164597696,10.274299578218834,12.028563509155841,4,7362.477636505511,13079689323830.05,3060777481115.039,-0.01953125,76923.07692307675,rectangular_hollow_section,True
146.63809301047996,287.32959358802117,2.0991314930204052,8.870140383913563,4,1771.4522346541842,1427028299040.4392,3956804480030.05,0.00634765625,76923.07692307692,rectangular_hollow_section,True
137.37674901853745,233.02498689788604,14.967140058021354,8.043677875900885,4,10126.947438553523,5813220414778.703,13801439585551.805,-0.03515625,76923.0769230769,rectangular_hollow_section,True
20.750693126207523,255.94872576239496,14.206126026034141,17.635571301336164,4,,,,,,rectangular_hollow_section,False
243.61171516671763,208.85919069489134,12.996895657126947,12.352276970954678,4,10933.178369481966,18485945735639.676,14499122307303.355,-0.01953125,76923.07692307697,rectangular_hollow_section,True
176.50709965497074,133.512646689338,6.390071993142996,16.50873957727007,4,3628.613867809859,3146863128209.9053,2052664379186.3818,0.00146484375,76923.07692307686,rectangular_hollow_section,True
236.53388363894925,163.93427998122405,13.513945228418383,17.087165430551323,4,9814.099475391493,14441393152011.129,8065355812417.535,0.0703125,76923.07692307691,rectangular_hollow_section,True
66.27263924350211,122.04185450651299,17.05795153572586,17.876780299884054,4,4941.715379999069,489513498956.0388,1437586301908.5127,0.00146484375,76923.07692307692,rectangular_hollow_section,True
82.42343713459923,222.76518519516472,15.590709719713,15.113035486630231,4,8315.529681127391,1584555182423.976,8650118899542.566,-0.001953125,76923.07692307672,rectangular_hollow_section,True
76.41455881303492,51.82075368038587,4.281385707056163,10.5548141159712,4,952.6804167871195,140030477506.72852,76638742341.69505,0.000732421875,76923.07692307688,rectangular_hollow_section,True
35.10900667463885,183.99480905433592,2.9333508886300947,8.979271496586726,4,1206.9243947866214,55886080141.43182,816275888640.9265,0.00042724609375,76923.07692307711,rectangular_hollow_section,True
161.14176020765106,147.6909501610636,10.736284744823543,12.486816961976864,4,6017.504358782077,4383508523670.255,3817150773687.0537,0.0029296875,76923.07692307682,rectangular_hollow_section,True
99.87195855814257,238.2242457071061,10.670361040017891,15.57960883649602,4,6541.16721507142,2107643949012.8486,8560184661390.402,-0.01171875,76923.07692307688,rectangular_hollow_section,True
99.76330519078016,205.05906715965224,8.646807779785176,16.470094984037523,4,4762.35157615929,1542338933042.9922,4814441286106.5,-0.00390625,76923.076923077,rectangular_hollow_section,True
115.25569396231785,237.00578391757134,5.747898832051059,13.324915812003578,4,3797.231115548292,1772665693846.483,5410248455069.586,-0.009765625,76923.07692307633,rectangular_hollow_section,True
51.951598788833614,233.2603567089431,8.52691050055679,16.686195353942445,4,4361.265639627511,367766659106.9512,4554747722670.549,0.005859375,76923.07692307685,rectangular_hollow_section,True
220.17331056251527,112.00190434990445,12.777822217669344,17.716090346174838,4,7546.387354983554,8645190589790.0,2900395015597.4463,0.03125,76923.07692307705,rectangular_hollow_section,True
149.98496101406002,243.90030531378727,7.017375531807642,13.854875094017533,4,5185.901259512007,3932816286567.497,8328610514253.336,-0.015625,76923.076923077,rectangular_hollow_section,True
267.854106331393,243.94366582491438,16.759907781705053,10.423080274269426,4,15923.148290634697,32629063395178.78,28107106590679.742,-0.3671875,76923.07692307673,rectangular_hollow_section,True
258.4049161018228,268.6796280226564,15.77581381042089,12.72366897618821,4,15472.978303176747,30611602831183.258,32561309621223.57,0.0859375,76923.07692307702,rectangular_hollow_section,True
228.6722701698503,187.2772382564548,14.569289075878393,11.476426016258037,4,11139.412167651935,16056934487222.297,11664115838028.422,-0.09765625,76923.07692307701,rectangular_hollow_section,True
132.66534249568178,161.28290399425606,9.072305097908776,11.452554718358005,4,4878.85404982462,2590883798061.384,3525227336244.0986,-0.0009765625,76923.07692307683,rectangular_hollow_section,True
186.1530854844784,290.3815648132764,2.5572772037537153,14.818401959598962,4,2341.853872865013,2887653448527.2383,5628458011170.648,-0.083984375,76923.07692307673,rectangular_hollow_section,True
74.21298267347362,49.95929857716065,15.9231755780024,16.59803014800996,4,2665.2048144947626,256521578675.38342,125220762059.67993,-0.00048828125,76923.07692307688,rectangular_hollow_section,True
143.9299036830247,171.80538438329137,19.894783920584704,8.364816700318386,4,10909.79079694895,5984159534727.666,8073056667499.762,0.029296875,76923.07692307659,rectangular_hollow_section,True
170.87633526421473,165.93405587328579,17.649366189261354,8.873611683306766,4,10564.23836723159,8263263656264.396,7871380670163.984,-0.0703125,76923.07692307672,rectangular_hollow_section,True
220.8755647653233,277.5057019199359,10.138387271871448,10.8766734770085,4,9576.660036099263,14958282181850.098,21330784731427.92,-0.08203125,76923.07692307667,rectangular_hollow_section,True
64.7259160753224,71.10704906999084,13.503793964328747,18.610421331300735,4,2618.840804984731,228841916071.70172,268492526297.6046,-0.001220703125,76923.076923077,rectangular_hollow_section,True
46.60872914065205,233.42797297086722,12.528224265716283,17.2768686299034,4,6112.959034003528,337010842078.67883,5922140401965.002,-0.01123046875,76923.07692307679,rectangular_hollow_section,True
146.14923881107507,165.40595855677424,4.70794864609293,19.517332884335403,4,2683.3041960433434,1787151711834.9077,2152012213075.4858,0.0087890625,76923.07692307675,rectangular_hollow_section,True
53.89164515359403,22.516688073131764,3.7866495651033953,16.53950204668486,4,,,,,,rectangular_hollow_section,False
96.85679380025265,135.9722087502886,14.359644984166124,11.738295379470179,4,5724.098442585742,1436292791536.7378,2540043970701.4375,-0.0185546875,76923.07692307713,rectangular_hollow_section,True
46.76997242705288,52.23594577984957,9.118209970538448,18.681619459948152,4,1215.4023842215183,52740604431.07521,62874681994.97101,-6.103515625e-05,76923.07692307688,rectangular_hollow_section,True
75.24479340561041,248.06638555705277,11.730432035416223,9.958457009815813,4,6935.576613257082,1216876245829.9414,9071213753384.531,0.0126953125,76923.07692307679,rectangular_hollow_section,True
105.85476362991606,182.58314307768538,11.45589373001971,13.005856946255392,4,5916.928080354511,2007754509435.7466,4851107537117.984,-0.001953125,76923.07692307679,rectangular_hollow_section,True
236.54527574509808,198.61761335361635,6.540358350845286,19.508977671259014,4,5308.722199259509,8721430386345.49,6690959554944.848,-0.01171875,76923.07692307713,rectangular_hollow_section,True
125.40941567014687,107.31467038065524,17.7275631003726,15.368307856274626,4,6758.010980608318,2491305633921.217,1908709746495.477,-0.0068359375,76923.07692307675,rectangular_hollow_section,True
213.97674001994898,226.35447983509738,12.77291336154755,13.276943855102669,4,10420.012588826776,14189432661447.0,15504214389896.113,-0.00390625,76923.07692307676,rectangular_hollow_section,True
100.69487450284984,44.465337192600465,17.254684743233128,8.189707408274264,4,3751.4194903453504,677138761025.096,140922289093.68848,-0.001220703125,76923.07692307675,rectangular_hollow_section,True
152.2329716993078,167.9764328425091,17.984006532155682,15.611227776227048,4,9979.88764939988,6163805995256.631,7253985214132.762,-0.03515625,76923.076923077,rectangular_hollow_section,True
284.90364142154215,103.56290004163556,15.2782032486979,8.49711054210864,4,10864.246685987473,19610132523254.195,3588976215495.1807,-0.021484375,76923.07692307705,rectangular_hollow_section,True
191.5619231088063,163.55439556151143,13.859296289381946,16.510144204616218,4,8809.446313758031,8754082763740.221,6800313320408.271,-0.046875,76923.07692307679,rectangular_hollow_section,True
56.65410740867489,296.1582299429376,15.748684429379209,10.185478222031469,4,10016.832115848212,813386810732.1296,16314776405535.688,-0.00390625,76923.07692307694,rectangular_hollow_section,True
157.0242288774765,131.85637497266305,14.29591990808547,19.8477934645086,4,7079.023041784885,4457757132921.709,3362659421530.4883,-0.017578125,76923.07692307701,rectangular_hollow_section,True
124.90900010791387,117.24254475083092,2.48804015913844,9.454970962530922,4,1139.3458099949876,548529081346.9033,498678914423.688,0.00537109375,76923.0769230769,rectangular_hollow_section,True
210.21269275368783,260.99265074622537,5.727932183383572,10.151554308705192,4,5183.34205346639,7572391390952.449,10535877412699.0,-0.0390625,76923.07692307707,rectangular_hollow_section,True
76.94425400693238,46.986939759611374,18.169710789692438,9.534088275376174,4,3092.135497151874,321034927758.4961,123995010977.76062,0.00048828125,76923.07692307685,rectangular_hollow_section,True
162.7925724669746,195.29296934261836,18.676119886276624,13.244817488480962,4,11804.682010427137,8631866879848.818,11658905388749.387,0.0859375,76923.07692307726,rectangular_hollow_section,True
96.05601625116802,103.79043058003533,14.833855601852957,19.90251797106651,4,4678.394698232874,1027840096086.4099,1169253495479.0645,-0.00537109375,76923.07692307663,rectangular_hollow_section,True
79.05567482163404,263.2792839764628,10.180702255193216,14.774604296982833,4,6358.648784335972,1295979527455.6406,9367995161233.578,-0.0244140625,76923.07692307683,rectangular_hollow_section,True
245.82896314160632,236.08968763868413,3.8233729260623814,15.421821349839691,4,3523.3281538811234,6697105455364.533,6302580541279.645,0.013671875,76923.0769230767,rectangular_hollow_section,True
176.26920378193668,61.00623033492856,7.947288468083929,11.128600759825785,4,3405.0300596794114,2299275643148.1006,403343815323.01587,-0.00146484375,76923.0769230769,rectangular_hollow_section,True
191.65164936996206,197.9191752848856,2.773952036871498,15.214771599040436,4,2053.8070420699105,2412472722366.603,2531252302095.773,-0.00927734375,76923.07692307705,rectangular_hollow_section,True
178.93836744759614,147.26021589773862,14.957724288533992,11.736951321082541,4,8725.686856099137,7382606244827.252,5372397362665.754,-0.02734375,76923.076923077,rectangular_hollow_section,True
162.02062337365194,26.718909132646587,17.94627082036287,18.497728106244953,4,,,,,,rectangular_hollow_section,False
37.05471394586894,119.05469590748325,17.463738899081232,9.846126135377236,4,4135.633041522261,95814479269.32928,957687645624.8491,-0.002197265625,76923.07692307695,rectangular_hollow_section,True
179.55280261732347,228.32227109869464,15.635502371306497,8.197826986424037,4,11709.583259655179,11216742772250.074,16540954927994.316,0.1015625,76923.07692307675,rectangular_hollow_section,True
31.7447710227394,256.4446181924087,2.9741213726885616,13.907678472051082,4,1604.9580022987705,61327824572.57922,1921117062132.4893,-0.0013427734375,76923.07692307704,rectangular_hollow_section,True
23.37543571410698,154.14929835667783,5.162647875712904,9.416154649755942,4,1655.8120016083976,25964370956.816765,698903178480.6174,-0.0006103515625,76923.07692307698,rectangular_hollow_section,True
237.82999526466318,228.1459942484358,18.626388157303914,9.325206484539157,4,15884.170486184119,25241744424217.008,23599385460948.164,0.1171875,76923.07692307679,rectangular_hollow_section,True
252.32705112347384,274.22271305372294,9.416139745651144,11.071162520931066,4,9441.646035047452,18872834319037.168,21461988385934.57,-0.171875,76923.07692307675,rectangular_hollow_section,True
279.6154303415503,30.159542717452187,3.2939764705074577,19.397799129263323,4,,,,,,rectangular_hollow_section,False
165.0114058798366,20.653368526864412,8.620022927243408,17.929794651607885,4,,,,,,rectangular_hollow_section,False
110.61184505264723,294.74888631211473,10.955283285018574,14.083889438006274,4,8213.042596785073,3371320003871.749,16395004012674.906,0.04296875,76923.0769230771,rectangular_hollow_section,True
42.81542069835474,213.74062233825376,7.694369319388613,8.656663797049033,4,3637.2487981634017,205799061745.7519,3238088635002.0176,-0.00048828125,76923.07692307691,rectangular_hollow_section,True
104.5690782222407,23.651954763539756,17.719780711917984,9.369005471704426,4,1570.6132916127683,341880427668.34717,19505070253.230545,-0.000152587890625,76923.07692307701,rectangular_hollow_section,True
294.5035665476548,224.64392433314924,8.593106082687784,8.480433357486657,4,8554.89528487603,21590312719395.47,14201645077057.445,0.03515625,76923.07692307666,rectangular_hollow_section,True
145.90397065073842,244.58149230619821,16.029079477844206,12.019945980076846,4,11346.040384366723,7292862997331.393,16953396333071.617,0.05859375,76923.07692307705,rectangular_hollow_section,True
143.32932842468065,275.5951316679549,17.30117676481791,8.698632689171694,4,13222.783189886215,8288840276509.223,24361798945702.484,0.08984375,76923.076923077,rectangular_hollow_section,True
84.05355024102082,240.2149345087797,9.500320858001924,9.706653081412458,4,5706.108371846049,1332781097458.4792,7419873233930.914,0.0322265625,76923.0769230767,rectangular_hollow_section,True
291.1258307574509,99.38866263079737,13.2129246677403,9.593891416915895,4,9529.308899978068,17941097861965.234,3008705393940.212,-0.0078125,76923.07692307713,rectangular_hollow_section,True
62.746532208050155,138.32901751724205,14.073638607511574,13.161307429679125,4,4694.240011403097,465741346259.9939,1845774786942.7822,0.0,76923.07692307676,rectangular_hollow_section,True
162.6465021067858,48.098943687602,12.032084036051215,18.90981884602779,4,4182.051630350636,2004355684638.6748,242438610882.94464,0.005126953125,76923.07692307695,rectangular_hollow_section,True
167.19429523832167,24.790041289621985,2.6981060386184503,19.922214430968666,4,,,,,,rectangular_hollow_section,False
141.43421106161838,158.94639950689407,15.535769743843176,11.673041303226949,4,8231.58754321311,4504312250714.506,5459429415812.934,-0.033203125,76923.07692307669,rectangular_hollow_section,True
128.98831707120704,223.18215267908866,9.108861201279518,10.459063531463872,4,5976.289483130334,3256907089975.165,7745687227171.191,-0.0009765625,76923.07692307705,rectangular_hollow_section,True
282.1738629802347,75.15494473506597,13.846295582366656,15.980467271108708,4,8877.660332618603,14158259679691.094,1484853261801.899,-0.0078125,76923.07692307692,rectangular_hollow_section,True
123.85661859557966,180.51127129083213,13.446260001581619,13.637407340392068,4,7276.06959330785,3254081625060.506,6001821190240.254,0.009765625,76923.07692307708,rectangular_hollow_section,True
285.0561442294724,276.4982789953192,9.36946441125159,16.617577727473474,4,9948.17217047242,24718159337510.312,23589317833921.375,-0.0234375,76923.07692307691,rectangular_hollow_section,True
167.80394721522546,77.48462317684579,7.486566604752691,12.266984150564902,4,3320.9172129022,2211516227028.9893,644322702672.946,0.001708984375,76923.07692307665,rectangular_hollow_section,True
237.4975950129059,42.5783821639412,17.920604091591642,8.074618706727355,4,8688.469733814512,8407728184324.746,299612162462.6819,0.0,76923.0769230772,rectangular_hollow_section,True
78.78651356698393,81.90025024746079,18.957532573605633,9.83278185497412,4,4558.21335419451,590959716425.834,634576912778.2166,0.000244140625,76923.07692307692,rectangular_hollow_section,True
288.77062037514423,155.78461664940127,3.351288634378184,10.249575705982513,4,2877.273846713109,6522021966116.004,2550186217597.418,0.01171875,76923.07692307679,rectangular_hollow_section,True
257.1915073544536,227.27381457933163,17.551766777671762,10.241576888898297,4,15669.296719660771,29024115537760.07,23793958153367.25,-0.1171875,76923.07692307692,rectangular_hollow_section,True
192.6752395968023,267.29633288472274,3.744938153417062,19.544192000330234,4,3256.672916628305,4118093347355.9463,6724881574299.795,0.009765625,76923.07692307634,rectangular_hollow_section,True
107.20958276979484,216.4893547478651,14.901987453925102,12.437156377745424,4,8604.555232401814,2923805813999.63,9393426493054.285,0.017578125,76923.07692307714,rectangular_hollow_section,True
229.64701678688536,87.46634672303085,9.183724381233066,13.870633234075548,4,5316.772930400426,6363404357949.238,1341294745982.0862,0.0126953125,76923.07692307724,rectangular_hollow_section,True
94.81469120874584,212.08072798659845,3.1336326551347264,9.432027782423921,4,1834.8230332253775,609580507575.3934,2097899790636.522,-0.0107421875,76923.07692307739,rectangular_hollow_section,True
172.65792145145798,197.28333372624462,2.27185234219254,8.352742488481544,4,1627.4674797319674,1612323263152.5156,1970335079605.0176,-0.00634765625,76923.07692307702,rectangular_hollow_section,True
183.80343511520806,247.10034386500288,3.957821947953091,15.588840473116738,4,3240.4920941571518,3699977734521.965,5777776913138.91,-0.0078125,76923.07692307691,rectangular_hollow_section,True
181.79507727275006,228.06746755556608,3.877679805109177,18.984314809927167,4,2986.292035585298,3261134124594.62,4579631834896.569,-0.02734375,76923.07692307574,rectangular_hollow_section,True
93.2456917624458,115.49844045524824,16.351592473282647,19.028281481726445,4,5402.188824676433,1126902080910.5083,1618715480453.8745,-0.00927734375,76923.07692307711,rectangular_hollow_section,True
95.30770137651254,289.095263605973,16.062776695037453,15.68963716058898,4,11070.942079998431,2995989049659.968,19535544030557.188,-0.013671875,76923.07692307688,rectangular_hollow_section,True
96.3732550793827,125.95878028883398,13.324149828301124,17.285238569971575,4,4931.549578764943,1205302971824.9731,1871984059341.3535,-0.0048828125,76923.0769230771,rectangular_hollow_section,True
34.497399585356234,128.7297577937723,3.38420551314486,11.25177906303526,4,994.2732854536173,41073348702.921005,335048074060.2007,0.0,76923.07692307697,rectangular_hollow_section,True
199.43167984859076,182.05578241033476,4.050874134492499,12.67002655958603,4,2938.8372774881304,3591535539347.0117,3129598762148.2705,0.0087890625,76923.07692307666,rectangular_hollow_section,True
37.61103519992116,58.98973304671447,16.273544475748608,12.334821642919774,4,1932.6129727268858,44449098451.7439,105559568277.36597,9.1552734375e-05,76923.07692307685,rectangular_hollow_section,True
168.72341030786862,223.58594425282922,5.017546037141283,16.487794485781748,4,3695.8766541477867,3478561378377.706,5326315991823.104,0.0107421875,76923.07692307685,rectangular_hollow_section,True
25.80734533306961,33.31205385204764,5.070158845716079,12.385258657116635,4,396.77949982758344,5266390358.42919,7789339605.250175,-5.7220458984375e-06,76923.07692307692,rectangular_hollow_section,True
157.11059045300334,251.26046749688976,5.585008521547195,19.48778467463262,4,4250.255829701603,3574579383564.698,7288775888088.605,0.0361328125,76923.07692307646,rectangular_hollow_section,True
216.63845321009978,31.71854043992502,10.603963641810992,11.636158224355677,4,4683.026129475298,3767906372739.127,106685580127.6081,-0.00048828125,76923.0769230769,rectangular_hollow_section,True
73.78906385127179,207.42442631282265,14.73717133738039,18.111433802729813,4,7103.207510547204,1061715648608.6477,6183425103046.885,-0.0205078125,76923.07692307685,rectangular_hollow_section,True
140.62011534398567,260.05881109815607,8.859346236731671,8.787068901923456,4,6708.342035369665,4482300496609.501,11814777832067.352,-0.04296875,76923.0769230768,rectangular_hollow_section,True
37.18336071355995,38.9409403820242,15.537238981397763,18.980515254784102,4,,,,,,rectangular_hollow_section,False
172.83068727330374,117.88043157732669,18.704974180471915,11.93074932489854,4,9333.64092833229,6613253349032.006,3452748135568.588,0.015625,76923.07692307698,rectangular_hollow_section,True
270.59004998322916,280.9459062854681,17.731376272457357,15.210776071641925,4,18070.008610015968,38784363227109.0,41168825846204.45,-0.0625,76923.07692307665,rectangular_hollow_section,True
221.84173113936083,24.984191445578695,18.447179547007362,11.493032965996449,4,3207.6922674492257,2981415682555.8926,49816555176.76523,0.001708984375,76923.07692307688,rectangular_hollow_section,True
97.25459814911561,266.8619939082115,11.175837295034185,19.698277864962524,4,7323.62806395262,2246635906394.133,11480419221257.332,0.013671875,76923.07692307714,rectangular_hollow_section,True
236.86647837848062,124.84097741594418,16.653282522379076,8.314903018117747,4,10868.768016309574,14596002176274.664,5028711604308.29,-0.123046875,76923.07692307665,rectangular_hollow_section,True
256.851427378754,214.9341489173831,9.932664302343234,13.306604179705525,4,8811.861979002466,16906098839774.004,12823985383109.797,0.05859375,76923.07692307694,rectangular_hollow_section,True
72.8523858035386,250.4338609291239,15.66072567388282,19.92629077808626,4,8765.899115393855,1273165438370.5562,10680546026629.117,-0.0009765625,76923.07692307701,rectangular_hollow_section,True
229.57769177527277,48.86802133834983,4.279290496479885,16.84165107922142,4,2184.022571548957,2270626410732.9736,190545511209.27347,-0.0029296875,76923.07692307726,rectangular_hollow_section,True
78.71293463928102,266.42018894560175,14.56469521362554,9.353981897527671,4,9117.49914227857,1659252398665.0322,13466688646267.152,0.001953125,76923.07692307638,rectangular_hollow_section,True
164.62484552678148,154.10265615005298,16.851634299409618,11.817456781093028,4,9466.595999828003,6779517634748.449,6078810678471.902,-0.0234375,76923.07692307707,rectangular_hollow_section,True
264.62934540232186,233.25727615041583,13.87682383517348,10.940122133766884,4,12928.218643042595,26118675943163.875,21400593724478.707,0.1171875,76923.0769230771,rectangular_hollow_section,True
201.95985899374404,102.32667434226788,15.906239911903562,16.01922997296826,4,8411.472367695204,7775439624238.682,2496988451229.657,-0.0068359375,76923.07692307718,rectangular_hollow_section,True
158.26151857121476,224.38642019066364,10.558456232845087,16.104071498424517,4,7405.831765775149,5819158365695.324,10055658040784.055,0.03515625,76923.07692307704,rectangular_hollow_section,True
90.01297105446277,105.63948886271535,4.8265554683371015,16.931339839224165,4,1655.3278857723103,398156866274.9911,507146566328.41125,0.0008544921875,76923.07692307707,rectangular_hollow_section,True
271.6188549884665,129.85229271667077,6.842296453333992,17.28720959478353,4,5116.949732054811,9457181062722.18,3018942657703.2334,0.00390625,76923.0769230769,rectangular_hollow_section,True
297.3011092606987,43.66209769199519,11.050459522371694,9.757756102673358,4,6951.935807316192,11225174085713.477,359178011678.8425,0.001953125,76923.07692307698,rectangular_hollow_section,True
84.23461631050782,282.6415646075721,5.990904455362271,10.568556866673203,4,4161.537056238214,1084094136323.7207,7467799710293.246,0.017578125,76923.07692307694,rectangular_hollow_section,True
275.8683416625153,250.6805697075465,12.30542888050865,8.894702459200214,4,12274.010310376223,27658357480305.25,23805682800906.758,-0.15625,76923.07692307656,rectangular_hollow_section,True
132.4769439095349,31.895809846805566,14.923733879674803,13.267735054266101,4,3839.206343142333,1059033520822.5747,65662392469.27142,0.0006103515625,76923.07692307672,rectangular_hollow_section,True
48.33349817620969,48.56593805865439,7.223690144894025,12.803243293135171,4,1058.4245824242325,56029729539.222855,56468152802.040726,0.0002899169921875,76923.076923077,rectangular_hollow_section,True
54.891916796630966,26.113991091916986,5.937401066352422,16.35052274226618,4,,,,,,rectangular_hollow_section,False
167.83873513674948,120.88412033184792,5.586499256146883,10.415396342991848,4,3015.9019049538283,2378559520379.345,1433925636611.021,0.00341796875,76923.07692307665,rectangular_hollow_section,True
44.34934698322346,113.85049537052505,2.546199885954546,10.272281780702492,4,733.8568741435653,51381255837.89917,219435052475.784,-0.00042724609375,76923.07692307694,rectangular_hollow_section,True
264.9552873911074,51.43877395698355,6.844689284769647,14.672423695137024,4,3989.8324062376696,5437378565614.178,357788679650.4248,0.0078125,76923.07692307695,rectangular_hollow_section,True
27.974501618707045,218.65831802451817,2.61730605980114,10.877996089111143,4,1213.5341835989902,36024431011.28161,1070082719784.8784,-0.00213623046875,76923.07692307654,rectangular_hollow_section,True
21.411099438674036,153.5943979650017,18.367509072821054,8.000046436761206,4,1433.8805485630096,17100676808.127388,813728178083.6125,3.0517578125e-05,76923.07692307688,rectangular_hollow_section,True
53.51426608633655,190.29789871789825,11.976951470501657,13.245957641668824,4,5092.618448267221,394818198523.3644,3584181485846.51,-0.00146484375,76923.0769230771,rectangular_hollow_section,True
122.76267252021319,199.51085433847663,4.692869486910203,19.3731420736178,4,2776.8748745989155,1413655303175.0405,2944058071840.8213,0.0166015625,76923.07692307707,rectangular_hollow_section,True
277.75300545294306,249.775554659948,17.797463085369674,15.935984683515667,4,17256.385773241516,37585581303031.27,31738549873910.664,-0.28125,76923.07692307659,rectangular_hollow_section,True
55.89540099353522,39.78814416461459,10.45943873021099,13.836330332253876,4,1383.9522817666295,79534670674.3085,44154496930.72899,-6.103515625e-05,76923.07692307679,rectangular_hollow_section,True
241.37059525262111,178.65643121069994,17.268860165761534,19.09454295800927,4,12952.653392855726,19642528248690.336,12100427568393.703,0.16015625,76923.07692307729,rectangular_hollow_section,True
98.80277407030125,147.86486162148987,6.323746015786951,16.27187876623522,4,2793.95920880787,858610794622.6941,1598043263245.9639,-0.003173828125,76923.07692307694,rectangular_hollow_section,True
197.16740005560203,59.982593332325926,16.199235278216246,16.95520275922116,4,6994.6981811954765,5093285764925.193,612388473856.1167,-0.015625,76923.07692307685,rectangular_hollow_section,True
64.10579851844739,43.76833437299254,19.175801693877396,13.180275817363665,4,2492.580807417044,161469533054.80334,77133366160.15237,-0.000244140625,76923.0769230767,rectangular_hollow_section,True
159.53558936009253,81.36898478948822,12.413779251711357,8.787248607167534,4,5287.449009115721,3109913611166.8936,1003640702229.7383,0.00390625,76923.076923077,rectangular_hollow_section,True
174.517679868853,212.76134396321655,17.10512272141361,11.592314462831308,4,11944.187812290245,10436360735879.535,14413881413932.098,-0.01171875,76923.07692307667,rectangular_hollow_section,True
271.7169420725515,284.20529236043785,6.3981116529244355,11.31308008582769,4,6846.132855266014,16130616648134.73,17273505170125.027,0.0703125,76923.07692307692,rectangular_hollow_section,True
264.12169563940427,205.93511239904504,2.3919246541279886,8.721020450386522,4,2189.796977673826,4639740754792.447,3190268339720.5117,0.01171875,76923.07692307724,rectangular_hollow_section,True
293.8071596676053,70.84349589384823,12.676478438828084,14.460525467558906,4,8396.27595042105,14428775718981.047,1277236415734.4841,0.0380859375,76923.07692307682,rectangular_hollow_section,True
32.787627040376435,159.7967436747215,13.461299118009059,9.445048678107867,4,4370.836398989088,89813744311.3222,1892969945045.4053,-0.000244140625,76923.07692307686,rectangular_hollow_section,True
79.10715128262864,261.40271181276546,10.1117820494771,9.908642345361221,4,6379.149304642965,1308939056414.5022,9459246660124.672,-0.0166015625,76923.07692307688,rectangular_hollow_section,True
84.254313096903,298.7719833898873,3.874141279194248,13.858846784070993,4,2815.3867997027073,773922581870.1908,5610871686748.658,0.0185546875,76923.07692307759,rectangular_hollow_section,True
133.40073040287558,51.784771445212385,5.74362108115254,14.254185238641675,4,1864.5618776427957,719413998232.2229,159778934358.94473,0.0013427734375,76923.07692307692,rectangular_hollow_section,True
164.19606871627943,269.38819549918895,12.519875591074184,13.20791682150053,4,10055.877287157253,8684452797138.285,19061153862716.914,0.0859375,76923.0769230769,rectangular_hollow_section,True
280.70281154772726,294.0242964869316,15.73706469530289,8.501035351212685,4,17026.14693963244,40367813842538.125,43436893068681.33,-0.125,76923.076923077,rectangular_hollow_section,True
234.0559832175502,229.10380743279916,7.479331685261921,8.550083501324275,4,6632.532366840263,11231656877513.34,10867616625329.254,0.015625,76923.07692307715,rectangular_hollow_section,True
21.398327406025032,197.0680041299336,19.170018283925856,19.837687293923032,4,,,,,,rectangular_hollow_section,False
254.26965280140553,49.57091531967921,5.349731833692934,15.725098761692454,4,2996.822104345389,3774111663393.3203,261775042151.3709,0.000244140625,76923.07692307694,rectangular_hollow_section,True
118.52349604619556,29.77192964359347,11.999488570522022,14.109755320251585,4,2788.355657991921,622436882664.6416,46257552312.8136,0.0006103515625,76923.07692307695,rectangular_hollow_section,True
271.38371006217903,115.7593871658781,7.59724423040938,16.636974993716375,4,5456.496639262689,9678516169776.934,2550389677557.098,0.015625,76923.07692307702,rectangular_hollow_section,True
117.52447507424269,226.82660329836895,6.629003256615677,10.148188508931993,4,4299.033038024943,2042979185689.8198,5705305048680.979,-0.021484375,76923.07692307653,rectangular_hollow_section,True
164.81333249094942,198.44050452484342,5.0479893535026745,15.28458628390953,4,3436.6435565423576,3008764062310.714,3986273334235.334,0.0283203125,76923.07692307705,rectangular_hollow_section,True
250.22160584254823,143.27449831057535,2.1670780406873416,8.902416839979955,4,1652.8003870230275,2878299102569.8486,1238739705696.7456,-0.009765625,76923.07692307662,rectangular_hollow_section,True
200.74603728996874,274.51813875278253,12.127972507541449,17.686138567820983,4,10657.724565670422,13552028562976.79,22098756694294.367,0.02734375,76923.0769230771,rectangular_hollow_section,True
237.32012170822978,253.9842414183779,15.030018065016442,18.875996364262072,4,13523.509444624176,22455146399552.367,24986884980004.85,-0.0703125,76923.07692307723,rectangular_hollow_section,True
248.49930293506083,209.98806963705823,3.188059724941252,17.72946587485498,4,2779.8338871523583,5216624804914.593,4056101948132.9307,-0.111328125,76923.07692307733,rectangular_hollow_section,True
130.11677560308763,93.1155664693217,10.537286281703445,19.091121302831784,4,3969.085763743232,1635200402038.1455,959086445943.2803,0.00146484375,76923.0769230769,rectangular_hollow_section,True
114.51135711973346,123.68375914979185,9.66372296111524,11.72714605040814,4,4096.884823119648,1515782480012.1694,1714599496768.4795,-0.00341796875,76923.07692307695,rectangular_hollow_section,True
167.57342400450398,25.32152248086783,14.769609734430981,10.320113701162917,4,3554.523027611029,1660220793557.38,42877724450.01172,0.0023193359375,76923.07692307678,rectangular_hollow_section,True
129.97214571327777,216.86953228690592,7.930705308400274,16.73929227908998,4,5047.201225441721,2796356378000.8076,6188268130700.512,-0.00390625,76923.07692307697,rectangular_hollow_section,True
264.4528829749031,88.60559747074107,5.1308429117156,13.640231282172566,4,3404.026788700727,5474446587484.461,986088056849.7817,-0.00341796875,76923.07692307672,rectangular_hollow_section,True
142.349636980281,64.90673874713096,9.9072347850101,13.635776865832288,4,3542.029561015908,1576300783741.6592,430941760495.30334,0.00244140625,76923.07692307701,rectangular_hollow_section,True
39.04978351381296,95.99466363692123,2.5128351180479918,9.229189909915393,4,613.3629725704579,32553687253.059113,130474240735.2644,-0.0002593994140625,76923.07692307685,rectangular_hollow_section,True
192.6438220036269,297.8819143541263,14.374214850435825,13.535438547139297,4,13092.16434121995,15429205210208.059,30839113399726.273,-0.2890625,76923.07692307692,rectangular_hollow_section,True
240.2600585986096,208.28666592838428,15.20137017175972,12.167610442425776,4,12564.672233456262,20338312071208.883,16193395716843.613,0.0625,76923.07692307669,rectangular_hollow_section,True
52.7064550526137,205.59008113734583,7.231422725388424,8.30649341883565,4,3458.6869289320916,315395391520.41266,3045193018324.669,0.00341796875,76923.07692307704,rectangular_hollow_section,True
40.13228313041792,33.45344645892155,3.8715253113711654,12.629949657790311,4,427.01756504898276,15130502862.590279,11512811905.776287,1.9073486328125e-05,76923.07692307697,rectangular_hollow_section,True
24.02546244654029,204.32180628161507,12.964105762266762,12.420678607139727,4,,,,,,rectangular_hollow_section,False
144.84993065763632,178.3123855790741,19.579791615656564,12.729173102550282,4,10959.396813170508,6137987801105.732,8700557566205.023,0.0078125,76923.07692307714,rectangular_hollow_section,True
63.454161717025166,262.5289860753917,3.3948283219019784,17.575545277234767,4,2059.4071494112986,320282234399.6558,2965267029350.2764,0.013916015625,76923.07692307672,rectangular_hollow_section,True
141.42690976733877,216.53794602817038,19.54719035737936,10.601868056411043,4,12353.644145217271,6935247247969.684,14152116649045.906,0.09765625,76923.07692307667,rectangular_hollow_section,True
213.12965070908353,130.77216310635367,5.390597725727073,11.194933155146638,4,3499.802276920458,4328302043657.7393,2042261898427.0298,0.0263671875,76923.07692307707,rectangular_hollow_section,True
278.0771849172033,68.48415076757495,18.380959827673095,8.042513046154744,4,11324.139225249522,16870674343485.336,1346716301151.1694,-0.015625,76923.07692307691,rectangular_hollow_section,True
239.5147713358378,231.59106584102048,6.52505506961993,13.355255113642999,4,5845.966481241202,10363173010628.021,9844948753073.395,0.05078125,76923.07692307707,rectangular_hollow_section,True
173.27976334612254,115.2117284338733,2.1575214011875308,16.383364332674486,4,1160.1935210196496,973548504834.633,530763753449.69556,0.002197265625,76923.0769230768,rectangular_hollow_section,True
207.0640334850337,262.8867120103557,2.9796026506971884,16.23652564018272,4,2677.1420884111085,3880316959371.617,5546411634599.301,0.0947265625,76923.07692307759,rectangular_hollow_section,True
184.79466587293555,232.54946724196557,10.974371247525925,18.22574502652889,4,8398.836252356343,8852593207534.553,12662631717069.46,0.00390625,76923.07692307697,rectangular_hollow_section,True
47.263062446824364,210.416063053428,12.373608573265322,16.764177739443944,4,5502.655958708513,313151000678.4341,4393650569182.426,-0.00634765625,76923.07692307679,rectangular_hollow_section,True
245.1872602020348,148.34721099122604,5.413298098700759,10.45848775784362,4,4059.497596661718,6693445906544.725,3093115651084.5957,0.0068359375,76923.07692307724,rectangular_hollow_section,True
219.74167181897764,75.64429441717212,17.287058451064567,15.954449721288224,4,8762.794902425823,8458945547817.594,1312235275320.3657,0.0234375,76923.07692307698,rectangular_hollow_section,True
240.14059538023983,52.7576542935651,4.76594236704658,13.633189211776484,4,2593.779746645581,3035906570661.617,263236142284.9026,-0.00048828125,76923.07692307718,rectangular_hollow_section,True
178.83858871766222,24.34174936439984,10.377220785947198,15.177144137675333,4,,,,,,rectangular_hollow_section,False
56.19139629308659,120.53509435779857,7.6448958841889185,12.002245837422084,4,2343.2661031609014,219397186188.5553,760556062827.9028,-0.000732421875,76923.07692307692,rectangular_hollow_section,True
264.78666780341075,33.15320930271025,17.452395701904702,16.70469897095054,4,,,,,,rectangular_hollow_section,False
282.70545641416913,108.31342702369274,14.321111609781287,17.754580162445507,4,10075.836781089614,17865244186072.96,3692078469458.05,-0.01953125,76923.07692307686,rectangular_hollow_section,True
202.08085304389726,178.27973035422767,17.816172628078064,16.68493348701608,4,12005.088595554891,13032510958835.05,10628534910769.77,0.02734375,76923.07692307663,rectangular_hollow_section,True
124.37348411029475,84.64067751838,5.006340222717507,10.916694306501851,4,1908.2963100703125,790853904203.6626,436133552529.8341,0.001953125,76923.07692307686,rectangular_hollow_section,True
54.20458607527054,295.035209912443,17.523224958548923,10.533783465927122,4,10900.40077324223,739187858662.1704,17123289947882.445,0.0478515625,76923.07692307685,rectangular_hollow_section,True
132.12629747308586,92.80348953270213,7.068020216481937,10.033400852451432,4,2887.9132742196134,1338355325889.6724,766337398646.9241,-0.0029296875,76923.07692307701,rectangular_hollow_section,True
33.50985022651285,293.98734372438,7.840023522968835,11.00967466480207,4,4778.141285335987,153283453514.37387,7318575721813.1875,-0.0029296875,76923.07692307657,rectangular_hollow_section,True
46.503312507660695,110.22283083048566,11.795414160897604,10.226600225428772,4,3036.1890079482105,158266501125.77826,731586633679.5664,0.000244140625,76923.07692307713,rectangular_hollow_section,True
125.45048570802598,148.594666232709,17.48465724037097,19.258168716425452,4,7992.586425530658,3237009316698.132,4289318664632.3477,0.01953125,76923.07692307692,rectangular_hollow_section,True
148.23065099322147,205.2823439069592,8.640754388674356,14.905838975290898,4,5627.65462797267,3918408047278.8525,6500862312994.057,0.0107421875,76923.07692307717,rectangular_hollow_section,True
299.57361056718844,73.19106600657477,4.625493288267986,12.329906072096176,4,3270.1916591483164,6306821615167.379,669003735291.8191,0.0048828125,76923.07692307718,rectangular_hollow_section,True
254.4270469685337,75.64789178628777,3.789150423705421,18.611905430427342,4,2317.2875865790193,3288157586471.088,501373278354.89404,-0.00146484375,76923.07692307691,rectangular_hollow_section,True
130.37760069441816,222.84012652449022,3.0912413198705955,11.864341500466153,4,2081.744062528067,1259640602370.7012,2836147995830.961,-0.00634765625,76923.0769230772,rectangular_hollow_section,True
239.58762203616905,119.66425774382637,6.48461159874377,12.164122771583738,4,4375.308026997661,6409881418891.756,2176404135974.705,-0.00390625,76923.07692307701,rectangular_hollow_section,True
171.23683231611102,123.0857712700797,17.17349505676777,19.53565821082649,4,8553.31769874188,6011312547332.326,3482445697508.8525,0.015625,76923.0769230767,rectangular_hollow_section,True
235.44221197072753,290.46345232438136,11.508184908394725,15.654666209905063,4,11346.810711657648,19856001684640.344,27514558517128.727,-0.1640625,76923.07692307685,rectangular_hollow_section,True
249.96226830647973,274.0672942744295,17.111940591883084,19.324143994430308,4,16394.522746046336,30130880386750.242,34858193481840.867,-0.03125,76923.07692307727,rectangular_hollow_section,True
224.88232475399198,225.45650725118603,13.719347736295356,13.62237504004107,4,11418.258959902847,16889332663096.95,16957544687255.71,0.11328125,76923.07692307717,rectangular_hollow_section,True
149.1218074735573,175.06770682074642,12.12583353932873,13.60036803247779,4,7091.197056315582,4595121051594.499,5936025262638.381,0.0,76923.07692307701,rectangular_hollow_section,True
241.2340320002186,264.70822335536,7.7123486710679,9.793022624631602,4,7474.510785335486,13839702034876.367,15963279431851.707,-0.06640625,76923.07692307656,rectangular_hollow_section,True
166.84178130926028,112.44327638533451,2.7167260026893247,11.322814862195996,4,1433.8181851623835,1128355939597.0322,622569399492.2448,-0.003173828125,76923.076923077,rectangular_hollow_section,True
187.70263958756098,275.64147448947193,4.163446879707938,19.768338611516096,4,3641.6054867915277,4406471441232.065,7848853962592.066,-0.087890625,76923.07692307678,rectangular_hollow_section,True
211.29852668426668,177.80158043791104,19.97275688122825,8.327072272773098,4,13877.81948163955,16247192711708.027,12208141360528.535,-0.2265625,76923.0769230777,rectangular_hollow_section,True
42.271948429064466,299.1043279796735,7.226996695285836,8.403881091784722,4,4656.092357452866,269290103786.58643,7857502787607.684,0.00927734375,76923.07692307707,rectangular_hollow_section,True
182.61656311200292,133.79351457770508,9.564275046078494,16.404930533054692,4,5464.237413819744,4878278466369.537,2996925146106.0117,0.0009765625,76923.07692307702,rectangular_hollow_section,True
30.980524331362474,175.10532152995287,3.028870164346706,15.60621535448207,4,,,,,,rectangular_hollow_section,False
183.38771525109107,275.3881447253664,4.243983327451277,14.656021216616132,4,3715.640198722972,4330791143309.366,8010610110423.6,0.05859375,76923.07692307688,rectangular_hollow_section,True
36.99566211658053,113.6233767924049,7.479404763251319,15.785648353830167,4,1849.1225202894977,68196992672.65178,442304315064.8467,0.0,76923.07692307697,rectangular_hollow_section,True
266.98746529433697,60.082552868984095,14.638273329053934,19.464740305938324,4,8362.783131303653,10968368554090.875,800478282992.9543,0.01171875,76923.07692307678,rectangular_hollow_section,True
285.28032551899395,68.64142399858336,15.499368317151086,9.520427694683354,4,9919.566886034254,15889267078680.047,1293042716249.9731,-0.05859375,76923.07692307708,rectangular_hollow_section,True
98.3021150613329,104.28929354215465,19.468303617834625,13.9705497082013,4,6176.986463940968,1341209592986.2954,1489135915760.0469,0.005859375,76923.07692307695,rectangular_hollow_section,True
47.36897061720812,108.9534562932538,2.2397329029935853,10.531924665284594,4,638.0143592147407,50858812220.476456,180803288915.68475,0.00018310546875,76923.07692307685,rectangular_hollow_section,True
53.76426147207717,122.76747110474477,15.830344254274557,12.992970165530675,4,4417.89972643152,282350390732.1825,1264766082532.0317,-0.00244140625,76923.07692307705,rectangular_hollow_section,True
295.98847362675144,226.57478678452975,6.828880833793219,11.461182006820032,4,6840.609534329522,17592367746723.39,11687381524247.512,0.015625,76923.07692307705,rectangular_hollow_section,True
116.54538760217234,292.9670395011582,18.688236211543245,10.511233521952011,4,13798.64321759195,5547068835764.939,26353764176213.4,-0.1015625,76923.07692307669,rectangular_hollow_section,True
236.34598581434255,62.39588948417181,6.608861462818838,8.361591679462467,4,3707.1349824406097,4443185580606.781,503019348769.70715,0.00830078125,76923.07692307686,rectangular_hollow_section,True
289.61020485094286,96.68636699740301,7.015710259408921,12.150733029340165,4,5102.137028503453,9816506632313.965,1716615930444.0361,0.0263671875,76923.0769230769,rectangular_hollow_section,True
299.3617851832367,41.46301327026761,12.756391342524044,15.464926165932098,4,7812.659155856945,12088492273122.68,322938579220.0951,0.009765625,76923.07692307691,rectangular_hollow_section,True
163.51214447989406,200.5168651365158,19.598860266447435,18.77122597289651,4,12380.287165309895,9023778784767.686,12626668850085.758,0.04296875,76923.07692307737,rectangular_hollow_section,True
56.0252056530189,234.8352694221634,11.401823897968269,18.772318876358437,4,5814.597718802804,521292131766.6909,6034198408537.33,-0.0048828125,76923.07692307694,rectangular_hollow_section,True
271.93387775930125,263.5701132042077,15.359421859677866,19.819887841782126,4,15133.483852761923,32572029412851.79,31014378116172.72,0.34375,76923.0769230772,rectangular_hollow_section,True
249.88067417028577,250.16660811699836,3.53224593486706,12.24344936393289,4,3408.6559276789426,6818562622846.225,6830308354240.463,-0.025390625,76923.07692307624,rectangular_hollow_section,True
235.91990688183137,218.4747370087578,3.80229210568103,17.97858536887197,4,3275.3903924482765,5642665776537.717,5029480461687.498,0.0244140625,76923.07692307672,rectangular_hollow_section,True
259.0281221791917,110.39271737114338,4.860829879627051,14.342744877988697,4,3381.0654230127157,5593069486996.613,1499751818926.2566,-0.00390625,76923.07692307726,rectangular_hollow_section,True
103.13868158424548,43.151633800253975,2.5108561346098073,19.43969910631474,4,618.0941005361224,138213385943.0266,38286559213.881386,0.000396728515625,76923.07692307694,rectangular_hollow_section,True
270.48042936304694,212.61649958883584,11.87916116673595,15.666561586600897,4,10682.017926241742,22043997718766.734,15138629445001.18,0.1171875,76923.07692307679,rectangular_hollow_section,True
49.56270320467611,137.26926019712658,9.735256885665798,15.214221542921639,4,3057.1599263785224,205141003779.14905,1141060537371.833,0.002197265625,76923.07692307694,rectangular_hollow_section,True
64.58120524148302,172.82355018087293,2.1896608105677284,11.378307718791614,4,975.4586659807417,153758576150.2019,692872879418.5898,0.001708984375,76923.07692307698,rectangular_hollow_section,True
236.79703118077995,172.87630735973207,4.94834104915668,11.253502837448918,4,3869.5762181993978,6286576427014.25,3892625999938.8027,0.041015625,76923.07692307705,rectangular_hollow_section,True
41.663660780960214,241.09779306974033,14.133487918293703,11.754589212631764,4,7055.61889301204,272993725530.09875,7196234954400.555,0.00732421875,76923.0769230771,rectangular_hollow_section,True
29.1174580450295,210.80478526158177,12.069931331380477,18.970346519880785,4,,,,,,rectangular_hollow_section,False
145.36163285689335,44.143689829711036,19.452123042245116,10.679595634460636,4,5744.967581802186,2042296983541.4814,199386699987.82336,0.001220703125,76923.07692307715,rectangular_hollow_section,True
233.64898209773818,124.47146394572383,16.077810325465173,18.37580766531448,4,10149.211755290251,13031939258350.125,4643576519769.0625,0.064453125,76923.07692307673,rectangular_hollow_section,True
79.65296574104042,44.144336549375744,14.37645336039286,17.01157735263963,4,2450.352754576717,264420704969.33118,91831237079.16095,0.001220703125,76923.07692307694,rectangular_hollow_section,True
224.09156188831145,239.97220092206865,8.653006697143603,15.677144584540534,4,7535.161246133183,11719114958500.227,13019555343774.43,0.0234375,76923.0769230771,rectangular_hollow_section,True
64.47946966054144,53.85808729228371,17.380367655759265,18.99412855109413,4,2547.0190800632795,176228537127.76233,127440141355.81006,0.0008544921875,76923.07692307704,rectangular_hollow_section,True
251.33498197291345,102.04041556923049,14.28535645130125,9.08202883169173,4,9197.418146556824,13213419530081.465,2938866466446.006,-0.009765625,76923.07692307705,rectangular_hollow_section,True
225.15992026142902,178.50409867172783,2.467489252487921,15.224052390867366,4,1898.6773757263727,2885879832796.631,2040324565970.1772,0.001953125,76923.07692307708,rectangular_hollow_section,True
85.42822063672615,82.34008530412098,12.211763257876159,10.559456739090777,4,3389.482894558719,600398090376.4331,563995770983.1077,0.001220703125,76923.07692307695,rectangular_hollow_section,True
244.07964170423816,194.4741278599953,14.986086154353938,15.833320212272511,4,11996.101811714312,19521600381795.43,13598307378127.703,0.0625,76923.07692307683,rectangular_hollow_section,True
247.74817311833888,140.07608792718517,12.927369844496859,19.023518649985288,4,9033.89651845515,13761836303455.117,5550058216074.701,-0.013671875,76923.07692307666,rectangular_hollow_section,True
148.2775957456499,204.38467888754613,6.935200618587057,19.27397650068882,4,4479.938440016321,3161539867089.0684,5161204731296.572,-0.0185546875,76923.07692307685,rectangular_hollow_section,True
80.20110398871503,204.6320149580854,4.834762191595453,18.873920780196396,4,2501.574175257824,568678683297.9128,2410179739257.5264,-0.00244140625,76923.0769230769,rectangular_hollow_section,True
122.54087743041342,122.82239334441724,15.630236672742313,18.34573645908414,4,6363.762685097099,2390971056920.709,2400069027652.171,0.021484375,76923.07692307692,rectangular_hollow_section,True
65.6818058524475,207.52846574342044,11.416400050545152,16.698482510298348,4,5465.879833421702,693323450918.3293,4776132606052.068,-0.0107421875,76923.07692307694,rectangular_hollow_section,True
68.62708331871005,123.5801547671679,18.81540207251966,11.272771407092886,4,5689.760135869799,597583482503.8035,1741947584535.7144,-0.0078125,76923.07692307697,rectangular_hollow_section,True
160.85603115790423,162.4749296124682,19.107376796094727,12.203388852205883,4,10746.722902975756,7271498000884.58,7394224239603.227,0.09765625,76923.07692307691,rectangular_hollow_section,True
272.265682716029,276.64577891690715,6.653615507611542,17.886233119840348,4,6933.663592766253,16133854472937.324,16528847195305.734,-0.0078125,76923.076923077,rectangular_hollow_section,True
171.42567596984645,230.35524065272998,3.345717928631217,18.049658322080283,4,2534.1316159702806,2513214484691.059,3910268172964.1113,-0.001953125,76923.07692307746,rectangular_hollow_section,True
81.44395263628134,98.85851973832011,2.954555657166612,13.349273465085606,4,960.3568392464141,199084804857.3562,266037473242.3288,0.00042724609375,76923.07692307698,rectangular_hollow_section,True
42.01608166278608,208.32284313936597,14.408292239901805,16.83985329780693,4,6105.849064149501,233770123906.58716,4499494543206.516,-0.0068359375,76923.07692307683,rectangular_hollow_section,True
226.79742721535328,84.74422481122025,12.360990959704441,8.782590190352837,4,7013.616808068246,8031104182779.738,1547172187529.4238,-0.005859375,76923.07692307666,rectangular_hollow_section,True
114.03603417927958,291.98566500700275,10.892400112321301,12.058930235868978,4,8226.467076911229,3596491625109.585,16391448571605.164,-0.029296875,76923.0769230769,rectangular_hollow_section,True
83.0997558095691,95.75715944067528,3.7501810746339728,13.496499917767807,4,1198.0714258693276,250584625614.17133,310370537874.3548,-0.0001220703125,76923.07692307646,rectangular_hollow_section,True
149.0909613206448,279.57141633440176,15.435564268458029,11.938737689180023,4,12137.731324775174,8446746034980.111,23454340837974.242,-0.00390625,76923.0769230766,rectangular_hollow_section,True
135.9948551106774,214.81529565042487,16.03052788277236,13.822585098792377,4,10028.368651056015,5425342844104.029,11480972732191.746,-0.0234375,76923.07692307692,rectangular_hollow_section,True
85.43420941240913,232.20152553971135,4.348726793715501,8.123164259946664,4,2635.2369441425103,712113889485.1421,3410639317596.6562,-0.0078125,76923.07692307654,rectangular_hollow_section,True
209.50599573807406,100.69463755999035,14.851307572933802,13.252067632520095,4,8155.90738581632,8192686300130.582,2414597229006.5024,-0.0234375,76923.07692307707,rectangular_hollow_section,True
170.45736703428162,25.449534167607965,13.516512144037758,11.918215330595633,4,3968.905700019763,1830194886873.2441,43897888635.93962,0.0013427734375,76923.07692307698,rectangular_hollow_section,True
177.97811547938923,185.7707611292799,17.143929278515127,15.536841183674655,4,11055.119353043001,9614061100320.617,10308816715405.55,0.07421875,76923.07692307702,rectangular_hollow_section,True
123.90092651597482,229.10440425467283,13.965866404696236,15.108708600718728,4,8852.901894345083,4144413088791.7266,11251394658693.402,0.046875,76923.07692307691,rectangular_hollow_section,True
240.57617812632503,284.33313453846847,15.07764998850164,15.123453548297803,4,14690.738918165145,25892242919876.85,33700667789823.0,-0.1953125,76923.07692307646,rectangular_hollow_section,True
229.346063129676,180.87089564960147,4.2920378229305385,19.96525597460577,4,3294.685371781137,5067464659045.568,3549869861987.921,0.00390625,76923.07692307682,rectangular_hollow_section,True
40.97307483694084,76.33472767983164,19.268739222993627,17.515502164817292,4,2728.816849975637,70521916896.50989,230217285704.30298,-0.00048828125,76923.0769230769,rectangular_hollow_section,True
271.5551513298163,137.3409989321479,15.129719210396546,18.981415667249188,4,11111.875690672578,19566373282254.18,6498476164873.416,0.01171875,76923.07692307682,rectangular_hollow_section,True
28.141678491539235,47.97911972647839,17.38000162841287,12.120096740896226,4,1115.8278107346086,13933804323.875595,38356830227.55257,1.52587890625e-05,76923.07692307688,rectangular_hollow_section,True
113.22485997976295,134.4625065801911,11.763462833004871,9.852487086304633,4,5176.734528386052,1861458251426.477,2465012309777.009,0.0107421875,76923.07692307662,rectangular_hollow_section,True
298.735043905584,193.4640926208819,8.80562673309158,16.828858718442035,4,8139.249266279798,19897191601603.82,10181342931361.436,0.1328125,76923.07692307688,rectangular_hollow_section,True
243.07848045668325,66.12885657176821,3.784111923252289,11.930235859897822,4,2206.9011369403515,2857844564037.4365,367158977673.8069,0.0087890625,76923.0769230768,rectangular_hollow_section,True
251.35356176227518,250.15958705742327,17.20319997457448,8.727931334822376,4,15995.284835201024,29259948254431.61,29037703617828.734,-0.1640625,76923.07692307727,rectangular_hollow_section,True
209.44791182291843,153.22186455073506,13.153576406696917,9.056290704361796,4,8766.726537391793,10298125460268.754,6226385253022.0,0.07421875,76923.07692307718,rectangular_hollow_section,True
142.400007788783,81.99454716904953,18.532951204516593,17.414399230873215,4,6640.244253217368,2798217390177.493,1066364037582.1221,-0.0107421875,76923.07692307683,rectangular_hollow_section,True
207.78619128613485,107.02229472781674,18.610598868920484,16.46649792949443,4,10060.985792374157,9687630138625.02,3144823935838.6953,0.037109375,76923.07692307704,rectangular_hollow_section,True
163.72790470427105,288.8832151832866,4.63565067009473,18.740696320667762,4,3958.075668079019,3756067918211.302,8875845772863.11,0.0078125,76923.07692307705,rectangular_hollow_section,True
268.2310874400245,158.79369162179813,7.004835721852458,8.274991386215934,4,5719.343771985665,11194700810416.79,4960364235960.95,-0.06640625,76923.07692307675,rectangular_hollow_section,True
22.553400021871397,198.8882178136888,13.589439474542056,15.31605103560323,4,,,,,,rectangular_hollow_section,False
33.92141637695886,49.02120750803001,2.2300674913152285,17.01704525308248,4,,,,,,rectangular_hollow_section,False
287.83136786554786,247.16227597079495,12.703726640210181,12.948820660339125,4,12779.675443481878,30772652542376.14,24251253957601.453,-0.09375,76923.07692307701,rectangular_hollow_section,True
38.54386839598893,95.93596814793314,12.685459378879925,10.802581153449248,4,2651.4977293229776,82286976167.29666,441987114648.7268,0.0003662109375,76923.07692307702,rectangular_hollow_section,True
177.33438187779225,97.236107886914,6.692484802092627,11.731104088352575,4,3383.7291295820846,2709264029057.534,1056875428177.1804,-0.00048828125,76923.07692307692,rectangular_hollow_section,True
198.44226402090015,278.72923750141075,3.132150901414334,19.957994525629868,4,2834.692288349148,3840721760764.995,6379650913842.932,-0.0029296875,76923.07692307717,rectangular_hollow_section,True
134.9342748116348,99.38200809165576,5.173813923015733,15.27120617100929,4,2186.291884001163,1082829854791.1243,679062497927.4303,-0.00048828125,76923.07692307686,rectangular_hollow_section,True
176.86706213734942,231.11214154086275,9.658553784039619,12.233690822056598,4,7364.795657829548,7296308366689.717,11076897634720.316,-0.041015625,76923.07692307704,rectangular_hollow_section,True
237.65077779855284,173.80020178165896,8.045063769889907,9.686002214031687,4,6270.280573653872,10042979300082.434,6178139022484.912,0.0,76923.07692307711,rectangular_hollow_section,True
294.80145596811934,73.9799953805239,4.727089056271141,12.092696889931053,4,3305.1629025556817,6208697590878.131,687730031491.2128,0.00927734375,76923.07692307608,rectangular_hollow_section,True
38.201258984725584,196.74407458288871,10.90666506499561,13.997790136190565,4,4462.735677760376,160089082543.3615,3047365752061.451,0.00146484375,76923.07692307683,rectangular_hollow_section,True
221.97940561772106,271.9873137971645,7.996479398637781,10.251302847334136,4,7544.209678453502,12056269224477.691,16487873811992.023,0.0234375,76923.07692307704,rectangular_hollow_section,True
142.31804969408432,287.65240352161914,6.289450805815876,12.179434982536934,4,5136.680538262224,3697664546408.5996,10990522476426.469,0.01171875,76923.0769230769,rectangular_hollow_section,True
199.79830866841894,44.90774941906404,14.426713845373474,18.353109171972413,4,5906.668226992021,4040590187814.7207,267152723968.3203,-0.00439453125,76923.07692307678,rectangular_hollow_section,True
150.20693010442832,168.96925625815706,17.512382406451565,11.823013493992262,4,9812.553062950561,5986550939799.496,7277482371545.0,0.052734375,76923.07692307707,rectangular_hollow_section,True
66.01690790413855,223.32128952757603,2.6818346887942495,17.678452017682698,4,1435.516345706737,240427470842.075,1565766969289.4766,0.0015869140625,76923.07692307682,rectangular_hollow_section,True
64.55071919498906,119.18864962248945,9.120510771119553,9.95796270386733,4,2920.3992223806436,349527402876.62695,963085543437.2786,-0.000732421875,76923.07692307692,rectangular_hollow_section,True
143.03370291128124,39.756371446978,14.619339819159297,16.510758338741155,4,4220.612361329161,1433942012035.7363,133239199715.89813,0.0,76923.07692307692,rectangular_hollow_section,True
169.72221140989814,137.0648363059895,4.5482840383506895,9.651273542359348,4,2640.8551347124626,2235220653706.891,1612669317555.4844,0.0029296875,76923.0769230775,rectangular_hollow_section,True
272.4293300173691,181.84793039336435,3.5477679219775857,15.771399630337775,4,3073.674081267008,6504248150998.654,3539446263272.927,-0.01953125,76923.07692307665,rectangular_hollow_section,True
268.3545570553289,269.68767330532404,18.301131237850242,19.16736061546173,4,17987.199960703165,37277537791040.21,37572115633411.97,0.0,76923.07692307654,rectangular_hollow_section,True
106.55055317387784,215.18976456426876,15.052782037196641,13.79728255173266,4,8589.463756931866,2865265341469.782,9203791829353.684,-0.056640625,76923.07692307688,rectangular_hollow_section,True
106.17031982349918,197.78217710601956,13.836010797308328,18.290000384331897,4,7330.553188820748,2420195674452.8823,6680502918462.1875,0.02734375,76923.07692307695,rectangular_hollow_section,True
38.422852094358944,252.55709620703422,5.039278671290361,11.130584189747633,4,2744.294874903006,141066316431.71274,3309177886922.5146,-0.002685546875,76923.07692307714,rectangular_hollow_section,True
288.6784052606506,294.3222174234661,10.202196740592303,14.364245686959356,4,11290.425928963941,29104951477123.836,29986056146149.633,0.0078125,76923.07692307695,rectangular_hollow_section,True
192.97794067669685,204.85074526900186,7.31825129468036,8.257309915028202,4,5541.292047977362,6433516090699.0,7055954878918.299,0.0078125,76923.07692307708,rectangular_hollow_section,True
142.2630602237229,218.31854658785343,5.605995599766817,14.119714576670592,4,3790.246126717728,2582875543763.702,4972755464593.947,-0.00390625,76923.0769230768,rectangular_hollow_section,True
95.09549538933669,183.8251138948442,4.464730026541219,12.161806886705705,4,2322.2106271867233,731057846707.9932,2014893624642.4248,0.00146484375,76923.07692307718,rectangular_hollow_section,True
280.09792373976353,160.84644442925415,13.553858007522884,19.608451026116782,4,10870.333188184437,21523907835725.9,8930388876080.635,-0.01171875,76923.07692307656,rectangular_hollow_section,True
210.71997108491774,227.65391590550513,17.756397637862367,14.261793427153137,4,14103.324722860181,17854788571540.6,20226595072411.406,-0.203125,76923.07692307678,rectangular_hollow_section,True
44.20761893514861,134.13233831077477,17.379511361095943,13.047616373197608,4,4820.492672561806,179292847772.69623,1484314149067.8213,0.0029296875,76923.07692307694,rectangular_hollow_section,True
23.595584632551024,71.40889495697257,10.261302988609145,9.222455856513356,4,1443.5084525649668,13994095139.520004,117345786027.78784,-3.0517578125e-05,76923.07692307685,rectangular_hollow_section,True
177.33606422540174,149.52810467319318,6.206091658324737,13.361398462054039,4,3775.707135921403,3452833738260.7764,2658279299458.8066,-0.0078125,76923.0769230767,rectangular_hollow_section,True
39.60334921955093,238.343501655297,15.076880601647577,12.675789241562374,4,7311.21802088637,234611504177.9225,7082596709621.723,0.0322265625,76923.076923077,rectangular_hollow_section,True
62.21724457855259,193.09466239249716,19.53224969248013,10.687234031670208,4,8333.379749398464,724553624122.6748,5853833339636.865,0.0166015625,76923.07692307692,rectangular_hollow_section,True
169.95031999732683,29.484247480653664,2.6541708197565197,13.704958702538436,4,964.782347731934,518234410898.3987,30916391335.864975,0.001129150390625,76923.07692307682,rectangular_hollow_section,True
116.9422095572089,162.9853044255788,6.900723967291748,8.341618427038384,4,3605.418623461763,1572826249019.4604,2645403986272.714,0.00244140625,76923.07692307694,rectangular_hollow_section,True
72.82203359030116,193.5106950208417,4.116824242696651,11.943871620211212,4,2043.7037015285407,392624301702.24725,1797778976997.313,0.00390625,76923.07692307694,rectangular_hollow_section,True
299.4926353746231,265.07832732960173,17.79826081943822,8.50095683969105,4,18757.383870604725,48075433338772.75,39574250830104.43,-0.359375,76923.07692307704,rectangular_hollow_section,True
54.22997406529718,291.6809841613983,12.209030828066556,10.867983327815878,4,7732.120308855082,643025907855.6177,12459293980966.95,0.0087890625,76923.07692307711,rectangular_hollow_section,True
155.14497599806143,167.00622425339654,9.117427119498409,19.607207161818557,4,5267.463183035431,3718062049078.259,4166733181414.4814,0.009765625,76923.07692307718,rectangular_hollow_section,True
192.0338497136751,229.3542934354027,5.6120835741239175,19.45247634013893,4,4416.906660977189,5239155784279.627,6850166874391.625,0.015625,76923.07692307686,rectangular_hollow_section,True
134.64634212312785,36.28910070310371,2.450840378677901,9.221914176728973,4,774.6482359001325,298450598552.3804,37842282461.76905,-0.0003662109375,76923.07692307692,rectangular_hollow_section,True
78.72911697421804,176.1652300314412,8.238978657918988,15.560174694670053,4,3740.095967584967,738189945908.4861,2669719982298.041,-0.00244140625,76923.07692307682,rectangular_hollow_section,True
238.63179112243859,83.21844231196249,14.404760180805075,16.511436103713677,4,8174.172951288432,9755064021040.469,1651803736409.7397,0.025390625,76923.0769230769,rectangular_hollow_section,True
204.74173709721498,47.53708400761252,4.704419898457331,15.222887301893314,4,2164.026604316846,1812403364180.6953,173120930211.269,-0.00146484375,76923.0769230769,rectangular_hollow_section,True
219.2669921414764,187.39908006041964,9.527429566552822,9.248413353748722,4,7300.343913876182,10211076828405.652,7987746727145.82,-0.005859375,76923.07692307695,rectangular_hollow_section,True
87.55350945312624,58.9333097194806,19.000782033848587,9.742473666453133,4,4027.6935791281994,584156741811.3301,277092977589.82263,0.0003662109375,76923.0769230768,rectangular_hollow_section,True
258.9549211974934,191.47661136035154,4.993940513908102,17.629222556205214,4,4247.959655291176,8232963257414.408,5218451118185.165,-0.046875,76923.07692307713,rectangular_hollow_section,True
194.42955895885277,278.7286889838553,13.7035834124715,19.44760827518414,4,11871.558596592009,14024122765988.434,24711712436231.586,0.046875,76923.076923077,rectangular_hollow_section,True
164.98805228650434,294.9309133673935,6.426437468896339,9.139431127896259,4,5669.915686154056,5422843286741.649,13311207534822.652,-0.046875,76923.07692307694,rectangular_hollow_section,True
159.51503498156185,195.34638960761092,17.120519954292437,11.050460735566078,4,10856.262704885612,7790709390526.248,10867357086639.652,-0.087890625,76923.07692307685,rectangular_hollow_section,True
232.6568438879081,185.17545668055936,10.39649648848486,13.581352238324286,4,8081.325711856865,12363803112907.297,8656098269783.6875,-0.107421875,76923.07692307686,rectangular_hollow_section,True
234.22311955286028,217.17651256749204,2.6758001947318757,19.720551718977937,4,2288.6942147530663,3910194498423.4834,3494874225656.5977,0.0078125,76923.0769230773,rectangular_hollow_section,True
190.20104609055267,208.639483291452,8.589642524421633,11.217661432009939,4,6437.737863871305,7193757253401.955,8304464186251.348,0.02734375,76923.0769230768,rectangular_hollow_section,True
148.0376366603282,142.67092629239625,19.07302118818272,18.823669775754922,4,9279.930068760767,5059805986907.027,4756802083765.305,-0.05078125,76923.07692307713,rectangular_hollow_section,True
149.55055172512976,64.52096443721686,7.94777236784086,15.820970059001246,4,2961.7991676260635,1461782644463.8652,378680318989.62036,-0.001220703125,76923.07692307695,rectangular_hollow_section,True
248.10415946359822,60.284114183685396,15.474306339100893,18.139104871931494,4,8264.446634569187,9411660851349.3,770335071347.928,-0.0400390625,76923.076923077,rectangular_hollow_section,True
161.589384309193,224.38414915101404,8.524023895946467,8.116530070983602,4,6223.58125092723,5261937145603.99,8793789450645.891,0.015625,76923.07692307682,rectangular_hollow_section,True
156.8573495936331,89.20315219369377,13.153363568366384,19.36739645405561,4,5444.520746296079,3027952287789.296,1200629971872.6567,0.00341796875,76923.07692307698,rectangular_hollow_section,True
105.99447467059717,118.43001800926187,17.701943433748497,13.323831053657159,4,6514.539669860141,1775603771595.2188,2149553278643.7734,-0.00439453125,76923.07692307704,rectangular_hollow_section,True
43.66351346827933,234.8892405050981,3.1706724852233865,9.886537658012713,4,1673.5456675345697,123033315237.0712,1860806722046.8584,0.00439453125,76923.0769230765,rectangular_hollow_section,True
231.33011433928297,219.31581807252817,5.752449187835793,17.970736194540436,4,4878.612147177717,7998796080258.393,7379160579370.848,0.00390625,76923.07692307698,rectangular_hollow_section,True
64.16737991635253,289.17782227832333,12.275822074709078,14.819037529828393,4,7859.286507289135,963611026978.4072,12775593808475.2,0.0146484375,76923.0769230772,rectangular_hollow_section,True
124.61682704218651,77.56535201077598,17.451684423845766,19.808645088068342,4,5451.766856345277,1729905731206.103,761771436477.3611,-0.00439453125,76923.07692307679,rectangular_hollow_section,True
130.81529696920057,270.5696664542494,3.5112837662726006,19.735034381552666,4,2643.1750594261234,1652084694485.0708,4951940547570.311,0.033203125,76923.07692307746,rectangular_hollow_section,True
292.76730423370077,198.08264136038397,17.92193260611095,15.4488775836145,4,16070.508797355404,36015048227910.69,19204006324106.05,0.2890625,76923.07692307688,rectangular_hollow_section,True
106.2028608449565,193.04888660822127,18.57049281943117,17.39106769868758,4,9432.602804636355,2852974668641.673,7856642780922.785,0.0,76923.07692307673,rectangular_hollow_section,True
34.796647274207174,95.06935688720846,9.927195798641115,12.140092722453563,4,2041.728697582421,56283188784.52777,334939344686.26575,-0.000732421875,76923.07692307697,rectangular_hollow_section,True
25.598385148140217,33.04292021035474,4.837892601936103,18.744786251932,4,,,,,,rectangular_hollow_section,False
184.71104947851944,296.5990822216658,7.999339175255799,8.65893223047238,4,7369.8262305769995,8572904809632.461,17882089775083.285,-0.08203125,76923.07692307654,rectangular_hollow_section,True
257.0810721456602,25.366520238365485,8.531440967759671,8.05683614139613,4,4463.315373265467,5061607040311.834,66116433411.86853,0.00146484375,76923.07692307685,rectangular_hollow_section,True
283.7111797858748,157.64553659365657,11.725096614648704,13.618096377366065,4,9618.119618815488,19872316619673.11,7834332207493.408,0.109375,76923.0769230771,rectangular_hollow_section,True
272.37865582488405,40.788379784082025,10.707049101983092,17.62912111167318,4,5984.755222623451,7698206770928.328,261300447822.14197,0.00341796875,76923.07692307694,rectangular_hollow_section,True
188.19172607349196,113.98923077874282,18.686734292134457,11.673491994096496,4,9760.503928325661,8054707437846.701,3435051971464.784,0.041015625,76923.07692307717,rectangular_hollow_section,True
61.78230561990086,50.61002815835341,19.59549667671053,19.988983822230843,4,2469.4286039394433,141205689308.56647,98129961777.9143,-0.0009765625,76923.0769230769,rectangular_hollow_section,True
43.81937131741786,131.1364963823039,14.142159720426125,9.922602330855682,4,4050.0468868219155,169901780151.91895,1286651048850.7842,0.0,76923.07692307688,rectangular_hollow_section,True
145.92254642619696,149.7933411291727,8.193685624929548,8.527504244449167,4,4504.853203602598,2851569134265.545,2971395520477.924,-0.001953125,76923.07692307672,rectangular_hollow_section,True
90.42485971752782,181.1068545416562,6.487638814636627,14.657735987268403,4,3206.7428116465767,873069471712.7017,2581902429340.5635,-0.00244140625,76923.07692307702,rectangular_hollow_section,True
256.36227878606854,143.44223111610728,4.270982071329348,17.927374855152546,4,3207.2569309119103,5616903386689.078,2332055155377.1694,-0.0205078125,76923.07692307765,rectangular_hollow_section,True
247.10733136378815,294.0449537906572,4.315320856006006,12.86484221590747,4,4503.593658686666,9152048849528.209,11899947395258.188,0.14453125,76923.07692307721,rectangular_hollow_section,True
67.70541834079906,163.95974013023593,6.568484523729712,13.97694107513444,4,2730.3284071112457,410264573692.188,1671445650325.246,0.0,76923.07692307692,rectangular_hollow_section,True
96.14641583390797,138.92042820211464,18.427084078950468,14.895644532876148,4,7083.083061789926,1615184759497.8945,3052695274168.99,0.0107421875,76923.07692307688,rectangular_hollow_section,True
170.82032583432238,286.9817809257375,5.338324902141676,17.66970186688291,4,4613.64641627902,4696805727842.55,10333099459194.316,0.00390625,76923.07692307686,rectangular_hollow_section,True
74.78648462911957,270.9318097837431,16.699954579349573,17.958035391528313,4,10110.497428287417,1537028897681.439,14439519836282.172,-0.001953125,76923.07692307707,rectangular_hollow_section,True
287.25538187336207,274.1032206258127,5.338668841870212,9.644850429296852,4,5805.329880604083,15095087308885.73,14057751723075.535,-0.15625,76923.07692307707,rectangular_hollow_section,True
31.373511565560822,235.49097476389386,6.079211632490647,11.128552007892367,4,2998.4752913293883,90852346825.0917,2995600140163.6514,-0.002197265625,76923.07692307621,rectangular_hollow_section,True
118.450562478251,157.50189847566253,8.737174639720465,17.269863168911606,4,4291.295404153226,1812642933412.1895,2827688974999.052,0.00390625,76923.07692307701,rectangular_hollow_section,True
40.90166183851757,31.58882691294911,16.514663065004036,18.89126188751831,4,,,,,,rectangular_hollow_section,False
41.181394115068834,45.26979647364678,7.419000205889237,15.084802360195635,4,893.809805756944,31471365812.85594,36607647981.087845,-0.0001068115234375,76923.07692307697,rectangular_hollow_section,True
245.79328181383133,22.859292729636135,9.30360962282106,10.53561655729849,4,4543.167372225264,4508842192810.258,46789668494.312546,0.002685546875,76923.07692307701,rectangular_hollow_section,True
251.15271890891063,88.36302043759409,5.043528921686138,18.988909826365717,4,3156.8611177707044,4532821339291.223,897103355048.6084,0.0029296875,76923.07692307663,rectangular_hollow_section,True
125.1439556938765,38.85640487918488,16.71950313638633,13.885346719044152,4,4173.039091920917,1064195019337.6768,111861205393.66718,-0.0003662109375,76923.07692307691,rectangular_hollow_section,True
110.12212036677401,128.31916445316605,13.753840678052523,8.504242040189704,4,5729.972218700148,1867996304050.496,2411411090660.8174,0.00439453125,76923.07692307686,rectangular_hollow_section,True
63.31815187593138,116.28814096821573,17.779872536078425,14.208800643178265,4,4920.368501578594,430765244180.95483,1295040069575.25,-0.001220703125,76923.07692307695,rectangular_hollow_section,True
26.34941705066754,166.89945450789605,6.773879248180265,11.582245331513327,4,2323.519258765949,42620946202.19624,1124019681299.1772,-0.00115966796875,76923.07692307692,rectangular_hollow_section,True
267.58210664538024,101.78942321436536,10.435272538485801,10.214897995860452,4,7169.061371211945,11891112664978.66,2475779045672.4062,-0.021484375,76923.07692307679,rectangular_hollow_section,True
30.829686170477277,259.6768863182582,17.36371324839697,9.81072609223345,4,7032.711983532365,123250785271.57013,7945206270399.098,0.0009765625,76923.0769230771,rectangular_hollow_section,True
151.19147166892822,88.78093078806968,6.160997954809512,13.241389416619707,4,2679.904927869934,1563258303136.1792,682509485744.7594,-0.004150390625,76923.07692307692,rectangular_hollow_section,True
286.1828460994781,69.97251687628523,12.382805504999828,16.636229136318992,4,7948.397182595844,12864083694945.535,1179605171544.2231,0.0048828125,76923.0769230768,rectangular_hollow_section,True
284.8683052131266,55.84959742724132,17.050718288084266,11.227963880612975,4,10329.99479779272,15309930654360.172,767962085014.8506,0.015625,76923.07692307683,rectangular_hollow_section,True
235.23661908953463,295.4063687842098,9.791096399493348,15.829244896410437,4,9793.585264437743,17416557748847.285,24743186625918.875,0.171875,76923.07692307705,rectangular_hollow_section,True
27.046340646014833,98.16015402477778,10.122593686061622,10.376004354567677,4,2017.3640836855436,29252829857.603943,325990496793.8539,-0.000152587890625,76923.07692307701,rectangular_hollow_section,True
23.541509087522826,165.68668347389587,17.94214775532143,15.349508213132847,4,,,,,,rectangular_hollow_section,False
40.9904974932533,177.1823188279667,10.610255363541075,16.451661726768442,4,3942.893368312264,168431295098.49725,2202212267372.093,0.00244140625,76923.07692307682,rectangular_hollow_section,True
214.92118659783486,41.235651063949106,11.543735172935083,17.074779880830906,4,5120.026454018765,4119269921272.217,215869151539.42047,0.0009765625,76923.07692307704,rectangular_hollow_section,True
257.2251718020319,274.84885517894725,17.99820208796415,15.582695820911002,4,17614.1902040772,34102395974129.258,37899979684815.05,0.203125,76923.07692307683,rectangular_hollow_section,True
213.13032432045983,42.14186416247861,19.951200684743853,17.18624255174248,4,8298.404755214779,5985938397805.066,248199541214.99048,-0.00439453125,76923.07692307666,rectangular_hollow_section,True
206.27315301780862,192.3792105957185,14.860839959616198,19.821230570993148,4,10596.963986814399,12498440739371.285,11188706288439.52,0.02734375,76923.07692307678,rectangular_hollow_section,True
122.6095142923286,116.08551746648396,3.2409742215895925,11.701804791961722,4,1439.8466524351393,656613576988.0894,604679599013.1129,0.0074462890625,76923.07692307772,rectangular_hollow_section,True
204.84505474386359,41.584134351868606,3.6514217867548195,14.119795466419166,4,1656.520519137439,1364988302078.1362,105275000855.952,-0.00390625,76923.07692307733,rectangular_hollow_section,True
149.7608523402818,112.44282908412546,10.238737711734347,18.98974835458943,4,4665.912087293226,2685445931178.5312,1708901651587.4668,-0.0107421875,76923.07692307701,rectangular_hollow_section,True
119.65645224778045,151.1466295615884,18.215587685649176,10.876383511808745,4,8420.148307254842,3136137984920.3164,4666315620389.539,0.013671875,76923.076923077,rectangular_hollow_section,True
268.22219981543753,188.7433150103405,3.9616445995989134,8.80180646633262,4,3503.846786116086,7359158251340.971,4314918255957.256,-0.05078125,76923.07692307675,rectangular_hollow_section,True
294.4024730236056,55.38411909224684,11.142031536298685,9.91656429796762,4,7199.748766159532,12025234202961.004,656456009858.5923,-0.0029296875,76923.07692307676,rectangular_hollow_section,True
250.87146428683852,173.33335799784058,9.027657366139877,11.22494353269556,4,7211.985896404649,12587395350171.492,7074968988352.703,-0.02734375,76923.07692307685,rectangular_hollow_section,True
60.958700054945204,268.1092778331813,10.935914622392698,11.935914313717701,4,6577.475656660964,745367865334.344,9366958759720.902,0.0029296875,76923.0769230771,rectangular_hollow_section,True
133.9004351943093,297.8501541699429,3.948429800576617,10.600010765459036,4,3278.9966964688956,2190097756687.4395,7475960573483.639,0.0615234375,76923.07692307739,rectangular_hollow_section,True
171.21744176130474,110.98782299628758,7.444332614818217,14.162391823346324,4,3824.5463380678743,2947414945640.576,1499575669182.0254,0.013671875,76923.07692307704,rectangular_hollow_section,True
206.4549179536117,80.05964616658422,7.229152354867879,8.972902961704165,4,3855.9999753660936,3844763418174.0967,839812962775.9849,0.00341796875,76923.07692307682,rectangular_hollow_section,True
243.12846568631994,298.7191170752637,19.528313784302156,14.046298811630532,4,19440.020571529283,34220894669680.727,47624762039377.7,-0.046875,76923.07692307697,rectangular_hollow_section,True
140.9279781853163,106.7830976267415,13.336764782072542,14.818417978852532,4,5678.461309429442,2794657376471.88,1772380129458.4434,0.009765625,76923.07692307663,rectangular_hollow_section,True
217.74101591291142,137.50453414223202,15.47429548101444,14.28560418953148,4,9832.455450142417,11630236351666.594,5494193229316.0,-0.072265625,76923.07692307695,rectangular_hollow_section,True
234.5463957872625,96.41609668139841,19.819347386135345,14.530960579327491,4,11336.546281427794,13180807208690.96,2824481579167.552,-0.046875,76923.07692307678,rectangular_hollow_section,True
115.24630708387471,45.667584414087884,13.39637276663815,11.967860874644192,4,3450.2440405483862,861416261473.8975,161477771247.21826,0.0009765625,76923.07692307697,rectangular_hollow_section,True
209.75911034408762,286.10187524870065,9.654338931071853,13.218035350533107,4,9039.57846807443,12952947217312.64,20954991410787.836,0.0703125,76923.07692307737,rectangular_hollow_section,True
36.402451245575534,47.486594801249495,8.867540280435973,19.125449097816144,4,,,,,,rectangular_hollow_section,False
79.16307879787854,187.39685533925442,13.20979897621661,9.314923970436181,4,6257.64332558704,1131573759241.0056,4870648953142.279,0.0078125,76923.07692307673,rectangular_hollow_section,True
43.222389072266665,265.0010234575261,6.499556539346531,11.178047792928634,4,3734.593580091882,232488291029.5138,4992048199525.885,-0.003662109375,76923.07692307635,rectangular_hollow_section,True
25.59009678098569,88.57086113293656,6.337774034386327,18.412759116601407,4,,,,,,rectangular_hollow_section,False
268.0949319317376,159.98556821626445,9.77741687396698,14.365097632226167,4,7803.34227297359,14806729264729.723,6603455777293.277,-0.0078125,76923.076923077,rectangular_hollow_section,True
44.202391155238026,276.80944220555295,15.439202056318813,8.532602671880422,4,8886.051966553729,382864707309.01514,12051860084308.059,0.0078125,76923.07692307695,rectangular_hollow_section,True
256.86435525038166,230.874691380661,11.132050167153766,17.55223596327886,4,10096.518705803252,19481082921514.145,16512666588300.781,0.0,76923.07692307707,rectangular_hollow_section,True
262.28574104116456,214.44990027181453,3.534038296217059,11.765670884604585,4,3248.9750841324253,6790897521019.152,5013020345367.424,0.044921875,76923.07692307627,rectangular_hollow_section,True
192.7363840176219,177.8364901552652,7.524304503910242,15.734008024826277,4,5169.985882637659,5676982735197.754,5017263555183.8125,0.013671875,76923.07692307701,rectangular_hollow_section,True
215.73491436646185,229.29749512653004,8.804115682917178,16.72513980311586,4,7309.196141493491,10447119531308.117,11473882775879.852,0.08203125,76923.07692307688,rectangular_hollow_section,True
297.5571529101892,35.38876652449813,14.486364502783168,11.891199741856889,4,8665.532239959519,12865248496780.078,212241877394.9046,0.005859375,76923.0769230769,rectangular_hollow_section,True
199.5613889189756,165.0369848599143,14.4282139478454,11.024136833609951,4,9566.7816600112,10340998096896.66,7610710982178.045,-0.01953125,76923.07692307691,rectangular_hollow_section,True
279.9568678269415,282.80896966791073,8.452106096866041,8.330563146110526,4,9157.962460174527,22490101492579.953,22843865156815.633,-0.1015625,76923.07692307714,rectangular_hollow_section,True
46.20128438691488,157.67428841084106,10.568388698126688,9.705940839966596,4,3768.3039524722108,215150881493.82056,1844887494621.8154,-0.000732421875,76923.07692307704,rectangular_hollow_section,True
86.5213762147088,266.55846523256866,19.751868042555266,15.815348818773455,4,12137.302450564277,2405910512079.746,17300505774300.047,-0.11328125,76923.07692307704,rectangular_hollow_section,True
299.05201330832926,22.486223189616197,14.560293264641421,13.221674069358542,4,,,,,,rectangular_hollow_section,False
231.79077565817119,123.65753657264679,12.680969163501373,12.377442610502824,4,8218.429171956239,10864389642290.586,3931049037654.673,-0.013671875,76923.07692307697,rectangular_hollow_section,True
141.1523404472611,298.90908559091395,18.41114210650467,9.258160346765347,4,14762.472753090065,8969912618130.229,31153094427142.656,0.06640625,76923.07692307692,rectangular_hollow_section,True
201.49856062039606,122.09690748898151,13.572430434124819,19.69890139598563,4,7696.597418106386,7599872249550.543,3394083642080.2334,-0.095703125,76923.07692307691,rectangular_hollow_section,True
184.80302112252866,56.28004552909641,3.910126812418329,16.188874871690317,4,1712.8623434040792,1252652507007.8882,195890669247.71115,0.0006103515625,76923.0769230769,rectangular_hollow_section,True
105.02439878319122,120.44361777854336,11.837538581035611,18.807640733415226,4,4472.3183851055455,1308351956636.0903,1630895002430.9316,-0.00390625,76923.07692307688,rectangular_hollow_section,True
184.9196611761192,254.74732788550514,15.662814875435682,14.458566129702822,4,12582.500099209217,13024024212831.594,21760735422063.65,0.203125,76923.07692307673,rectangular_hollow_section,True
189.63640791358566,277.5589073213929,7.039660130348894,12.823557326180318,4,6248.57505276186,7560741179210.092,13571986576822.926,-0.013671875,76923.07692307698,rectangular_hollow_section,True
102.23027890187659,45.30507560548017,2.1049720591853927,15.487406816619103,4,542.6217586136316,128930089340.09595,38440740124.82212,-0.0007476806640625,76923.07692307702,rectangular_hollow_section,True
246.69703300325824,83.24017760480587,18.740834230048872,17.82026143515573,4,10644.159952490945,12944978009514.078,1948207923121.4302,0.013671875,76923.07692307724,rectangular_hollow_section,True
212.89237006110753,47.60143204525714,13.59325808238854,8.102337871005682,4,6277.164421635325,5332655872784.955,350082899818.55273,0.00390625,76923.0769230768,rectangular_hollow_section,True
259.57761352282887,213.61085054629706,12.801987340013023,11.168290863501172,4,11335.211212679087,21731368168653.617,15983763274756.742,0.01171875,76923.07692307701,rectangular_hollow_section,True
180.4013831092969,84.55376883645705,4.363702189829239,13.695747654710935,4,2135.716735035379,1717920795007.8174,535130497695.9281,0.0009765625,76923.07692307649,rectangular_hollow_section,True
62.41933001815112,135.9628129055445,9.914100689118563,18.842117044923874,4,3265.0876111562275,356007168846.48145,1266320285316.289,-0.001220703125,76923.07692307694,rectangular_hollow_section,True
295.975284556103,299.9898798967051,8.226011101056043,8.176662009126908,4,9467.305281112687,26141714750937.1,26688497227837.953,0.046875,76923.07692307669,rectangular_hollow_section,True
124.34243779909183,270.00144479030587,17.806247660315933,14.84197508446573,4,12555.03562606484,5770708232473.908,20987530934097.47,-0.08984375,76923.07692307697,rectangular_hollow_section,True
184.24486436251766,171.06347655601388,17.62230328966575,14.252291883651536,4,11077.392573160107,10024003319318.77,8875791365357.049,-0.080078125,76923.07692307694,rectangular_hollow_section,True
165.36296647425894,229.81432310468597,7.1415603323167645,14.673737795209936,4,5281.7724915085255,4724153951465.216,7834171079240.621,0.01171875,76923.07692307702,rectangular_hollow_section,True
150.4964234389845,280.23163254477896,7.797226666634935,8.5695841777703,4,6400.940356750219,5013778770767.638,13250985213946.434,-0.03125,76923.07692307708,rectangular_hollow_section,True
234.8076188021532,74.91483823293913,5.206605508180983,18.725779539590157,4,2948.8835850674427,3557330722702.8174,595718249253.4423,0.00439453125,76923.07692307692,rectangular_hollow_section,True
173.4202856046582,101.9710598279988,10.955734641489157,8.205637840832905,4,5486.784027731846,4126623816963.45,1736521353069.6313,0.005859375,76923.07692307694,rectangular_hollow_section,True
168.84615081371007,137.01122245978877,6.939516957507943,19.724954029667302,4,3826.770864060103,3041251904849.837,2210974132799.367,-0.0078125,76923.07692307686,rectangular_hollow_section,True
175.40706611189867,169.72780652045438,4.922942659790426,19.157227330707624,4,3136.8324190921503,2921935891786.334,2780846132115.1514,0.01171875,76923.07692307713,rectangular_hollow_section,True
238.2214679765313,214.70357927757195,19.43830311937434,13.500150132233198,4,15914.544151528633,24672884939525.273,20841244110389.0,0.34375,76923.07692307734,rectangular_hollow_section,True
138.01907015340203,129.6923099101245,11.910928174655554,15.757163454046673,4,5576.406524728908,2853155779569.7783,2582113921151.1094,-0.0087890625,76923.07692307688,rectangular_hollow_section,True
253.2016237849445,207.043752976142,17.412034108273016,10.140154731986936,4,14712.077931538695,25806793368443.03,18653121704021.35,-0.078125,76923.0769230769,rectangular_hollow_section,True
206.9143007272939,93.16983738515174,17.576467529204514,19.417085035329805,4,8939.474057439566,8125098265913.844,2097293210134.2812,0.021484375,76923.07692307678,rectangular_hollow_section,True
81.31478800888131,293.05082328798585,11.672147252106184,8.9581757314992,4,8114.096084027603,1726509032303.2021,14817568508929.555,0.0078125,76923.07692307678,rectangular_hollow_section,True
155.00002482151604,190.30920472178497,11.459428599818551,14.621875622451896,4,7185.020730735046,5157467085582.883,7135619445095.248,0.0078125,76923.07692307697,rectangular_hollow_section,True
135.74945623343604,135.84631928193068,15.11800262543724,18.15398857553832,4,6977.405190555499,3334867957037.3896,3338759665431.0645,0.015625,76923.07692307646,rectangular_hollow_section,True
100.56315233304784,195.8624171102354,11.75278582480046,14.974073701210342,4,6201.294375121691,1910450923802.058,5633614228163.85,-0.001953125,76923.07692307695,rectangular_hollow_section,True
197.31594324370394,131.63179806385867,6.835421004981773,9.97968356807463,4,4220.392982635572,4509039502582.199,2403227190842.732,-0.0107421875,76923.07692307704,rectangular_hollow_section,True
222.85221843148406,141.09480168400466,11.92045510706391,15.115068495032169,4,7890.1794885237905,10112095922604.559,4887875972661.83,0.037109375,76923.07692307704,rectangular_hollow_section,True
170.91239656537675,173.64305605905142,6.441655306786328,11.846852884091934,4,4161.903464987173,3718440063839.3975,3810106753471.1934,0.0185546875,76923.07692307717,rectangular_hollow_section,True
27.064161360140055,166.5105228149065,11.709325771401272,18.53613171804969,4,,,,,,rectangular_hollow_section,False
169.67343108677608,115.70601613548973,8.847510923175758,18.984898479287644,4,4479.022011148923,3332042868147.676,1834996701963.4414,-0.00341796875,76923.07692307686,rectangular_hollow_section,True
26.749508731364728,287.30390570143277,5.125916602138041,16.88407794780131,4,,,,,,rectangular_hollow_section,False
162.26513759660574,76.55654520030522,13.48498777345772,19.960838375044414,4,5357.136936484071,2976396460758.883,852677802199.2561,0.0009765625,76923.07692307682,rectangular_hollow_section,True
227.6779265142372,287.0393033588869,10.053658357238177,14.48837682370266,4,9755.031838891631,16204331604040.48,23188886154005.1,-0.0234375,76923.07692307713,rectangular_hollow_section,True
151.14459169470214,291.4161025843415,3.085674363443231,9.938724256869335,4,2641.2968850877787,2226221284712.738,6045514394420.318,0.0234375,76923.07692307656,rectangular_hollow_section,True
133.30250592080097,146.9400971669806,4.098736640207976,14.389012908419208,4,2128.928775860645,1184235815715.509,1371711703303.773,0.00146484375,76923.07692307665,rectangular_hollow_section,True
160.434687578319,209.52752718551525,8.20237622629715,12.434574445206898,4,5663.315507113987,4637239401317.985,7018500783066.354,0.01953125,76923.07692307685,rectangular_hollow_section,True
86.83857292310294,274.7449874618348,11.938063912964397,8.803511302709916,4,7985.644016288004,1928515243241.8813,13164350230877.375,0.03125,76923.07692307685,rectangular_hollow_section,True
38.14991253613522,239.16317199660122,2.6866568672352944,19.96614960685428,4,,,,,,rectangular_hollow_section,False
71.28184687094466,271.9344443453782,14.63081523111787,11.819862342782844,4,9047.116119080443,1311289902495.7593,13386641797295.414,-0.0283203125,76923.07692307666,rectangular_hollow_section,True
102.36254405570833,148.09282798114072,3.2753289710436793,19.792786300310283,4,1478.8083595917988,508429064035.1056,879806138666.1748,0.000244140625,76923.07692307686,rectangular_hollow_section,True
146.48760921754777,158.3848973905785,13.786799624868102,19.197012452441637,4,7306.874059630374,4303957661524.5566,4877812768844.627,-0.0107421875,76923.0769230771,rectangular_hollow_section,True
51.3526991608763,61.55700537587135,4.284086855229694,12.102139925494026,4,808.6765243680982,59125745709.80281,78094641141.44727,-0.0002899169921875,76923.07692307705,rectangular_hollow_section,True
274.7085230327865,23.63570151942597,6.675713238711879,18.119552288184153,4,,,,,,rectangular_hollow_section,False
193.26736190316075,212.44482898463107,15.124193959954649,15.332640240870175,4,11122.128355153267,11999035085408.27,13958029713700.473,-0.21484375,76923.07692307679,rectangular_hollow_section,True
187.05047731948466,182.37139168166544,8.668642911621976,15.808003533941001,4,5905.268546879514,6114932279423.832,5880124546143.145,-0.001953125,76923.0769230767,rectangular_hollow_section,True
158.6264455520582,206.08156046724272,11.994744324003964,12.26192186313254,4,8023.379660704595,6127144965276.828,9289417795628.018,0.046875,76923.07692307683,rectangular_hollow_section,True
281.3722148276418,218.494380056129,8.460493052066326,11.52739996658446,4,8048.440903244778,18515565640823.395,12534686798309.508,0.0078125,76923.07692307675,rectangular_hollow_section,True
135.91925897403203,36.38003656254829,3.0502476439481283,18.519281096228916,4,,,,,,rectangular_hollow_section,False
79.87033327337645,59.09974482635861,8.54953601938305,15.297820648498995,4,1895.3971409153235,274968648578.5675,169007989070.29205,0.00042724609375,76923.07692307698,rectangular_hollow_section,True
127.02902213514247,270.7604047885302,8.202886509683617,16.945746012722488,4,6046.172943613043,3351173691058.467,10934112689302.25,0.001953125,76923.07692307685,rectangular_hollow_section,True
275.6134221468818,266.5339778361167,15.000665135432808,13.535168095147892,4,15181.86260899573,33930746468004.633,32186691765015.83,0.3359375,76923.0769230771,rectangular_hollow_section,True
84.78190662849833,203.20536608299216,10.337898597314563,11.36162082363297,4,5398.839435040299,1222003287819.3176,5108419237273.133,-0.01171875,76923.07692307697,rectangular_hollow_section,True
41.57542754983824,142.05393111693087,14.596684601684244,14.378621528071736,4,4301.762101644973,153838597523.83887,1500749592784.8335,0.001953125,76923.07692307685,rectangular_hollow_section,True
40.2541857419179,97.03844922438851,15.543069368564646,16.35775934347382,4,3034.6373055808776,90067137838.44513,462597475427.3921,0.0001220703125,76923.07692307691,rectangular_hollow_section,True
141.95332329376214,97.8406823435297,11.472016466117143,19.362965373813783,4,4662.755561695244,2271376966218.6904,1250595981054.6372,0.0009765625,76923.07692307683,rectangular_hollow_section,True
166.7231625948929,175.00480125261976,14.280736522560803,15.548115076182246,4,8704.358651663897,6775120747823.148,7324039436451.678,0.021484375,76923.07692307697,rectangular_hollow_section,True
59.77745563995913,230.57246892501695,15.76707356142428,10.774595384546867,4,8045.4428978736505,728747109909.0349,8206096918479.645,-0.0087890625,76923.07692307702,rectangular_hollow_section,True
94.83447217078349,174.81799242178087,17.78641234119682,19.319587098196525,4,7955.97817143297,1865051677161.3252,5268367443007.025,-0.03125,76923.0769230771,rectangular_hollow_section,True
125.742237027488,182.65116010326702,5.169450780146434,14.28918543805078,4,2960.5448290531135,1545214667279.1743,2731503820965.8047,0.0087890625,76923.07692307688,rectangular_hollow_section,True
149.42650520476388,118.89790506948337,7.862234076318886,13.155077692547664,4,3826.957869698332,2348554352836.2173,1643119308433.544,0.00927734375,76923.07692307683,rectangular_hollow_section,True
189.71687599751198,65.84779516365981,19.771145679241037,14.700396056301068,4,8325.918237898502,5648574587410.664,819591962613.8406,0.01953125,76923.07692307679,rectangular_hollow_section,True
281.48174861540474,66.16021731336623,16.21714453299417,14.701875316309449,4,10007.391769369762,15095753113012.578,1161340428375.8394,0.0078125,76923.07692307662,rectangular_hollow_section,True
117.95453682444204,98.36871731892893,3.019573849966674,9.071613930203924,4,1224.2697875946662,502221317720.36475,381410648954.2831,0.0008544921875,76923.07692307704,rectangular_hollow_section,True
236.87613703567683,231.1544367876636,13.336306968875228,17.962373399301068,4,11470.924104864314,18757574998098.656,18052571784050.53,0.109375,76923.07692307678,rectangular_hollow_section,True
81.20565521121162,236.89119401058247,12.147691936208536,17.878715806117423,4,6851.215538663509,1381087932562.0942,8117540941139.816,0.005859375,76923.07692307669,rectangular_hollow_section,True
189.7526167284643,67.42741089646249,17.253187553700634,9.792799984235632,4,7587.761648773558,5460880870299.371,858274520519.4736,-0.0048828125,76923.07692307691,rectangular_hollow_section,True
298.5898285906847,247.38756780916216,16.531525642202915,11.48561121739806,4,16826.594032022153,42323359202323.19,31391257947599.742,-0.03125,76923.07692307698,rectangular_hollow_section,True
31.008143209345732,100.0166568089877,16.800247637510875,19.68995930652986,4,,,,,,rectangular_hollow_section,False
128.40892838093384,127.46243041872874,19.263548522588188,10.49948274617503,4,8263.40432689002,3337769787857.0557,3295535636509.7637,-0.0029296875,76923.07692307695,rectangular_hollow_section,True
220.76495965304144,179.37707477751064,5.473890537114735,16.874026314423297,4,4106.0438127744355,5864911788541.691,4282439313189.207,-0.02734375,76923.07692307713,rectangular_hollow_section,True
279.13985605373983,43.33427137871328,16.512416559701997,16.428662005402927,4,9289.11370592993,12154735336524.453,356599842994.588,-0.009765625,76923.07692307698,rectangular_hollow_section,True
58.665905305107565,64.7582816562185,17.947925850427314,14.595985204306974,4,2928.8613580482306,183532914543.51074,220614159059.83167,-0.0009765625,76923.07692307686,rectangular_hollow_section,True
153.54844145403104,161.68508989760682,18.359315943301016,10.70245265813277,4,10112.143575491053,6308241405886.434,6876617627907.957,0.0546875,76923.07692307694,rectangular_hollow_section,True
297.76854252876586,123.43720795891701,10.67699429173246,13.53087656663616,4,8363.48998215821,17638501266670.83,4311962237305.0293,0.07421875,76923.07692307692,rectangular_hollow_section,True
53.885364794115596,220.19210807293973,6.09090564954529,19.588741163693953,4,2988.836312460361,295253461726.30615,2849574905433.6445,0.005615234375,76923.07692307701,rectangular_hollow_section,True
224.18107611590477,248.5003142891903,15.28273388281133,12.521386091742777,4,13356.694872446764,19926869224002.19,23473605811566.547,-0.015625,76923.07692307711,rectangular_hollow_section,True
213.26404553402807,59.29858400636655,18.101771567161194,11.568777924200294,4,8423.199757231934,7160927861214.465,685361138143.6655,0.0009765625,76923.07692307654,rectangular_hollow_section,True
100.40988658820233,116.59520175684872,4.323496455860264,11.646678820712285,4,1719.6548467076366,536941132224.71094,674402919715.0222,-0.00146484375,76923.07692307695,rectangular_hollow_section,True
122.39118237169944,232.67571691062724,2.270555386673801,10.951090580233156,4,1547.2017408843412,852661478181.5862,2252843320283.1187,-0.00146484375,76923.07692307702,rectangular_hollow_section,True
177.09709366712508,278.0143376671152,3.842901352222727,16.563943964584915,4,3326.2857920449605,3653511919191.6855,7211148582923.926,0.0107421875,76923.07692307759,rectangular_hollow_section,True
274.30451133737756,229.3969439858451,9.923930358686864,14.770912519930937,4,9408.77213273766,20665747524923.656,15676507988673.297,-0.0390625,76923.07692307649,rectangular_hollow_section,True
190.18939009117764,233.5928007972691,10.757948430123093,15.38611554840456,4,8439.807471870077,9455408032437.387,13029737950632.457,0.13671875,76923.07692307669,rectangular_hollow_section,True
22.882756550949594,145.13882354784658,9.465660397321749,15.696457239336112,4,,,,,,rectangular_hollow_section,False
116.11724058499964,298.61192868759304,3.673685529736848,9.34479609973386,4,2938.02151529907,1508752946924.3032,6493005726538.84,0.0009765625,76923.07692307656,rectangular_hollow_section,True
249.89088476961803,220.08759852053026,15.902827063677732,9.773729753188487,4,13840.847659068302,24403511778834.992,19918206209148.188,-0.0703125,76923.0769230766,rectangular_hollow_section,True
105.54906839910599,280.41545155560397,18.92911586852899,11.350862084671544,4,13049.846458405795,4177130730970.0137,22202311815886.516,-0.0390625,76923.07692307665,rectangular_hollow_section,True
104.01550433113916,176.7403043181323,10.768456659372879,12.565528146002613,4,5428.11184765469,1788817395975.1401,4205571947556.579,0.00390625,76923.0769230769,rectangular_hollow_section,True
100.67520003117349,131.2865436193796,12.021928831156348,13.179971710700693,4,4826.777465166149,1351370127724.3452,2086735826457.831,0.00634765625,76923.07692307694,rectangular_hollow_section,True
208.78173018973024,81.87528409710859,7.740651030329966,12.876163399077294,4,4120.656224140547,4134242053383.8887,924718806343.8767,0.01513671875,76923.07692307686,rectangular_hollow_section,True
101.71508564217271,295.09778589794735,3.574037024521097,13.713285411513757,4,2700.1029878466748,1073203594229.8635,5563424362437.818,-0.00146484375,76923.07692307665,rectangular_hollow_section,True
286.53238914143964,204.0699575693699,3.40367104961207,19.104053531073063,4,3174.8952510328204,7560798928078.359,4548667637986.841,-0.03125,76923.07692307654,rectangular_hollow_section,True
131.59442636063073,162.67905457875727,18.06545943370677,13.822915898020572,4,9135.854962525127,4194477007077.3457,5985311141291.082,-0.02734375,76923.07692307686,rectangular_hollow_section,True
190.17910986575944,194.94693168177653,14.293487838663653,9.171667048305807,4,10108.254127603743,10504403428222.89,10930916424724.426,0.05859375,76923.07692307701,rectangular_hollow_section,True
54.27693798527633,231.18317470982373,10.714335788891356,13.607132549115535,4,5481.057254798285,471288022113.51,5675908910765.68,0.005859375,76923.0769230772,rectangular_hollow_section,True
238.40227778324598,46.525552225606255,15.931480630439383,8.704492454859572,4,7987.627920509179,8145943861128.4375,382485358524.37244,-0.0029296875,76923.0769230767,rectangular_hollow_section,True
119.7583877903407,237.84730424859546,17.76206098719906,10.00824368235021,4,11341.500039072964,4727131732211.104,14957418987762.414,0.0,76923.07692307654,rectangular_hollow_section,True
44.075324500528794,264.8919209346209,17.80899756577859,8.766616651833967,4,9659.298699008159,369559539031.54236,11693840969642.645,-0.0009765625,76923.07692307695,rectangular_hollow_section,True
141.17312159242934,38.273407582969774,9.860595434282628,19.893143251403348,4,,,,,,rectangular_hollow_section,False
276.0824427356242,157.99181845784545,8.875007608523202,11.458430160488502,4,7265.140151645952,14656960627385.816,6124528913341.916,0.00390625,76923.07692307676,rectangular_hollow_section,True
234.10214627503072,135.0931425888499,14.28124314786341,17.586954707725152,4,9430.94650825317,12704673132856.047,5235567477994.059,-0.05078125,76923.07692307731,rectangular_hollow_section,True
167.2592917785578,218.4945288366455,15.060533849776586,9.784236138762989,4,10616.30694993193,8815802099839.883,13581032265099.79,0.05078125,76923.07692307694,rectangular_hollow_section,True
209.3771894915502,166.03068952154578,18.62790369570476,14.589938413254082,4,12385.2621464413,14019488388445.484,9576227201215.58,-0.0390625,76923.07692307647,rectangular_hollow_section,True
32.70065290494698,85.53152375269377,2.4350904981102057,18.278032198007583,4,,,,,,rectangular_hollow_section,False
29.581974716088354,240.65858693224394,12.392103830028104,10.836972838053086,4,5966.001268432938,99844336549.72299,5742087165474.184,-0.002197265625,76923.07692307715,rectangular_hollow_section,True
136.72523932583687,234.93645861734075,7.397415011189669,14.952759921322851,4,5113.2828589536775,3209163547012.713,7422998819069.836,-0.0029296875,76923.07692307683,rectangular_hollow_section,True
87.70208901514148,101.91802810090628,9.736285733301283,17.588523465688652,4,3065.5117222286044,624534850582.25,793640888467.5166,-0.005859375,76923.0769230769,rectangular_hollow_section,True
222.89507072113338,153.377168797127,8.86656971711108,12.431804889127068,4,6216.184983441212,8448195371791.625,4713497325879.254,-0.02734375,76923.07692307665,rectangular_hollow_section,True
155.93258642786142,90.19857590581626,7.2885746316043445,18.482864051199783,4,3159.0932630976076,1886077822537.2705,805696840651.6199,0.00048828125,76923.07692307695,rectangular_hollow_section,True
177.28312453081688,122.40313728067035,4.800051240887541,16.343325264394288,4,2650.999752593824,2294436494601.074,1308411013534.7102,-0.00390625,76923.07692307663,rectangular_hollow_section,True
79.2490297048165,207.67067464884067,12.112416959044163,19.383157695354896,4,6040.896476047015,1127587667448.8025,5514377443845.977,0.025390625,76923.07692307691,rectangular_hollow_section,True
212.1973961556089,93.51575730667457,2.7640876227099787,16.161742340799247,4,1577.7704020801573,1761133256285.3726,509424265960.9032,-0.008544921875,76923.07692307669,rectangular_hollow_section,True
167.49171230457043,40.227663238258835,3.598840971515463,15.214886605912389,4,1346.7311149588502,747438152210.0967,77731533953.86269,0.00201416015625,76923.07692307704,rectangular_hollow_section,True
45.0228701451208,107.30606490062138,15.099759844813798,10.258563373202538,4,3583.0115612476993,150507576312.9547,758734853022.4626,0.00048828125,76923.07692307672,rectangular_hollow_section,True
118.11190319927265,292.7687008925054,3.9148541754528523,14.989723434038753,4,3053.731884688162,1599519905281.1855,6440619274870.264,-0.05859375,76923.0769230768,rectangular_hollow_section,True
41.1567304180561,195.53697923245025,2.8920515088530454,11.515343373137652,4,1277.362982117448,82353185708.84843,989162603808.0332,-0.0006103515625,76923.07692307673,rectangular_hollow_section,True
67.80729518217528,142.21793623572702,5.607243357921291,8.77668384272516,4,2162.5756291394678,329161747043.7962,1065274066203.0762,0.0003662109375,76923.07692307691,rectangular_hollow_section,True
138.28668109707212,74.94796787989188,16.935401389750233,19.958220189790705,4,5686.004340680633,2198233194198.3457,764279989762.4573,-0.01171875,76923.0769230765,rectangular_hollow_section,True
239.0654731159671,148.584842688207,4.2136560460090955,17.26680207441271,4,3068.072772116775,4811719444504.984,2346013301493.2617,-0.0048828125,76923.07692307685,rectangular_hollow_section,True
215.85491412109525,204.8210636928492,10.327027693492926,19.28256802141964,4,7970.45921487943,10855313197424.668,10009092359390.65,0.08203125,76923.07692307675,rectangular_hollow_section,True
93.98987288035204,299.3630557847892,3.9989970020879717,18.919568917775536,4,2946.739835154768,994575937074.6162,5967506938013.82,-0.00048828125,76923.07692307724,rectangular_hollow_section,True
158.6227791005386,217.18127315654772,19.693118678318715,9.439779735103821,4,13161.122467223322,9317526132809.896,15711568109404.312,-0.05859375,76923.07692307676,rectangular_hollow_section,True
264.0811321703665,272.2837698528667,14.413678263023984,17.00415399347552,4,14348.53508587889,29818066383792.71,31282016065184.914,0.078125,76923.07692307704,rectangular_hollow_section,True
36.87464530565335,78.3331518761832,8.02495542124436,18.536701253777203,4,,,,,,rectangular_hollow_section,False
285.58165928832767,92.55781100565491,12.39018976657884,10.288633661214554,4,8650.516397930181,15474513026932.156,2380122568631.8296,-0.0390625,76923.07692307713,rectangular_hollow_section,True
195.3453886523653,213.9024371973616,2.287728216845532,15.591242583537438,4,1785.4574453878163,2225263205307.139,2547339398227.4634,0.02099609375,76923.07692307702,rectangular_hollow_section,True
239.40073884217617,87.67955650883125,6.903128292916668,19.435580931494954,4,4104.462323865741,5293409349544.406,1093195283261.6453,-0.00244140625,76923.07692307683,rectangular_hollow_section,True
59.263089831161416,69.79472718673242,17.48120568263984,19.173049001327172,4,2925.0588058171898,186861703411.25262,250502144015.44763,-0.000244140625,76923.07692307691,rectangular_hollow_section,True
37.47425561519867,207.61460627077773,7.629686283392183,15.700280944506577,4,3325.6894808030374,136573201108.83093,2576469583373.7314,0.00244140625,76923.07692307694,rectangular_hollow_section,True
162.21856715066664,191.29226753569284,8.4697771282787,15.627191978421866,4,5508.386924246414,4458668247276.772,5754327164681.605,0.02734375,76923.07692307692,rectangular_hollow_section,True
145.36677075943732,122.09828542351224,11.503646050544987,10.606352221155085,4,5511.816477171478,3114910901073.038,2348815659138.223,-0.0048828125,76923.0769230772,rectangular_hollow_section,True
228.2630089376378,158.06853238934607,3.6418591577749453,8.892948869395118,4,2709.3669745035368,4082151290802.039,2335788041920.339,0.037109375,76923.07692307731,rectangular_hollow_section,True
29.213752306986386,227.5821567313259,5.752337064227756,16.651741197882053,4,,,,,,rectangular_hollow_section,False
287.27052190938394,56.35536756101699,16.546855857271844,13.409843484468421,4,10096.838466463878,15191459532798.727,781007256287.7666,-0.0263671875,76923.07692307718,rectangular_hollow_section,True
154.10965687784662,259.39639832571424,12.055275728905814,13.721937502722412,4,9203.026523142196,7005696098504.049,16015032989936.824,0.015625,76923.07692307698,rectangular_hollow_section,True
210.4429515813136,271.28847974756707,17.04622491258601,16.75066205735304,4,14980.524837346617,19882875899553.94,29833319298153.21,0.2265625,76923.07692307701,rectangular_hollow_section,True
287.3963036655797,236.93149717914005,18.840767594422303,18.882730035812436,4,17981.022651072715,40646508249512.25,29860917812203.406,0.1875,76923.07692307707,rectangular_hollow_section,True
144.60162504834895,197.21949122017682,3.3462878213638234,14.094720165616263,4,2159.740769487116,1522639146107.4639,2428575157098.124,0.009765625,76923.07692307653,rectangular_hollow_section,True
271.25949584297365,85.59016373235684,11.442725233651332,8.221387315973306,4,7575.330155994309,12218397827037.207,1791555948704.3354,-0.015625,76923.07692307685,rectangular_hollow_section,True
232.13020369339839,243.20440188839711,4.0349652808820755,10.14306076358303,4,3705.2206301489355,6444608035416.539,6915220962435.893,0.03515625,76923.07692307666,rectangular_hollow_section,True
270.69684270656035,227.07994587260765,11.784504282394934,10.222194168093043,4,11072.113975038717,23510954312618.883,17854378555493.457,-0.26171875,76923.07692307692,rectangular_hollow_section,True
255.7507705897247,267.1599896484881,18.592515436211333,15.166221548300335,4,17831.711965944767,33755705002793.766,36195802282055.27,0.4296875,76923.0769230769,rectangular_hollow_section,True
298.25756881400036,183.86832245355674,11.480697055896615,9.91497012232463,4,10444.750348810452,24931047598002.477,11627595486659.305,0.03125,76923.07692307686,rectangular_hollow_section,True
257.7066628119329,89.81592425956752,17.106633159358193,18.94449960233661,4,10363.818918930545,14174228581730.102,2354487126944.442,-0.021484375,76923.07692307705,rectangular_hollow_section,True
257.62415403071986,201.15859319872064,4.117480282664571,19.18713401791154,4,3569.191607854574,6982124266249.721,4817686355711.164,0.078125,76923.07692307641,rectangular_hollow_section,True
295.9989193463861,178.77309898174897,2.1306761569250945,10.684976924786815,4,1964.019045054923,4872816810056.978,2279566963134.1367,-0.0224609375,76923.07692307644,rectangular_hollow_section,True
89.29890812972529,51.31114359220082,5.610047110965436,16.042159877733233,4,1303.245597757349,234012512887.32965,99052204588.28467,0.000244140625,76923.0769230768,rectangular_hollow_section,True
104.34391745121468,148.74725807924995,17.728677214953436,12.976362723247906,4,7548.333541172165,2118071996595.2983,3883112187657.0293,0.0,76923.07692307662,rectangular_hollow_section,True
296.074390991113,229.0863643256535,3.1647738091085715,12.85028828495948,4,3212.6461166008385,8474016628897.699,5761796713517.886,-0.06640625,76923.0769230766,rectangular_hollow_section,True
78.56297733333818,261.4807132444338,19.061243851597563,10.344828087025341,4,11402.971875769783,1837979804511.1094,15546657048459.195,0.025390625,76923.07692307713,rectangular_hollow_section,True
257.24684047868357,71.22036137165472,3.449557845329358,13.29831553839883,4,2138.688260777408,3122953949852.6396,418448588548.65106,0.009033203125,76923.07692307714,rectangular_hollow_section,True
161.64188275520377,266.4643767337701,17.366361550937107,10.956467287281697,4,13542.88993952081,10715363491771.11,24240547371599.805,-0.01171875,76923.07692307688,rectangular_hollow_section,True
229.40319816452987,253.1505519781712,8.493409924189166,16.322544348272316,4,7703.371464101092,12690970365635.738,14760429097538.375,-0.03125,76923.076923077,rectangular_hollow_section,True
211.7594730290131,224.03416489680342,8.517502464080788,11.304656240342892,4,7013.528350285431,9725797517565.412,10611313658482.363,0.046875,76923.07692307701,rectangular_hollow_section,True
231.896846107921,69.49246360703893,4.529319640407568,15.803753910211125,4,2525.472324631534,2970161133959.3555,448401233969.6178,0.001220703125,76923.0769230769,rectangular_hollow_section,True
86.19729964149738,160.8333966989845,13.894235953009494,9.536640585167511,4,6001.458880659318,1244576157723.8345,3573270855813.288,0.01513671875,76923.076923077,rectangular_hollow_section,True
142.2727255886544,34.273687414259804,3.909494561903249,8.673867842341402,4,1266.741161607504,521426894418.2346,51197598040.91464,0.0001220703125,76923.07692307685,rectangular_hollow_section,True
165.17462978065632,122.73170926146103,14.580248677219057,18.287575692741537,4,7224.466280887661,4896968884213.834,3020342199132.1816,-0.015625,76923.076923077,rectangular_hollow_section,True
255.61875582808685,112.7190158274695,14.1419253642898,16.002420115587952,4,9365.418330330785,14066201346008.7,3680355872102.711,-0.015625,76923.07692307678,rectangular_hollow_section,True
218.56349152048173,54.62743497982938,18.630332849236567,8.242537113052892,4,8722.979157830789,7624515290545.797,569257052474.3823,0.0,76923.07692307683,rectangular_hollow_section,True
61.595898863809396,186.96078830036797,18.21666359935151,18.335534710629325,4,7392.182077326809,640620982321.6133,4744856280810.334,0.0224609375,76923.07692307679,rectangular_hollow_section,True
33.432915466217665,168.53022535143455,14.571672168081994,9.704489173025436,4,4942.369726856437,100824638091.32007,2347182848715.3594,-0.00244140625,76923.07692307688,rectangular_hollow_section,True
246.52906080160852,45.707553273753895,8.412630435202267,8.231921272627456,4,4566.103336505683,5380526178489.217,294187441293.26935,-0.00634765625,76923.07692307701,rectangular_hollow_section,True
124.42669019364824,189.9816256811867,2.5990743352453087,11.630663195849934,4,1553.6176905270872,838096371998.9199,1585042951544.9463,-0.00439453125,76923.07692307694,rectangular_hollow_section,True
115.50302054370013,42.45462033443663,8.182365680768008,15.73432726906217,4,2126.592996158574,548175430056.1382,103897116782.40231,-0.00115966796875,76923.07692307694,rectangular_hollow_section,True
56.9506763901319,129.17559767252584,11.498426171475572,19.51425873768793,4,3434.9105017273164,287196371698.40344,1128244566687.7617,-0.0009765625,76923.07692307672,rectangular_hollow_section,True
134.00312701463366,90.1755433216943,18.517189739972423,10.362078902894932,4,6823.400005890606,2719518809738.4385,1356147841485.5386,-0.0078125,76923.07692307675,rectangular_hollow_section,True
71.87490444789182,293.09179231642975,2.763869634081137,13.097791553828179,4,1922.1226385146422,397151183567.0587,3586261932035.1963,-0.004638671875,76923.07692307694,rectangular_hollow_section,True
292.99309048337284,118.36077379556824,3.5554301017474006,14.241214668192757,4,2785.8892867960003,5914430566694.334,1474699005483.7915,0.0107421875,76923.07692307679,rectangular_hollow_section,True
148.7103541417876,35.587859952781,13.367882549169918,15.995352423494527,4,3963.6049234710413,1433345637736.5356,99854200340.09564,-0.0045166015625,76923.07692307698,rectangular_hollow_section,True
125.1554287402039,209.61557584763037,19.849904579336865,18.767581608939373,4,11362.048027311157,4843549013359.484,11516064022548.336,-0.017578125,76923.07692307724,rectangular_hollow_section,True
160.2895980209859,118.36101508142734,3.695470387064846,12.459853655821115,4,1926.430633545419,1413166764665.232,893124298048.221,-0.005615234375,76923.07692307663,rectangular_hollow_section,True
129.74262706938242,171.49828577702905,9.822950696963993,15.421107842709219,4,5325.716624349478,2704937180106.8984,4196558831979.4766,-0.0166015625,76923.07692307702,rectangular_hollow_section,True
215.03197109047107,284.3045832166159,16.36111640673424,19.82887485415482,4,14887.503532680552,20894977896521.547,32527278840294.28,0.1875,76923.07692307701,rectangular_hollow_section,True
127.57148902930723,217.19528428951656,3.3962849801980766,14.797558270373312,4,2206.7347229934862,1264590707322.423,2824842290388.2744,-0.0205078125,76923.07692307692,rectangular_hollow_section,True
149.3084686464676,164.1507394632821,13.17263232778664,13.373664893424746,4,7385.278328016602,4653664057843.724,5421187627422.443,-0.01171875,76923.07692307694,rectangular_hollow_section,True
281.1559257057724,30.62910969809211,19.023217880797834,9.011277306876401,4,6727.130215961183,9258243021875.883,130140816771.48767,0.009765625,76923.07692307649,rectangular_hollow_section,True
258.5946545512429,64.04323520332923,9.77101983022904,17.95568938522981,4,5667.693157885113,7503694253135.906,736319286736.2168,0.01953125,76923.07692307688,rectangular_hollow_section,True
29.628749100089443,48.59261122527158,5.094031927442815,17.63662968607471,4,,,,,,rectangular_hollow_section,False
154.34154505113796,122.91139244692565,5.074122037042436,16.761062813528483,4,2566.294980274141,1727544499411.1084,1223466302189.8381,-0.0009765625,76923.07692307705,rectangular_hollow_section,True
57.10519174814918,193.32025330874617,15.094574498963992,16.995342177747688,4,6363.517618505897,511942446878.8248,4438435232347.998,0.00830078125,76923.07692307704,rectangular_hollow_section,True
209.70697727591755,269.89084342871604,13.751719156145196,17.214402104610834,4,12149.804490843262,16465869659000.316,24486803361237.453,0.1328125,76923.07692307688,rectangular_hollow_section,True
261.9086502914833,175.85587423629735,6.302042020402491,15.839932685135834,4,5198.8258135859,9958446401279.871,5420580629209.6045,0.041015625,76923.07692307697,rectangular_hollow_section,True
221.95876162481767,116.56822023940515,9.14187150399168,10.107332793274582,4,5754.019018599007,7165363703476.217,2573348286654.683,0.013671875,76923.07692307672,rectangular_hollow_section,True
210.28948069025805,42.92902529385408,19.17867825447474,13.84225441912863,4,8049.897702937686,5869070592824.949,264137798144.4381,-0.00830078125,76923.07692307708,rectangular_hollow_section,True
111.05746892882853,251.75898143427816,8.098218543293722,15.696552497848339,4,5425.362156552647,2287896796632.326,8290675866889.471,0.013671875,76923.0769230769,rectangular_hollow_section,True
283.3318116629711,256.9359450097687,9.413490781144496,19.938409120370068,4,9530.38960662605,22844726777802.516,19669362557003.926,0.00390625,76923.07692307715,rectangular_hollow_section,True
241.02468517603367,245.56301139660826,8.925666841492225,15.516423882468423,4,8170.247891564552,14568706086513.18,14992535995589.117,0.0703125,76923.0769230769,rectangular_hollow_section,True
219.32983913078024,177.54963160080513,3.912058435426198,8.876475310801684,4,2989.8681788063063,4329092444744.7393,3141204644634.841,-0.0185546875,76923.07692307715,rectangular_hollow_section,True
81.04366795841116,225.2603030487407,17.423444910257295,12.263739544459495,4,9309.035691494773,1642984559822.628,9761708361954.285,0.0078125,76923.07692307691,rectangular_hollow_section,True
236.05427669444873,117.93482917960571,9.407761892320735,13.069225096099277,4,6149.0681739671045,8497955175871.867,2827354509765.493,-0.0263671875,76923.07692307697,rectangular_hollow_section,True
129.95884515110075,194.1150057300455,16.646399184280455,18.686050750960753,4,9335.90663654547,4425842501603.243,8548195651308.547,0.04296875,76923.07692307676,rectangular_hollow_section,True
200.48584509469126,121.82648997535725,14.258423619054401,9.68363300026926,4,8284.34829766494,8273363862977.113,3648794311926.9854,0.01953125,76923.07692307683,rectangular_hollow_section,True
171.5137890572742,95.31650245168575,5.206927183839907,15.58980784069703,4,2535.045536093326,1903147500833.975,772615171124.3364,0.00048828125,76923.07692307675,rectangular_hollow_section,True
73.44061928851197,286.62881934144633,14.710604070646314,9.604175049556382,4,9635.830232374414,1504718020078.04,15972940080159.234,0.021484375,76923.07692307688,rectangular_hollow_section,True
190.11673103589004,96.5612109024059,6.711568929023226,16.51601615311393,4,3491.2853013426443,3104475758737.4062,1082660564513.154,0.0029296875,76923.076923077,rectangular_hollow_section,True
151.54130763894057,74.78262405403001,11.582123397202365,16.332326482022417,4,4461.860620695445,2259720117058.6367,704581372430.2297,0.00341796875,76923.07692307692,rectangular_hollow_section,True
141.4913299373447,295.08415427326895,19.755052962617434,14.503080434542543,4,15477.755813207934,9222857056065.488,31345463341992.266,0.140625,76923.07692307675,rectangular_hollow_section,True
67.99214911302442,284.85000672461695,5.153455790445556,10.665236843256737,4,3447.112929344652,595992218594.313,5963591806721.064,-0.00830078125,76923.07692307663,rectangular_hollow_section,True
241.3141905605013,263.16516682672795,6.244873729957822,10.739327982404621,4,6049.692934408409,11307807198743.512,12906806120228.96,0.03515625,76923.07692307686,rectangular_hollow_section,True
111.51009407471362,249.57172392186038,8.180223295515415,13.52781508991145,4,5485.390542559909,2330467801392.464,8311387173735.475,0.04296875,76923.07692307683,rectangular_hollow_section,True
72.20764622093648,140.49259735290727,2.7405240314309722,11.207229344299195,4,1081.861479422395,199011894686.74353,547173107376.8801,0.00213623046875,76923.07692307698,rectangular_hollow_section,True
117.88262556881597,73.59014722069416,7.319654826032366,12.364676660559358,4,2461.286840106616,845018951492.9915,399443130033.2716,0.000732421875,76923.07692307694,rectangular_hollow_section,True
82.5890267733511,187.20689890074027,2.7292779353634957,14.106653342343126,4,1373.3473044227571,343655998194.39465,1190539531500.122,0.0050048828125,76923.07692307666,rectangular_hollow_section,True
46.67228220871664,110.07061835497856,5.232787316688193,12.99568741377878,4,1422.2509982553026,96919346355.8653,377598217516.8684,-0.00054931640625,76923.07692307702,rectangular_hollow_section,True
197.92292610200383,154.06606761190648,19.896181335264053,9.148523628502655,4,12339.346082414042,12221245579083.855,8036756376525.418,0.01171875,76923.07692307686,rectangular_hollow_section,True
286.20876761750924,298.8543658886112,4.996891444104855,14.593019828786579,4,5626.247687991285,14830507645230.91,15830780217094.75,-0.0078125,76923.07692307704,rectangular_hollow_section,True
189.6063912821068,241.53941651090554,7.7107773811415985,12.180172376815133,4,6282.7332266213825,7303292994051.752,10606276447161.469,0.03125,76923.0769230772,rectangular_hollow_section,True
185.5569882975968,238.30080777525424,9.53272517854557,9.410242579839538,4,7628.995706763015,8366902537242.047,12369096090253.48,-0.07421875,76923.07692307718,rectangular_hollow_section,True
39.34428345834421,222.6726944668745,18.065307806460055,13.472051769791973,4,7979.917150018502,215880548408.22546,6468121577968.859,-0.00537109375,76923.07692307663,rectangular_hollow_section,True
299.3347649480465,255.67272249146038,13.784327112299064,18.969401153452722,4,14207.825630218884,36563821395369.13,28596216605340.46,0.140625,76923.07692307705,rectangular_hollow_section,True
162.8615051829302,104.62938643913486,17.088007246394938,19.053292203959145,4,7614.607023308584,4604441637534.721,2193794392651.0894,-0.0009765625,76923.07692307688,rectangular_hollow_section,True
244.26646154778928,164.89130193333153,3.9924109161653165,17.350558483314586,4,3080.692689760377,5189968665462.428,2872228577162.956,0.0087890625,76923.07692307614,rectangular_hollow_section,True
102.11698447185226,291.5888342291226,5.103222806529105,16.413770207445193,4,3772.682124149245,1461796214901.126,7470318615029.322,-0.0244140625,76923.07692307702,rectangular_hollow_section,True
228.07085489495472,81.83230871293969,6.999621590401302,13.592112298338561,4,4001.1463572154175,4732622647978.566,925955153480.4036,-0.00244140625,76923.07692307676,rectangular_hollow_section,True
190.11029006475013,79.63485962343373,9.135523421585887,19.637233202757145,4,4319.360093394344,3453580368993.2227,859978267743.6199,0.01025390625,76923.0769230772,rectangular_hollow_section,True
105.1493474671505,213.22372526590573,7.766305664054344,9.002764006192404,4,4624.38225090868,1719479401785.3516,5275122233925.746,-0.00390625,76923.07692307715,rectangular_hollow_section,True
105.04226308078222,263.141014677306,13.921818810320564,15.349594836967166,4,9242.722090649737,3166856517818.8525,14372899339964.355,0.021484375,76923.07692307713,rectangular_hollow_section,True
175.23426792467902,90.39194095224929,9.819333340993378,8.752753939077571,4,4754.2566475693875,3552439150214.174,1210056706426.424,-0.0107421875,76923.076923077,rectangular_hollow_section,True
68.27143160204423,173.48033623369562,9.825897803438254,8.331696647009625,4,4295.246089516718,611048373415.4835,2891396069936.132,-0.0029296875,76923.07692307694,rectangular_hollow_section,True
216.40524380056362,54.590444734621634,2.1609726532337,13.80797670167427,4,1097.5418156159976,1098354485000.0288,129262553267.96304,0.0010986328125,76923.07692307685,rectangular_hollow_section,True
245.6706064724981,60.51474762006882,8.56033217507007,8.94634788933401,4,4869.0913961321285,6087520641876.463,583453207477.3789,-0.00146484375,76923.07692307692,rectangular_hollow_section,True
196.0294504223014,171.05928530769808,14.149105046058784,16.637302010563282,4,9316.556777663167,9767543815050.055,7857764803702.8125,0.001953125,76923.076923077,rectangular_hollow_section,True
245.04532527248102,170.01218776852636,15.154223241892163,10.418461065582253,4,11552.6021624604,18325246471518.65,10163290996172.465,-0.0859375,76923.07692307695,rectangular_hollow_section,True
201.93749807367143,33.03482312489088,12.919334401793739,18.131720685467336,4,,,,,,rectangular_hollow_section,False
140.81357884339798,28.753834372998366,16.79193126823375,18.38908440429004,4,,,,,,rectangular_hollow_section,False
200.55380235484006,38.61103008908837,17.443860189465692,19.190075744734067,4,6761.553027216016,4238736303506.2812,175284863292.73743,0.00439453125,76923.07692307653,rectangular_hollow_section,True
41.827372415238784,178.88055798722306,18.351048170083004,8.852787899337748,4,6675.027995316313,212282048058.00732,3625268575359.992,-0.01123046875,76923.07692307707,rectangular_hollow_section,True
103.8388955294031,154.4832446936202,15.19717715101003,11.982770632757697,4,6784.131088520671,1994315119405.7769,3882803441124.2275,0.0048828125,76923.07692307673,rectangular_hollow_section,True
132.08039958131656,168.88863823721178,17.164068432781853,16.89400678960322,4,8867.877876463486,4171412882045.715,6266019205806.158,0.01953125,76923.07692307718,rectangular_hollow_section,True
229.4640251918259,139.37577115700824,15.371395720554972,10.035816819125394,4,10293.32808951503,13603568145581.652,6017262464194.168,0.0,76923.07692307713,rectangular_hollow_section,True
278.5717930781947,145.65638206070017,14.456111439277702,16.51148579728588,4,11161.058319717124,21216272474424.797,7470831153400.025,-0.046875,76923.076923077,rectangular_hollow_section,True
151.8314353438756,241.04894360234746,4.1779279608220214,10.664298329337573,4,3141.37725443272,2526562113164.776,5108604213396.637,0.0107421875,76923.07692307595,rectangular_hollow_section,True
68.80956156126784,271.2560408448654,7.4531724422042025,11.567790292898321,4,4730.052342773654,779177245480.4092,7337769231961.123,-0.0068359375,76923.07692307691,rectangular_hollow_section,True
132.04979529292143,243.80828353226184,19.29830550800957,14.75638087146804,4,12799.39890729819,6394829410014.6,17825612172594.844,0.01171875,76923.07692307685,rectangular_hollow_section,True
48.447956832934786,210.54554013618676,13.500479346572634,18.525907731547868,4,5946.0666162823945,341611932669.6655,4669695937781.457,-0.00048828125,76923.07692307678,rectangular_hollow_section,True
191.21243968240404,137.53818922602179,10.604507753489713,8.037133904355269,4,6458.059326276373,6386501505772.123,3773447730704.452,0.0048828125,76923.07692307692,rectangular_hollow_section,True
82.14306017666607,59.59123613446155,13.335177823383134,11.798865797590977,4,2929.582985527413,416033351782.2583,236377664814.34882,0.0006103515625,76923.07692307672,rectangular_hollow_section,True
112.00563291180283,197.32804431550383,9.606977564870913,19.804659310172426,4,5286.115505222305,2082848636429.1133,5068597418657.764,-0.0048828125,76923.07692307705,rectangular_hollow_section,True
222.65824141649026,198.0759565256148,15.77136660188539,15.372210954602185,4,12039.857667793212,16519281682505.926,13698382612419.7,0.16015625,76923.07692307653,rectangular_hollow_section,True
102.7572876159592,142.4549853751297,8.029125446184466,13.24927299918939,4,3531.5194853247035,1131239803314.3926,1891425280622.9683,0.0009765625,76923.07692307692,rectangular_hollow_section,True
86.93403937253368,299.28829811593806,13.339534438801376,14.685454818981654,4,9378.428546177272,2214570364748.571,17583395918325.469,0.044921875,76923.0769230767,rectangular_hollow_section,True
155.16629526911473,224.51691882329925,16.119842605672154,8.999830088094637,4,11120.473058229623,7934618648794.879,14507808055428.273,-0.01171875,76923.07692307669,rectangular_hollow_section,True
211.4734575754481,23.978159773459623,6.735926536419552,15.303417820509164,4,,,,,,rectangular_hollow_section,False
68.59331048100447,148.912705421533,9.958804600648415,9.084923076015155,4,3852.9528400849385,535991280393.97424,1947543633769.9175,0.002685546875,76923.07692307676,rectangular_hollow_section,True
76.83247068529893,249.11769179949593,5.584291182931225,8.421377661102115,4,3452.7934627882046,743200443792.6188,4862558877336.375,0.02001953125,76923.07692307698,rectangular_hollow_section,True
143.60665276502726,140.86318559375297,2.028228808101693,15.14577082718289,4,1080.1605286714355,695950843919.4077,676338611635.6278,-0.0045166015625,76923.07692307691,rectangular_hollow_section,True
49.52257530530025,217.2073383056632,5.378038465995439,17.09057003521389,4,2598.3700915270724,221333954574.09753,2411456926899.2607,-0.00341796875,76923.07692307704,rectangular_hollow_section,True
173.01422036429173,295.75242898789054,4.967980558605799,13.782129219189601,4,4446.666008482675,4703661719051.464,10649246916431.145,-0.0859375,76923.0769230763,rectangular_hollow_section,True
106.21051089850849,45.42414065173893,18.11934884943841,19.563531896423328,4,3801.1529717041026,674983460687.1543,139056467251.9301,-0.002197265625,76923.07692307688,rectangular_hollow_section,True
280.48234490811456,60.75764337432945,7.4482371773152956,19.743141962871377,4,4622.7408151453565,7103823845420.504,581413992600.5139,-0.009765625,76923.07692307701,rectangular_hollow_section,True
281.0795648667349,99.90444776301521,11.791103537895088,11.012729908715643,4,8307.043167792377,14797127931912.828,2708938085242.948,-0.005859375,76923.07692307717,rectangular_hollow_section,True
95.15590439594632,186.40871362531684,6.269200196056534,13.60733785715704,4,3241.847053384537,986693115870.1277,2813627977989.4727,0.00341796875,76923.07692307694,rectangular_hollow_section,True
102.89274087745046,207.9943154867097,9.38933958256141,11.346922593587909,4,5360.488975765459,1839581778926.9204,5676507422150.59,0.00390625,76923.0769230768,rectangular_hollow_section,True
155.91393645274908,217.9515246601877,7.199415831589677,12.298423549531726,4,5050.648143881703,4008072250246.039,6724243566121.172,-0.0048828125,76923.07692307685,rectangular_hollow_section,True
262.249840966678,246.21567103709182,8.4533322637653,16.860949597233876,4,8097.016937725646,16860521559508.871,15308607228813.984,-0.03125,76923.07692307711,rectangular_hollow_section,True
88.71832045467254,218.8084857187133,4.271977354653746,14.44028265720418,4,2449.368611274656,699942158315.5769,2818440482047.3037,0.0029296875,76923.07692307679,rectangular_hollow_section,True
69.81758588873905,200.45672530829262,2.325199630235743,11.168986996721964,4,1188.7235480841134,222406940130.35895,1125296196467.1465,0.0009765625,76923.0769230768,rectangular_hollow_section,True
20.957343740710755,155.57206895356333,14.791868200020634,12.90587711686178,4,,,,,,rectangular_hollow_section,False
244.92386780569146,144.07922717853666,17.554080137819533,11.264316394056015,4,12297.715264660763,18141937197624.336,7562103855594.961,-0.078125,76923.07692307675,rectangular_hollow_section,True
215.72863700679738,202.20997903532404,15.918275676208712,13.924879263652755,4,12098.25594726088,15754178077302.898,14200195906276.129,0.05859375,76923.07692307714,rectangular_hollow_section,True
153.7238358887894,177.39396517721013,8.287669645417589,17.561546045876632,4,4991.244909267425,3575653577133.8545,4459949823108.5625,-0.0078125,76923.0769230768,rectangular_hollow_section,True
255.7980503248182,238.84826124467997,19.893935036616895,8.50139599250065,4,18025.574838145698,32960760006776.28,29495017903042.203,-0.3046875,76923.07692307718,rectangular_hollow_section,True
290.0160158009466,242.93509354014247,3.4143114029657404,12.544725844401569,4,3518.6863316285453,9087685369057.188,6961434633730.607,-0.009765625,76923.07692307676,rectangular_hollow_section,True
228.3340620733207,54.68837657162324,16.955191235211622,9.720255453991802,4,8353.001736780663,8069328351039.8125,581517381081.1245,-0.0185546875,76923.07692307686,rectangular_hollow_section,True
190.93987464158232,288.6973230890731,10.742698237448604,9.134306482076115,4,9760.137540759859,11679729970155.723,22350358979990.85,-0.078125,76923.07692307679,rectangular_hollow_section,True
129.68136584541253,71.05025761793982,5.012672613234251,17.377761777506556,4,1762.8051018243232,716369215788.8132,285391438008.2408,0.001220703125,76923.07692307692,rectangular_hollow_section,True
234.27039882880214,105.95655807573708,13.630970134073666,11.68655986609302,4,8395.45790805742,10713682544422.078,2894408223758.332,-0.001953125,76923.07692307733,rectangular_hollow_section,True
150.74908489989244,108.20435790346106,10.520372118350593,9.08038166489613,4,4923.406910024209,2919606741668.5205,1706947801085.2104,0.00439453125,76923.07692307697,rectangular_hollow_section,True
288.0855142258289,175.80814993798208,6.845430264599579,9.707738037122754,4,6077.616422403511,13887267017801.273,6477853555610.551,-0.052734375,76923.07692307683,rectangular_hollow_section,True
55.95345871779875,79.95785664377159,12.908988105388598,9.963029249861252,4,2743.1252593266895,195709271659.5924,368933665429.3502,0.0003662109375,76923.07692307707,rectangular_hollow_section,True
158.01121173175267,170.33184848498428,12.035774132514643,9.15721047241929,4,7240.431881982849,5243469519864.352,5914462463350.189,0.005859375,76923.0769230769,rectangular_hollow_section,True
172.4905484133877,246.55528808436458,7.578215493802808,14.888916843821807,4,5953.288410686686,5829025128195.535,10101282129814.902,-0.0625,76923.07692307678,rectangular_hollow_section,True
297.77634806197295,26.704616078236732,5.659963194442105,18.791180000763497,4,,,,,,rectangular_hollow_section,False
151.54775389712037,147.6591489270136,17.890526617143333,19.6222882654901,4,9043.6191490942,5285222644189.996,5063208091122.303,0.01171875,76923.07692307688,rectangular_hollow_section,True
190.05947660514315,262.971268130127,17.680632945159697,12.00325603838715,4,14625.243340184556,15801454593043.613,26726565262018.992,-0.0859375,76923.07692307701,rectangular_hollow_section,True
112.62919862183374,287.50813358520463,6.025879065998679,8.602353415310203,4,4609.751209060742,2135029174881.1143,9304307096406.375,0.00390625,76923.07692307694,rectangular_hollow_section,True
279.9270195442349,289.09291766187005,7.2648851090025275,19.114493198606272,4,7831.664076118227,19279108633993.27,20244770580841.484,-0.16796875,76923.07692307682,rectangular_hollow_section,True
68.3483463960117,48.32910274227878,4.740469178364134,18.35002788801897,4,864.8200755567875,90253245313.293,53854911679.874954,9.1552734375e-05,76923.076923077,rectangular_hollow_section,True
107.78820997296366,294.3157855604274,19.958677463704937,11.460694365730134,4,14326.185167690574,4748590522910.4,26627773628574.47,0.0,76923.07692307702,rectangular_hollow_section,True
265.7015225721248,21.51672495702805,8.403712696010803,11.210998633228503,4,,,,,,rectangular_hollow_section,False
224.22652514271283,252.1814293114851,3.9806315750306718,12.46796795101213,4,3646.0120351796368,6004139977129.186,7168426002199.855,-0.005859375,76923.07692307704,rectangular_hollow_section,True
83.10298308147962,220.3408054392434,9.34953971688615,14.759091554683238,4,5135.8964011296885,1152269729414.123,5579003110958.008,0.009765625,76923.07692307676,rectangular_hollow_section,True
280.61139762198843,170.13960815385312,15.657256486812013,8.448976876079477,4,13063.06428521388,26535977597910.67,11819094372364.191,-0.10546875,76923.07692307688,rectangular_hollow_section,True
79.97680528982639,258.4748229796096,18.566334239423266,16.50792117597372,4,10916.26557874263,1842455713789.8071,14419458235503.0,0.087890625,76923.07692307686,rectangular_hollow_section,True
199.10823764543767,104.00156640536417,11.117283122384162,18.637802161694943,4,5954.329618715395,5598120805019.625,1981182587077.4844,0.013671875,76923.0769230768,rectangular_hollow_section,True
36.12405691132943,141.19489971657285,16.06732441595023,14.231108459984616,4,4462.922298927191,101823482042.75885,1425611123299.6875,-0.001220703125,76923.07692307691,rectangular_hollow_section,True
136.69077812862326,39.95230678813499,18.382724417111703,14.609688851284675,4,4929.22106411326,1468072902699.5889,133318639341.57501,0.00341796875,76923.07692307702,rectangular_hollow_section,True
153.9508202743026,197.09351516752403,18.414379019463308,13.522728274530529,4,11389.305292246254,7495539471280.098,11277425541017.234,-0.037109375,76923.07692307663,rectangular_hollow_section,True
106.32310775761962,231.00855130423858,5.782639840178491,17.087296165004215,4,3603.398852396191,1425911357350.8416,4724383471752.307,-0.0048828125,76923.07692307691,rectangular_hollow_section,True
30.17619715501416,138.33327140928046,2.178081213651529,15.356833599630875,4,,,,,,rectangular_hollow_section,False
291.56301069263935,135.7388895852448,19.11878602046822,17.703029189529516,4,14563.478037033341,28399618890069.312,7985827986089.623,0.17578125,76923.07692307685,rectangular_hollow_section,True
97.72537682480714,297.03803966457104,8.368064530438108,10.627562197851969,4,6218.873722376115,2091845478474.7734,12498219791362.223,0.021484375,76923.07692307697,rectangular_hollow_section,True
160.73697919960796,63.945094557285415,10.69260105139723,9.593497722603894,4,4255.509488635085,2394279844712.2656,505180735947.2986,0.006591796875,76923.07692307672,rectangular_hollow_section,True
110.04407779016172,186.26854357174312,12.022727092212703,10.73150609631973,4,6431.6224711941795,2354021276420.968,5545354821893.801,-0.00390625,76923.07692307691,rectangular_hollow_section,True
50.42571076040569,104.76912488502415,2.3222827940987036,18.110420019819614,4,620.5185673656055,53064912911.183044,155746625577.05658,-0.000213623046875,76923.07692307694,rectangular_hollow_section,True
25.291471651391582,21.109876604102894,4.292089730016746,11.526669067699064,4,,,,,,rectangular_hollow_section,False
68.83703824518716,199.68452932525412,3.624028431553625,17.145059803058476,4,1782.5904761292124,309710917870.4034,1597154897975.6772,0.00341796875,76923.07692307662,rectangular_hollow_section,True
157.90036103995172,297.02787866672446,15.071637314599428,9.192587843750967,4,12719.906189419853,10114466022772.65,28125884849102.07,0.02734375,76923.07692307733,rectangular_hollow_section,True
298.5293219568196,109.45218292203822,19.762587963412393,16.042083075625136,4,14305.95279377571,27195206411260.094,4914427268364.692,0.015625,76923.07692307707,rectangular_hollow_section,True
73.42841004806024,277.2519643734768,13.811886682049538,18.254691299724236,4,8610.547089809472,1361121750635.96,13066261307985.941,0.0126953125,76923.07692307685,rectangular_hollow_section,True
112.67210059425508,131.91855961256488,9.172022963445329,16.61837871034783,4,3929.5559861033075,1427310122737.0366,1829027272270.7544,0.0009765625,76923.07692307701,rectangular_hollow_section,True
206.23086107478036,20.798925477370748,6.441195496547322,16.64084491383325,4,,,,,,rectangular_hollow_section,False
219.31311014075277,207.22510781193833,7.2826362753029406,19.611125974253056,4,5767.8936295363665,8324025598777.518,7636174583751.713,-0.009765625,76923.0769230771,rectangular_hollow_section,True
92.06360861147243,277.6840987019387,14.25422317972917,13.98024598419935,4,9532.753888868161,2473827478299.7124,15749172341513.234,-0.046875,76923.07692307675,rectangular_hollow_section,True
238.31023984494303,277.37382263802783,17.430554641909772,11.790988971573489,4,16622.994096716888,28153486358350.234,35883941120792.55,-0.3046875,76923.07692307705,rectangular_hollow_section,True
267.6721655369328,138.7071996562789,18.85944915798802,15.97591631267225,4,13650.236761233133,23007385491983.64,7738932860492.514,0.171875,76923.07692307711,rectangular_hollow_section,True
215.8899197734456,142.16931788153917,9.55563238373097,8.665223005605892,4,6402.6383625110975,8046634174550.154,4156367784785.2334,0.005859375,76923.07692307697,rectangular_hollow_section,True
101.0846503892441,84.75749061156085,16.68948202147702,19.04401757759377,4,4731.932133739963,1040571718919.3599,769009195643.0569,-0.00146484375,76923.07692307698,rectangular_hollow_section,True
277.2177865723568,198.99370605791688,19.2222603134511,14.703869705503147,4,16613.53760064366,33441439209778.984,19540395537486.133,0.0,76923.07692307675,rectangular_hollow_section,True
89.48095005480891,135.01831601068676,5.215444938467387,11.627709662583456,4,2138.837165051859,550750688653.0853,1040004907175.0535,0.00244140625,76923.07692307682,rectangular_hollow_section,True
226.58558679923485,183.14944905730889,12.854382460642345,15.227168364370439,4,9646.604579620098,13694575974955.871,9783347943770.771,-0.08984375,76923.07692307683,rectangular_hollow_section,True
175.62893608249402,148.59354660188666,7.713430346818252,19.03651065078656,4,4529.570453068676,3942087463958.41,3050352036381.5625,0.015625,76923.07692307714,rectangular_hollow_section,True
168.48396777830115,43.374606142272384,10.321577616718749,10.772450238481888,4,3831.447172965707,2078773954806.0059,191657954468.44086,-0.00439453125,76923.07692307705,rectangular_hollow_section,True
93.58234553141838,128.69180161850022,19.751470643778116,12.262043842147555,4,7069.6424950499495,1464854259863.6528,2571401166315.9297,-0.009765625,76923.07692307695,rectangular_hollow_section,True
152.06640061734038,188.75251808815918,9.582747382476624,15.887031223509666,4,5951.993246313284,4197540283169.5186,5881403052852.088,0.0263671875,76923.07692307682,rectangular_hollow_section,True
231.0757601780175,254.0075082325267,2.581340457126462,17.25047619135387,4,2395.281471784917,4192353037848.6377,4827394555256.822,0.005859375,76923.07692307747,rectangular_hollow_section,True
106.64787208199837,162.5445725956292,14.521061909128349,10.318393426849179,4,6868.006110480523,2191042668179.4365,4423646327207.564,-0.015625,76923.07692307708,rectangular_hollow_section,True
298.8992888220265,182.57407200162712,17.043465950571374,16.815967465496676,4,14967.253974376155,34104763519635.016,15437204177347.492,0.078125,76923.07692307679,rectangular_hollow_section,True
130.09235666219712,128.27731308320904,16.590268884030287,15.544564933977378,4,7230.262999544333,3082661681315.0703,3011094468041.047,0.01171875,76923.07692307697,rectangular_hollow_section,True
69.42143005039743,41.22178591998764,14.69768044471791,11.936253350413946,4,2245.8358775518177,188221081891.70593,70831546255.39944,-6.103515625e-05,76923.07692307695,rectangular_hollow_section,True
176.7677347745495,118.77865366608881,4.758825582641695,11.722069390385002,4,2633.401598166559,2278883441000.324,1240356375638.831,0.00146484375,76923.07692307683,rectangular_hollow_section,True
231.2215133479442,184.90540239876194,19.396605246060002,9.28062310108978,4,14551.855888568245,20523247203933.83,14218461387089.215,-0.14453125,76923.07692307682,rectangular_hollow_section,True
253.17663680238138,87.1844934961487,5.8497189069027495,8.640693517563939,4,3778.2849878180787,5656968274205.514,1041690923999.1472,0.00048828125,76923.0769230767,rectangular_hollow_section,True
25.81239204058654,69.53672898185809,6.643965640782628,19.477830564298245,4,,,,,,rectangular_hollow_section,False
94.10059868841175,93.29648030641738,17.06066220138612,15.436908502873553,4,4991.6736013891505,993047610679.419,978317550149.3135,0.0009765625,76923.07692307713,rectangular_hollow_section,True
199.46510106764842,167.8587652858408,8.05651248450522,13.323906515325122,4,5509.288011661908,6327466219408.465,4845079232120.743,0.00390625,76923.07692307694,rectangular_hollow_section,True
21.682035921782642,51.058888581385276,17.16363773494149,11.724906243343634,4,,,,,,rectangular_hollow_section,False
114.25243436895585,269.5403429211035,16.26323264699226,19.933122608946157,4,11041.590221475768,4329466504601.8027,17848681753565.297,-0.119140625,76923.07692307711,rectangular_hollow_section,True
121.3634728840028,99.0507910623464,11.312250358788365,8.934511903168488,4,4395.069137150789,1670124009355.662,1195200287819.2903,-0.00146484375,76923.07692307688,rectangular_hollow_section,True
40.774473157779155,179.98131720521792,6.821967855496075,16.80014658117025,4,2643.1399553889623,134845802601.84103,1593740782228.5898,0.003662109375,76923.0769230769,rectangular_hollow_section,True
73.31062528932594,269.7928381656834,5.095362304069671,10.855136424351581,4,3307.9630512554086,662254244165.3746,5286165544396.131,-0.00634765625,76923.07692307692,rectangular_hollow_section,True
120.26819062990437,53.275271032393704,4.359362055374346,8.706845472442303,4,1380.1528673192183,474112036156.66736,131179335562.07275,0.0008544921875,76923.07692307662,rectangular_hollow_section,True
127.68252437771831,234.16129720664432,5.265300719061791,17.560766979524807,4,3542.3374549566593,2004972212013.413,5058513106616.219,-0.005859375,76923.07692307718,rectangular_hollow_section,True
206.6027238034187,62.27945073778486,9.612182550453358,11.717513885830432,4,4666.64516733984,4163323985121.2383,560805398895.11,0.01025390625,76923.0769230769,rectangular_hollow_section,True
199.92197781326442,209.45037239538513,18.208479297139828,11.749887179801643,4,13443.841205195735,15027723072862.969,16211762057028.29,-0.046875,76923.07692307692,rectangular_hollow_section,True
280.02092956907364,134.03869740765782,9.793406669254537,15.36594684806741,4,7521.406249355485,14582145053394.543,4561389150637.105,-0.068359375,76923.07692307715,rectangular_hollow_section,True
278.4644142124489,135.0102801045006,14.485394812152077,9.937995910476513,4,11040.617969857407,20770740279523.9,6379588322198.412,-0.05078125,76923.07692307726,rectangular_hollow_section,True
36.87442171629428,158.7860737699555,3.180720066853404,10.899581440956148,4,1144.9945533169212,56640054627.19144,585330781148.8203,0.00048828125,76923.07692307682,rectangular_hollow_section,True
30.88589520582201,59.305253133313585,8.142085781697624,13.318551295893057,4,1052.9258761463527,21532232333.00508,65181356528.215576,6.103515625e-05,76923.07692307686,rectangular_hollow_section,True
152.79607653381046,34.58631693373041,4.4002084154967465,12.598318894842105,4,1480.0872093597086,668166815881.4343,59201472277.72449,0.00286865234375,76923.07692307688,rectangular_hollow_section,True
136.6025861050035,181.95741317958687,11.851987928875195,10.71688637202113,4,6874.40840731134,3835563097094.427,6078631441580.936,0.0078125,76923.07692307685,rectangular_hollow_section,True
85.4227583443705,228.63537353677168,17.440537607815713,9.724817541290117,4,9643.423835816817,1927494904230.7437,10651635249368.867,0.025390625,76923.07692307708,rectangular_hollow_section,True
104.68634131743984,144.48125049976062,8.4793010052915,14.617172281675638,4,3761.95157970343,1239152019059.0342,2057422262536.6465,0.00048828125,76923.07692307662,rectangular_hollow_section,True
297.5161449429331,190.23899061613122,16.75403633069127,15.833441365563553,4,14970.245724318213,34377626772304.508,16780797026263.008,0.296875,76923.07692307635,rectangular_hollow_section,True
292.83486411609533,48.7804871719785,17.948387159613386,19.209639849419897,4,10606.891257848787,15294856278118.078,527483044627.7129,0.0078125,76923.07692307683,rectangular_hollow_section,True
30.45839856963758,263.53370634667453,11.701359736948056,17.12269708297771,4,,,,,,rectangular_hollow_section,False
233.58118368866974,166.85819036591303,3.539363982151076,9.773784148407165,4,2727.8341437649597,4343371304953.797,2608914373668.594,-0.0078125,76923.07692307621,rectangular_hollow_section,True
88.45820733690132,172.4197547515143,5.096175653570797,14.360960184015909,4,2434.6748677167247,647428770173.297,1812044986270.104,-0.00341796875,76923.07692307672,rectangular_hollow_section,True
266.35674326417023,152.1856223228649,14.128294914723671,8.495627958060666,4,10955.969387448155,19801981118856.57,8014803212016.691,-0.0390625,76923.0769230769,rectangular_hollow_section,True
189.63742784391016,90.11771947958523,19.912300631823403,14.380440156842585,4,9348.341268697819,7079462343162.023,1923726542118.4995,-0.01953125,76923.07692307694,rectangular_hollow_section,True
42.226539997735266,29.857548722961567,5.177682566768542,11.832211545324757,4,543.5049978453727,19298084279.59703,11157683433.643227,-1.52587890625e-05,76923.07692307694,rectangular_hollow_section,True
257.2643004836327,51.89515858545633,12.884669627548384,19.81477758915482,4,6958.177124480998,8245262072170.961,495313727627.27856,-0.001953125,76923.07692307694,rectangular_hollow_section,True
40.25726483339305,151.22447716351846,11.55700897166168,14.767925436561741,4,3683.8729576959486,141464850737.32788,1501281612485.5742,-0.001708984375,76923.07692307697,rectangular_hollow_section,True
142.81060362963905,159.87543280942933,7.002774521824451,13.255605966678562,4,3906.515535694706,2432900204681.834,2896170232159.707,0.0107421875,76923.07692307711,rectangular_hollow_section,True
278.6993646791605,290.40075742677783,9.57895934913103,8.939025449256992,4,10455.841845644605,25437063795040.633,27106257835434.297,0.015625,76923.07692307695,rectangular_hollow_section,True
213.05241838101415,133.14906805524873,17.17604857274441,19.070996915952453,4,10352.568421533148,11313842082499.305,5231521277812.541,-0.0078125,76923.07692307695,rectangular_hollow_section,True
203.16186701701582,292.3935829394236,6.652808462352462,8.773587421475238,4,6344.153407474384,8887902007102.283,15556002485098.016,0.08984375,76923.07692307717,rectangular_hollow_section,True
35.537172979615846,32.936518618974034,7.851115116881069,19.207332688866842,4,,,,,,rectangular_hollow_section,False
282.8647439309181,178.733772843693,4.6137009769452435,8.787813210790624,4,4114.407660693139,9300726624467.014,4613446490312.928,0.03515625,76923.07692307708,rectangular_hollow_section,True
170.11376040195233,255.35251554330975,8.804975320994318,11.181004593711306,4,7062.960408993624,6734043871676.258,12677868646241.895,-0.060546875,76923.07692307707,rectangular_hollow_section,True
72.32014513330313,164.93591502649306,19.525859118770775,15.984758256510558,4,7484.7076176862365,908754793504.2622,3986072626059.0664,-0.0087890625,76923.07692307701,rectangular_hollow_section,True
116.04844767735585,118.89110235455568,6.065212472718957,19.13021285654884,4,2507.4985601127864,971911216579.7249,1008300133380.0664,0.002685546875,76923.07692307695,rectangular_hollow_section,True
146.0587913279744,177.16898289409343,18.605576117689072,16.918595153863663,4,10356.769200614957,5919980285379.277,8154983443851.338,-0.056640625,76923.076923077,rectangular_hollow_section,True
260.92914409579333,23.00319430240528,13.96918409776918,10.26944528794102,4,4746.892299710014,5425127637582.6,50659729552.612625,-0.004638671875,76923.07692307705,rectangular_hollow_section,True
291.95755920137066,163.22278150961995,14.764765877859654,11.999846348436618,4,12425.272767506489,26839811284059.562,10529565995547.113,-0.19140625,76923.07692307683,rectangular_hollow_section,True
166.62893799699495,164.83380473386822,8.287228676571598,10.702653566929072,4,5110.389941024754,4218483222972.619,4147806816751.995,0.025390625,76923.07692307683,rectangular_hollow_section,True
157.9764998721871,126.55688635472346,14.310785491025342,10.475922818578667,4,7214.853226275226,4654674484883.594,3230862845403.4824,0.0009765625,76923.07692307701,rectangular_hollow_section,True
166.9090748413034,140.16110379644212,10.88734807835299,8.922415613588882,4,6132.6129455238815,4724918137294.84,3572707369883.9785,0.0087890625,76923.07692307676,rectangular_hollow_section,True
273.3688655614615,20.581210499878424,2.7014040840732045,12.113793631056902,4,,,,,,rectangular_hollow_section,False
233.96286251748546,244.14855427310297,13.34433571658269,13.02473181166218,4,11878.22968953607,19398233988469.832,20744322549213.54,-0.17578125,76923.07692307688,rectangular_hollow_section,True
202.3750978754015,282.3324491015679,12.230906562957568,8.91632707427197,4,11178.944244969138,14642152125282.406,24754189113910.266,0.078125,76923.07692307711,rectangular_hollow_section,True
228.60681676718247,275.1661650948081,3.686511882672755,10.64059287079036,4,3595.1057139104178,6294923340040.809,8327856887402.574,0.0390625,76923.0769230771,rectangular_hollow_section,True
254.5805941309997,279.7157021911871,3.6556746628626753,10.621383933567452,4,3788.6783458701075,8074395818028.307,9306396866606.643,0.015625,76923.07692307561,rectangular_hollow_section,True
143.5309165862953,146.1879736439498,11.078860195486275,11.370377925544028,4,5799.345077197234,3385111642988.333,3485935075789.67,0.0009765625,76923.07692307691,rectangular_hollow_section,True
46.019082220927714,177.4996092925515,17.057487244574197,9.791229700184312,4,6365.63479539312,276043053330.12305,3561280582701.324,-0.0087890625,76923.07692307704,rectangular_hollow_section,True
100.23744900582223,207.06471989452604,16.567724328635453,13.770393424404547,4,8895.01354708372,2516631592107.417,8566628971498.574,-0.021484375,76923.07692307698,rectangular_hollow_section,True
252.54533295462872,254.14656581372245,6.600248966693249,12.980518450479313,4,6386.546196308452,12768239943323.953,12891840677773.277,0.0390625,76923.07692307682,rectangular_hollow_section,True
174.2689315898596,165.38253093050338,17.366644383108156,19.635778215417602,4,10210.396161294018,8153050546263.684,7487013007766.1875,-0.013671875,76923.07692307686,rectangular_hollow_section,True
213.18075932120334,89.71215096949764,8.198106748081825,13.4814791313079,4,4543.624750760875,4838797243004.535,1216747465678.9458,-0.00830078125,76923.07692307692,rectangular_hollow_section,True
187.15753145501196,70.46264617964238,9.93070039179246,15.014482346835386,4,4522.63251567681,3420227379486.6562,687621224879.6699,0.005859375,76923.07692307682,rectangular_hollow_section,True
91.26149126307948,254.96456829610932,13.43947250247061,9.899037701096487,4,8485.722582182481,2178730764449.8223,12171125466954.71,0.025390625,76923.07692307692,rectangular_hollow_section,True
167.48687886236124,206.59480483285935,5.26672117419911,14.118093906608456,4,3708.440664780457,3377027433333.541,4645616996311.386,0.0068359375,76923.07692307774,rectangular_hollow_section,True
217.93514446472,232.41753019254674,17.902706711996835,9.062743128799573,4,14760.90275922323,20111478554640.844,22317657499421.33,0.21875,76923.0769230766,rectangular_hollow_section,True
152.52979234401457,152.54251781354586,5.746811453854103,11.78524008449651,4,3271.8534614680234,2312080423788.064,2312376200660.3945,0.0,76923.07692307702,rectangular_hollow_section,True
124.46990631870119,185.0150598651502,9.418833473353462,13.252361255643564,4,5314.18787839645,2567236380224.6436,4798710093288.428,-0.0009765625,76923.076923077,rectangular_hollow_section,True
23.68431873190975,266.67897661985205,2.1122827863460563,10.060352368608791,4,1170.7729471423895,25742375617.95912,1487442722510.5894,0.0003662109375,76923.07692307715,rectangular_hollow_section,True
216.33173552756153,107.87224639306358,3.286795587720385,19.681097217430448,4,1969.39987189836,2339164488466.829,821133912384.6101,0.00341796875,76923.0769230774,rectangular_hollow_section,True
212.14322746377383,58.373922635326984,12.756868332655534,12.203816345754205,4,6102.019439051361,5411843452874.764,572261373707.1361,0.02587890625,76923.07692307692,rectangular_hollow_section,True
247.5798439305171,278.97498732555994,11.230512351642957,8.246824050316508,4,11254.453334838825,21583691373192.793,26005268819760.72,0.1796875,76923.07692307683,rectangular_hollow_section,True
285.19595081653455,260.40869617608325,8.526819591888556,9.884965229092774,4,8917.850199385397,22104281607891.75,19216868098846.375,0.05078125,76923.0769230769,rectangular_hollow_section,True
168.42527169771444,245.69013035984213,7.958152291564271,18.02701891639022,4,6114.266784226333,5675314440902.53,10139686507936.379,-0.013671875,76923.07692307667,rectangular_hollow_section,True
162.40383146839898,262.97196083812986,12.916070949807011,11.826922633832975,4,10181.19217341454,8533999662188.039,18406281427595.36,0.0,76923.07692307701,rectangular_hollow_section,True
34.923135307100374,202.02525443020062,13.876828243022842,15.583813961040839,4,5565.977308014375,132754220590.86548,3711739263676.367,0.0048828125,76923.07692307678,rectangular_hollow_section,True
26.675362399277866,162.37786729240997,15.822374948753184,9.872184524679838,4,3584.364909170974,48688112160.432526,1597324480826.4863,0.0008544921875,76923.07692307675,rectangular_hollow_section,True
289.31557936560034,70.28735682454484,19.699355514978027,18.635163908049243,4,12268.364403777387,18968395087838.21,1485506036735.2285,0.03515625,76923.07692307686,rectangular_hollow_section,True
242.82787899444597,163.9507092290725,5.367387303939114,19.488771443845348,4,4071.0423516446754,6670613092630.396,3682091033219.0566,-0.001953125,76923.07692307675,rectangular_hollow_section,True
157.34655936485902,208.31519316351512,16.515635343155537,10.009871279324273,4,10887.009961214795,7795982261126.051,12340818929836.57,-0.0234375,76923.0769230766,rectangular_hollow_section,True
75.7485282190859,82.51051615877914,13.672614030541135,14.993595274656279,4,3356.805255716139,440535392352.13306,509986846035.18384,-0.0050048828125,76923.07692307688,rectangular_hollow_section,True
190.08116055561138,140.8131131243579,12.20230637486611,18.817558470212393,4,7169.422540304246,6772162363420.43,4209780091536.501,0.03515625,76923.07692307717,rectangular_hollow_section,True
91.72920128420529,163.47350918799225,2.7311216857514102,12.542473974643862,4,1303.0921913487298,386354758099.769,924631271634.9849,-0.001220703125,76923.07692307695,rectangular_hollow_section,True
215.71203654377575,67.89963475319138,16.40009460089508,9.855292029446735,4,8129.537285717493,7562955476445.105,974209604792.491,0.0048828125,76923.076923077,rectangular_hollow_section,True
288.6588238267367,126.46764030008295,6.131183422339246,15.408711123574957,4,4788.711491181208,9885066518298.883,2752857765880.4336,-0.0126953125,76923.07692307691,rectangular_hollow_section,True
294.4811876604633,167.1903147092284,12.411234148804144,16.429441067249666,4,10589.890752152176,23582218581888.836,9641702256257.176,-0.0234375,76923.076923077,rectangular_hollow_section,True
174.69764856542778,33.851151019430255,13.034427735759099,19.55680926016933,4,,,,,,rectangular_hollow_section,False
112.50190642936857,79.19057544396713,17.12175976841825,19.18009776588824,4,5027.967222827334,1324647089047.4712,722224550690.1763,0.001953125,76923.07692307667,rectangular_hollow_section,True
235.74375271058497,193.3204806163156,17.47092585411117,13.795749448843855,4,13581.04311055608,20341504853145.08,14760016725380.809,0.16796875,76923.07692307711,rectangular_hollow_section,True
285.0503830576496,71.62931351997727,19.12590869586842,9.677411089017193,4,12086.79280167066,18920146157451.03,1572001817639.0806,-0.041015625,76923.07692307694,rectangular_hollow_section,True
172.29466882073874,143.70477821161143,19.602609955373655,18.761874560162134,4,10499.770607316555,7674676298334.254,5670854837331.883,0.013671875,76923.07692307697,rectangular_hollow_section,True
176.38187685092606,25.580758043044018,6.136540069351759,19.305329167015415,4,,,,,,rectangular_hollow_section,False
169.60898498952423,128.40293626383752,11.38554579755146,15.32063402070615,4,6048.297235387837,4575050512441.888,2936132110860.251,-0.00390625,76923.07692307705,rectangular_hollow_section,True
139.06519435421603,202.31559921757503,5.945336715816326,8.775394224513184,4,3848.8610992427302,2476904108573.3213,4420880498681.569,0.03125,76923.0769230771,rectangular_hollow_section,True
125.10573985943903,81.2506819902397,17.46095429730373,8.134608297622488,4,5920.648549698946,2036656244874.628,949164125891.3369,0.00732421875,76923.0769230769,rectangular_hollow_section,True
56.91075711809568,208.21501323394116,17.148202598690105,8.981495006503486,4,7835.950186246249,594941262637.8936,6411680371742.854,-0.00390625,76923.07692307715,rectangular_hollow_section,True
111.6611400992523,234.14359540450937,18.03794446631387,11.526926546587175,4,11040.873432520752,3932591233007.4453,13753154892605.023,-0.013671875,76923.07692307665,rectangular_hollow_section,True
53.32174654701529,231.9611770514444,4.206804563892259,19.135886174232187,4,2186.1655294888137,228259078980.0666,2343246688438.2812,0.005859375,76923.07692307654,rectangular_hollow_section,True
204.21553732995685,36.443949239908235,4.413193993085562,14.065608785565587,4,1941.5766369534356,1523316452806.7495,89661916251.59695,0.001708984375,76923.07692307713,rectangular_hollow_section,True
107.20768274470771,289.45425140344867,9.68945712795753,11.219755686205973,4,7187.794188724013,2830373257226.2837,13996984289921.254,-0.00390625,76923.07692307701,rectangular_hollow_section,True
204.346922633263,187.9775647312234,10.626171576826804,9.871825408287867,4,7788.699606638903,9483651375814.254,8316088666723.164,-0.046875,76923.07692307667,rectangular_hollow_section,True
173.6525969365293,264.97952860260017,4.141773064713993,8.553885973230578,4,3511.1100843485724,3699284944555.8994,7043150945691.814,0.0419921875,76923.07692307579,rectangular_hollow_section,True
189.46811706086285,86.47637825448909,12.350616415202309,12.630855902197167,4,6046.558337058993,4929298074548.396,1343053413143.6045,-0.029296875,76923.07692307713,rectangular_hollow_section,True
158.7547547851234,271.7889869431465,4.863149616168004,15.044992511782286,4,3970.314492973196,3515579832305.927,7969698635803.689,-0.0595703125,76923.07692307663,rectangular_hollow_section,True
140.01119698073535,271.8610902256261,10.338911609631284,9.985639381134499,4,7989.336976829128,5230772047415.285,15011794473691.441,-0.04296875,76923.07692307667,rectangular_hollow_section,True
195.2778095406407,124.9178754585188,19.45356662321728,10.605650331975832,4,10831.651344775735,9819126738363.547,4605130186536.71,0.017578125,76923.07692307663,rectangular_hollow_section,True
97.05588925297754,175.50048532696871,8.577455909931295,14.307106867627589,4,4209.525165488564,1254341100385.3076,3205493222548.4785,0.0087890625,76923.07692307679,rectangular_hollow_section,True
99.98381406640875,76.68530155711345,4.066872534726138,13.756654164940041,4,1275.4700734999094,345211576936.9092,230874596245.04004,-0.00201416015625,76923.0769230767,rectangular_hollow_section,True
283.3215860395038,235.18569681068996,18.139966444656732,9.78916221567195,4,17399.34819708771,38792309659096.414,28771614319138.953,-0.0625,76923.0769230768,rectangular_hollow_section,True
263.98721607951506,298.98741194512394,9.245028242307514,15.458653546376379,4,9867.189652729114,21832229392127.6,26429920185276.0,-0.046875,76923.07692307718,rectangular_hollow_section,True
124.72373455597622,116.8636143217991,14.163875308623323,19.511392940288953,4,5689.066206608989,2215903580677.918,1992643413349.0903,-0.001953125,76923.07692307701,rectangular_hollow_section,True
236.68515039867364,102.12619818167356,16.45655013082729,15.891979524707073,4,9815.504703564024,12145450595082.914,2962670782620.125,0.037109375,76923.07692307682,rectangular_hollow_section,True
198.4838061590163,80.83826747355644,9.531711536524412,14.644239811286054,4,4773.104949746563,4236403142740.674,988538502132.8901,-0.013671875,76923.07692307691,rectangular_hollow_section,True
29.344510269508422,210.3655694779115,6.173552124652783,13.609567216245743,4,2677.348361536308,67824625169.9861,2073221190254.7227,-0.0040283203125,76923.07692307692,rectangular_hollow_section,True
232.02777259738815,273.34287667275373,18.261686400594634,12.665646262345765,4,16963.46527005499,27004906454816.18,35129284244073.35,0.1640625,76923.07692307715,rectangular_hollow_section,True
179.30870383237138,259.6037358929585,10.603505485896235,19.692886307927296,4,8553.090683144468,8779582915422.453,15597203157848.559,-0.0078125,76923.07692307673,rectangular_hollow_section,True
103.69665250425581,117.69505263610142,8.411204148136939,9.635468008122588,4,3350.0048146561653,1039963028163.022,1272923984036.1182,0.004638671875,76923.07692307692,rectangular_hollow_section,True
116.4198463655163,99.40241370199796,13.407326388529237,8.505434967194002,4,4995.830937734946,1698103037272.0684,1301708904171.375,-0.00341796875,76923.0769230769,rectangular_hollow_section,True
242.2738537682308,281.4695145049076,3.301996240387365,11.88127658101029,4,3347.6238672139525,6551026306943.678,8209168071487.152,-0.001953125,76923.07692307739,rectangular_hollow_section,True
123.17713965887854,165.23964876527629,18.4415805375102,10.626378978156692,4,9164.435363114917,3693571443856.7197,6076145731248.207,-0.01171875,76923.07692307688,rectangular_hollow_section,True
281.2351568213824,236.87809370207324,11.879985320528466,9.44393714147987,4,11656.631467583338,26848187078823.633,20522096019693.223,-0.1484375,76923.07692307698,rectangular_hollow_section,True
244.25706748629764,183.09087497131836,4.390746044912396,8.666094015410536,4,3618.8153877555683,6370221819861.131,4107557535432.1016,0.001953125,76923.07692307663,rectangular_hollow_section,True
291.94432952340514,266.0653677925187,2.595113865901946,13.933464858418642,4,2803.6757019853953,7539567716713.189,6561573199445.9,0.0078125,76923.07692307697,rectangular_hollow_section,True
60.872105867302125,285.59778780202976,6.340971160589078,8.858734124535038,4,4160.9415065548665,552694781516.5834,7020084563196.578,0.00341796875,76923.07692307698,rectangular_hollow_section,True
66.08501255126187,127.51934801534858,8.639317169545775,17.456697317004945,4,2819.677659507417,356196822142.48694,1021175083647.4263,-0.00341796875,76923.07692307679,rectangular_hollow_section,True
58.67568422156118,136.03961972951345,5.750813984217945,8.601987568301517,4,2041.3905405632577,229945802716.38153,885241961901.227,0.000732421875,76923.07692307686,rectangular_hollow_section,True
273.9650170265578,82.2977681480046,3.2413879459104047,17.275698260303944,4,2166.0575272387114,3639300717855.3105,567367419696.7113,-0.00830078125,76923.07692307675,rectangular_hollow_section,True
35.168797711115175,281.49032720392916,10.687694288413638,15.698440604314719,4,6090.47114588185,182988961176.1488,8186603623777.691,-0.00341796875,76923.07692307686,rectangular_hollow_section,True
237.97161821045654,116.62757415011147,11.037380440614498,11.997628876038563,4,7197.376290483419,9951108381427.684,3162032737118.997,0.033203125,76923.07692307698,rectangular_hollow_section,True
175.98402750573686,221.41958732163803,18.797277260740554,19.17138915347363,4,13159.459132627304,11481906448866.86,16685015235378.234,-0.015625,76923.07692307697,rectangular_hollow_section,True
178.56698840164398,111.42241892525294,6.544035107195294,14.107405783505985,4,3482.2898206337904,2928421675461.42,1410971072125.8193,0.0029296875,76923.076923077,rectangular_hollow_section,True
268.51806253250766,164.31936711834544,14.989669820127304,17.333117015538406,4,11782.474306535263,21630942705126.42,9856166838407.316,0.05078125,76923.07692307662,rectangular_hollow_section,True
109.13356411405304,237.21737468182303,8.021494741099914,10.982699193343553,4,5187.276006962883,2103780488228.538,7190252880926.699,-0.0205078125,76923.07692307688,rectangular_hollow_section,True
156.81162291226147,34.84632407052457,2.2079916635510846,13.432243822533014,4,772.4160520579081,376552779329.92163,35564124840.1461,-0.000396728515625,76923.07692307682,rectangular_hollow_section,True
186.902259340606,261.1235581968043,11.46853000170192,13.562045010427383,4,9570.740078556868,10621694990534.223,17951433769704.14,0.05078125,76923.07692307678,rectangular_hollow_section,True
85.63887372948435,137.00767781782187,5.477921322106691,10.598242812580905,4,2233.1450374356523,529435733796.1832,1100061371010.7896,-0.000244140625,76923.07692307697,rectangular_hollow_section,True
208.81535288218961,243.75025772255162,19.03714879220972,19.346421489101076,4,15407.277223259762,19182071057586.492,24614117445578.188,-0.25,76923.07692307692,rectangular_hollow_section,True
164.1953138653638,138.48934176170405,3.185005760648002,15.755486094876035,4,1797.3093306298736,1438461543623.3613,1115144188359.437,0.00537109375,76923.07692307683,rectangular_hollow_section,True
295.92213795764843,91.91900948736776,7.383634379062428,16.172718778426482,4,5324.973405098448,10332219201642.21,1606040692370.769,0.0146484375,76923.07692307694,rectangular_hollow_section,True
159.80774900671702,60.4682917905154,14.638519994836614,18.532387161770085,4,5263.598212230491,2578095492514.8965,477038604200.4846,0.00341796875,76923.07692307691,rectangular_hollow_section,True
89.4428646742494,113.89474572066301,7.001674403540022,15.130593994594452,4,2488.4581652339302,582863079167.2678,849322445872.9048,0.00048828125,76923.07692307678,rectangular_hollow_section,True
172.2168470840874,68.24695118563918,11.542911293408123,16.619586360942236,4,4767.911359829375,2968451587981.169,635160876902.1824,0.00390625,76923.07692307678,rectangular_hollow_section,True
33.74132183407878,94.0057978158653,5.202244505556122,10.5764779967046,4,1137.9106098193233,38421820993.90442,205122337188.75952,-0.00018310546875,76923.07692307678,rectangular_hollow_section,True
209.6680323984942,243.90439673400994,12.309144324996936,19.180717448702794,4,10239.435443355967,13647769572236.18,17279176570598.336,-0.0390625,76923.07692307686,rectangular_hollow_section,True
291.0345813081159,79.64556636372517,18.575682003699875,19.318347662307257,4,12018.402244741685,19653140525579.062,2032723954477.745,-0.056640625,76923.0769230772,rectangular_hollow_section,True
157.36016029275189,65.03105772149713,9.890451460318554,16.25552897702662,4,3784.086963057203,2000389351614.963,468737263770.17944,-0.00244140625,76923.07692307705,rectangular_hollow_section,True
183.8552852312717,290.29934804655244,3.806106780225189,19.219946996411114,4,3419.6006415632837,4052109805031.9443,8051097749091.113,0.001953125,76923.07692307617,rectangular_hollow_section,True
231.02896622867846,297.119488382698,2.314220238495951,18.380510561698397,4,2343.3637401757665,4275306673581.9766,6219802032061.096,-0.0654296875,76923.07692307758,rectangular_hollow_section,True
283.58469924946746,33.16388862764743,19.137814105501825,19.55254269473332,4,,,,,,rectangular_hollow_section,False
233.27260368376514,114.57816623154942,11.913503405454335,18.729349546009978,4,7416.183634579847,9560211741219.664,3060799889031.4717,0.0,76923.07692307686,rectangular_hollow_section,True
231.20159235494265,45.02297847251346,15.085448979640214,16.513089282998266,4,7153.016295779305,6587237649763.945,321416599485.95984,-0.00146484375,76923.07692307697,rectangular_hollow_section,True
119.87706266992622,165.05550843889432,13.963581381043152,14.421083543062293,4,6969.673527307902,2829536644310.8096,4772588668286.018,0.0263671875,76923.07692307688,rectangular_hollow_section,True
230.89706601384682,147.02452760844298,8.561976835930025,12.886967884350796,4,6030.913677744215,8636658109802.311,4271131697528.0137,0.00390625,76923.07692307682,rectangular_hollow_section,True
284.52029602637134,241.7992727561058,4.362468790794999,9.751203450027313,4,4449.933342297568,11066626091456.41,8649334054231.279,0.208984375,76923.07692307826,rectangular_hollow_section,True
124.01367407880711,190.92220247392433,18.40989438781296,8.12441523708001,4,10174.16948411199,4318738091632.041,8950687582784.902,0.095703125,76923.07692307673,rectangular_hollow_section,True
60.09535413052512,143.83311955692648,19.243766068593352,12.892838898305587,4,6201.188259864448,478248870803.3684,2401838853628.63,-0.00390625,76923.07692307727,rectangular_hollow_section,True
146.95723477719167,173.60367056457505,9.879679393368344,14.902841269023511,4,5746.783159325419,3708645189118.342,4816976689519.483,0.01953125,76923.07692307692,rectangular_hollow_section,True
162.76347277123807,224.8074010100026,17.25741000526222,8.3770413824348,4,12115.491327199305,9377432205975.785,15920574312149.168,0.015625,76923.07692307663,rectangular_hollow_section,True
242.61372881509908,265.30795493031655,18.80688383980879,15.453895646501932,4,17451.229802131187,29791982120188.734,34385095601731.797,0.1640625,76923.07692307729,rectangular_hollow_section,True
63.50113746439542,160.82508324465937,12.68941882040738,17.570548259432805,4,4764.154592417187,515376108042.9437,2486036888260.385,0.0078125,76923.07692307672,rectangular_hollow_section,True
261.5931873040154,172.34048911357638,2.992814847355053,10.935601174486722,4,2505.039017848674,4922575325548.701,2621165228686.641,-0.0205078125,76923.07692307685,rectangular_hollow_section,True
235.9952545039039,174.14304099566024,2.0432759387884607,11.311028107948324,4,1617.3033887018132,2679244386230.241,1698933219772.1875,-0.00439453125,76923.07692307708,rectangular_hollow_section,True
132.7677206788133,173.81003814002796,4.473003889703943,15.91605344869477,4,2540.2385860253903,1456419360727.6768,2187914785515.6406,-0.00390625,76923.07692307736,rectangular_hollow_section,True
298.7377789146513,197.01242482744976,5.314841840847096,15.40446637837729,4,5021.180614646787,12654413709788.305,6724329060799.254,0.033203125,76923.07692307682,rectangular_hollow_section,True
103.1473507146235,57.92834288078502,15.160870796486716,15.517925368904963,4,3724.0090250907497,771348238450.6194,277592106618.50684,-0.00341796875,76923.07692307691,rectangular_hollow_section,True
163.5704101305956,190.91947901005534,2.8603444045627935,12.996285241288176,4,1929.0339278768972,1696751032169.1978,2139458204098.603,0.02490234375,76923.07692307695,rectangular_hollow_section,True
263.86243596147045,182.57431490623014,8.250756681559286,18.62248262750493,4,6855.357906843314,13197551903800.691,7497030298656.555,0.02734375,76923.07692307691,rectangular_hollow_section,True
238.55952894758062,71.54299427699603,18.519517226076317,17.250840792881633,4,9816.416460205368,10693335290914.922,1257892067697.121,0.0107421875,76923.07692307686,rectangular_hollow_section,True
96.02405386467848,47.12605882503276,8.366307596255664,8.259862391430707,4,2047.0700124955836,413986918057.17065,124017972853.39713,-6.103515625e-05,76923.07692307685,rectangular_hollow_section,True
200.94259158077463,94.73147195310277,17.81091856089624,11.555822712061754,4,9130.001013858187,8104130132710.715,2224896932850.0913,0.0283203125,76923.07692307685,rectangular_hollow_section,True
167.464471811436,184.04628880624068,17.368185040563326,14.034602979747394,4,10806.622381101766,8332898294827.395,9727166302316.195,-0.01171875,76923.07692307686,rectangular_hollow_section,True
227.8497913102427,60.07738191067578,14.679457418331925,19.613704276957325,4,7230.932873965777,6969441407850.297,678119638200.1604,0.0078125,76923.07692307678,rectangular_hollow_section,True
56.750868279726966,62.83121729652349,3.871374236794651,13.312153714429797,4,777.8587372676143,69523280874.07799,81082231045.84338,0.00018310546875,76923.07692307714,rectangular_hollow_section,True
102.25198100939272,93.2827204070924,18.63167098660422,18.694072931592732,4,5548.25532273045,1253207623479.8916,1068042589825.0171,0.00830078125,76923.07692307697,rectangular_hollow_section,True
173.2513555541284,232.27744690844386,19.822684856524216,15.493593761349958,4,14265.532515592291,12144975784886.93,19662902088414.04,0.21875,76923.07692307707,rectangular_hollow_section,True
151.34195911303536,122.51023096743796,12.953390324806753,12.456354098750971,4,6268.306577770432,3736289879752.7373,2647836384720.744,0.0029296875,76923.07692307704,rectangular_hollow_section,True
77.38288629318478,106.81792724624766,18.822844255479133,18.07958076341526,4,5190.297345925594,674821522647.262,1194789615559.2822,-0.00244140625,76923.07692307701,rectangular_hollow_section,True
100.86425007776839,64.73958875093538,11.354985505348722,19.91623930082202,4,2921.754074416188,626734587574.8506,303264154067.3806,0.000244140625,76923.07692307702,rectangular_hollow_section,True
39.64293428625234,216.76149275974188,19.134992161087226,9.893119234897298,4,8250.12789497087,219049517962.81006,6379147229599.043,0.00634765625,76923.07692307663,rectangular_hollow_section,True
52.91473705022409,171.700302932547,14.217444452650122,10.769619958816072,4,5462.37608725554,375662107384.68567,3103641001571.167,-0.0048828125,76923.076923077,rectangular_hollow_section,True
270.01344878312125,212.80674592934457,3.725669311957909,16.72720047486297,4,3431.374894833126,7465466029875.172,5221985205493.399,0.046875,76923.07692307651,rectangular_hollow_section,True
273.01196565455143,240.25636633604125,13.276651412532244,14.77056063541162,4,12707.953862223947,27398725104806.867,22426936458890.375,-0.1484375,76923.07692307723,rectangular_hollow_section,True
125.44677994715543,254.25048802966725,14.441138879901029,18.823537518951127,4,9797.215842854377,4751254057514.592,14923630585652.637,-0.03125,76923.07692307694,rectangular_hollow_section,True
142.6770774513173,81.7024791821685,11.671915592485066,8.045183540664063,4,4628.219058815133,2239790888764.293,881992874925.1641,0.00146484375,76923.07692307708,rectangular_hollow_section,True
182.4020173539419,121.28397095936363,2.7894576657046493,16.635009972738903,4,1578.0898817540967,1462170620458.621,794787311974.4556,-0.00244140625,76923.07692307724,rectangular_hollow_section,True
241.654497514942,23.188167738659793,7.550522387057121,10.253086541279771,4,3673.5374622052523,3610554027605.213,46397942605.359985,0.001953125,76923.07692307707,rectangular_hollow_section,True
117.43075610007851,37.71151083499258,10.03727616659075,10.382898902899091,4,2603.7387707469456,678463990039.4421,90217381140.33627,-0.000244140625,76923.07692307694,rectangular_hollow_section,True
288.91306710530546,261.2374888852564,16.13867458518205,9.86543172881468,4,16618.247579315746,40106265651755.15,34187634253245.195,0.03125,76923.0769230771,rectangular_hollow_section,True
223.41647208562563,22.787696482434935,9.538045580523953,19.289059190528555,4,,,,,,rectangular_hollow_section,False
253.11072848522198,268.32046635092877,14.874957785090649,10.40717080463212,4,14519.167341444841,27874351124245.742,30569436037909.93,0.109375,76923.07692307697,rectangular_hollow_section,True
213.7831366126767,271.0302739975393,14.034761054639807,9.331332497243798,4,12733.508910381288,18007939899430.668,26236626777495.25,0.0703125,76923.07692307675,rectangular_hollow_section,True
130.5928739523934,78.51361185829009,16.675380055919412,16.740176491235953,4,5581.3577356844835,2011572538467.6582,834083390108.3582,-0.00390625,76923.07692307694,rectangular_hollow_section,True
296.4372588423812,245.7640821883703,15.06562559953407,9.639487202026912,4,15336.392794729745,38430301574529.336,28567775913964.57,0.078125,76923.07692307682,rectangular_hollow_section,True
188.8023040997654,107.65118724706508,14.576152368130508,18.068506558320525,4,7478.171256977168,6236755878505.553,2481754382145.34,0.01171875,76923.07692307685,rectangular_hollow_section,True
188.51303059982067,220.35031206791848,4.725235654177684,19.76625838919537,4,3610.1672751766528,4129715460687.583,5220234403937.271,0.03515625,76923.07692307692,rectangular_hollow_section,True
68.281047205266,99.80781530478725,13.235658454950705,15.740475109537307,4,3507.3144793832043,394695951889.6322,752559578848.3008,0.00244140625,76923.07692307685,rectangular_hollow_section,True
78.8544797105751,167.44822034391856,7.874516733987641,9.618234663648934,4,3541.52752540886,708079169328.0095,2379620816769.9883,-0.01025390625,76923.07692307678,rectangular_hollow_section,True
274.34266557295314,288.25722764164277,11.637147133680786,10.295154443691027,4,12446.432490799805,28920459537939.773,31235638572878.33,0.0625,76923.07692307646,rectangular_hollow_section,True
280.9757260115983,103.90834901105939,11.993867403285096,12.470378530867587,4,8501.802423916746,15221236153752.945,2992748739563.999,0.013671875,76923.07692307705,rectangular_hollow_section,True
186.2724002060278,44.2734119482768,4.960429745608717,13.831390951493141,4,2076.1757326903344,1436878133328.1396,140067922289.1208,0.0018310546875,76923.07692307711,rectangular_hollow_section,True
203.5872844773799,284.4020629320955,4.102377774486753,11.710413095868713,4,3857.2637189552033,5501196960144.006,9125799246702.379,0.06640625,76923.07692307644,rectangular_hollow_section,True
130.69001903338625,280.5393178245836,3.5882893674230028,8.667613278929316,4,2850.3884431472125,1810826533753.146,5848328247257.703,0.0029296875,76923.07692307656,rectangular_hollow_section,True
233.1568839857014,181.07332899767857,16.294715071820388,15.253305663444356,4,12204.792298657527,17691451275747.098,11776211440933.027,-0.08984375,76923.07692307692,rectangular_hollow_section,True
67.42557900449204,33.046448576215596,10.502358524584578,17.78061989459276,4,,,,,,rectangular_hollow_section,False
49.52915363498735,195.71606742814276,19.403181280125782,12.971691608309708,4,7842.876406405992,377150050683.6681,5196131499792.971,-0.01025390625,76923.07692307702,rectangular_hollow_section,True
181.40289532357005,133.7177129583456,11.95776464756487,16.17153667707113,4,6720.5608736178665,5782600057204.227,3556583164174.5957,-0.033203125,76923.07692307705,rectangular_hollow_section,True
87.5717079558275,275.00992724183845,4.4570466703571245,9.768461113005918,4,3085.413770559291,895227244281.3701,5405956023034.133,0.001953125,76923.07692307686,rectangular_hollow_section,True
108.97354720284528,186.9196168566715,15.314075802219968,19.544631292520066,4,7760.482004223722,2593910363027.1924,6295340765835.58,-0.0087890625,76923.07692307676,rectangular_hollow_section,True
240.88579392130092,188.13986997643806,17.56851983519274,8.781110402278777,4,13762.972315293242,21402705137729.96,14323563529649.5,0.015625,76923.0769230772,rectangular_hollow_section,True
150.38571716879395,106.02712588749974,12.036001511568017,15.71097868814917,4,5359.5800095850445,3015878986927.1924,1713025053985.0972,-0.0009765625,76923.07692307711,rectangular_hollow_section,True
243.17754810244537,201.7963010730864,12.654822262860664,14.212285047101469,4,10421.988483920406,17388146566017.207,12964291892037.566,-0.0625,76923.07692307673,rectangular_hollow_section,True
24.73688421812346,70.73803993039708,8.40772021668004,8.91818277903363,4,1243.4204508784335,15690118676.241745,107687657987.49542,1.52587890625e-05,76923.07692307691,rectangular_hollow_section,True
232.4524906835017,218.25910726998592,14.956400067230609,19.420250887513955,4,12230.050155594154,18709715517211.805,16937900493908.816,0.0234375,76923.07692307682,rectangular_hollow_section,True
99.6162245174958,297.7497329700603,3.5161015138871816,14.193985430981172,4,2657.4541924865116,1017025542918.6035,5524673626228.898,0.00048828125,76923.07692307726,rectangular_hollow_section,True
73.7777616729536,250.72868893292565,2.338650273513726,8.80408110934506,4,1460.2270102387386,315423624767.0488,2113716786285.7275,0.003662109375,76923.07692307624,rectangular_hollow_section,True
71.5249805532518,58.00595313500614,3.237622794282224,13.168105047216317,4,722.0312887565793,98291403718.23932,71805471247.08354,-0.000213623046875,76923.07692307705,rectangular_hollow_section,True
178.14388280858552,143.58528134702254,11.042495637964214,10.65022163738028,4,6504.211723005361,5662958229668.932,4015283508525.536,-0.00390625,76923.07692307692,rectangular_hollow_section,True
55.297030402689074,205.36778090780706,9.17389500286325,8.367851155471644,4,4375.960888752847,412280530615.0978,3812499172404.801,-0.0087890625,76923.07692307666,rectangular_hollow_section,True
253.2475190670302,298.88779442494325,14.449497600283015,19.857582353829088,4,14755.927654827641,28997372220968.227,37564383697795.734,-0.1953125,76923.0769230769,rectangular_hollow_section,True
129.2649556360923,287.4217643081586,4.0511147979868,12.266839691501607,4,3227.4681296643967,1998215045889.9429,6807767293115.863,-0.00390625,76923.07692307756,rectangular_hollow_section,True
184.9665330980475,182.2331698993372,2.531810148646622,18.246263808841285,4,1747.737529599088,1876893807284.1748,1835878127345.229,-0.01025390625,76923.07692307721,rectangular_hollow_section,True
71.3379090636576,197.8428260859781,19.189111829585936,11.94219654162804,4,8715.174348840768,1071151272355.5386,6716622246407.092,-0.0048828125,76923.07692307721,rectangular_hollow_section,True
229.26109865016556,101.6924669677152,19.802903720998753,15.279725549528706,4,11305.593196102871,12789652568948.73,3157670936566.091,-0.01171875,76923.0769230772,rectangular_hollow_section,True
83.59580236819076,283.007593400201,11.728350056414627,18.13808734948489,4,7761.183654169694,1728415597621.9395,12953240934308.496,-0.056640625,76923.07692307686,rectangular_hollow_section,True
269.2569575612962,50.83977983493093,10.497234250010553,11.335074134566222,4,6151.7112326625265,8484583961960.336,466388266301.01416,0.0244140625,76923.07692307659,rectangular_hollow_section,True
50.702902852918,73.04861927686105,19.781308243519565,17.389953271995584,4,3028.3229116050866,130145382359.66486,258569329257.6881,0.0010986328125,76923.07692307701,rectangular_hollow_section,True
289.99633852051534,267.8388339392941,19.619711166244084,12.782909521640294,4,20185.99488324088,48136352688279.72,42381714798879.44,-0.03125,76923.07692307692,rectangular_hollow_section,True
60.76508962082821,253.39080994653966,11.01026136454623,11.563309502371334,4,6299.569441234259,702817976317.6663,8069187935873.156,-0.021484375,76923.07692307686,rectangular_hollow_section,True
83.08386032164515,192.86695187978628,13.83089952203166,18.536786728328998,4,6546.653698994829,1282713057172.3687,5217247722432.773,-0.015625,76923.07692307672,rectangular_hollow_section,True
151.01721040800163,38.187875089309614,7.532109868974169,16.446754107354142,4,2432.2714283848363,1015308853016.9072,100643769656.7167,-0.0003662109375,76923.0769230769,rectangular_hollow_section,True
157.41411194692225,25.042499802613627,5.484052022450724,15.301486802139069,4,,,,,,rectangular_hollow_section,False
191.34357015436038,134.40086525744977,2.9385396774352968,16.21618348259007,4,1793.217052854842,1866569978287.6865,1100439429933.5515,-0.00732421875,76923.07692307669,rectangular_hollow_section,True
230.2485506237259,188.76107332512092,6.030399610411544,14.975276227911515,4,4763.879987795009,7437195652604.889,5496164414932.491,0.044921875,76923.07692307651,rectangular_hollow_section,True
95.54071447358913,94.93060901074031,4.759733484629431,10.383835782618469,4,1646.3717022190096,440447206767.30066,436121614645.84607,0.0009765625,76923.07692307695,rectangular_hollow_section,True
145.8526567608353,171.04799274529515,17.434049693746715,14.650415766527626,4,9619.3043059127,5535594707062.016,7205003759377.818,-0.08203125,76923.07692307717,rectangular_hollow_section,True
246.92908085994887,181.54957039122215,16.403730135965812,13.020056462626203,4,12811.44500850948,20729916308474.117,12622438679780.05,0.04296875,76923.0769230768,rectangular_hollow_section,True
139.21047100849046,173.44049182444343,11.61402914158702,18.17109653366722,4,6435.5384789157315,3638472577905.8945,5151784240624.303,0.021484375,76923.07692307688,rectangular_hollow_section,True
62.08552928309685,221.2074952317752,9.875298582941706,18.279851869350047,4,4941.603850267769,584521938939.2106,4815274669868.666,0.00390625,76923.07692307698,rectangular_hollow_section,True
54.52140847705099,72.56755764044557,9.065673733141628,9.663247662046945,4,1882.5271820864536,140658553319.19904,227894045334.7727,-6.103515625e-05,76923.076923077,rectangular_hollow_section,True
243.1849441482538,164.0896801543264,5.3687237514255735,11.66273027611635,4,4161.392359455397,6951300553516.01,3809679551245.2705,-0.01953125,76923.07692307692,rectangular_hollow_section,True
28.50556602256228,41.41660632297129,3.3347979709517084,12.373798036529701,4,350.4617712332577,7183330438.219973,12510339296.173286,-1.52587890625e-05,76923.07692307686,rectangular_hollow_section,True
250.4361634724291,225.42149274885088,3.0199197056364673,9.99667140371607,4,2786.3657911898913,5476879123662.815,4674340964559.834,-0.0126953125,76923.07692307633,rectangular_hollow_section,True
114.95634985651577,285.1637392339576,8.632360104633785,9.671171906815323,4,6517.438388259264,3000817865464.5757,12759359273721.398,0.03125,76923.07692307697,rectangular_hollow_section,True
46.29052787675733,225.3778483223718,9.37876747063682,10.752030775899044,4,4630.263628220707,290928528640.00946,4508274566725.764,0.0087890625,76923.07692307692,rectangular_hollow_section,True
46.73877733573089,83.99378930335689,8.664591380619743,15.686848775632814,4,1768.4228393745016,97012715344.34006,254015188283.95654,-6.103515625e-05,76923.07692307683,rectangular_hollow_section,True
91.34948855563866,180.1353186541513,17.841635024542335,9.897312117326063,4,8316.213141346956,1836542927027.8672,5952124724402.229,-0.0029296875,76923.07692307724,rectangular_hollow_section,True
53.03130411259038,208.35962103634137,4.357584699308164,17.856754899421066,4,2065.475914840941,209357387030.44843,1821201893113.961,0.00146484375,76923.07692307675,rectangular_hollow_section,True
206.03482271200255,196.22393836985654,16.74587613720974,10.150638203221568,4,12247.617850024939,14463284184778.293,13363211967209.54,-0.0078125,76923.07692307721,rectangular_hollow_section,True
80.39917081058681,262.8174039931613,19.13425474088849,8.814872806187365,4,11592.205946634114,1974025883137.3027,16115622221883.86,0.005859375,76923.07692307697,rectangular_hollow_section,True
266.1843641984158,204.3696014188667,14.20495561622742,13.441782235787892,4,12380.591827356411,24208108324407.047,15924851769480.754,-0.0546875,76923.07692307679,rectangular_hollow_section,True
267.5835674340513,220.93883154067305,6.244000600560347,15.242301102098281,4,5793.359800200158,12346743988495.656,9227325028576.574,0.04296875,76923.07692307707,rectangular_hollow_section,True
112.16820849868623,253.55024231515821,10.71431911835018,9.843268056060326,4,7280.771916273406,3017482151275.965,11258458809275.828,-0.033203125,76923.07692307688,rectangular_hollow_section,True
158.20174881378665,282.40935088193606,9.765045681284384,11.051818388740243,4,8103.2636580919825,6811851817531.758,16938623450272.344,0.08203125,76923.07692307711,rectangular_hollow_section,True
36.92115341887494,212.017836458735,12.820016072439675,8.101394250683674,4,5659.759865380387,169781839537.82556,4505274304800.246,0.00830078125,76923.07692307707,rectangular_hollow_section,True
95.71088830666523,257.1659873049648,16.587858699498284,15.310841103161128,4,10371.893421707777,2753192003247.5566,14685987434833.078,-0.013671875,76923.07692307724,rectangular_hollow_section,True
194.87533347931577,210.11226343664018,15.002806471583085,10.867832965059515,4,11133.454478391572,12251368329598.406,13825593317829.281,0.01171875,76923.07692307673,rectangular_hollow_section,True
216.6244793877841,69.81526887232235,2.9859510093236947,17.157975249598532,4,1581.3766535361203,1659954938249.5679,291532983796.64905,-0.018310546875,76923.07692307713,rectangular_hollow_section,True
185.08040367185598,202.04875718382152,6.170813015606624,12.875155598942229,4,4504.666173741846,4851987059788.078,5548041424650.762,0.005859375,76923.07692307686,rectangular_hollow_section,True
204.3083292679298,104.53487207343848,7.090584393834005,14.740042653237044,4,4019.897373204431,4187740469339.9414,1470953240652.3833,-0.00537109375,76923.07692307676,rectangular_hollow_section,True
264.73810442808326,118.97203417206904,13.255052155885647,18.507323118368333,4,9154.475510409053,14912034238517.324,4094721552046.4287,0.05078125,76923.07692307707,rectangular_hollow_section,True
130.70851402020412,295.0088325807003,6.553301534738368,18.360679000223023,4,5210.2248669310375,3174608796812.282,11173628943128.691,-0.025390625,76923.07692307705,rectangular_hollow_section,True
48.51857042981728,216.80738278946015,9.942614112248274,17.07206493039364,4,4640.018500087794,312990866845.535,4057754004994.508,0.0048828125,76923.07692307683,rectangular_hollow_section,True
238.54799376861874,128.87667975573638,17.100357919734538,12.604117533433117,4,11237.634108887565,15263631253491.629,5500227528398.568,-0.017578125,76923.07692307669,rectangular_hollow_section,True
291.25886214731156,245.71928352241463,8.484206895761044,11.084460049208754,4,8707.636368007288,22034032344740.0,16961146203477.969,-0.13671875,76923.07692307678,rectangular_hollow_section,True
217.83446744316583,144.4365238597759,7.8020551164112115,18.57875831504088,4,5180.39529758943,6596532547130.961,3503914628807.993,0.001953125,76923.07692307714,rectangular_hollow_section,True
166.81541571064463,109.38496666390209,19.3467672886806,18.497957033372245,4,8847.805013192024,5557890423779.223,2711074763817.046,0.0068359375,76923.07692307653,rectangular_hollow_section,True
224.0736198136408,154.49173243822617,2.4222004120481637,17.03183087790009,4,1733.812124374,2493789320465.206,1432286747852.193,0.01220703125,76923.07692307635,rectangular_hollow_section,True
38.58165807391618,218.8243608087523,4.815034831418724,15.565430611055888,4,2259.388031073985,116049990038.70111,2019784461427.246,-0.001953125,76923.07692307685,rectangular_hollow_section,True
259.5509056000468,121.27467172813213,14.276448325669882,14.156887196482103,4,9857.987989362367,15653393623311.09,4515342167671.174,0.021484375,76923.07692307692,rectangular_hollow_section,True
106.73592308493714,125.73294538552959,15.757684871881194,16.513199528118726,4,6061.008857415107,1746575632782.1436,2298205039460.7666,-0.01953125,76923.07692307695,rectangular_hollow_section,True
202.61245969225308,33.13482694768743,11.335422078954235,17.138247486261207,4,,,,,,rectangular_hollow_section,False
238.7253731000824,144.89912446424046,17.011038995366544,18.155169170968424,4,11565.899650713876,16135310894568.992,7148764073688.178,-0.046875,76923.07692307694,rectangular_hollow_section,True
178.38107419684545,166.31311534639983,4.405257980924867,14.052971456440734,4,2854.900835963673,2769729943392.419,2491505966797.0044,0.0009765625,76923.07692307762,rectangular_hollow_section,True
283.56155537449047,135.11376565961402,6.4807117651455135,8.883253693713648,4,5185.489669203901,10717472348544.328,3373708029452.7334,-0.021484375,76923.07692307685,rectangular_hollow_section,True
65.32135050657863,109.24844374837004,17.922218001733846,18.134912631244884,4,4643.702408765908,422741574229.5725,1058521803951.625,-0.00146484375,76923.07692307691,rectangular_hollow_section,True
164.1348304998318,180.9826891521301,2.913824315949573,18.578445163803732,4,1877.4838742699942,1619169828748.338,1872226208985.0342,0.00048828125,76923.07692307662,rectangular_hollow_section,True
245.65107026309116,193.33868970079672,12.404708732145858,16.927052765224257,4,10009.499502812763,16754403093652.598,11507405753416.504,-0.01171875,76923.07692307702,rectangular_hollow_section,True
134.59618036662434,156.21120916225118,19.106238475293793,11.933255875006271,4,9509.874678955111,4469163901238.226,5750534215425.611,0.0078125,76923.07692307698,rectangular_hollow_section,True
239.8612529034384,83.25955139503372,11.791812055401365,19.932030382803802,4,6733.149583992596,8183687852600.672,1442769789199.163,-0.00390625,76923.07692307665,rectangular_hollow_section,True
281.0560418577939,171.87772360927679,16.589665998780532,18.157214767378356,4,13599.944466566623,27176874117717.22,12325174051878.848,0.03125,76923.07692307691,rectangular_hollow_section,True
154.64061210744097,42.17785106714109,14.156161238287497,8.925911843904316,4,4691.128292479812,2043661534983.0654,182017760349.10858,0.00146484375,76923.076923077,rectangular_hollow_section,True
40.80788006217885,71.55223666463598,7.616079340173792,13.43747559089989,4,1332.7913733139185,55337389265.10135,139424679508.117,-9.1552734375e-05,76923.07692307702,rectangular_hollow_section,True
190.7673303567122,47.16783499930606,19.214269574163062,19.23202835120629,4,7296.877596445323,4333059744620.4062,304315899737.3192,0.00732421875,76923.0769230767,rectangular_hollow_section,True
296.2852874305867,261.70566631557483,16.35382677177024,12.470075302230352,4,17025.28141719156,42903195807273.766,35249296736863.086,0.390625,76923.07692307711,rectangular_hollow_section,True
264.6067228866325,232.8979655085047,11.23635379496242,18.55419633999277,4,10384.547418189004,21155039721146.03,17361901294333.457,0.125,76923.07692307721,rectangular_hollow_section,True
169.71797420992567,275.36599732736624,13.401778706151465,19.51460716339235,4,10867.949873446996,9890104426013.562,21248668575822.21,-0.0234375,76923.07692307704,rectangular_hollow_section,True
201.4036219006822,30.38960717908931,5.077239943101899,11.06136046403503,4,2164.082223783204,1607072319689.2534,64390736753.36116,0.0029296875,76923.07692307702,rectangular_hollow_section,True
171.48652273442664,115.37391149439327,13.467718079791382,15.073083130728204,4,6776.572553654447,4941385075747.434,2590884968560.2354,0.0,76923.07692307691,rectangular_hollow_section,True
96.98554340602753,201.0601565904668,9.946905324016411,13.421383967768548,4,5365.43947232654,1603072932411.6807,5176600753470.316,0.0068359375,76923.07692307683,rectangular_hollow_section,True
191.6204476478444,166.215011494985,13.994618326425712,13.128622472142037,4,9059.783252305053,9102195397166.607,7242810391113.869,-0.01171875,76923.076923077,rectangular_hollow_section,True
252.09516547593492,180.06658425328703,7.850797614701758,10.8680271956117,4,6430.078434350553,11558478707575.059,6867497285875.633,-0.0625,76923.0769230767,rectangular_hollow_section,True
96.95183278913295,107.98374082810747,2.122075489311416,18.13534865363154,4,779.2987444391268,226839204751.9237,265552375556.32135,-0.0001220703125,76923.07692307686,rectangular_hollow_section,True
41.672624906400344,69.2397083446621,3.1683738551629155,16.72731221946319,4,566.7109377107595,28726704488.777473,60500074923.67717,6.103515625e-05,76923.07692307691,rectangular_hollow_section,True
197.34915056947813,182.91212855105408,4.994493356124473,15.769382533648944,4,3566.069820075414,4220745457120.882,3762769946223.711,0.0703125,76923.07692307695,rectangular_hollow_section,True
220.7824466864346,26.3473328818375,2.2707148255752743,15.766076097020996,4,,,,,,rectangular_hollow_section,False
228.9931510169142,263.28560625146883,13.39606723884134,12.546320872359054,4,12313.970027938323,19715662592299.902,24559510432523.766,-0.1171875,76923.076923077,rectangular_hollow_section,True
94.42011366200774,126.97567911308835,3.25565164025791,18.95664852688183,4,1286.344861240094,365857555056.92786,567550091406.3617,-0.005126953125,76923.0769230773,rectangular_hollow_section,True
129.14703801564838,165.13448548236133,3.2607159851563803,15.145912850730916,4,1788.4670891202018,979984951612.416,1416543273034.8452,-0.005615234375,76923.07692307676,rectangular_hollow_section,True
247.08071102503945,187.45234040729358,16.99835708973749,14.659646301695236,4,13402.014146388254,21761746291785.195,13941098621297.148,0.0546875,76923.07692307692,rectangular_hollow_section,True
283.16722124130223,127.49506792168306,2.6411568484586176,17.43550832189616,4,2056.2200819372424,4193851299117.162,1255836586299.8486,0.029296875,76923.07692307697,rectangular_hollow_section,True
182.6408375592179,289.2460273180738,12.618825131181802,13.621420025385973,4,11087.838781425013,11924381589321.516,24650959615395.055,0.1015625,76923.07692307685,rectangular_hollow_section,True
94.70258462339415,27.103219551722905,8.669631037927356,18.11198075484763,4,,,,,,rectangular_hollow_section,False
263.7347684392123,58.36548508069947,17.636183315236053,17.541787010890804,4,9809.384094672425,12252322051789.977,788030051594.8862,-0.0048828125,76923.0769230773,rectangular_hollow_section,True
49.71272520435152,104.78548248896605,12.035279644269211,10.914043554073054,4,3020.350097091716,180018238765.21167,669502034677.2314,-0.0029296875,76923.07692307697,rectangular_hollow_section,True
260.10472712374315,191.52712976691927,17.492870440536187,10.250781634325378,4,14471.594529701943,26064917219037.695,15881259123046.25,-0.1015625,76923.076923077,rectangular_hollow_section,True
205.94562171958998,285.48113884858645,18.637331037996066,16.177330655836762,4,16666.65997525052,21195898487936.375,35865754541923.06,0.125,76923.07692307731,rectangular_hollow_section,True
80.44478834050093,258.15870780939997,19.136320194402934,8.176424266965714,4,11427.600926413335,1945456152123.0396,15379330845125.219,0.05859375,76923.07692307685,rectangular_hollow_section,True
289.4675832351866,87.60805407196143,8.905353690670001,16.224209266397516,4,6189.10321990469,11242886544231.395,1632040365595.9614,-0.01953125,76923.07692307694,rectangular_hollow_section,True
240.4475238758207,23.346511781625082,11.296172964587763,9.33460191145057,4,5362.177220197589,5036720599015.74,49387149014.81497,0.00244140625,76923.07692307688,rectangular_hollow_section,True
121.10197928367099,32.00885532918317,11.14857575651343,12.555497881261847,4,2761.111414872592,687892460771.0583,59187500700.15082,0.001220703125,76923.07692307665,rectangular_hollow_section,True
100.99860179820834,40.42406205534408,16.69814949019676,10.064502144452813,4,3506.386575653426,611079759776.356,104323393789.04785,0.001708984375,76923.07692307688,rectangular_hollow_section,True
223.19686836272274,37.42811922686548,4.618130400492957,17.345012605915617,4,2183.0159114184794,1989091578996.0898,105853689210.07547,-0.0008544921875,76923.07692307663,rectangular_hollow_section,True
78.55358927705883,63.72396208168493,18.916051191225918,18.689387685202476,4,3602.097707004466,400372828920.02563,273827432127.57007,0.000244140625,76923.07692307695,rectangular_hollow_section,True
117.65013249129971,29.625325180838857,6.596374005636438,14.976888276348301,4,,,,,,rectangular_hollow_section,False
152.72987629414112,200.35880412929257,11.178960760614224,12.293399402425212,4,7244.566656810635,5161020413262.199,7935475682500.234,-0.001953125,76923.07692307682,rectangular_hollow_section,True
79.64288657380422,293.12015812846477,9.730978506619232,10.58559336257368,4,6764.606161048408,1442775325068.2236,12412035527312.441,0.001953125,76923.07692307697,rectangular_hollow_section,True
232.39189427959693,93.57604289027373,3.811358189422864,8.341176150783634,4,2377.5993598357486,3175749424233.135,774084643889.5282,-0.00439453125,76923.07692307726,rectangular_hollow_section,True
292.46216252960545,48.9064093333316,19.52939655426258,8.230331148786489,4,11740.116752234122,17437812649419.312,559285212039.008,0.0322265625,76923.07692307713,rectangular_hollow_section,True
102.33261766661228,186.96417301114104,4.725947667958333,17.957616444831455,4,2497.6657313026526,892229557098.1421,2231104950658.1943,-0.0078125,76923.07692307711,rectangular_hollow_section,True
214.09260975177668,148.41285718693518,18.76032407220424,12.762496740597655,4,12030.759715201637,13746433005408.094,7486544816294.75,-0.09375,76923.07692307667,rectangular_hollow_section,True
96.04595125102895,263.19075006248704,8.339255680895633,19.701598370633697,4,5454.310516225973,1721398590064.292,8493764089182.914,0.0078125,76923.07692307697,rectangular_hollow_section,True
63.538961542581944,264.00709039843895,18.788073544989693,15.97993311645843,4,10640.593533943758,1022410469070.6775,13624352310893.477,0.017578125,76923.07692307724,rectangular_hollow_section,True
255.85001014061118,148.1117555395655,3.278009949316983,16.920765576276438,4,2505.2124505849115,4460129664367.373,1958436543773.1357,0.033203125,76923.07692307715,rectangular_hollow_section,True
54.17484596283481,252.93106757255626,11.366653896463339,15.861723095798741,4,6233.341361759115,524181425900.18335,7513493592941.004,-0.013671875,76923.07692307683,rectangular_hollow_section,True
175.1807166763488,164.295677251462,7.26162833975724,16.83062230435785,4,4527.67361941299,4085756307434.9854,3703108179231.6416,0.005859375,76923.07692307688,rectangular_hollow_section,True
148.52734356972056,103.82061295754812,14.100865531435769,8.803649288933293,4,6243.807328502261,3393320211205.959,1864571531703.7456,-0.017578125,76923.07692307692,rectangular_hollow_section,True
299.46659742500833,169.22056274387842,13.513504817742799,11.885841310711541,4,11795.479920412568,27211962646109.5,10942305462014.896,0.02734375,76923.07692307675,rectangular_hollow_section,True
291.67582759329196,218.01806287464046,14.619461478623412,9.888304379090249,4,13950.207215977614,32894337481480.023,20727747286831.09,0.2421875,76923.07692307666,rectangular_hollow_section,True
138.30828535141956,120.97554743939077,13.446410240328444,10.65723712873271,4,6136.073072157083,3065055999701.5264,2458575605695.3154,0.0029296875,76923.07692307675,rectangular_hollow_section,True
139.26301141220566,232.346413214438,13.342571253247076,15.563662158957058,4,8967.059287339616,5361034327760.729,12189906689631.36,-0.009765625,76923.07692307679,rectangular_hollow_section,True
293.5386717510809,165.2446374518647,9.234811538687719,15.368143988428132,4,7933.865735839283,17918036466625.84,7323358632080.957,0.140625,76923.0769230771,rectangular_hollow_section,True
71.82849456459579,267.5163715526552,10.314423203299286,8.337476391220314,4,6505.230305359423,1084033412121.5708,9836355053993.117,0.0009765625,76923.0769230769,rectangular_hollow_section,True
195.2266585337555,263.7672504758483,13.173479712265392,17.008331948825504,4,11124.354361859676,13165892310358.66,21137913825743.023,-0.078125,76923.0769230769,rectangular_hollow_section,True
44.13386956368025,298.53321031391874,2.7810629946141034,19.05339613948798,4,1776.7771466495435,137345052329.65717,2961275407712.12,0.00537109375,76923.07692307631,rectangular_hollow_section,True
67.33427641110457,73.4915599300022,10.970487439516203,14.171719272391151,4,2417.8600169489737,257534132091.11383,298212471080.2842,0.0008544921875,76923.07692307701,rectangular_hollow_section,True
243.5066821991082,204.8714944093858,9.42881085719132,9.780063279090921,4,8004.2098832656975,13880884681811.008,10608475901837.068,-0.00390625,76923.07692307713,rectangular_hollow_section,True
260.0711814324684,143.08451333878463,7.2007029917194565,11.454100294506722,4,5485.503315695011,9777482331036.77,3862860782539.335,-0.021484375,76923.07692307692,rectangular_hollow_section,True
136.67518272745224,24.878663518280867,15.944330849226207,10.2595204276668,4,2560.4848012503976,832865009464.6885,32296525739.834244,0.00018310546875,76923.07692307688,rectangular_hollow_section,True
56.37241701628255,171.81769622760484,7.13090026247215,16.54097967209845,4,2865.9485086182663,290618419464.8178,1756789888183.7188,-0.001708984375,76923.07692307698,rectangular_hollow_section,True
160.84114358753837,284.328445789323,3.6395641652025486,15.881223108742574,4,3085.1058268778047,2864372106144.28,6777780757155.512,0.0048828125,76923.07692307673,rectangular_hollow_section,True
98.18879507256239,51.965599445773904,9.70981241850185,18.271443212666,4,2278.276065145483,441179394643.0797,155441856061.03326,0.00048828125,76923.07692307697,rectangular_hollow_section,True
135.52547324924421,183.48054057598458,19.968872081409412,15.790019033972818,4,10896.032456644545,5318342288472.443,8854486271181.473,-0.0625,76923.07692307678,rectangular_hollow_section,True
297.50879364352926,161.60717632607438,19.266447034640276,9.2935870457516,4,16119.9123508222,34927585360325.92,12774964523811.914,0.4765625,76923.07692307701,rectangular_hollow_section,True
211.25661596736293,188.24647367332395,13.390037302926398,18.54913825513116,4,9664.095942578062,12025324783844.148,10024753454088.896,-0.04296875,76923.0769230769,rectangular_hollow_section,True
133.73555441640295,185.250566562327,9.923164248765003,10.314365508100286,4,5830.59349085549,3224526833884.589,5407922056787.82,-0.0068359375,76923.07692307695,rectangular_hollow_section,True
295.0155673253809,287.4980091582467,9.900093646113497,13.234621302450318,4,10977.794371505146,29338054853441.58,28194570835155.688,0.1875,76923.07692307698,rectangular_hollow_section,True
103.66975498581283,94.35410810487662,19.66345642898524,16.27691535134298,4,5976.123159273066,1385802027038.3374,1173157383383.8428,-0.00244140625,76923.07692307678,rectangular_hollow_section,True
65.32800049212167,142.2720580243232,6.113586450757838,16.538105474709376,4,2224.0197168699456,303697609324.7985,1027087941376.1772,0.002197265625,76923.07692307683,rectangular_hollow_section,True
115.69113233844085,73.23536042561912,15.548430932875341,10.049650185078836,4,4807.010761524594,1402804791297.787,628211455535.4019,-0.007568359375,76923.07692307708,rectangular_hollow_section,True
229.23287719143894,298.40386284695853,18.73450732772635,11.345619422846697,4,18237.378605915284,28917964389582.227,44182720236008.516,-0.1015625,76923.07692307698,rectangular_hollow_section,True
256.32333580442753,48.56179331337188,5.9255074347916015,11.643630500852478,4,3369.8744454091925,4359994032107.5684,276914051878.00586,-0.005859375,76923.07692307694,rectangular_hollow_section,True
131.95904524406572,59.14856469056467,13.891890488559872,19.660700748763205,4,4184.489509985865,1400590612330.249,354095403930.8163,-0.003662109375,76923.0769230769,rectangular_hollow_section,True
44.25265758804433,58.43792131628541,2.1854640622020547,10.986312482407364,4,386.5039977298754,22941212163.761215,34647427855.97128,3.0517578125e-05,76923.07692307685,rectangular_hollow_section,True
261.6524424726324,110.76090470654476,13.705298514931735,16.6138333822188,4,9189.171473959696,14348605310607.098,3521671931077.0127,0.03515625,76923.07692307742,rectangular_hollow_section,True
157.1771585563982,183.64375427344433,7.273063652336812,13.344796916689749,4,4604.816906639918,3540749470369.38,4501446065848.238,0.0009765625,76923.0769230771,rectangular_hollow_section,True
194.14339094000843,284.12305462017787,2.414902968701429,13.02884616620075,4,2229.5120508112213,2960035012323.2266,5242729291370.912,0.0302734375,76923.07692307614,rectangular_hollow_section,True
23.891813886441227,276.3104682281893,11.628167945922531,9.65289318138116,4,6347.569602470791,61011074318.21622,7884826714485.9375,0.0009765625,76923.07692307691,rectangular_hollow_section,True
288.0413088299392,155.08314835995282,15.583985881217671,10.825063919875623,4,12722.666096285797,26296418972711.336,9628404888060.178,-0.12109375,76923.0769230774,rectangular_hollow_section,True
104.47240673542663,269.31518085157904,5.100615107280244,11.191448627833198,4,3620.877865015538,1454042129717.0652,6363837004624.984,0.0205078125,76923.07692307656,rectangular_hollow_section,True
165.1596482292681,24.452900232964762,15.73412693564762,15.665103592311254,4,,,,,,rectangular_hollow_section,False
166.86722825075498,293.999276855927,11.083571386931833,9.156729293912313,4,9640.865708272706,8930119354983.059,21880568645900.688,-0.0546875,76923.07692307679,rectangular_hollow_section,True
36.95760094496501,114.32341792264265,16.759793839987104,9.27682478790207,4,3861.255139867678,91534957914.23444,838189660933.356,-0.00439453125,76923.07692307708,rectangular_hollow_section,True
107.54982655072375,160.90624030100275,6.375174176237919,19.52127518171281,4,3052.076773511595,1115857195912.674,2065246241161.1611,0.0048828125,76923.07692307711,rectangular_hollow_section,True
172.99538240498805,205.5221472205538,14.016757502166325,17.906005068657407,4,9519.800111777025,8305036452402.551,10922782825189.719,0.0625,76923.0769230771,rectangular_hollow_section,True
88.1519192097501,201.01077697902372,3.3559101288604603,10.418662333914746,4,1837.0934547667441,523356961640.41016,1858804526004.0723,0.0,76923.07692307747,rectangular_hollow_section,True
91.98921745493008,253.44380148603628,9.001907756455541,10.107098549286256,4,5794.042977661685,1660437630551.7817,8554096262036.059,0.0107421875,76923.07692307701,rectangular_hollow_section,True
157.25164063193154,36.2822549032591,15.188133091495919,18.749518635474264,4,,,,,,rectangular_hollow_section,False
105.44897293143653,282.0673598105094,4.980168105803274,12.268686273601382,4,3663.1864983526625,1511459082408.5483,6994748393293.135,-0.0244140625,76923.07692307663,rectangular_hollow_section,True
206.4969480110384,248.86187695717393,12.309677003922706,10.76102089588274,4,10488.727950003698,13801246511852.902,18519646466789.188,-0.01953125,76923.07692307731,rectangular_hollow_section,True
131.09409613211517,251.83480697481113,5.4764817983297025,12.513079117511207,4,3967.1754771205315,2405456209316.5835,6576177006350.146,-0.033203125,76923.07692307697,rectangular_hollow_section,True
37.51111185514667,229.65670367883592,6.911252169604612,19.718946667562925,4,,,,,,rectangular_hollow_section,False
98.37070226060686,223.1549465148352,12.422346788248934,15.863868162978466,4,7131.129178180876,2125771652926.56,8100753191290.344,0.02734375,76923.0769230768,rectangular_hollow_section,True
102.99261173846924,83.83972664890236,18.91789418190076,10.04385655192267,4,5536.522879192749,1265854497064.5352,874338628075.3508,0.005859375,76923.07692307682,rectangular_hollow_section,True
278.8281948366523,254.93628736585882,14.522425173189065,14.181739540679068,4,14458.384437740739,32689604179602.22,28393572688371.0,0.140625,76923.07692307685,rectangular_hollow_section,True
265.4935428381988,23.66073603226298,12.594088908342975,14.255008343826233,4,,,,,,rectangular_hollow_section,False
281.766862590725,142.4592115937117,5.772429570785378,10.588046473592975,4,4675.42993606978,9715769121067.094,3385720760668.8457,0.037109375,76923.07692307698,rectangular_hollow_section,True
276.92556907468963,245.1911215630149,8.22432485187896,15.890301539624058,4,8123.821987264922,18687304880981.41,15511744374940.797,0.0234375,76923.07692307683,rectangular_hollow_section,True
110.00331852041181,215.07166697663038,2.016842185210061,15.007077322103282,4,1238.513117773971,550704186827.4656,1506314130211.3628,0.0009765625,76923.07692307701,rectangular_hollow_section,True
163.0314318067519,173.39516078414198,11.085806857001238,14.762403176275843,4,6763.128812316312,5226640579059.258,5760338719960.906,0.0078125,76923.07692307682,rectangular_hollow_section,True
117.44351268279567,288.22828186822056,12.54196608591316,17.66573825323493,4,9260.81485853078,4151277848898.9727,17688880201132.14,-0.087890625,76923.07692307701,rectangular_hollow_section,True
178.93466036993118,69.68482603065851,10.60601642025731,16.00423166802022,4,4596.77966967168,3143464068100.699,663210147523.2466,0.00634765625,76923.07692307697,rectangular_hollow_section,True
115.89639506685644,185.81667550422026,2.3779384309555676,18.429695480726203,4,1330.297075412008,621268720241.0671,1253072711919.9424,0.0009765625,76923.07692307647,rectangular_hollow_section,True
64.66127577123108,183.36334803279306,8.96898113486673,18.892320777647342,4,3868.8387386715845,497708819270.04236,2703476224778.7373,0.0087890625,76923.07692307701,rectangular_hollow_section,True
280.1098825907449,265.3729860517196,9.666332918713703,16.7214544413263,4,9942.053752190192,23613973813714.07,21732513421635.438,0.0546875,76923.07692307692,rectangular_hollow_section,True
245.62901222722317,50.7837076055024,19.535127023698042,11.07283363606422,4,9931.827870684165,10468861479268.34,517875381051.125,0.013671875,76923.07692307698,rectangular_hollow_section,True
36.450265956439395,143.20241231323186,19.820101067473942,19.514140813113816,4,,,,,,rectangular_hollow_section,False
258.22875351666414,48.588021751521396,11.777616092822809,19.862193285994746,4,6343.145082835492,7506308339413.34,402562223887.6885,0.001953125,76923.07692307713,rectangular_hollow_section,True
102.20117819943579,240.53793404884033,18.78467205008446,8.62953426399579,4,11390.559166911458,3330458830810.0293,14490803979429.828,0.015625,76923.07692307726,rectangular_hollow_section,True
176.1108971973583,86.97639776341131,4.909078886510247,9.432253282022295,4,2418.1280525819634,1900918642447.599,633629283046.0262,0.00341796875,76923.07692307697,rectangular_hollow_section,True
135.59508788996584,174.42248773031872,7.6870502483221,14.424309120074241,4,4367.208360744836,2500200275338.6235,3693942574559.8643,-0.001953125,76923.07692307688,rectangular_hollow_section,True
282.7107203405007,291.4732107504111,7.244771831041382,14.18758690821675,4,7956.631322990195,20090438694821.613,21046850471270.24,-0.03515625,76923.07692307702,rectangular_hollow_section,True
166.119725996393,291.6236228319399,13.013962744197254,15.653445360159004,4,10998.593387718822,9808991985747.682,23956546604525.4,-0.13671875,76923.07692307739,rectangular_hollow_section,True
164.15034848998366,119.09363541973275,5.5363375190100985,12.556728710493495,4,2905.2789143813916,2179567215487.8057,1331599809031.21,0.00634765625,76923.07692307686,rectangular_hollow_section,True
104.25763725802908,136.7097923806627,7.889487713429236,9.074839909087038,4,3472.2954258729387,1145488334137.663,1760679904339.9775,-0.00048828125,76923.07692307691,rectangular_hollow_section,True
31.98398748660404,268.2235729418188,9.69836161149589,15.60760769297779,4,5238.131858643997,130401238613.03891,6332481873530.598,0.00244140625,76923.07692307695,rectangular_hollow_section,True
26.416650334239304,46.57366139860875,4.775805176465014,16.458114415777857,4,,,,,,rectangular_hollow_section,False
257.4126460544925,215.97056132888417,8.854702390230074,9.747204113101029,4,7975.500389449369,15583815546035.055,11873274578528.168,0.0,76923.07692307679,rectangular_hollow_section,True
162.82855893455508,204.54343441508934,11.235889783188973,9.879147423538424,4,7652.924022718196,6204743472934.15,8910034010287.654,0.015625,76923.07692307688,rectangular_hollow_section,True
71.78592959633838,86.6817800545739,5.206317202522456,8.614798303768044,4,1479.0463639495117,225652007360.90533,303371851821.90076,0.0,76923.07692307683,rectangular_hollow_section,True
190.6800509314884,192.67118538033785,5.335287928187682,19.63878415113423,4,3795.6254188590174,4242482515316.745,4309381349159.1123,-0.00390625,76923.07692307692,rectangular_hollow_section,True
136.8402740236093,259.9420506667794,6.829494644004867,8.715998113697726,4,5160.667806470788,3364804932069.2725,9151790154842.059,0.00390625,76923.07692307718,rectangular_hollow_section,True
193.67518913365114,37.50279376041111,15.335004491626439,18.52987396386245,4,5816.432322886199,3474591004037.4785,154435327287.3556,-0.005126953125,76923.07692307688,rectangular_hollow_section,True
226.70386624616617,92.07241655220015,3.1568084780753023,13.078528203344515,4,1900.1622075663697,2392384530819.616,601658528558.8175,-0.0087890625,76923.07692307682,rectangular_hollow_section,True
216.91725697025782,39.20055381570419,7.3350904591709485,17.745440287270732,4,3335.5551450171956,2813205627293.045,154597131007.64127,-0.001220703125,76923.07692307698,rectangular_hollow_section,True
70.16026773941425,46.011994492564796,14.37529576656452,16.427492421869104,4,2247.773749247866,191994531563.2777,90275153078.09015,0.00079345703125,76923.07692307695,rectangular_hollow_section,True
53.06035024900483,119.43579021027968,13.357077004303225,15.106021147746716,4,3669.3093684246974,244917926285.24786,1014185290677.9531,0.002197265625,76923.07692307695,rectangular_hollow_section,True
270.81981668994274,189.74580793650617,18.60484490524792,16.734784497050576,4,15472.890001771446,29436837595366.9,16554315578427.375,0.0,76923.07692307743,rectangular_hollow_section,True
238.2390648963724,40.919927835458594,2.2992579476392248,11.933726022781023,4,1212.9798752523493,1359768776063.974,81236147453.91087,-0.0013427734375,76923.07692307686,rectangular_hollow_section,True
82.11843210921737,33.17815902620006,9.325092278711708,12.269100644801577,4,1660.6096741187448,202147768968.40015,41047269030.92926,0.000244140625,76923.07692307676,rectangular_hollow_section,True
296.27101269121215,272.72941514859554,16.036152594292254,13.055146286530249,4,17050.085769441026,43524655540790.84,38191517765180.92,-0.4375,76923.076923077,rectangular_hollow_section,True
252.03788659946994,151.64613412447815,12.99049768685096,10.82131917362416,4,9695.999605600513,15913676249560.691,7046748980551.043,0.078125,76923.07692307707,rectangular_hollow_section,True
124.90832386257111,112.78354847215161,18.45011384023391,17.56297120991786,4,7100.79944635723,2591556639056.7764,2177314739394.6494,-0.01953125,76923.0769230767,rectangular_hollow_section,True
291.2539448042994,67.79907731799354,14.441011411996866,13.71503082895337,4,9347.904266915186,15441381097896.523,1219655321143.8997,0.025390625,76923.07692307713,rectangular_hollow_section,True
227.735388893565,187.01113437776925,18.704916638481855,19.553702848054712,4,13734.475804930382,18713409604429.61,13601270458807.992,-0.08203125,76923.07692307701,rectangular_hollow_section,True
236.97830400378743,167.17363701516942,2.2629923161872543,14.251441422854695,4,1749.3202666575542,2863195447854.086,1698904453536.6924,0.00048828125,76923.07692307676,rectangular_hollow_section,True
237.33100236646976,209.83817772299798,12.915170147184242,11.266584181006703,4,10756.389692033901,17395512664450.79,14320390285432.629,0.04296875,76923.07692307713,rectangular_hollow_section,True
96.60005855621262,191.75814775674922,17.351501510526994,15.979481695047388,4,8547.253450902786,2158932545827.3818,6923293064903.824,0.00390625,76923.07692307701,rectangular_hollow_section,True
261.71656591464864,26.727099488197684,12.549740517867344,18.30080553824973,4,,,,,,rectangular_hollow_section,False
135.43649120675352,258.54040943540457,11.803486400290653,19.927189494494176,4,8412.214483522914,4952179242488.767,13786956218548.46,0.017578125,76923.07692307682,rectangular_hollow_section,True
226.26182547632533,24.33468094926395,9.79198692369302,11.625740421757104,4,4392.348207967512,3677051376273.9395,51456576127.51396,-0.00537109375,76923.07692307682,rectangular_hollow_section,True
76.72892702152862,294.9599823996001,2.93886223730338,8.006014314055486,4,2111.717119817142,496063192655.85803,4123537222725.6934,0.0078125,76923.07692307758,rectangular_hollow_section,True
148.12608468990715,226.1724946967888,13.859895030879423,18.96404461580841,4,9273.508634740625,6147804353821.332,12081044265513.73,-0.01171875,76923.07692307697,rectangular_hollow_section,True
212.9950651392432,50.28264097911306,12.46636576084451,16.20882931126235,4,5693.87114694707,4758955714956.102,376426341968.1011,0.00439453125,76923.07692307694,rectangular_hollow_section,True
156.81350237627507,43.344933885114045,2.997327354458393,16.986861908473344,4,1071.0984269249352,534386292948.8013,72842548282.918,-0.000732421875,76923.07692307682,rectangular_hollow_section,True
83.35178123696133,138.6462208186536,11.438031870840966,11.798075783404181,4,4416.061192664824,869319693925.8909,2015506087555.1152,-0.00048828125,76923.07692307701,rectangular_hollow_section,True
126.83694960986475,213.591392440685,17.741125610362033,18.03681980842311,4,10494.934369858836,4773128271580.301,11313207766764.547,-0.05859375,76923.07692307704,rectangular_hollow_section,True
231.9857189101641,221.48179691533676,8.474644548134995,16.351166374830875,4,7193.35257489392,11657211277847.117,10856860534787.629,0.0234375,76923.07692307692,rectangular_hollow_section,True
292.8814748513978,53.982442816069536,15.730207194869429,8.07306392071948,4,9857.550552024728,15625245189730.328,709914439790.1621,0.0234375,76923.07692307702,rectangular_hollow_section,True
149.06958379896062,105.2917654131532,6.480778213154291,12.539539674318238,4,3008.3855706918507,1804696925969.4111,1051762105521.2053,-0.00146484375,76923.07692307708,rectangular_hollow_section,True
150.1486410261156,240.87579364509332,5.323520790793543,12.127924814986557,4,3949.107274727567,3062274927210.668,6314281756234.6875,-0.046875,76923.07692307698,rectangular_hollow_section,True
296.85517613423525,226.33432528689977,14.58683405968587,9.998739610096493,4,14312.279172670154,35228022320961.766,22927183044791.78,0.0,76923.07692307698,rectangular_hollow_section,True
42.25644591034062,163.02537903049603,3.2574489591561133,9.882429479334037,4,1241.174193567043,81321171207.09789,696961788315.2876,-0.0010986328125,76923.07692307717,rectangular_hollow_section,True
199.6961474213743,185.57986651174724,16.543571084273577,16.901542412547126,4,11367.389277803386,12353100612279.23,10975600177679.25,0.14453125,76923.07692307673,rectangular_hollow_section,True
211.71079696881293,162.70651720324852,12.36439229667647,9.369022874737595,4,8559.593733090902,10510760108008.25,6902811890011.012,-0.015625,76923.07692307688,rectangular_hollow_section,True
48.7478357714559,240.9222976700113,6.300840932640413,18.847651369861907,4,3293.7169716567764,263828840999.74072,3624996426653.297,-0.005126953125,76923.07692307676,rectangular_hollow_section,True
70.77448154963636,163.67616878580665,16.98537435009824,12.39949650794943,4,6656.704844240372,826900749185.0715,3642576186882.84,0.0166015625,76923.07692307694,rectangular_hollow_section,True
254.72161904995752,212.18695866651325,9.453927548898324,15.138816610896757,4,8273.86694225086,15591968513084.41,11757598141536.707,0.03515625,76923.07692307714,rectangular_hollow_section,True
48.99196715843485,109.84296305359425,10.140744552382897,13.846982123018122,4,2632.0673892596096,163015342040.98273,641480277586.2712,0.0008544921875,76923.07692307707,rectangular_hollow_section,True
280.20536953043336,35.27550126709549,15.318525735746544,8.202254221108127,4,8659.497779720705,11476204743937.625,201249843878.14014,0.0205078125,76923.07692307698,rectangular_hollow_section,True
146.55063146120614,267.95187147584465,19.323339332125904,19.52142362616943,4,14144.532521753597,8895700921697.613,24033006870040.18,0.0625,76923.07692307685,rectangular_hollow_section,True
260.1099878840819,204.71031537168156,14.399452574512718,15.528045756839143,4,12317.092404566347,22991220929508.03,15736936053431.133,0.1015625,76923.07692307682,rectangular_hollow_section,True
86.20763656946698,33.892288955651104,8.50214836354645,9.815602845384847,4,1658.4477668053012,237002963309.30847,46240195146.29059,0.0008544921875,76923.07692307692,rectangular_hollow_section,True
199.47971764584435,104.0301162235758,5.095282061521767,11.708957705402746,4,2895.729841850363,2973431403410.502,1087638524258.3467,0.00146484375,76923.07692307643,rectangular_hollow_section,True
229.01459530899774,238.72627674898067,14.054840926025989,9.693510845291856,4,12263.928736419783,19088622485712.734,20388363864990.113,0.1171875,76923.07692307704,rectangular_hollow_section,True
200.17082937961112,114.68216765063225,13.717221060919297,11.394658803890938,4,7755.329460119889,7589448538547.348,3042474649698.5996,0.0390625,76923.07692307694,rectangular_hollow_section,True
212.46816359789153,20.51919197370971,8.278582828973542,8.083482482292755,4,3518.1278187399726,2641499964643.001,29453825586.09227,-0.0030517578125,76923.07692307686,rectangular_hollow_section,True
175.62154328663834,196.11528560299388,3.2181569050362655,10.163408675482634,4,2296.1303962830034,2311401941057.544,2730138990534.9004,0.0390625,76923.07692307665,rectangular_hollow_section,True
81.42049673097029,132.48227499704137,6.504670515508915,16.439182179376832,4,2441.9389621011487,500854316556.6372,1065970957265.5286,-0.001708984375,76923.07692307688,rectangular_hollow_section,True
27.028538643905847,225.79391897944961,7.454660887034681,10.22450709252158,4,3450.2549993720445,65457708788.53131,3053270471298.4277,-0.00244140625,76923.0769230769,rectangular_hollow_section,True
63.5331025656666,23.319129961175477,8.398636508205627,9.830849815997984,4,1082.1379079046403,72035355084.71964,11472327684.259506,0.0001373291015625,76923.07692307695,rectangular_hollow_section,True
286.26429599343095,232.07919758067356,9.203884412521306,17.686392179407576,4,8961.845718252334,21342515894377.0,15464188745597.605,0.02734375,76923.076923077,rectangular_hollow_section,True
142.08768684451132,98.37999344970025,5.076149373882506,13.41479062850417,4,2227.806890031686,1217780045064.6694,693216893229.0559,-0.001220703125,76923.07692307694,rectangular_hollow_section,True
26.07480195208084,205.68094725145002,13.569974060137476,19.8812942372827,4,,,,,,rectangular_hollow_section,False
286.087954640824,254.6895163275203,5.495652722794203,10.352086429662037,4,5739.460821009452,14499590510264.371,12150747515126.285,0.0703125,76923.07692307675,rectangular_hollow_section,True
120.76248125831987,287.2687390023765,18.982589012964407,18.779885242013727,4,13696.939085090622,5852862415418.34,24966920187422.97,0.0859375,76923.07692307676,rectangular_hollow_section,True
190.44915463684464,110.90193999035223,11.756625858648711,9.579177030184969,4,6441.11050435578,5833959787835.975,2420930299691.575,-0.0263671875,76923.07692307711,rectangular_hollow_section,True
83.3869017930997,38.32256088929553,11.865145933925225,8.267206360560397,4,2256.727619391087,297140830779.2274,71069251520.50854,0.00048828125,76923.07692307692,rectangular_hollow_section,True
102.39811008048109,56.961536361367926,7.023054995979452,14.366370279193806,4,1888.6216006454733,451129352087.21716,177093724386.88635,0.000732421875,76923.0769230769,rectangular_hollow_section,True
226.6546002269792,23.68647062552782,10.974530595447021,15.581222790191477,4,,,,,,rectangular_hollow_section,False
256.9342167592824,204.40628936266774,7.826198580454644,19.816100707403006,4,6727.167197120813,12791524777100.605,9023706429343.424,0.046875,76923.07692307646,rectangular_hollow_section,True
137.79845798083957,175.69456499180853,5.880141901305161,15.107397692589007,4,3405.371429574544,2059844633498.6133,2985528826996.546,-0.0166015625,76923.07692307727,rectangular_hollow_section,True
77.31687493724607,245.08492610257156,9.927742082076858,12.225111849187531,4,5863.028151769551,1138332408455.0024,7613930362606.695,-0.0166015625,76923.07692307675,rectangular_hollow_section,True
177.8276417370297,39.807830220017465,7.12988201078852,16.890729051384227,4,2710.0670099436006,1576773997868.6265,128693052563.93396,0.0003662109375,76923.0769230769,rectangular_hollow_section,True
270.34522133138864,231.6245997816561,15.513356072789263,13.54783419337443,4,14428.272467546147,29812497606816.04,23330305895449.117,0.1484375,76923.07692307718,rectangular_hollow_section,True
236.65528978964267,49.01629501042112,12.852039087096854,8.07218502489629,4,6617.064941985486,7003902224829.535,413299044916.0863,-0.00244140625,76923.07692307704,rectangular_hollow_section,True
178.6110455566326,124.61925993004496,11.203238374926418,15.554267088808235,4,6069.268815595224,5010037816733.223,2824392411842.052,0.0087890625,76923.07692307714,rectangular_hollow_section,True
259.55605698989734,173.49833110113687,9.818321465979698,11.877108367015246,4,7981.309543766676,14707242115368.652,7834148446681.525,0.09765625,76923.07692307701,rectangular_hollow_section,True
190.02405806419713,106.87468704280258,7.468980227858439,9.664907245787356,4,4123.330714582112,3844858399760.0107,1551742078882.5107,0.00146484375,76923.07692307686,rectangular_hollow_section,True
164.5218528735363,192.1027422367305,8.050470509633541,10.845361464270397,4,5372.940820342254,4526313305468.009,5759135944240.988,0.017578125,76923.07692307686,rectangular_hollow_section,True
186.7902845381246,180.340880543785,14.413038991830351,16.839702040610096,4,9474.321951699016,9189491260255.135,8687814859814.307,0.03515625,76923.07692307682,rectangular_hollow_section,True
286.0021445929978,228.054589058052,10.637689981964087,13.547959025913514,4,10309.033010972631,24295311057672.406,17095535244157.105,0.0078125,76923.076923077,rectangular_hollow_section,True
240.4404670483329,145.34746636643234,16.41858000515321,8.143932752751518,4,11523.577381362093,16709164933817.738,7310721582888.105,0.01171875,76923.07692307736,rectangular_hollow_section,True
62.811121497800464,112.89339434434389,15.421478891027572,9.92226146806625,4,4369.507646849412,404952310111.18164,1154356954574.145,0.003173828125,76923.0769230768,rectangular_hollow_section,True
206.65412837713686,71.11993228885393,7.250993096560442,13.994837710061564,4,3667.591946679957,3455922302468.5625,623408320702.35,-0.00244140625,76923.07692307692,rectangular_hollow_section,True
54.518542921017186,173.73760814818013,14.369160900313032,19.562989778036343,4,5378.072871838095,388519799971.0382,2965433552473.083,-0.00390625,76923.07692307691,rectangular_hollow_section,True
222.66130740083,161.6150714584853,4.792900387375629,8.324638635380081,4,3534.8828003378394,5085154978756.187,3114806213667.797,0.001953125,76923.07692307654,rectangular_hollow_section,True
267.65495976375695,115.17082927071024,18.849409166067474,10.556740261694626,4,12899.434205074129,20720743316798.867,4965131085083.725,-0.046875,76923.0769230769,rectangular_hollow_section,True
23.112670532586094,189.43678582667476,6.389003716242594,8.533565007373541,4,2484.4584705809975,34396737449.269905,1551175580167.956,-0.00128173828125,76923.07692307675,rectangular_hollow_section,True
38.68472498385282,253.94880019394347,8.530246343502757,12.232986838487491,4,4565.476025727754,197164581805.96417,5345731283976.873,-0.00244140625,76923.07692307695,rectangular_hollow_section,True
240.7330851956445,255.3155676656638,19.064250462381665,11.597643231684946,4,17325.303608050937,28889164061727.86,31762122877648.516,-0.0546875,76923.07692307691,rectangular_hollow_section,True
234.32872397207476,84.38623638613961,19.98853679256257,18.025946891074494,4,10818.190249170502,11835680770804.148,1969387751023.7407,-0.0078125,76923.07692307647,rectangular_hollow_section,True
20.162264995796168,248.72459763419909,18.535850522527358,10.083128258398393,4,,,,,,rectangular_hollow_section,False
79.8131859391348,78.58515224064031,5.024543087063785,10.643189696804285,4,1409.0661200751,253503016312.49182,247475154587.58765,0.00067138671875,76923.07692307698,rectangular_hollow_section,True
146.14837733191513,146.82868578449447,9.798647906018466,14.551629048727143,4,5168.345090660579,3153678409214.036,3176814596328.869,-0.021484375,76923.07692307676,rectangular_hollow_section,True
127.68841765464326,42.63416667474215,5.432799789880326,16.786956339367883,4,1579.7107142957652,513204904130.8982,89644401678.2662,0.0003662109375,76923.07692307698,rectangular_hollow_section,True
98.1851083990151,106.63773136209484,16.912827003474824,10.924163550829576,4,5664.754292197121,1307187714652.962,1508955528741.2007,0.001953125,76923.07692307667,rectangular_hollow_section,True
207.59877093269085,50.80454936253062,9.421705370902288,14.682494748042132,4,4326.226025829009,3607929004866.455,331257263037.22,-0.01220703125,76923.07692307701,rectangular_hollow_section,True
102.51297322031982,192.85635485494262,18.745307708050724,19.13524272246833,4,9302.026175571751,2590756317396.745,7573616402001.047,-0.02734375,76923.07692307717,rectangular_hollow_section,True
214.04623261778104,253.3312805349166,11.571148831255469,11.443205096180169,4,10149.67664617015,14429237026484.3,18789644609867.48,0.00390625,76923.07692307697,rectangular_hollow_section,True
26.41139035594142,187.6921023780558,4.684404477734823,18.090346817229722,4,,,,,,rectangular_hollow_section,False
165.18493023889283,295.9388176574197,18.456852193933297,9.97558808925126,4,15559.651786708313,12991923144753.086,33779627274035.312,0.0859375,76923.07692307707,rectangular_hollow_section,True
264.7582857833012,34.44831358622514,16.577346342747614,17.248661705101505,4,,,,,,rectangular_hollow_section,False
275.6184081457036,57.397244388921706,15.74002258370943,10.978564691067163,4,9371.825656828818,13303358205860.305,781333538556.2888,0.0166015625,76923.07692307743,rectangular_hollow_section,True
35.5006292361921,163.7020595937751,18.298842406934583,11.979286245283213,4,5528.582260593758,115571458642.92926,2379130414410.5576,0.008056640625,76923.07692307695,rectangular_hollow_section,True
297.494449693128,146.01356348088513,5.337472389915572,16.56675949125228,4,4472.1084727560965,10199964271913.312,3429617178902.2188,-0.001953125,76923.0769230776,rectangular_hollow_section,True
124.30239800580705,98.40158797221324,8.239398708117877,10.356210558483138,4,3295.572899712916,1364469896126.0884,940531695572.7808,0.00146484375,76923.07692307704,rectangular_hollow_section,True
63.25354263761744,26.137993545148564,14.125099265982993,15.707320575169023,4,,,,,,rectangular_hollow_section,False
23.509919631607037,284.59471864011937,3.2004116694014373,11.885381724680201,4,,,,,,rectangular_hollow_section,False
106.50800615262143,230.59966060498996,14.06965199717665,14.078724353763473,4,8495.94428731132,2920735254405.01,10431445519418.418,0.025390625,76923.07692307737,rectangular_hollow_section,True
28.503694921269897,182.79093530058466,2.2255572940351547,16.896874850525972,4,,,,,,rectangular_hollow_section,False
147.9334368080515,84.29096613171322,5.685012635540836,17.721398205588173,4,2341.94647855182,1271164488595.274,536046436163.4525,0.00048828125,76923.07692307679,rectangular_hollow_section,True
202.79837631702992,246.04529069004644,18.158443552240698,9.304508883322862,4,14895.114607737958,17903372298397.5,24495855309709.016,0.171875,76923.07692307736,rectangular_hollow_section,True
114.10571575681863,81.284517124119,14.922792194306027,19.074189502581852,4,4594.186171091573,1304676113442.6816,736891335883.6685,0.00048828125,76923.07692307691,rectangular_hollow_section,True
214.3269257576754,214.8914074525816,10.192182885735765,15.611029230115744,4,8119.480794154549,11145327267497.125,11190918968617.34,-0.09375,76923.07692307697,rectangular_hollow_section,True
132.41815440330288,75.68243778035725,5.610075693966722,13.289477596054281,4,2091.3913498488714,916485854914.5535,383969250254.6875,0.0,76923.07692307707,rectangular_hollow_section,True
23.70678226811861,270.60330925982237,8.7294241200982,17.024040948782236,4,,,,,,rectangular_hollow_section,False
121.30413750719428,56.37498364348146,17.525860537554955,18.38440863647268,4,4662.086469042212,1235061826161.3745,309299587704.4177,0.00048828125,76923.07692307691,rectangular_hollow_section,True
211.892963969958,144.5341074403437,11.212094796114933,13.062121604923991,4,7322.547524611137,8720631035952.832,4752714744491.054,-0.03125,76923.07692307713,rectangular_hollow_section,True
91.11990682170261,26.768531114811765,5.091261278628123,18.913325453468396,4,,,,,,rectangular_hollow_section,False
197.7994016943038,62.66115563553322,2.634834745487881,8.702125824487515,4,1305.8566631915978,1179951216401.9443,197002080386.18896,0.0009765625,76923.07692307705,rectangular_hollow_section,True
274.83501253640156,88.36466826253918,14.941876266256502,8.733288142873043,4,9884.460393672374,15968908305636.922,2316952727237.77,-0.087890625,76923.07692307729,rectangular_hollow_section,True
93.30877167389241,67.64455037493556,17.839051228442827,13.279227012969464,4,4293.2442498482,747171131152.9082,416718543610.4343,-0.001708984375,76923.07692307697,rectangular_hollow_section,True
219.33893290547778,284.38496352920754,11.015320694347583,9.191293073055503,4,10527.531492917095,16233074168722.852,24364860227660.938,0.01953125,76923.07692307685,rectangular_hollow_section,True
159.02471435047008,88.84870901670286,9.177982306000041,15.223277462888806,4,4017.811767567931,2452766474078.796,968735170404.3203,-0.01611328125,76923.076923077,rectangular_hollow_section,True
251.75504696796293,238.0143955300759,17.88192193316312,19.94274314616462,4,15843.519323780569,28174903338514.03,25765437916115.953,0.3984375,76923.07692307672,rectangular_hollow_section,True
123.33601226550095,185.31041504260457,14.41447131115856,17.45864966788135,4,7771.304784369659,3395364558597.802,6579535861704.902,0.02734375,76923.07692307667,rectangular_hollow_section,True
29.460510757780188,144.9140481593164,4.515665008476975,9.832239131405505,4,1424.8623003333855,39879021399.67961,570110717735.4636,0.00079345703125,76923.07692307688,rectangular_hollow_section,True
263.00244940805305,272.88324283685586,16.66961769239547,11.440328739693452,4,16623.63349537965,33941741994983.875,35990484386790.84,0.140625,76923.07692307713,rectangular_hollow_section,True
179.41639123466447,153.92443620765349,10.61470561720903,19.828607243672145,4,6317.663923592586,5594751018740.904,4404542794759.017,-0.0068359375,76923.07692307698,rectangular_hollow_section,True
284.8131075315395,190.8142381186629,13.690212929765659,19.695333808139573,4,11921.34685704186,25650527205692.258,13657521532294.879,0.0,76923.07692307731,rectangular_hollow_section,True
141.34137244823165,283.151881249159,10.467457702372297,11.084445588351487,4,8325.975413086195,5583052763912.999,16824401052414.152,-0.111328125,76923.07692307685,rectangular_hollow_section,True
184.64481344245016,273.7543095847186,17.147216991403486,19.18106560252375,4,14180.653522755192,14596384697868.645,27452025623414.297,-0.0390625,76923.07692307682,rectangular_hollow_section,True
180.85434768840508,137.72678166591695,12.796776232096299,18.112961119289096,4,7198.775381739971,6130467957421.598,3969672960025.0996,0.015625,76923.07692307685,rectangular_hollow_section,True
226.84640064685422,63.99300440802777,6.371796107043768,12.197196145126943,4,3429.1033270894104,3779694785535.91,489181664647.9431,-0.01416015625,76923.0769230769,rectangular_hollow_section,True
32.38465027096693,149.0602966085883,3.4196071527041703,8.704870320179957,4,1146.325263485682,42556009022.49439,510584741240.0862,0.00018310546875,76923.07692307653,rectangular_hollow_section,True
276.9330656473773,97.56059542278936,2.818342676028672,14.418900275551088,4,2005.798963497899,3659291959383.253,738413700549.21,-0.00244140625,76923.07692307659,rectangular_hollow_section,True
229.46978303007356,66.11009651917433,3.326708737653429,19.484689714618113,4,1803.775587818192,2035416376395.9775,297709850778.13196,0.001708984375,76923.0769230779,rectangular_hollow_section,True
226.77873396368605,128.05807382666376,4.854832681381704,10.017524076885097,4,3277.3716543930777,4531784039571.343,1881961555237.6108,-0.0146484375,76923.07692307675,rectangular_hollow_section,True
108.61955205588423,277.1574757665528,7.588995565521961,18.998968451763446,4,5394.175571109092,2228451527295.0757,9671867586641.703,-0.01953125,76923.07692307694,rectangular_hollow_section,True
157.6513636224057,258.3729030123991,18.14352191486814,19.069666451741206,4,13416.746812832249,9855447466616.855,22036136307055.812,0.09765625,76923.07692307723,rectangular_hollow_section,True
75.9663578799408,126.1059462495873,16.984638535264548,12.467634642543445,4,5554.896388981913,769479731281.2122,1879428835165.795,-0.0029296875,76923.07692307673,rectangular_hollow_section,True
151.85513527970716,146.5532829250766,8.049641427992912,17.350100181253364,4,4330.447179530694,2877752369580.334,2724084899817.415,0.0166015625,76923.07692307688,rectangular_hollow_section,True
295.0370331800218,142.21365368371636,16.00862774451266,17.71776047061156,4,12663.46440360002,26175995416875.07,7998121421950.336,-0.01171875,76923.07692307717,rectangular_hollow_section,True
157.43687222841947,83.515662086621,16.546741037637887,17.079766882402744,4,6587.345499274446,3491270666246.005,1179635091078.8389,0.00146484375,76923.0769230767,rectangular_hollow_section,True
94.02918815648363,168.48660645754725,7.513183666429341,13.98074384420166,4,3565.235181541633,1010756157073.853,2528521620385.4795,0.0029296875,76923.07692307701,rectangular_hollow_section,True
266.9722726089857,196.56575380164585,11.606904821000754,19.320691432712703,4,9907.815935283517,19424208366335.6,12060768253416.062,0.078125,76923.07692307697,rectangular_hollow_section,True
98.21694568650207,139.8105078924982,6.489270570665161,19.12970061118343,4,2714.641595019594,803027083325.1111,1378942989242.6226,-0.000732421875,76923.07692307679,rectangular_hollow_section,True
244.27144764212542,113.48813529272248,3.588636385494493,8.69487625159175,4,2466.697681268799,3807631970509.6934,1171747943841.7493,-0.00439453125,76923.07692307724,rectangular_hollow_section,True
139.4136515033838,179.89537700769688,7.636673562613305,18.01452046750605,4,4426.819258968152,2673945587780.45,3958087697239.032,0.015625,76923.07692307695,rectangular_hollow_section,True
145.01748236429665,267.5470568337323,10.87712417838225,15.838678795564222,4,8275.537405570512,5707914546295.243,15007420869179.027,-0.015625,76923.07692307695,rectangular_hollow_section,True
94.46757358405551,164.58763497258946,8.318557334834193,13.973335132820258,4,3869.8600432106186,1083685294786.2764,2609186888521.709,0.001953125,76923.07692307675,rectangular_hollow_section,True
181.61478383560558,99.64799417206005,13.82878366440648,15.096446573304357,4,6787.8074593979845,5225760258159.3125,1940606936320.832,0.0,76923.07692307718,rectangular_hollow_section,True
250.88873780903296,270.24856086105393,19.946167400719816,12.722361039902154,4,19036.12674972535,34581720301030.227,38981448316614.734,-0.0234375,76923.07692307702,rectangular_hollow_section,True
74.53160826466296,150.28026014265836,11.4472291826984,12.490538905254706,4,4467.864670486962,708053107230.2974,2275439787031.8057,-0.0029296875,76923.07692307691,rectangular_hollow_section,True
143.1331183574084,48.63817916546439,10.69204003031928,12.099953171666797,4,3499.1472521788237,1420755893801.059,219916125062.5194,0.0,76923.07692307698,rectangular_hollow_section,True
70.03057016397423,111.2752254980403,11.786972189015078,17.821083395123473,4,3437.181373484078,433212526660.0582,930964172105.5508,0.0048828125,76923.07692307682,rectangular_hollow_section,True
296.66826167874416,256.2429292916191,2.307255706388676,17.874087240393763,4,2452.9645347373817,6694320482709.205,5381745018057.36,0.0234375,76923.0769230778,rectangular_hollow_section,True
70.3808786693395,128.1175079217287,18.676070529900365,10.481335454047635,4,5909.298901440957,666412469797.9614,1971931937327.0293,-0.00732421875,76923.07692307694,rectangular_hollow_section,True
159.4056516145762,217.16065722527176,5.035020429385318,19.851921601380262,4,3516.074162229634,2944498878699.796,4692108631894.446,0.0419921875,76923.07692307713,rectangular_hollow_section,True
51.99042820590321,166.71037416038487,19.006169456005427,11.08016490794452,4,6745.621055927132,371149333872.006,3358305647828.9062,0.0,76923.07692307675,rectangular_hollow_section,True
50.92101985356786,188.3610363786587,7.574360063367627,10.132457627204346,4,3299.2103453127534,271799996530.38477,2410303176934.6533,-0.00439453125,76923.07692307691,rectangular_hollow_section,True
198.2222739645018,91.1575869623343,6.45010128634141,19.799437032134392,4,3352.8306580590443,3118500965162.789,936803319027.6328,-0.005859375,76923.07692307682,rectangular_hollow_section,True
42.155767340917336,213.87964597557996,14.678661317491372,19.905988114893432,4,6285.738425035509,238477009757.55945,4751903167559.854,0.01904296875,76923.07692307688,rectangular_hollow_section,True
294.185518559055,127.60615179283907,5.57227552424348,18.966393492168834,4,4396.156098029494,9360105861663.258,2591941625639.1475,-0.025390625,76923.07692307715,rectangular_hollow_section,True
244.9675182947959,286.45057139399046,16.06619435918323,8.896919701658016,4,15964.087044925645,29087064803410.062,37300744998370.55,0.078125,76923.076923077,rectangular_hollow_section,True
286.51292012634116,166.47942433896574,14.449122976725697,11.086911209305427,4,12132.655966040042,25570424050616.53,10692063011544.78,0.05078125,76923.0769230772,rectangular_hollow_section,True
209.81826854315932,287.10660276630546,13.494974965176434,14.862310736443426,4,12464.50132523094,17255448073808.188,28272458573155.695,-0.1640625,76923.07692307721,rectangular_hollow_section,True
291.3249772993757,185.0206343363628,13.422720407762068,13.942193954047797,4,11872.915312835006,26685986814327.992,12999867254235.871,-0.09765625,76923.07692307698,rectangular_hollow_section,True
